cluster,imd,pct_econ_active,pct_econ_inactive,pct_retired,pct_students,pct_home_family,pct_long_term_sick,pct_unemployed,pct_self_employed
0,18947.44762560406,68.18659442789266,29.678080272507213,15.87033774382259,4.521045835260509,4.054544199988876,2.5877191797938464,2.7201307431896473,11.31245012228303
1,15975.782432432432,29.07686281807933,56.41278091217483,6.036180795625976,44.234115466503916,2.0322710348310484,2.1320992165330517,1.7978470647524085,4.017338538919471
2,21421.155890105612,51.22642051149533,47.36463684347088,35.85107993997424,3.1697256667016473,3.254914433567395,2.984570184942522,1.6039466396126896,9.399740897797962
3,5831.7365200096165,54.16580537502031,43.43322313980236,15.556053477048428,6.2162853488263705,8.008436759678238,8.572624807632973,4.7547202983788175,7.02457488788234
