cluster,imd,pct_econ_active,pct_econ_inactive,pct_retired,pct_students,pct_home_family,pct_long_term_sick,pct_unemployed,pct_self_employed
0,2614.199190711408,9.446778044159224,-9.454805469276192,-6.121782361263454,-0.5002700881242932,-0.7347455401457594,-1.6532948877273403,-0.15649151274789652,1.7946826536104918
1,-357.4660024602217,-29.662953565654103,17.279895170391427,-15.955939309460069,39.21279954311911,-2.757018705303587,-2.108914850988135,-1.0787751911851353,-5.500428929753067
2,5087.907455212959,-7.513395872238107,8.231751101687479,13.858959834888196,-1.8515902566831546,-1.5343753065672403,-1.2564438825786648,-1.2726756163248543,-0.11802657087457646
3,-10501.511914883038,-4.574011008713121,4.300337398018954,-6.436066628037617,1.1949694254415686,3.2191470195436027,4.3316107401117865,1.8780980424412737,-2.493192580790198
