umap_x,umap_y,cluster,confidence,model
10.212386,5.4175787,0,0.9770661793245986,GMM
8.678012,1.2414141,2,0.9999997274553624,GMM
8.739852,8.363049,0,0.9470765853015924,GMM
11.711959,3.332537,1,0.7162186970253512,GMM
10.557781,3.1008637,1,0.9229397446295696,GMM
10.089443,0.22610484,1,0.9977069191536565,GMM
8.462541,7.519043,0,0.9131923837778092,GMM
11.663114,11.098602,0,0.9977248806465095,GMM
10.415238,10.524252,0,0.8945141838528594,GMM
11.556165,9.74365,0,0.9665472754439818,GMM
9.621445,10.838174,3,0.7718598449881234,GMM
8.733554,9.961289,0,0.9952602089681143,GMM
11.830032,2.3401349,1,0.9669840373672454,GMM
10.437,5.547065,0,0.9721615957342858,GMM
11.244991,9.743148,0,0.9963804564980594,GMM
10.877014,3.4384522,0,0.5833350605774115,GMM
10.491714,12.197193,0,0.9997034958119879,GMM
9.695317,10.962316,0,0.9981790167448115,GMM
10.283588,2.7076426,1,0.9940797349080324,GMM
12.915825,13.784796,0,0.9989960559024178,GMM
9.15872,0.8481027,1,0.9815471517891111,GMM
11.844336,9.343285,0,0.9943381439440666,GMM
11.596383,1.3095294,1,0.9974660260555223,GMM
12.000735,7.5468693,0,0.9390808832655496,GMM
12.049519,9.696508,0,0.9761567257601692,GMM
10.722815,5.7151465,0,0.6640261173312906,GMM
10.099386,7.895928,0,0.9979680128759364,GMM
7.399302,2.8201122,2,0.9889523841372669,GMM
11.007824,3.5973382,1,0.8571745640861208,GMM
9.887361,3.8110197,1,0.7100213289894819,GMM
12.849045,12.729826,0,0.9751941788810478,GMM
11.102196,8.38274,0,0.9935767302349003,GMM
11.7730665,-0.37454394,1,0.6929306899876857,GMM
7.745224,9.522135,1,0.691636706194576,GMM
11.97809,1.4026767,1,0.9898235599005096,GMM
11.61968,-0.13318299,1,0.882267580282999,GMM
7.8031497,10.742718,0,0.9994154956717217,GMM
12.82496,10.2646675,0,0.9958898336342676,GMM
10.0209675,5.8068953,0,0.6119424973893267,GMM
9.830509,5.1056757,1,0.8451504072080012,GMM
12.616326,13.78713,0,0.9998064585835272,GMM
6.883605,10.034948,0,0.9968786793336837,GMM
9.007309,4.9726863,1,0.6879397169698466,GMM
8.696865,4.9229293,1,0.9917755437946351,GMM
10.634518,8.857325,0,0.9959355589280782,GMM
8.009841,11.052809,0,0.9852364515568115,GMM
11.678062,13.19513,0,0.9997471127898976,GMM
8.33378,7.0603414,2,0.9997934434019816,GMM
9.854583,9.019675,0,0.9963629084533521,GMM
9.57077,0.081375025,1,0.9906782924896865,GMM
12.052603,3.834174,1,0.5409721459852866,GMM
9.76037,0.7080084,1,0.9965941284677794,GMM
9.531131,0.8023933,1,0.9817555069974092,GMM
11.072758,4.256366,1,0.8804341535331592,GMM
8.99463,1.8354853,1,0.9702447284087177,GMM
10.107736,8.946535,0,0.9974854962246981,GMM
11.426316,0.10404524,1,0.7396980895242973,GMM
9.594469,1.1055497,3,0.9628670417562987,GMM
7.7033577,11.112246,0,0.9999878651849371,GMM
10.629927,8.906393,0,0.9954851218601717,GMM
6.212266,2.5954118,2,0.9999999999991669,GMM
10.491591,9.464069,0,0.9996732661100818,GMM
11.105867,4.0134883,1,0.9563544797568564,GMM
9.723311,0.3740791,1,0.9909594210127106,GMM
9.105679,4.26738,1,0.9764168228002634,GMM
9.501522,3.8335814,1,0.8326535283236176,GMM
10.961658,0.9483091,1,0.9981572383354557,GMM
10.132668,3.5573416,1,0.9807449093089088,GMM
11.267851,9.523149,0,0.9770812604657728,GMM
9.071989,8.208341,0,0.9988917846183382,GMM
12.407468,3.4619844,0,0.9249562809027988,GMM
11.476343,4.4780893,0,0.7586761691614907,GMM
10.428357,11.917425,0,0.9999252974861246,GMM
9.670774,3.1398976,2,0.9914150009110413,GMM
12.244747,8.833868,0,0.977569219165441,GMM
7.928443,9.532753,0,0.9957663571145773,GMM
7.8140893,10.038068,0,0.9996013911277192,GMM
10.832387,4.4672027,0,0.6637791357417439,GMM
10.122482,2.663833,1,0.9788241615267834,GMM
11.790095,5.770088,1,0.861688326518676,GMM
8.110001,6.1449137,0,0.9689635408387608,GMM
10.533058,11.610761,0,0.999480132091801,GMM
8.816736,-0.6405181,2,0.9722655121141217,GMM
11.200599,3.7316577,1,0.5419951615738807,GMM
12.42254,13.175273,0,0.9960286247228679,GMM
10.925257,2.0574002,1,0.9963028442374611,GMM
10.4971485,9.065594,0,0.9960788949963859,GMM
12.379218,1.9013094,1,0.9842376670093547,GMM
11.67197,6.00049,0,0.8709544897473906,GMM
4.3640857,2.3048718,2,1.0,GMM
9.654525,1.3701355,1,0.888153822278149,GMM
7.7032704,8.264676,0,0.9437259336858405,GMM
11.43798,4.7120857,0,0.7502552853519261,GMM
12.3878355,1.836825,1,0.9271199739063444,GMM
7.182569,8.009398,0,0.6129113304277379,GMM
11.399137,1.3494574,1,0.9895932154733056,GMM
11.524281,3.3053632,1,0.5530195362723634,GMM
8.878131,10.306889,0,0.9997442618850706,GMM
9.233028,5.672663,1,0.857728975609719,GMM
12.267302,-0.7947506,3,0.9997768702244169,GMM
10.045215,7.303156,0,0.9894811229057056,GMM
12.983802,13.446786,0,0.9940076509290445,GMM
8.864182,4.724258,0,0.6510193577110663,GMM
9.657394,-0.7204858,1,0.9931499472645824,GMM
9.547009,8.088173,0,0.9815876469710824,GMM
9.935353,-0.3606474,3,0.9926510739929867,GMM
10.544629,12.349023,0,0.999033586997386,GMM
9.927042,8.991101,0,0.9957437541675825,GMM
9.107494,2.4433393,1,0.9524007988027605,GMM
7.158317,9.54142,0,0.5716268932395685,GMM
9.681802,10.819528,0,0.9996449330299723,GMM
10.499227,9.218268,0,0.9996124330915744,GMM
9.241751,7.1673927,0,0.9766347116090983,GMM
6.6296773,9.306884,0,0.9997765208318374,GMM
12.988687,10.111043,0,0.9548567794322096,GMM
10.167157,2.026043,1,0.9950685764761484,GMM
10.54285,4.1783757,1,0.984670897234601,GMM
11.39128,1.08378,1,0.9938105302997055,GMM
10.428741,1.6876472,1,0.9758805511689607,GMM
10.074965,5.7588673,0,0.9398216542787732,GMM
13.481891,12.011268,0,0.9962611954094738,GMM
10.180534,10.098276,0,0.9985339555221531,GMM
12.901576,10.607743,0,0.9881718354360086,GMM
10.004628,7.891592,0,0.9842162630533684,GMM
9.197659,6.4123144,0,0.9015074694951596,GMM
11.581325,3.2862031,1,0.9760317181877696,GMM
9.216019,9.23767,0,0.9985227495168543,GMM
11.674353,6.3566275,0,0.7205602804359253,GMM
10.42858,7.504967,0,0.9998905544139295,GMM
9.527705,1.8470467,1,0.9929258832315411,GMM
11.3023405,12.967836,0,0.9996332889936694,GMM
11.118773,8.996467,0,0.9913471132041085,GMM
8.373112,4.2691813,1,0.9801313060223187,GMM
10.937385,3.6657622,1,0.9320599902042807,GMM
8.806519,8.524535,0,0.9880204670336498,GMM
10.633551,1.5462118,1,0.9976748328779369,GMM
9.929653,11.570989,0,0.9997766531579401,GMM
11.659795,2.848592,1,0.8836506248053057,GMM
7.4634976,7.972676,1,0.7916602232636508,GMM
8.751519,-0.6298102,1,0.740269394143683,GMM
12.046959,10.304834,0,0.9948332717080021,GMM
7.9864306,10.465051,0,0.976782356465823,GMM
12.063401,2.0743299,1,0.7208450751039286,GMM
9.147086,10.251889,0,0.9343651511705438,GMM
10.196323,7.979011,0,0.9805839773245939,GMM
10.500806,11.204629,0,0.9993477121856393,GMM
11.189212,11.72286,0,0.9995730876964771,GMM
11.469782,-0.1635094,1,0.9705747103951102,GMM
11.652936,5.756556,0,0.8754777125863697,GMM
4.619767,2.3816435,2,1.0,GMM
6.4769692,3.021219,2,1.0,GMM
8.938822,4.1202807,1,0.8516000349640205,GMM
12.243561,10.839124,0,0.9973541382983272,GMM
10.226355,9.22601,0,0.9979756871931081,GMM
8.661146,2.1266067,1,0.9911920649253945,GMM
12.175575,6.309908,0,0.8600299710554586,GMM
12.36936,3.1236892,1,0.8870559686136412,GMM
9.127971,8.907028,0,0.7368767346989956,GMM
12.737745,0.22396107,3,0.6010762080112079,GMM
11.509191,11.060035,0,0.9991570871617467,GMM
8.599831,8.820878,0,0.9936091772398221,GMM
12.662763,13.90653,0,0.9995806845455288,GMM
8.485597,6.961031,0,0.9922267645034929,GMM
7.9425697,6.4060326,0,0.9767252641244402,GMM
11.239299,4.6088963,1,0.8054024184265764,GMM
10.128782,4.0385103,1,0.7583967526679182,GMM
12.202161,9.914331,0,0.9892142665534678,GMM
10.679722,1.085898,1,0.9589307400284262,GMM
8.551009,2.491789,1,0.9892152278825509,GMM
9.77601,3.9587343,1,0.8929543319226053,GMM
6.7478833,2.951533,2,0.9999999999999982,GMM
12.868115,13.468543,0,0.9996942438150563,GMM
10.022456,4.9753785,1,0.7213506868037368,GMM
10.571038,10.508639,0,0.9998580480932173,GMM
11.682911,10.254836,0,0.9934270652382705,GMM
10.450346,8.9912815,0,0.992331546841108,GMM
10.079217,2.3920648,2,0.7285699164949111,GMM
7.817489,6.2616973,0,0.8751249349239576,GMM
9.04762,3.2356088,1,0.5055426026963361,GMM
10.784259,3.3550606,0,0.5043597809772862,GMM
11.466591,2.1139474,1,0.9933665320505969,GMM
10.069031,7.0210485,0,0.9954222432204168,GMM
8.619573,5.801372,0,0.9922758723153715,GMM
9.533327,1.9280351,1,0.9140898390434068,GMM
11.531305,2.9676955,1,0.5769130731558483,GMM
9.637845,10.950306,0,0.6667348006173323,GMM
9.649179,9.624008,0,0.9981988770586517,GMM
9.039013,6.074377,0,0.9850768387062282,GMM
10.231828,2.1152172,1,0.9959814325313902,GMM
8.568633,-0.66655135,2,0.9990594106840562,GMM
10.891547,6.176074,0,0.9980561654305737,GMM
10.049442,8.908776,0,0.9973545402463992,GMM
12.568798,13.510857,0,0.9957249936391138,GMM
12.648742,8.7040415,0,0.9875949564971054,GMM
9.576478,1.9660299,1,0.9939455929203636,GMM
10.308681,9.956425,0,0.9996746455229687,GMM
11.80616,8.408247,0,0.9544346824303739,GMM
8.599105,8.469646,0,0.9706811359354277,GMM
12.840319,1.5692018,1,0.9610484041833014,GMM
11.690035,6.1400466,0,0.7969447566122296,GMM
10.20038,5.290858,1,0.674580504394306,GMM
10.201085,7.053919,0,0.9770153026724993,GMM
11.239942,7.7108436,1,0.7272284848658297,GMM
8.635691,8.552426,0,0.9917914098852303,GMM
12.468472,2.4442382,1,0.9732805793091789,GMM
8.343318,4.5928926,0,0.5774786577712081,GMM
7.4143586,10.050971,0,0.9988452555305505,GMM
12.382273,7.280702,0,0.9319130885784767,GMM
12.783016,13.490712,0,0.9994946353394333,GMM
10.371802,7.189268,0,0.8363840820825503,GMM
10.110242,3.5605564,1,0.9818093533458051,GMM
7.9638762,8.914929,0,0.9739450372887244,GMM
10.102224,8.461144,0,0.9790258890432019,GMM
9.7760315,1.7906529,1,0.9874760863284682,GMM
10.403032,6.1794815,2,0.9999438003061901,GMM
9.944656,8.384409,0,0.979014010580818,GMM
9.1804695,3.0757005,1,0.9518937013552091,GMM
12.206995,13.539816,0,0.9995470784673568,GMM
10.7884245,7.191611,0,0.9241676925704827,GMM
9.680191,9.29299,0,0.9991326934991621,GMM
10.9866705,3.9709454,0,0.6003069273993508,GMM
7.8974543,8.5618725,0,0.8318611800754419,GMM
8.629034,2.1630788,1,0.8406648867787901,GMM
10.961738,8.983779,1,0.6582522050029727,GMM
13.2959585,13.504525,0,0.9908556460329715,GMM
12.1987,0.7042566,1,0.6796936157729303,GMM
11.394543,7.602786,1,0.9018281240721825,GMM
8.82001,8.065943,0,0.9790165245280139,GMM
9.999022,0.20176353,1,0.9974300015993632,GMM
8.211675,6.056823,1,0.7093778016755725,GMM
10.04593,7.0969353,0,0.9832822860654642,GMM
9.245858,10.519458,0,0.9985979106979977,GMM
8.200996,11.127152,0,0.9997792039657467,GMM
11.382891,2.1778734,1,0.989232951125982,GMM
11.547016,0.59173495,1,0.9891646849710988,GMM
11.1827965,7.415291,0,0.8996557175243035,GMM
8.78083,2.0116026,1,0.9821594834499133,GMM
9.564162,3.5562086,1,0.8110234835914918,GMM
8.962996,3.2806737,1,0.9924441658226011,GMM
13.24827,11.787338,0,0.9967967620842668,GMM
9.119778,3.0175536,1,0.9040401534814865,GMM
8.60422,8.335504,0,0.9203944103290085,GMM
9.993294,2.9742324,1,0.9826636875554187,GMM
9.82865,3.4158263,1,0.9944223602023509,GMM
11.261185,1.2692055,1,0.9935700288496649,GMM
10.4491005,7.6455603,0,0.9847035822692909,GMM
13.0805435,11.656269,0,0.993680311915843,GMM
12.986717,11.748023,0,0.8473412496770253,GMM
9.806001,10.326574,0,0.9998816271286104,GMM
10.710093,9.83746,0,0.99971236631354,GMM
12.738454,-0.11845432,3,0.7069340335995554,GMM
12.096911,10.552494,0,0.9662260437132916,GMM
10.421952,8.648786,0,0.9782157965528273,GMM
11.757357,3.4564192,1,0.9914253023934322,GMM
10.960791,8.108192,0,0.9345775434103554,GMM
9.238081,6.7814217,0,0.9574319929117519,GMM
9.56121,7.520963,0,0.9845303080825063,GMM
12.161787,12.094631,0,0.9990478198133873,GMM
12.463721,12.112278,0,0.9993679032762788,GMM
10.561121,8.27442,0,0.9999551069899238,GMM
13.651181,13.627574,3,0.719894372728166,GMM
7.630881,10.746113,0,0.9994322480424028,GMM
10.054546,8.718393,0,0.9935767269986175,GMM
11.89435,9.162249,0,0.9647938914538452,GMM
9.616807,9.927391,0,0.9840707622234393,GMM
7.6253824,8.100435,0,0.9904523249456954,GMM
7.8200855,5.5561256,0,0.8236673109709398,GMM
12.873945,10.518873,0,0.9418261865731065,GMM
9.1710825,6.9200153,0,0.997502292436876,GMM
9.449034,-0.6779058,1,0.7674201173492544,GMM
8.843158,8.305791,0,0.9238392110060907,GMM
11.398326,3.260725,1,0.6760767223514289,GMM
9.056308,6.2490296,0,0.8569041591562911,GMM
10.060102,6.266518,0,0.98376181130293,GMM
10.150232,7.888376,0,0.9577368140648347,GMM
9.067574,3.235949,1,0.9923086604270458,GMM
8.438802,3.8644226,3,0.9359394156946912,GMM
9.68641,1.0249637,1,0.9970074146546763,GMM
8.410014,9.559606,0,0.994401112443413,GMM
9.2125,6.466193,0,0.8406671349686614,GMM
12.264373,2.2197714,1,0.8872090183413105,GMM
9.239995,7.6134787,0,0.9987693231419589,GMM
10.42612,12.445689,0,0.9998011883986184,GMM
10.549363,5.802595,0,0.9375563405852756,GMM
11.003964,12.774569,0,0.9998421121304889,GMM
10.5094595,0.5681005,1,0.981881855570877,GMM
8.172074,9.0208645,0,0.9821406294048651,GMM
8.140664,8.10417,0,0.8615469713363276,GMM
9.89727,4.32264,1,0.5965961580556128,GMM
13.219904,11.903773,0,0.9974173576967441,GMM
9.31882,2.0024145,1,0.9723813001690951,GMM
12.43072,2.4446328,1,0.9783353391309352,GMM
13.126833,13.794871,0,0.9973170747018303,GMM
10.178537,1.4347551,1,0.9642290216947209,GMM
7.6709294,6.0252776,1,0.8474856569020598,GMM
11.251589,7.7602286,0,0.9813220269721544,GMM
7.7202253,8.056428,0,0.985633075677715,GMM
12.020249,13.644186,0,0.9999204002033046,GMM
9.98797,11.645366,0,0.9996224947313687,GMM
7.621465,9.984952,0,0.9982362271436999,GMM
10.116906,7.78311,0,0.9995311101505637,GMM
9.1028385,8.062962,0,0.95630324208927,GMM
11.2149,8.127636,0,0.7310761826726315,GMM
10.083347,6.393359,0,0.9293128488761798,GMM
7.1907887,9.607207,0,0.9996828570440783,GMM
10.735374,0.3128552,1,0.9944045864144888,GMM
9.198188,7.7252035,0,0.9930855883501546,GMM
12.583677,1.5721544,0,0.6615896633937437,GMM
8.583481,1.1045192,3,0.9999999656880659,GMM
12.990041,0.8277568,3,0.5211224702898122,GMM
9.773023,8.858984,0,0.9701969645779692,GMM
9.811044,4.3806796,1,0.9445818289049197,GMM
10.168067,7.3192487,0,0.9969949490118416,GMM
11.774148,4.5175457,0,0.5567405267638569,GMM
11.14555,2.4378269,1,0.9919702172977186,GMM
9.795491,5.8376274,1,0.8705465383701194,GMM
11.058659,12.4860525,0,0.9999273277874015,GMM
10.42603,-0.93742865,1,0.9549694330125829,GMM
11.972059,10.171898,0,0.9907024638220661,GMM
9.017675,10.375126,0,0.9996386961474121,GMM
13.770493,13.564723,3,0.9999999757277663,GMM
12.576188,1.5501807,1,0.9286557208293864,GMM
10.14167,11.03,0,0.9999330782439123,GMM
10.838909,2.6135728,1,0.9920682469321545,GMM
9.784944,5.8489027,1,0.49776477058448615,GMM
11.140537,6.2339354,0,0.824926982149481,GMM
9.889797,9.075806,0,0.9979741997934718,GMM
11.199428,3.5243921,1,0.965079866838648,GMM
8.740316,5.914351,0,0.8432296312975759,GMM
9.040218,10.3834095,0,0.999251824946125,GMM
10.956035,9.060381,0,0.9024650220025077,GMM
11.522953,12.837457,0,0.9998791547865666,GMM
10.006968,11.764174,0,0.9995927839804605,GMM
7.1450343,9.200132,0,0.9960020894540655,GMM
12.34274,1.8749517,1,0.8307096430248451,GMM
11.369302,10.392256,0,0.9789568149601146,GMM
12.071525,0.7950734,1,0.9932619279364723,GMM
11.952328,3.057973,1,0.959042277947652,GMM
12.264508,2.612584,0,0.7332950629315287,GMM
8.912096,9.559138,0,0.9988017922799126,GMM
9.153805,1.2849919,1,0.990644124529255,GMM
11.174818,6.0577145,0,0.9028140360415504,GMM
9.082701,2.8355103,1,0.9623346924928599,GMM
10.464115,8.234609,0,0.9636523881407183,GMM
9.719284,3.5573978,3,0.7608445317078232,GMM
11.354214,2.1400366,1,0.9971443433801416,GMM
10.112347,11.835827,0,0.99983025872895,GMM
9.29816,5.9468417,0,0.9454102969712483,GMM
8.487412,6.473685,0,0.429193237153601,GMM
12.653036,12.283327,0,0.9985688113712448,GMM
13.323722,13.685939,0,0.9965824881323418,GMM
12.689695,10.713638,0,0.9948459098484468,GMM
12.518403,13.385496,0,0.9983418488531147,GMM
10.351896,0.5932528,1,0.9938721421817177,GMM
9.566224,2.774517,1,0.9704520938245625,GMM
10.287387,1.7728089,1,0.9914926840022021,GMM
9.327633,9.730307,1,0.5627395137811231,GMM
8.359784,10.489082,0,0.9986790128734946,GMM
8.932235,6.868492,0,0.9393445249266839,GMM
9.016595,8.767371,1,0.66891659931828,GMM
9.780318,7.4467936,0,0.9974874841968389,GMM
10.321555,5.8449817,0,0.971554633679351,GMM
10.734836,2.6848927,1,0.9967703381234893,GMM
9.076683,1.204756,1,0.9829048431664728,GMM
12.943855,13.291338,0,0.9981287900231397,GMM
11.927836,4.1832213,0,0.7695260385775177,GMM
9.282494,4.4335837,1,0.8747638278634147,GMM
8.435314,1.5978322,3,0.9922532624733448,GMM
11.57867,10.8518305,0,0.9998937743425053,GMM
7.8136187,6.5801363,0,0.9677641482122104,GMM
12.788844,13.276259,0,0.9987368041382148,GMM
10.287549,7.205438,0,0.8510516276944905,GMM
9.274634,1.3711504,1,0.5692408036523495,GMM
8.977325,2.28531,1,0.8845325841525661,GMM
11.478459,11.394536,0,0.9998814606835943,GMM
10.719561,-0.628936,1,0.9373616023558755,GMM
8.301475,10.750944,0,0.9986643434708229,GMM
9.526867,12.064785,0,0.9998487227482652,GMM
8.941919,10.408506,0,0.9949498033665636,GMM
12.127094,-0.52828264,3,0.9990952600605192,GMM
7.0131564,9.49002,0,0.9422073942952154,GMM
10.102025,6.463947,0,0.9967205542314749,GMM
9.100429,8.929631,0,0.9927954457379163,GMM
8.553173,1.146182,3,0.9989312230527785,GMM
10.445289,-0.36491862,1,0.9975097117586604,GMM
11.365911,7.590391,1,0.8658738600097762,GMM
11.265842,11.084825,0,0.9989304164251449,GMM
12.064437,3.5233626,0,0.5769245899665121,GMM
10.220222,7.372489,0,0.969472980470154,GMM
7.903174,10.727586,0,0.997764695616478,GMM
10.91621,10.759872,0,0.9999028119878701,GMM
10.630191,-0.58428705,1,0.9853340727869907,GMM
10.905034,12.646325,0,0.9998662396927166,GMM
9.777045,10.322486,0,0.9828164997461073,GMM
12.502011,10.586609,0,0.9957181732610213,GMM
8.649969,-0.17225596,1,0.8626408024379827,GMM
10.118527,6.9717445,0,0.8177929072502537,GMM
11.794682,7.2670245,0,0.9758644514224671,GMM
9.351172,-0.29219556,1,0.9919382919729641,GMM
10.472117,11.907123,0,0.9999264651425194,GMM
10.355184,9.068182,0,0.974646723533149,GMM
10.179594,7.8244267,0,0.966038917165999,GMM
11.765479,6.2601333,0,0.9113498990647677,GMM
8.446381,10.275006,0,0.9871198942751191,GMM
11.929535,10.7432,2,0.9699542564866981,GMM
11.412771,0.1958809,1,0.9856674665322475,GMM
12.811825,12.988327,0,0.9959661504854735,GMM
11.461996,8.756467,0,0.9825540033547824,GMM
8.67485,8.194466,0,0.9947062192429095,GMM
7.9959593,3.181081,2,0.986688123028593,GMM
11.840802,2.8601635,0,0.7553729249186262,GMM
10.406621,0.7506819,1,0.9704476123881411,GMM
10.811506,1.9947953,1,0.9961303583104265,GMM
6.412575,2.9870994,2,1.0,GMM
8.128073,8.993781,0,0.9935972347987236,GMM
11.538822,3.2735128,1,0.9263039805874747,GMM
9.167942,5.097458,1,0.929726509048773,GMM
9.640497,0.43285275,1,0.9900339655174069,GMM
10.906335,11.375645,0,0.9999673214020054,GMM
12.273377,7.3801746,0,0.9144748039300875,GMM
11.052628,4.3670497,0,0.9000955501980944,GMM
10.279588,5.082816,2,0.907672315515223,GMM
10.655218,5.3650403,0,0.9207796078351419,GMM
13.344371,11.451117,0,0.9853389697244928,GMM
9.9286785,7.443423,0,0.9893443079983135,GMM
11.034424,12.348203,0,0.9997276422678716,GMM
11.935999,3.3520107,1,0.9406148901574337,GMM
10.991481,1.093725,1,0.9940113571397389,GMM
8.548902,4.423226,1,0.9291847007675588,GMM
11.347405,-0.09436551,1,0.9821886054922456,GMM
9.645286,11.003946,0,0.9971300950757407,GMM
8.712224,4.3324356,1,0.9477082970475856,GMM
8.940859,1.9164213,1,0.9894470989553329,GMM
6.6096916,2.7080433,2,1.0,GMM
8.54576,3.7118633,1,0.9790398898067746,GMM
8.571027,-0.82873136,2,0.9999998825474952,GMM
10.4751005,8.063761,0,0.9999459556827425,GMM
11.668968,5.9676714,0,0.6379634451434129,GMM
13.141066,10.228818,0,0.9662114748750367,GMM
11.604561,2.7421324,1,0.9436869938850937,GMM
10.061052,9.871241,0,0.9908608087314728,GMM
11.329351,4.6360755,1,0.5448392790328804,GMM
8.979239,7.9053082,0,0.9611879634972081,GMM
10.038143,-0.094518326,1,0.9639507650573623,GMM
7.4556217,9.302062,1,0.8928125936799933,GMM
9.744447,5.259595,0,0.6252689342048995,GMM
10.369579,8.179096,0,0.9826866399933605,GMM
10.770746,10.404018,0,0.9996435280772149,GMM
11.177278,12.522293,0,0.9999364295864382,GMM
12.933538,1.0735577,1,0.6672620806566693,GMM
9.918528,6.768871,0,0.9971329991491386,GMM
9.125808,9.703197,0,0.9982403194181555,GMM
11.69985,4.704016,1,0.9344166079800373,GMM
10.790806,2.4515712,1,0.9876111973685864,GMM
9.436293,8.903511,0,0.9755909419212643,GMM
8.647324,7.4344773,0,0.7208289987282517,GMM
7.7325864,7.64337,0,0.9206767147218915,GMM
10.045005,10.327757,0,0.937596376560429,GMM
10.459694,6.4995246,0,0.9993316782896405,GMM
7.897287,10.426082,0,0.999312501597403,GMM
8.046801,6.2438574,0,0.9675307204574926,GMM
11.877295,-0.7491272,3,0.9996766780679471,GMM
5.787001,2.5750062,2,1.0,GMM
8.143523,6.89392,2,0.8327111805850351,GMM
10.944213,8.442209,0,0.9333680164508655,GMM
9.038419,2.706314,1,0.963305552630888,GMM
8.116702,6.6402907,0,0.545014482414925,GMM
9.531312,9.846473,0,0.9933112845546495,GMM
8.944673,10.304067,0,0.999899053230854,GMM
10.374099,-0.71268964,1,0.9880217141133443,GMM
9.270205,4.794254,1,0.7016052184166626,GMM
9.487855,5.095106,0,0.8348833403495521,GMM
11.362531,4.5225377,1,0.5787972944314255,GMM
10.380551,2.4442947,2,1.0,GMM
8.831653,11.739472,0,0.9998404565968768,GMM
11.314575,10.303951,0,0.9981557035612667,GMM
12.189918,2.1459618,1,0.9813412624391695,GMM
7.9775276,3.2938416,2,0.5762170898504281,GMM
9.53503,-0.50917035,1,0.9630329618053531,GMM
9.104088,4.385975,1,0.6277396895758454,GMM
10.137736,10.303687,0,0.9986434685206025,GMM
10.676041,3.4663014,1,0.9820871760138735,GMM
9.173808,-0.5671093,1,0.9584869368471292,GMM
12.380136,0.1163881,3,0.5274905076855831,GMM
10.555191,-0.6839297,1,0.7223593613582497,GMM
9.322295,2.589342,1,0.992484686000838,GMM
12.498654,7.812177,0,0.8385311638746642,GMM
7.134423,2.6803045,2,0.9999953709579161,GMM
9.985597,1.1835641,1,0.9668463647608238,GMM
11.522745,9.809591,0,0.9957240884768803,GMM
9.325083,6.3739357,0,0.958093821341987,GMM
8.922883,1.1707636,1,0.8194397989401343,GMM
11.440939,4.597901,0,0.777426531368398,GMM
9.882661,3.1255176,1,0.9589541520088493,GMM
11.182842,4.274478,1,0.7505007709538665,GMM
10.038842,3.9419944,1,0.7696041800094028,GMM
11.995273,3.8282664,0,0.6986514025310189,GMM
7.488378,9.051742,0,0.9958466697256636,GMM
7.674333,5.264014,1,0.9993426252785443,GMM
11.071065,2.6289618,1,0.9269398404329485,GMM
8.084663,4.3253045,1,0.9842231510484932,GMM
9.185352,1.6505086,1,0.9908406750186461,GMM
11.19424,3.953256,1,0.7337385925794939,GMM
8.948449,2.6116593,1,0.54989771541436,GMM
9.964652,8.764118,0,0.9446099549903509,GMM
10.22861,8.904867,0,0.9966125004394113,GMM
11.223567,12.836328,0,0.9997922550411187,GMM
12.701007,11.548608,0,0.9994630749194664,GMM
9.931261,4.596252,0,0.6728210134629413,GMM
8.356001,4.4694233,1,0.7549461626287528,GMM
10.654588,1.6825397,1,0.9740276251944973,GMM
13.469463,12.370206,3,0.8935576761023579,GMM
9.334145,6.0085254,1,0.7765950766693643,GMM
11.521382,2.0903816,1,0.993721273488722,GMM
11.164873,8.395482,0,0.7872348506867864,GMM
9.214917,2.4343772,1,0.9980087192274413,GMM
11.306623,2.8653433,1,0.9736535955021756,GMM
10.13363,2.8011158,1,0.971265975713801,GMM
12.54115,10.096001,0,0.9714832121682871,GMM
6.8992248,10.163051,0,0.9947113117403243,GMM
8.38796,8.852306,0,0.8795115309957211,GMM
9.574858,6.881648,1,0.6934235969019397,GMM
9.28272,0.9355564,1,0.8334701165786639,GMM
10.883226,12.460291,0,0.9999163724076434,GMM
7.682825,10.549665,0,0.9976040957434118,GMM
8.615261,5.9567924,1,0.6591958866751331,GMM
9.4439125,9.031291,0,0.9716536518840744,GMM
5.2380695,2.5200875,2,1.0,GMM
9.647919,0.119172506,1,0.9938227028730764,GMM
13.407576,14.061463,0,0.9981240164346731,GMM
8.658391,8.321035,0,0.8279313758155618,GMM
9.9990835,7.781038,0,0.9787446620769361,GMM
12.693059,12.546346,3,0.47052525584669036,GMM
11.729639,11.856301,0,0.9668457735568852,GMM
8.91269,7.444872,0,0.8895107229969189,GMM
9.827134,7.700244,0,0.9991404949169963,GMM
6.6675277,2.683852,2,0.99999999993328,GMM
7.991207,9.592096,0,0.9942726846589797,GMM
11.19516,11.06267,0,0.9984703279123252,GMM
12.60146,13.586594,0,0.9990277395752146,GMM
11.993518,11.629385,0,0.9522529624875409,GMM
11.167987,10.20949,0,0.6819212354015476,GMM
9.648768,9.106923,0,0.9985526908411172,GMM
8.656401,0.4434874,1,0.8272506906272085,GMM
9.698877,5.1057677,1,0.8088872840565138,GMM
10.475505,10.132978,0,0.9983615762240444,GMM
8.485961,9.403401,0,0.9986510770383568,GMM
12.794783,12.266364,0,0.9992318449025386,GMM
11.185686,3.2817707,1,0.6260486959388448,GMM
9.3913765,8.43545,0,0.9714311062605357,GMM
12.358087,7.7354074,0,0.9050794935051467,GMM
11.2866745,5.4665623,1,0.8059004530859775,GMM
10.126671,5.7939434,0,0.6510360659763381,GMM
10.136411,8.4837885,0,0.6383206579277687,GMM
9.367253,12.008958,0,0.9999692825476694,GMM
10.591983,7.336177,0,0.9631160166084887,GMM
6.7891097,9.758865,0,0.9645082651140405,GMM
9.364695,1.001662,1,0.9870491777311144,GMM
12.57693,13.259984,0,0.9995314291745121,GMM
10.581583,10.950624,0,0.9845558278516882,GMM
8.110455,6.921904,0,0.985045069655164,GMM
6.9599257,9.883726,0,0.9981758601755061,GMM
10.026777,8.035667,0,0.9818498886776894,GMM
12.881826,13.344415,0,0.9839128978299747,GMM
10.053168,5.0931516,1,0.9555062269573587,GMM
12.537495,11.200729,0,0.9254357270306983,GMM
10.302979,12.326352,0,0.9999198143348472,GMM
9.709891,5.5806623,0,0.8651751583365344,GMM
10.218652,10.343705,0,0.9996602015951055,GMM
9.932821,8.060381,0,0.9817505405617963,GMM
10.800977,0.31263074,1,0.9676331051336575,GMM
10.800435,3.6147373,1,0.6681091427235876,GMM
10.231396,2.7540736,1,0.9641818553208222,GMM
10.88725,0.6122196,1,0.9958376969519654,GMM
10.526974,10.521861,0,0.9964006309886653,GMM
9.610702,9.174957,0,0.9908220789612183,GMM
11.070403,8.781819,0,0.9888468235235467,GMM
10.2432165,10.186181,0,0.9998358616483208,GMM
8.822547,10.314935,0,0.9963572945091085,GMM
11.006592,4.3259087,1,0.8700579159812615,GMM
10.598592,5.5139246,0,0.9700271487002704,GMM
8.794427,0.18121737,1,0.7913507427743656,GMM
7.620949,9.205651,0,0.9815753014030661,GMM
9.563058,9.152228,0,0.9944347311644958,GMM
9.007786,4.244768,1,0.78032383850866,GMM
10.077584,4.1081414,1,0.8655649615799221,GMM
11.258192,11.214137,0,0.996081385641003,GMM
10.837878,4.026208,1,0.9328728993089618,GMM
12.05794,-0.39975387,1,0.8142400492830912,GMM
10.891143,1.7332221,1,0.8617977303835926,GMM
12.176849,9.929546,0,0.9891589079972588,GMM
10.946656,2.0660775,1,0.9798533060537036,GMM
8.567138,6.83109,0,0.9972543028601021,GMM
7.8238487,11.356607,0,0.9999970816597057,GMM
10.227871,8.365949,0,0.9958755731689716,GMM
9.048775,1.991139,1,0.98969042790609,GMM
7.714346,7.1534142,1,0.7850879287819706,GMM
8.840755,9.424866,0,0.9946834268262879,GMM
11.482171,11.858048,0,0.9999743001604724,GMM
10.419775,8.475689,0,0.9986041588809939,GMM
9.38591,7.6832657,0,0.992277060137938,GMM
8.278125,4.310221,1,0.7586276333031228,GMM
10.031094,7.8157735,0,0.8323824379178628,GMM
6.986472,9.052694,0,0.9978481554570711,GMM
12.510299,13.620204,0,0.999854240427583,GMM
11.501965,8.3523855,0,0.7971771895518942,GMM
10.948446,4.5799494,1,0.5389216612229598,GMM
9.741823,9.107122,0,0.9978585006509868,GMM
8.188346,4.2385664,1,0.9963099841959342,GMM
12.2802515,12.551335,0,0.9991754988428074,GMM
9.996306,8.873071,0,0.9932157259912409,GMM
9.148192,2.7179816,1,0.9537373218740887,GMM
12.915263,11.067898,0,0.9310628433794482,GMM
8.229658,7.114081,0,0.9839278732979376,GMM
9.730988,12.0128975,0,0.9994421861589632,GMM
9.939465,10.742568,1,0.5314108174287594,GMM
9.465861,-0.78347355,1,0.9691062704268766,GMM
11.412162,4.0661387,1,0.9156638973712748,GMM
11.420861,5.2699757,0,0.850749629932048,GMM
12.080069,13.247424,0,0.9999356799414472,GMM
9.793681,0.22541249,1,0.993109464611696,GMM
11.0621,8.6244335,0,0.99768519438602,GMM
12.581028,7.316599,0,0.9059602362521711,GMM
8.975138,0.8031457,1,0.8626537914066079,GMM
10.734444,2.1083558,1,0.9977212020626766,GMM
10.786417,8.049565,0,0.9815913302048145,GMM
12.633665,-0.1564487,3,0.5701186107129701,GMM
9.139409,11.98693,0,0.9992069708012653,GMM
8.621611,1.4869561,1,0.9825503542367937,GMM
8.179918,6.7119794,0,0.9961771924748323,GMM
9.120786,0.15395178,1,0.8109409839841891,GMM
10.585637,4.1487503,1,0.9205103994423599,GMM
11.5435,8.284659,0,0.9605316533064667,GMM
9.840258,11.844174,0,0.9998776889602234,GMM
8.749883,11.446063,0,0.9987566478702402,GMM
12.876579,10.867093,0,0.9966283989084491,GMM
9.364135,0.76571697,1,0.5503093730275874,GMM
10.757411,1.8471587,1,0.9966961404197107,GMM
12.309537,8.149866,0,0.8487629775434429,GMM
11.169744,0.32411447,1,0.9876588727254204,GMM
11.458954,-0.26237762,3,0.9910997724749795,GMM
12.720802,13.148938,0,0.9473895003654716,GMM
8.72991,6.489029,0,0.9824933166357074,GMM
4.651055,2.4025595,2,1.0,GMM
12.0048065,7.275815,0,0.9428725870069397,GMM
7.6725607,9.921248,0,0.7421627245934568,GMM
11.349401,-0.79345775,3,0.9307960475864809,GMM
10.375783,6.661301,0,0.9928756470420073,GMM
9.491178,3.9834867,1,0.9003990833412783,GMM
10.335016,3.1687353,1,0.9887623140111839,GMM
9.101836,0.46080053,1,0.9732228287601843,GMM
8.220406,4.2553296,1,0.9894835119909124,GMM
10.306775,6.832964,0,0.9243698151047186,GMM
8.807215,3.288211,1,0.9945767263885038,GMM
12.044222,-0.12504543,1,0.976667562243915,GMM
11.814819,8.7831745,0,0.9637111749840195,GMM
12.60301,7.679559,0,0.8613202374745298,GMM
10.543832,10.154544,0,0.9992105743471525,GMM
9.355299,4.704501,1,0.9669924022390125,GMM
13.1217575,11.573154,1,0.6507953596763574,GMM
13.40687,14.056075,0,0.998760594943504,GMM
9.794282,3.0941744,1,0.9846085634099228,GMM
7.0888453,10.176286,0,0.9998959971739588,GMM
10.393585,12.131515,0,0.9996099918535831,GMM
12.263861,1.4203022,1,0.9822771578206119,GMM
9.4280815,3.932867,1,0.9121737294977479,GMM
13.013587,12.704549,0,0.9984278947339208,GMM
8.1958475,9.069809,0,0.98288542498722,GMM
11.465066,12.014942,0,0.9970019990069678,GMM
8.46961,9.95262,0,0.9959763376336377,GMM
8.886409,2.7539213,1,0.9857055339783393,GMM
7.1550345,8.861094,0,0.9827777090151417,GMM
9.721098,7.1968627,0,0.9881203338927701,GMM
9.562038,10.995024,0,0.9976943474575287,GMM
10.232258,2.9006565,1,0.9703315719707531,GMM
6.7952905,8.976089,0,0.9973752315377052,GMM
10.471319,4.492553,0,0.7851534939840882,GMM
9.018646,7.112073,0,0.9687073833383512,GMM
12.544836,1.1040785,1,0.9245053558014641,GMM
13.053281,10.874618,0,0.9979489746697652,GMM
8.92219,2.6546748,1,0.9974226210065986,GMM
9.02283,7.464234,0,0.9353385037751655,GMM
10.500075,8.044659,0,0.9982504147350225,GMM
11.836052,3.7764685,1,0.9408388424236102,GMM
6.648876,2.834353,2,1.0,GMM
10.649961,-0.39003575,3,0.859230730868466,GMM
12.52703,-0.1445127,1,0.7096912501453524,GMM
9.083063,5.3841205,0,0.832288645772234,GMM
12.492982,0.83303493,1,0.9360754028481806,GMM
10.238277,11.070645,0,0.9997128540343764,GMM
11.153115,1.0678605,1,0.6338411550610304,GMM
10.078283,8.144988,0,0.9967240451663969,GMM
9.679482,11.541865,0,0.9998882257689886,GMM
10.028027,5.438301,0,0.7564384635322563,GMM
12.410523,9.812531,0,0.9546585278791418,GMM
9.8024645,4.452898,0,0.5285079480788752,GMM
7.987416,6.431379,0,0.8518579821034533,GMM
12.198409,1.734628,1,0.9933337546533667,GMM
13.196018,14.040481,0,0.9979219727005156,GMM
7.855621,4.9954934,1,0.9890347301591605,GMM
9.958868,1.226813,1,0.9945849941730232,GMM
10.176882,12.073369,0,0.9999219917584337,GMM
10.361745,6.960516,0,0.9993464339471069,GMM
9.776011,6.979305,0,0.9771469565316238,GMM
10.329958,9.966991,0,0.9996000946010862,GMM
10.08962,5.2422924,2,0.9999999999924665,GMM
11.323931,0.7231144,1,0.9893268838717548,GMM
10.932197,12.117347,0,0.999076770361263,GMM
10.585128,5.346944,0,0.6217656473398515,GMM
10.505178,5.6757417,0,0.9640453430872662,GMM
10.55643,10.596985,0,0.9996459695248308,GMM
12.642616,13.262573,0,0.9983902117049238,GMM
11.961164,6.87199,0,0.7942167799555817,GMM
9.302972,2.1100469,1,0.965782902779531,GMM
10.273375,9.479595,0,0.9968228246677442,GMM
9.248082,11.361305,0,0.9997196931382977,GMM
11.549604,2.7245758,1,0.9235154158976228,GMM
9.5997095,8.787076,0,0.9823995903618667,GMM
13.069897,10.927653,0,0.9956995754998444,GMM
9.619446,7.3765163,0,0.9996051179839377,GMM
11.128074,9.136639,0,0.9580194032597572,GMM
8.593193,-0.9050033,2,0.999995822132883,GMM
11.812456,3.0731103,0,0.7567073482809062,GMM
12.217363,13.377285,0,0.9998445292624542,GMM
13.231815,11.858501,0,0.9756151776063128,GMM
9.818794,0.45669985,1,0.9954714444946746,GMM
8.689861,-0.6286709,2,0.936214448855301,GMM
8.536445,8.729228,0,0.9614404029722705,GMM
10.458661,-0.16148813,1,0.9966119907062376,GMM
13.435154,12.044545,0,0.9913744012930034,GMM
11.029234,3.3607945,1,0.7680654436836335,GMM
7.9716554,5.980269,0,0.9848038285978715,GMM
9.8677845,5.6661444,0,0.9718886051981223,GMM
7.8538837,10.028108,0,0.7617013528378036,GMM
9.49727,10.068728,0,0.9998104433002133,GMM
11.094834,9.079175,0,0.545642050598896,GMM
11.2503605,6.5122027,0,0.9397813794101503,GMM
4.778135,2.4339187,2,1.0,GMM
10.326202,6.3635726,0,0.993488351018401,GMM
10.445946,4.93785,1,0.966257439750446,GMM
9.89547,3.0239,1,0.9962845180685487,GMM
13.029109,13.049316,0,0.991822614186268,GMM
11.963777,1.7685888,1,0.9668081126166155,GMM
11.190328,7.750467,0,0.8947099023500357,GMM
11.931482,9.263763,0,0.9913021700995414,GMM
9.774744,8.64888,0,0.9868455322164128,GMM
11.955738,0.49772373,3,0.8919830444241978,GMM
9.079623,9.07236,0,0.5630501541934264,GMM
9.835201,5.275332,2,0.8977752365811291,GMM
11.578333,9.632379,0,0.9871314768712668,GMM
12.290413,1.3698189,3,0.5753515336695462,GMM
12.81765,12.028547,0,0.9963675479567269,GMM
9.960053,0.5577863,1,0.995135685396397,GMM
11.462389,3.6426713,1,0.9762086991941188,GMM
7.6832786,8.763956,0,0.9788156853250981,GMM
11.711394,9.09962,0,0.9031601738450122,GMM
8.966075,4.727162,1,0.9941848172696219,GMM
9.143405,8.562927,0,0.9910389981944062,GMM
9.700799,1.265996,1,0.7096022287865799,GMM
10.482853,10.998214,0,0.9975403334207901,GMM
10.034267,6.4950047,0,0.59134092820623,GMM
9.113756,8.730107,0,0.8289776100224377,GMM
8.4631605,10.057535,0,0.998338924022158,GMM
10.38945,4.8382525,0,0.7219438841692525,GMM
11.894731,0.3146946,3,0.9997567783630206,GMM
12.748169,13.943273,0,0.999588619784039,GMM
12.591466,0.06294228,1,0.6262925349570237,GMM
9.134413,8.274852,0,0.8354983586802832,GMM
11.640582,12.391761,0,0.999928274368435,GMM
12.080182,1.0154781,1,0.9817385943964091,GMM
8.753232,9.588592,0,0.788298272328892,GMM
11.446508,10.998882,0,0.9999843131676464,GMM
9.842195,10.488625,0,0.9967442954541105,GMM
9.618462,-0.38086772,1,0.9812299967223734,GMM
9.463545,-0.66534877,2,0.7512832827398731,GMM
11.999254,13.635502,0,0.9995543741110513,GMM
10.574628,8.576068,0,0.9998177490372308,GMM
7.821491,6.920782,0,0.9710228841483154,GMM
11.582924,0.7701887,1,0.9918031761430532,GMM
10.469267,8.262379,0,0.9980268525774354,GMM
9.935118,5.1954503,0,0.8791191288467965,GMM
12.090017,9.062058,1,0.925244113419528,GMM
5.771733,2.637544,2,1.0,GMM
11.411347,9.746384,0,0.9730806634829576,GMM
9.393875,9.750541,0,0.9889419960715665,GMM
11.419436,-0.22545269,3,0.9831708308398533,GMM
10.530993,9.932391,0,0.997453906596175,GMM
10.375887,6.6523643,0,0.9992121329590071,GMM
7.882788,8.343094,0,0.9522132714185504,GMM
11.611218,9.6524,0,0.9970580400101421,GMM
11.14496,11.454434,0,0.9981714038176636,GMM
9.599146,10.380107,0,0.9685482670606255,GMM
11.673174,-0.4452791,1,0.8572897697844831,GMM
10.9065695,8.912919,1,0.6278412854047534,GMM
6.883406,9.876959,0,0.999732963091094,GMM
11.544397,5.5387425,0,0.6017486029214943,GMM
9.062882,2.4837015,1,0.9940312509611575,GMM
6.944061,2.879485,2,0.9999999992826858,GMM
7.881993,6.50947,1,0.9707196511552788,GMM
7.582518,10.552573,0,0.9989760980007255,GMM
12.404114,9.971946,0,0.964806140248973,GMM
11.043646,10.401802,0,0.9976579914959071,GMM
11.13017,9.865532,0,0.9845784373681243,GMM
9.387358,11.525663,0,0.9995133526892345,GMM
9.502801,11.195485,0,0.9993275487394603,GMM
9.329226,9.009716,0,0.9535778189480011,GMM
8.712606,9.233406,0,0.9969042458266614,GMM
6.667614,9.591434,0,0.9975650749616545,GMM
11.331534,7.3781443,0,0.6299605209584671,GMM
12.294035,0.6629115,1,0.9779935031068686,GMM
9.484319,5.8253865,2,0.7943346651807319,GMM
9.614044,0.29268977,1,0.7339713434529008,GMM
12.282653,3.01972,1,0.9839251926183817,GMM
8.769418,0.32142895,1,0.9578815230393534,GMM
11.598865,4.0194883,1,0.9731825384790741,GMM
11.37539,11.435359,0,0.9997935122201798,GMM
10.651469,5.5060015,2,0.7611262892598852,GMM
10.400281,2.4587963,1,0.9619115312452887,GMM
9.720609,11.050118,0,0.9998066842588023,GMM
9.43277,9.959596,0,0.9953326777388272,GMM
10.433004,8.668984,0,0.9971249989649106,GMM
8.453285,5.549146,0,0.9105753428503093,GMM
11.037425,4.3600264,1,0.8031321796199066,GMM
8.497257,10.805982,0,0.998784708217667,GMM
10.637533,-0.6262004,1,0.8233853706754524,GMM
11.293563,-0.7161516,3,0.8834038848620152,GMM
9.463209,9.198046,0,0.9986720925583321,GMM
10.29208,3.1559463,1,0.9911846860442686,GMM
9.479547,10.200025,1,0.6770367294615254,GMM
9.489494,9.746153,1,0.8033655691682351,GMM
9.7640915,0.5201501,1,0.9361782572413461,GMM
10.162907,9.172375,0,0.9796391301486729,GMM
10.814358,12.472625,0,0.9999402165867738,GMM
12.457425,10.042525,0,0.8865118700509614,GMM
9.852892,11.173709,0,0.999887041447742,GMM
12.005015,6.0385685,0,0.6643384090227746,GMM
9.997552,8.079667,0,0.9994855207017236,GMM
11.9865265,2.3852196,1,0.9860603798514126,GMM
8.899351,-0.5083992,1,0.9283206378575167,GMM
11.350513,7.862851,0,0.9253826614996647,GMM
10.7507715,5.455863,0,0.7023948786947543,GMM
10.384953,2.216919,1,0.9879384483640302,GMM
13.449521,13.762592,0,0.9206491838341996,GMM
10.379979,5.027138,0,0.8738888763018116,GMM
9.2425375,3.3341691,1,0.974735368898918,GMM
9.79856,6.7026668,0,0.8415131544310086,GMM
8.49332,6.7395163,0,0.9647363991683927,GMM
8.400036,5.618367,0,0.5337889264780235,GMM
10.981221,11.974232,0,0.9997637482826437,GMM
11.1043625,0.6755605,1,0.9354477734394556,GMM
9.213698,0.37070388,1,0.982611054857876,GMM
9.768726,7.798279,0,0.9992298674256342,GMM
9.185648,0.6763933,2,0.9704605474890675,GMM
12.681408,11.44257,0,0.9972128692100933,GMM
12.554075,-0.5683665,3,0.9963180366448454,GMM
11.442136,4.86644,1,0.7445153737425831,GMM
11.980372,6.9956164,0,0.8665361145204095,GMM
9.815992,9.099088,0,0.9998397642774919,GMM
8.613792,10.928175,0,0.9980260749065119,GMM
8.022089,6.0130157,0,0.9189829552747132,GMM
10.936892,0.4423476,1,0.9263490481122761,GMM
7.4105277,9.16489,0,0.9668009616303487,GMM
10.23928,3.6441274,1,0.9439845501445935,GMM
7.418478,9.904609,1,0.7784283584794903,GMM
10.49915,6.0885057,0,0.9985488716385045,GMM
12.210203,9.74275,0,0.9707941558112458,GMM
9.888074,11.040762,1,0.6882413335817067,GMM
10.377011,5.408559,1,0.6674001717966523,GMM
7.52466,10.990022,0,0.9999957467728782,GMM
9.075626,2.1750836,1,0.9903932571708345,GMM
10.03114,7.1351256,0,0.999273359129003,GMM
9.156516,-0.5575776,1,0.9848797887541266,GMM
10.103864,5.9179077,0,0.8368005213135064,GMM
12.4535,9.675484,0,0.9663718165570948,GMM
12.162152,10.603301,0,0.9867153964001119,GMM
11.599854,1.2913601,1,0.9983326053676742,GMM
8.458019,7.9191794,0,0.8828437143283175,GMM
10.905212,11.182068,0,0.9989069275697678,GMM
6.51423,3.026939,2,0.9999999999994031,GMM
10.901325,10.8489685,0,0.9999307068405635,GMM
11.5080185,3.5523887,0,0.6914755374265827,GMM
10.485407,8.969078,0,0.9996100989978002,GMM
9.686189,2.2260396,1,0.9936721820129807,GMM
9.908157,3.8294172,1,0.9844240962465114,GMM
11.745095,13.292696,0,0.999866650755135,GMM
10.951271,6.228759,0,0.6551394979751042,GMM
13.529311,13.129902,3,0.9914887513892496,GMM
11.145154,7.31186,0,0.9108023772397631,GMM
10.502351,2.5442457,1,0.982232257656022,GMM
10.686232,0.67425615,1,0.9903376272233546,GMM
10.1928,3.6761334,1,0.6463570597120034,GMM
11.6202,1.3996414,1,0.832273778973929,GMM
10.730702,7.3412347,0,0.9894155392322884,GMM
9.186513,8.506484,0,0.9943445463515727,GMM
12.707733,13.014179,0,0.9986263806054412,GMM
7.0900774,2.4385877,2,0.9999999924282275,GMM
9.420698,12.106074,0,0.9999839264466329,GMM
10.435858,11.808699,0,0.9995911550915073,GMM
11.678614,4.1933937,1,0.8669412308059702,GMM
10.786644,5.9203033,0,0.9687205866066919,GMM
10.588532,3.712502,1,0.9093281399124048,GMM
11.481233,12.145338,0,0.9997471905496141,GMM
9.821842,5.835061,0,0.9898613026515264,GMM
5.5595064,2.5396128,2,1.0,GMM
9.789507,0.87225777,1,0.9935318274571519,GMM
12.261101,2.2283468,1,0.9017948708836407,GMM
12.771542,9.8892765,0,0.8936576411415726,GMM
12.006843,13.032306,0,0.9999208687550136,GMM
9.3510895,7.531063,0,0.9982923103230852,GMM
13.146062,14.028529,0,0.9989113818834546,GMM
10.223701,5.2283483,0,0.6436281298347376,GMM
12.705756,7.686507,0,0.9520728096430894,GMM
9.863752,10.660846,0,0.9995114128581569,GMM
9.668316,1.1077694,1,0.9719878324595101,GMM
8.428742,9.929598,0,0.9990339381665915,GMM
13.019183,13.399514,0,0.9969448017730591,GMM
7.667486,6.1235495,0,0.9829459715213853,GMM
5.23943,2.520542,2,1.0,GMM
9.493179,3.0764694,1,0.992521034704249,GMM
12.198629,13.48801,0,0.9998538458306063,GMM
8.519028,1.5350258,1,0.9010994597407997,GMM
12.294985,6.477897,0,0.8218146859072873,GMM
11.712064,10.400517,0,0.9806680073561634,GMM
11.616583,12.194703,0,0.9997314396733292,GMM
13.02963,12.355279,0,0.9975687318169505,GMM
9.213376,6.107779,0,0.7309954660160872,GMM
10.18709,10.157175,0,0.9964434773245642,GMM
9.172411,0.8894726,1,0.9654772923920921,GMM
9.709873,6.5621142,0,0.9379427825612433,GMM
9.390382,11.767793,0,0.999901370564299,GMM
10.044247,10.054192,0,0.9992833362387292,GMM
9.620036,10.673138,1,0.931981318839046,GMM
11.319983,12.601374,0,0.9997147926705638,GMM
5.8305874,2.682062,2,1.0,GMM
9.159135,8.717908,0,0.9942313274450775,GMM
10.0642185,2.828099,1,0.9959133167622424,GMM
12.25404,13.70781,0,0.9997628903658519,GMM
11.688963,4.600801,0,0.8285401899215282,GMM
10.688819,10.4396515,0,0.9994864255290508,GMM
10.118196,2.2948444,2,0.838782931348362,GMM
10.316547,0.5269243,1,0.8257111402738048,GMM
9.857332,6.810638,2,0.999994734425171,GMM
10.793874,4.665611,0,0.6059287027354983,GMM
10.966257,2.6244597,1,0.9854473684919974,GMM
9.822792,7.658179,0,0.9853443871913057,GMM
11.18085,12.756636,0,0.9998264949005947,GMM
12.937685,0.73931986,3,0.6980182935242752,GMM
9.341419,7.308576,0,0.9636104155853034,GMM
11.843776,2.422024,1,0.9910902631412261,GMM
9.989823,5.347285,1,0.6430879562032302,GMM
12.962931,13.788593,0,0.9908316398623764,GMM
10.049548,4.2369175,1,0.8969101351525273,GMM
7.746709,9.487629,2,0.5864401611160384,GMM
8.9853,5.2235627,1,0.984440206712061,GMM
10.717665,5.6435122,0,0.978686241400886,GMM
11.203356,8.834997,1,0.6750566498840241,GMM
7.030071,9.4611845,0,0.9845211639129541,GMM
9.35223,0.47036517,1,0.9950672031407325,GMM
9.11115,5.984488,0,0.9610506652433563,GMM
8.849818,9.677953,0,0.9980274364516779,GMM
8.751317,8.883094,0,0.9964628457134717,GMM
7.9120493,6.487027,0,0.9267973470618049,GMM
9.828931,3.1689441,1,0.9689757189840076,GMM
9.03356,1.9608909,1,0.9718836377587914,GMM
8.856384,3.0895548,1,0.985221527367726,GMM
8.247561,9.324997,0,0.9809951476618236,GMM
9.33984,10.398044,0,0.9896822342307512,GMM
8.555081,7.1009026,0,0.9975040546911494,GMM
13.129638,11.056968,0,0.9908200801021918,GMM
9.208334,2.6348586,1,0.9293817168795641,GMM
11.06159,10.511657,0,0.973714623722361,GMM
9.067107,3.0489092,2,1.0,GMM
9.610354,8.14898,0,0.9969320191869209,GMM
12.032038,6.917723,1,0.7390189362917825,GMM
12.098122,12.355027,0,0.9818569603272457,GMM
8.904464,11.568924,0,0.9997948327499425,GMM
8.317285,4.515261,1,0.713799736489257,GMM
11.633772,-0.7180046,1,0.6674159125457063,GMM
7.707873,6.0604415,0,0.603359074250136,GMM
11.6577835,-0.805038,3,0.9998007449469658,GMM
12.893041,0.20469901,3,0.9797769097949947,GMM
9.578954,11.671082,0,0.9240987179643732,GMM
6.8256555,8.846345,0,0.9172678608054459,GMM
8.998233,3.354128,1,0.995232667044531,GMM
10.391547,3.739847,1,0.9518790893719496,GMM
11.512778,2.3671854,1,0.95532661958025,GMM
12.573493,13.1330805,0,0.9847168815478736,GMM
9.23074,9.176649,0,0.9816817489541668,GMM
10.53145,2.8677552,1,0.9930214907176014,GMM
7.3566413,9.225589,0,0.9938213876868709,GMM
12.746869,0.8642639,1,0.9242876417503132,GMM
10.413771,2.168832,1,0.9918034783141286,GMM
9.353891,6.55458,0,0.9582619528224274,GMM
10.881443,3.0274441,1,0.8991908648186343,GMM
11.670961,-0.47377834,1,0.8568720971943472,GMM
7.861324,3.313066,2,0.9954768938903937,GMM
9.116265,11.298492,0,0.9995039735207091,GMM
12.532695,1.7245097,1,0.5660988526806012,GMM
8.196427,9.266797,0,0.9829578112117875,GMM
11.442683,2.8582463,1,0.963136070437804,GMM
12.339794,12.279469,0,0.9991447591968234,GMM
10.536014,6.079148,0,0.9580156695837304,GMM
11.358362,12.797892,0,0.9996074794697406,GMM
8.90972,6.3952765,0,0.8980346978849655,GMM
12.260367,7.501445,0,0.7180600627851355,GMM
9.9585905,5.599438,0,0.8803207819046238,GMM
10.331431,4.382609,0,0.6477336037229071,GMM
11.713957,-0.6194338,1,0.8673069467393428,GMM
9.512216,9.234456,0,0.9967893491461518,GMM
7.8367434,9.929793,0,0.9140551345796661,GMM
12.413762,1.4194031,1,0.9769064347204235,GMM
12.34329,10.440756,0,0.7847998497253323,GMM
10.710671,5.7678103,0,0.9648481099124677,GMM
6.5085793,9.530219,0,0.9999898098680338,GMM
9.418259,1.827068,1,0.9904758135790356,GMM
13.115813,13.958941,0,0.9778660132717073,GMM
6.8020196,9.08335,0,0.999180142526287,GMM
9.555307,-0.70261747,1,0.9468307166952534,GMM
8.677179,7.7763095,0,0.9623376433075205,GMM
11.0307255,10.984526,0,0.9999428188448113,GMM
9.889221,7.4431434,0,0.9985497032928126,GMM
11.006979,10.938909,0,0.9993146697060364,GMM
10.070843,6.4144735,0,0.9509447315672943,GMM
8.488401,3.6413422,1,0.9709503647621914,GMM
7.7001224,10.201363,0,0.9886812728475483,GMM
10.966426,6.148774,0,0.960007751437758,GMM
11.737858,9.151013,0,0.7347999997816711,GMM
9.881134,3.2094617,1,0.9810704792024,GMM
7.9082193,10.989485,0,0.7220990430172968,GMM
12.510846,12.491146,0,0.9979721456226017,GMM
11.825685,3.8127072,1,0.9176156969933714,GMM
11.979558,3.9481633,0,0.7634596380212306,GMM
7.088658,9.66567,0,0.9993836138261465,GMM
12.635205,11.511193,1,0.5272199532030728,GMM
9.795032,9.801793,0,0.996915025356414,GMM
8.610256,7.2440815,0,0.9833538337073093,GMM
9.255314,4.6503158,1,0.9134313293914224,GMM
10.429855,7.9908843,0,0.9997666342655976,GMM
11.434753,1.7619257,1,0.9473253182877832,GMM
13.114692,11.694453,0,0.9920672362357589,GMM
10.605493,11.209071,0,0.9994534969051778,GMM
8.7881,4.9934783,0,0.6203176303433563,GMM
10.57008,4.7741427,1,0.9786182242881839,GMM
11.803298,2.163604,1,0.9839021010637201,GMM
10.502716,12.27282,0,0.999796999511083,GMM
5.892279,2.5417233,2,1.0,GMM
10.452775,12.118447,0,0.9998825316605513,GMM
11.445992,11.195055,0,0.9990030714063164,GMM
11.578201,-0.1727256,3,0.7412423635810194,GMM
10.888308,7.676943,0,0.9959623089518211,GMM
9.502732,8.151807,0,0.9984312666313383,GMM
9.720327,8.6132555,0,0.9930216803973955,GMM
11.176642,1.3846079,1,0.9969868667825843,GMM
10.408941,8.651937,0,0.9999037588260469,GMM
10.92327,3.3494906,3,0.7927602938292382,GMM
11.224686,-0.10386337,3,0.52046139817777,GMM
10.2403965,-0.5393418,3,0.7212137220430346,GMM
9.248486,8.036899,0,0.9774686736607376,GMM
10.230097,4.8758063,1,0.6863676642480662,GMM
8.670291,1.0743071,3,0.9984173227010771,GMM
9.776593,0.4771692,1,0.9966450113137517,GMM
10.179931,2.8445017,1,0.9398911612135082,GMM
9.237311,7.496184,0,0.9985912401871861,GMM
9.388282,7.571011,0,0.90276463587299,GMM
8.653845,10.727645,0,0.9997381454871134,GMM
10.909403,1.6937295,1,0.9897467383003312,GMM
10.390946,2.454807,1,0.9938935774799221,GMM
11.160762,11.515586,0,0.9935707789194512,GMM
9.703873,11.703047,0,0.9995768920935068,GMM
10.415044,12.162586,0,0.9999624986608937,GMM
12.57407,3.0632381,1,0.7821346757491291,GMM
11.492694,2.2799032,1,0.9902985847926178,GMM
9.272051,2.261249,1,0.9952846672923272,GMM
9.001744,11.483036,0,0.9997238877289695,GMM
11.459399,9.112791,0,0.9831898286463008,GMM
6.8115044,3.0001633,2,0.9999999999756746,GMM
9.211305,4.015393,1,0.6376396884099668,GMM
13.113993,11.06103,0,0.9962990868301371,GMM
9.183403,0.42463362,1,0.8350551471104666,GMM
10.365817,10.666589,0,0.999722232129433,GMM
11.382183,0.116089016,1,0.9888695028350009,GMM
12.711749,-0.2677606,3,0.8496988643128147,GMM
12.673838,13.305831,0,0.9788394832829818,GMM
9.324531,5.940087,0,0.988245482349124,GMM
9.544678,0.33029696,1,0.7151129655167364,GMM
9.81902,4.4321165,1,0.8968300887855343,GMM
9.5028105,7.778363,0,0.7144767583095409,GMM
8.9321,10.790838,0,0.9980239531463991,GMM
7.9404745,7.623153,1,0.7319716581065197,GMM
11.34633,12.899374,0,0.999856306389267,GMM
10.204324,11.155208,0,0.9997809002953907,GMM
10.646608,1.8197029,3,0.9140642159483731,GMM
11.878889,12.519332,0,0.9998315885422268,GMM
12.261445,3.1200848,1,0.9380382899469127,GMM
8.012507,11.064225,0,0.9307186681473564,GMM
11.268656,1.8798891,1,0.9813585417776463,GMM
8.971962,1.8509232,1,0.8130552221183365,GMM
13.221728,12.824389,0,0.9901730180950903,GMM
9.522534,5.911866,0,0.8708653883825831,GMM
8.925356,0.8309358,1,0.8995426147970025,GMM
10.871043,6.203954,0,0.9453339391039031,GMM
11.915813,8.622085,0,0.9628644517726367,GMM
9.728072,7.0646462,0,0.9986168489886807,GMM
12.147927,7.8915706,0,0.6861557648615387,GMM
8.930216,7.330129,0,0.9818628320082695,GMM
10.644688,5.3288355,1,0.7409311551869848,GMM
12.954139,10.565621,0,0.3754759550928962,GMM
12.859077,10.758669,0,0.6104490180093252,GMM
11.856937,0.13355546,1,0.8160572735558901,GMM
7.673408,9.542392,1,0.690278477293825,GMM
11.114872,2.0078073,1,0.9088594201559971,GMM
9.386672,0.096744455,1,0.9907881755757798,GMM
10.302603,-0.756996,1,0.9883591243249971,GMM
9.743765,8.063144,0,0.9810588299557351,GMM
12.521828,2.2987857,1,0.6612257577410041,GMM
9.876856,8.870327,0,0.9987627970459863,GMM
12.571524,13.226534,0,0.9989382717636378,GMM
12.443293,2.9914694,1,0.8761889026005266,GMM
10.487865,11.776074,0,0.9993364666350054,GMM
11.393201,2.0072823,1,0.6683152140081111,GMM
8.6248865,8.805056,0,0.9975003634126814,GMM
12.583876,11.639397,0,0.9987980330588863,GMM
11.90581,3.1715806,2,0.6669764163331559,GMM
12.858755,0.746858,3,0.9859656708320024,GMM
10.516893,1.3580632,1,0.9944881874746988,GMM
10.601305,3.878781,1,0.6065605571908447,GMM
7.583808,8.992989,0,0.9251118648563249,GMM
10.885722,9.686528,0,0.7372025220120466,GMM
9.421945,2.6144083,1,0.8176423305130374,GMM
10.307436,7.7849936,0,0.9981768761722072,GMM
10.221304,4.3663387,1,0.9461783940591291,GMM
8.927551,3.8042767,1,0.9104109623065635,GMM
11.965848,10.756459,0,0.9991266123826207,GMM
10.002777,7.8301783,0,0.9202781369521226,GMM
8.046824,7.7486644,0,0.9290320093733024,GMM
10.91607,10.093827,0,0.9997815636186164,GMM
10.470291,7.0854406,0,0.7832068450568767,GMM
9.95687,12.181501,0,0.9998886593307134,GMM
10.144452,7.7019925,1,0.4756354924292074,GMM
12.254118,1.9098511,1,0.9675448440965112,GMM
10.160905,-0.32526845,2,0.6716901664626249,GMM
9.383934,10.4095335,0,0.9998597445118915,GMM
8.455556,5.194389,1,0.7889281770476483,GMM
9.90279,5.81408,0,0.576228981388395,GMM
9.858355,2.7497115,1,0.9692331121138464,GMM
11.99807,3.064072,1,0.9794788891452543,GMM
12.39754,10.646884,0,0.70615500859185,GMM
8.512046,7.806334,0,0.8691652759605925,GMM
12.554543,2.1274369,0,0.7317312421066469,GMM
9.05579,3.7389846,2,0.8199501916486259,GMM
7.826231,9.384494,0,0.9907246419876619,GMM
12.508663,12.165453,0,0.9937471806051256,GMM
9.237359,3.5320272,1,0.9943673700577553,GMM
8.941261,1.7751294,1,0.9529435028063568,GMM
11.048385,9.458924,0,0.9763573201759163,GMM
11.019022,0.05626806,1,0.9282685432052221,GMM
11.942201,9.969804,0,0.4901025201479942,GMM
13.207279,11.015081,0,0.6130768821351019,GMM
9.46793,7.782862,0,0.9096921953599224,GMM
9.730602,1.1362332,1,0.9572999852458173,GMM
11.944689,11.632803,0,0.9992456284546827,GMM
12.5815325,11.465547,0,0.9990159313983973,GMM
9.852335,11.579334,0,0.999396808210638,GMM
7.3541794,10.219222,0,0.9774903516247017,GMM
7.9307017,3.1993346,2,0.9934070247691245,GMM
10.287645,-0.0007042873,3,0.9986266768261184,GMM
10.935716,9.031407,0,0.8387541024514511,GMM
8.720316,8.559137,0,0.9289845904772828,GMM
12.680791,11.903948,0,0.9991625977442298,GMM
6.2040095,2.7683554,2,1.0,GMM
12.674954,0.85399127,1,0.870100691629715,GMM
9.5776825,0.24826671,1,0.9779734578645585,GMM
13.143833,12.470312,0,0.9587294517391572,GMM
8.899917,-0.51563644,1,0.9872594311918258,GMM
10.7479515,2.2371998,1,0.9863076674493977,GMM
12.291696,13.323451,0,0.999424557891928,GMM
12.022826,1.5311419,1,0.9909914578085587,GMM
9.889892,4.2164516,0,0.7273601377978137,GMM
12.134302,9.512716,0,0.983394696298873,GMM
9.104171,1.5257851,1,0.9625494414528697,GMM
9.319397,3.724539,1,0.9837248307577446,GMM
10.012948,-0.3427883,1,0.6745460959802112,GMM
8.817819,2.7325964,1,0.988510646434234,GMM
12.766468,13.935103,0,0.9995482791542041,GMM
10.4319515,4.3898573,1,0.9354752958679828,GMM
4.32853,2.2838206,2,1.0,GMM
11.720665,9.438215,0,0.9930011585673976,GMM
9.297768,0.4398754,1,0.8742535787694242,GMM
11.586885,3.3973746,1,0.9542969191626933,GMM
11.537713,1.4811939,1,0.9880888450801626,GMM
13.346568,12.993442,0,0.9836623080944874,GMM
10.074523,1.9819273,1,0.9439201699998712,GMM
8.632934,0.07955858,2,0.6649388280584034,GMM
9.536086,2.0570626,1,0.9714583502628192,GMM
11.63415,9.531618,0,0.9292792258830741,GMM
11.595147,0.25646415,3,0.6355025836987714,GMM
9.77211,7.869856,0,0.9770768964089692,GMM
11.872245,13.495237,0,0.999911386468901,GMM
9.80181,10.949735,0,0.9992578092246887,GMM
10.46008,1.6125621,3,0.601169719128252,GMM
12.292693,7.353241,0,0.7485618268841453,GMM
8.906224,-0.6306388,2,0.9999955437979411,GMM
12.402894,9.358751,0,0.9679926266680471,GMM
10.676743,10.423482,0,0.9820649112464095,GMM
13.223484,10.388597,0,0.9086894178941662,GMM
6.4888983,9.673486,0,0.9999987920504795,GMM
8.7972145,4.2844157,1,0.9479500715917688,GMM
11.139311,10.301139,0,0.9493392061060905,GMM
10.109212,6.865365,2,0.8146751672550069,GMM
11.86462,10.200855,0,0.9973403150393101,GMM
9.310992,6.968087,0,0.9359957679379446,GMM
11.06651,12.66303,0,0.9998374349382015,GMM
12.543691,11.9415655,0,0.9992239201376445,GMM
12.526455,-0.04740571,3,0.8517689364492017,GMM
12.477412,2.0972998,1,0.5396396220382675,GMM
9.474449,1.1914642,2,0.8165207790470548,GMM
10.770153,8.316513,0,0.9467331631883643,GMM
12.238858,0.6900221,1,0.8418217318575483,GMM
13.127945,12.027207,0,0.9936510742654063,GMM
7.9852996,8.895639,1,0.8924362415473509,GMM
9.342355,0.73976463,1,0.780896541823499,GMM
9.639588,3.1829975,2,0.9686308419301805,GMM
10.212515,3.2469773,1,0.9800094681166592,GMM
11.501309,4.6111865,1,0.8860327160519118,GMM
12.63569,10.22081,0,0.8590685380308879,GMM
12.002279,8.257548,0,0.9289152835595387,GMM
11.454003,12.675282,0,0.9995406554576799,GMM
11.677174,2.765993,1,0.9933455696728329,GMM
8.799613,2.0463765,1,0.8652823788379256,GMM
10.642925,5.3970904,0,0.9058435092278957,GMM
11.63097,1.2273058,3,0.5855112911767032,GMM
9.926437,3.0156698,1,0.9916464842625137,GMM
10.082661,4.9349294,1,0.6295585173456449,GMM
8.322632,6.9694653,0,0.9984448243495649,GMM
11.1132345,10.3851385,0,0.9935105181693298,GMM
8.759815,6.59838,1,0.8426238112500062,GMM
11.149532,9.410369,0,0.5729574375894689,GMM
9.034389,7.7043023,0,0.9248642727806257,GMM
9.306798,11.832329,0,0.9999478399722532,GMM
8.879373,1.294831,1,0.9788997204611581,GMM
8.608634,11.800224,0,0.9991788537310338,GMM
11.991297,12.737319,0,0.9995891549126256,GMM
11.533334,0.6679748,1,0.989094736845832,GMM
5.9569435,2.7445781,2,1.0,GMM
9.990026,5.2173467,0,0.9122782799915845,GMM
11.414897,2.009275,1,0.9815960700367342,GMM
12.849201,10.053096,0,0.9776181620002388,GMM
8.355006,7.5789533,0,0.9429259839151686,GMM
12.251325,7.136464,0,0.9193237941956703,GMM
9.5186615,4.269269,0,0.6863285924323033,GMM
4.4286156,2.3351886,2,1.0,GMM
7.114195,3.0968099,2,0.9999993619991204,GMM
10.212657,4.168005,1,0.7106609088939166,GMM
12.672808,1.5519426,1,0.9795668828348235,GMM
12.368664,1.9351944,3,0.5023990035777682,GMM
11.500919,3.2114904,1,0.9625493151969398,GMM
8.845946,2.6494737,1,0.9844030330190042,GMM
9.818262,5.369744,1,0.7801024784584614,GMM
10.564447,12.271781,0,0.9996326708022947,GMM
7.737449,10.1752825,1,0.961586454940428,GMM
8.318871,8.190249,0,0.8511289050434149,GMM
9.271699,-0.59424126,2,0.9433199889585774,GMM
9.540789,5.722943,0,0.6544058828015127,GMM
11.803257,8.084606,0,0.9458021843033764,GMM
8.621606,6.0573034,0,0.9675611454360039,GMM
12.385745,1.4732858,1,0.8774764125001084,GMM
11.451762,0.9363613,1,0.9833855254705762,GMM
11.119103,6.0462055,0,0.9291686417237114,GMM
12.466861,3.0901165,1,0.6211472308407271,GMM
13.46752,14.001017,0,0.9674665024346494,GMM
12.360695,9.540172,0,0.8386036083215765,GMM
10.140699,4.2390614,1,0.9123650914358465,GMM
9.130908,8.663471,0,0.9733033689521848,GMM
10.918411,7.238583,0,0.9766030875302054,GMM
12.323828,11.772756,0,0.9967542445721391,GMM
10.3467045,7.387103,0,0.9969645406170775,GMM
10.370844,11.827854,0,0.999768644160721,GMM
13.06438,10.667003,0,0.9894233814110054,GMM
8.855871,11.6152115,0,0.9996080830899561,GMM
7.778362,6.5703096,0,0.9920559883214194,GMM
8.715997,-0.7135462,2,0.6661845202552834,GMM
11.3396845,1.9682325,1,0.9875022850890363,GMM
10.064555,0.46438906,1,0.9971569791870569,GMM
9.446083,5.274998,0,0.7810492972961752,GMM
11.77323,9.346465,0,0.9881005726885702,GMM
12.041909,12.734717,0,0.9997607025499234,GMM
10.553945,2.3647432,3,0.986705951860732,GMM
10.781092,1.9565297,1,0.9945466651175595,GMM
8.473096,7.515272,0,0.9826802392279166,GMM
11.45972,8.0475025,0,0.9871366937389572,GMM
11.043471,1.7718304,1,0.9530964401783772,GMM
8.787568,6.6197753,2,0.9999999999756355,GMM
9.294233,8.151469,0,0.8551337028710365,GMM
9.553411,-0.39779943,1,0.8870443754386931,GMM
9.343706,-0.62653226,2,0.8217087311084735,GMM
10.737217,11.535863,3,0.9032851292736468,GMM
10.642339,11.477958,0,0.9996120201976456,GMM
10.745731,10.094518,0,0.9985976857318014,GMM
10.743237,5.680954,0,0.9623022788838602,GMM
10.865923,6.9855328,1,0.5878471816163023,GMM
13.42363,13.07965,0,0.7814955797588545,GMM
12.6343,2.7934747,1,0.6996092469006736,GMM
10.637575,-0.86701936,1,0.7089127568555671,GMM
7.79197,7.043007,1,0.9622517390561061,GMM
11.014046,-0.364606,1,0.9120421888234352,GMM
9.58627,5.0377054,1,0.8112756243242034,GMM
10.046749,5.2564197,1,0.5047005178331025,GMM
10.954955,9.85202,0,0.8513574560175312,GMM
10.4485855,0.49158797,2,0.9266603856098948,GMM
11.335692,13.211588,0,0.9999805460847301,GMM
11.094539,3.2564585,1,0.6394330623999851,GMM
8.441035,4.337232,1,0.9832693659055928,GMM
10.128708,11.577733,0,0.9998769721157597,GMM
11.451796,5.7556243,0,0.902443729230088,GMM
10.168237,6.9943686,0,0.9851142205587362,GMM
11.537713,10.828967,0,0.9999409523883865,GMM
12.128162,13.10597,0,0.9998570278272517,GMM
11.083469,8.096729,0,0.916877834370628,GMM
10.593433,5.243518,0,0.815514675450525,GMM
11.09788,10.933168,0,0.9971240880759465,GMM
8.400681,10.017927,0,0.9982247444737719,GMM
12.704926,9.883977,0,0.982708413093175,GMM
7.674858,9.710069,0,0.8014176999995,GMM
10.698976,3.0014217,1,0.9675295957469503,GMM
12.201303,12.291311,0,0.9992233311910041,GMM
10.026564,6.256145,0,0.6752536293528137,GMM
12.346992,3.3801765,1,0.6370502372902298,GMM
9.779254,2.5876486,1,0.9934746263601966,GMM
8.5121565,8.3190975,0,0.9991054021784468,GMM
11.724042,7.442232,0,0.6496191631601822,GMM
9.617539,3.4898536,1,0.988867224766608,GMM
10.813737,0.27957028,3,0.8165620895198971,GMM
10.320444,6.902347,0,0.972477265020316,GMM
13.041765,12.8553705,0,0.6130492992793998,GMM
12.486707,8.782692,0,0.8591351307013004,GMM
11.99081,10.659974,0,0.9987015606723764,GMM
9.986522,5.6575046,0,0.867499212969865,GMM
10.20061,7.446761,0,0.9589325482625358,GMM
11.350617,10.07657,0,0.9991551683475154,GMM
9.956087,11.05705,0,0.9816576254939517,GMM
10.410374,11.614026,0,0.9997481994529641,GMM
9.60219,8.675358,0,0.9945433173691766,GMM
9.349412,9.137954,0,0.9951366731356642,GMM
9.1946335,6.5689335,0,0.5495093987238364,GMM
12.716315,10.067518,0,0.48450747534191657,GMM
12.244941,7.598381,0,0.9817802727134625,GMM
11.325837,3.0470338,1,0.9940828673614518,GMM
11.0827875,12.623044,0,0.9995469133327353,GMM
9.185042,5.8794513,0,0.970979006977962,GMM
10.456111,3.72039,1,0.6148908010908971,GMM
9.448152,8.669981,0,0.9985389837680096,GMM
11.559097,-0.8044082,3,0.9999999999927169,GMM
9.910873,8.252488,0,0.9981926702486194,GMM
10.033744,6.416007,0,0.9581562758687563,GMM
8.970927,11.921723,0,0.999975513472015,GMM
13.182531,11.550381,0,0.47055692011138667,GMM
9.111087,6.5939016,0,0.9056301875369017,GMM
8.621731,9.640295,0,0.9633444891183051,GMM
7.2415524,9.393484,0,0.980639759506705,GMM
8.759579,9.253104,0,0.9974786052749367,GMM
8.750139,-0.5745297,1,0.659927959336113,GMM
7.7800474,5.936966,0,0.9497647819983134,GMM
12.10779,-0.5214139,3,0.7463731465503074,GMM
10.735724,2.8876064,1,0.8969262510448245,GMM
9.536742,0.37959978,1,0.9950306384306737,GMM
11.441078,8.399267,0,0.9734219490985903,GMM
8.8842,10.835,0,0.9991380389294355,GMM
10.743204,4.5034623,0,0.6475973478861378,GMM
10.507635,11.919804,0,0.999466909708747,GMM
12.063934,7.688757,0,0.9632005449341385,GMM
8.8583765,8.502051,0,0.9955837286814812,GMM
11.921392,2.9660277,1,0.8774126871741091,GMM
9.798659,9.729738,0,0.9994252645405721,GMM
9.713911,4.018655,1,0.8100891740729748,GMM
11.775042,3.333319,1,0.6456462120368096,GMM
10.287951,7.23409,0,0.9878284745395196,GMM
11.403783,0.5319287,1,0.9938021971041827,GMM
11.162187,10.906121,0,0.9712484236248385,GMM
11.778162,0.48746943,1,0.9411906558813716,GMM
11.395964,12.034687,0,0.9999019985889716,GMM
8.11869,10.434487,1,0.9931329925425718,GMM
10.518552,0.08667894,1,0.9979043686110048,GMM
9.288282,9.545297,0,0.5930643834734475,GMM
11.120276,3.6337318,1,0.8723014942628022,GMM
11.43453,5.8707576,0,0.877923461705575,GMM
11.2245865,10.799875,0,0.7721545360319597,GMM
10.714388,0.43116444,1,0.8548254195437403,GMM
9.120249,6.311014,0,0.9077827433815954,GMM
7.2433767,3.2019756,2,0.9959733566712282,GMM
8.2520275,9.453142,0,0.9913319326379678,GMM
10.746619,11.847679,0,0.9997587792979166,GMM
9.192254,9.311586,0,0.9993817432977149,GMM
7.7914767,8.225774,0,0.9390122195144373,GMM
12.365688,2.12581,1,0.607021327436959,GMM
10.179197,0.6700618,1,0.99628544797557,GMM
12.039079,-0.20500603,1,0.823899642925784,GMM
8.881649,7.0045066,1,0.9675427350319322,GMM
8.643311,-0.6399225,2,0.9357939841470996,GMM
8.518072,8.744295,0,0.9518751630323563,GMM
12.607948,11.771859,0,0.9992105298229763,GMM
12.789313,13.20114,0,0.9615277956402303,GMM
8.185767,5.700765,0,0.6729827118667868,GMM
12.102393,13.532739,0,0.9996744888999165,GMM
9.06261,4.223945,1,0.7492159244211507,GMM
9.761282,4.3116317,1,0.9698276550836017,GMM
10.335599,6.211996,0,0.9991766440781298,GMM
9.408854,0.72111946,1,0.9351906888921948,GMM
12.292667,11.695988,0,0.998689007176108,GMM
10.85025,7.463018,0,0.9891746166764745,GMM
12.028028,3.0473886,1,0.7299833503463765,GMM
10.8138075,12.543839,0,0.9998756953511699,GMM
10.081452,6.4088,0,0.9438843476194051,GMM
11.511396,13.148709,0,0.9991499834375915,GMM
11.94322,9.986924,0,0.9738262068351079,GMM
10.549424,6.4027324,0,0.9281071952238594,GMM
11.279459,10.174036,0,0.997938579189407,GMM
11.122878,11.757157,0,0.9998576381920237,GMM
10.038869,5.856734,0,0.9864122320659904,GMM
9.118826,5.075079,0,0.8006167852398821,GMM
10.745403,8.717865,0,0.9936694033638366,GMM
10.265199,0.26017466,1,0.7169941170759441,GMM
10.438702,7.067318,0,0.986896093003412,GMM
11.354874,4.409805,0,0.5756928341366835,GMM
10.748967,1.5487438,1,0.9949773287826915,GMM
9.029687,1.1364629,1,0.9850777759715211,GMM
11.299256,7.4269,1,0.7487607839685665,GMM
6.9728794,2.9618893,2,0.9999999089467929,GMM
10.094494,3.631628,1,0.9653375238044996,GMM
13.409155,13.196822,0,0.993912948215326,GMM
11.589001,1.514273,1,0.9910490092243569,GMM
11.903514,2.644083,1,0.6412470600733456,GMM
10.5266,4.01374,0,0.8413655926740682,GMM
9.086719,7.186298,0,0.9916343722798401,GMM
10.799785,-0.34861597,1,0.9896924004540699,GMM
11.253315,1.7679684,1,0.9928852956772846,GMM
5.4654465,2.5214102,2,1.0,GMM
11.388597,7.058017,0,0.9534907391214914,GMM
8.941358,9.864448,0,0.9910604658391139,GMM
8.359854,8.828637,0,0.9954565105806771,GMM
11.198832,11.704748,0,0.9997694365301569,GMM
11.837974,1.4063878,1,0.977168031424103,GMM
12.381309,2.7978776,1,0.8466747857632173,GMM
10.319015,12.218052,0,0.9998369445416877,GMM
12.100217,10.022434,0,0.6895076824924389,GMM
8.15734,10.018393,0,0.9991347830943831,GMM
12.984515,0.5654058,3,0.9766191877469039,GMM
12.431832,12.542091,0,0.9893751926837283,GMM
9.217717,4.203679,1,0.9824151735944046,GMM
11.214802,9.627724,0,0.9979557465318114,GMM
9.629349,1.7223194,1,0.9957594326769658,GMM
10.951645,-0.62256014,3,0.811235270443536,GMM
10.765554,2.3636549,1,0.9048491829421851,GMM
10.373046,4.40456,1,0.9452198444507243,GMM
12.918138,11.987399,0,0.9988418520882556,GMM
9.156443,12.154326,0,0.9999614587163692,GMM
9.0780525,2.3540444,2,0.8630023035562169,GMM
11.2590885,2.0365055,3,0.9959586445908798,GMM
11.804874,10.465884,0,0.9854534321537914,GMM
9.088817,10.075918,0,0.9990110857786365,GMM
7.9544897,10.968411,0,0.9990062585938961,GMM
7.762502,7.360647,0,0.9976421709671743,GMM
8.692713,9.820485,0,0.785655565226617,GMM
8.957557,4.801424,1,0.6788456742487056,GMM
9.274972,5.2993407,1,0.9032378572905853,GMM
9.397235,1.8966601,1,0.9946248212239663,GMM
11.322035,8.870875,0,0.9665319341796678,GMM
9.119362,7.10437,0,0.9947939843898737,GMM
13.5057,13.905226,0,0.9853057988178017,GMM
11.553872,9.6159315,0,0.9808658832048012,GMM
8.705113,11.282283,0,0.9851114959156986,GMM
12.570348,11.060367,0,0.8901859896360392,GMM
5.7858615,2.7002242,2,1.0,GMM
10.957191,0.1274457,1,0.9903668094136443,GMM
7.710353,7.055184,1,0.9192249522725292,GMM
10.08954,2.639322,1,0.9765247254690832,GMM
9.003647,5.7740664,0,0.8182933616492964,GMM
9.721558,3.9426312,1,0.9681571954782576,GMM
10.398522,3.718046,0,0.8766410521633056,GMM
11.238645,11.049472,0,0.9966431103582787,GMM
12.617444,2.2225084,1,0.9432088846956769,GMM
11.095733,9.776436,0,0.992925870529406,GMM
9.537779,8.996651,0,0.9993351212080416,GMM
11.133989,12.271597,0,0.9979292654685491,GMM
11.023428,3.5373533,1,0.837716420070014,GMM
9.603225,5.1460977,0,0.8080323043526012,GMM
11.907922,10.553472,0,0.9976006921505568,GMM
5.613966,2.5398414,2,1.0,GMM
10.491941,7.402164,0,0.9552607136997788,GMM
10.775988,-0.7464263,3,0.598765402802143,GMM
8.642476,-0.0009854216,1,0.909993950125855,GMM
10.956299,2.4706159,1,0.9030403005923408,GMM
10.544144,11.479553,0,0.9997927854271877,GMM
9.01747,7.714008,0,0.7645909051895693,GMM
9.09013,4.0042043,1,0.988866558921116,GMM
11.795478,0.30841178,1,0.9253955901608297,GMM
8.54361,5.6720686,1,0.8835341603262723,GMM
10.752773,8.701426,0,0.9438199743678675,GMM
11.889185,1.2341135,1,0.9934235897310766,GMM
9.305821,-0.9546986,2,0.9762287083956297,GMM
8.605296,7.659849,1,0.6815107640401233,GMM
11.316953,4.5187387,1,0.8256032697862296,GMM
9.848058,11.0754,0,0.9551759736522146,GMM
11.985183,9.679227,0,0.9693006601639295,GMM
9.835947,9.19735,0,0.9987575015132079,GMM
9.2905855,5.189934,1,0.7463373041216904,GMM
12.340903,1.6971059,1,0.9903770238448606,GMM
8.932537,7.424346,0,0.9419566891960539,GMM
8.708816,5.2913013,1,0.8164009888640802,GMM
8.568864,-0.6647501,2,0.999995410381992,GMM
11.788355,12.924489,0,0.9998404631447552,GMM
10.524425,3.3653429,1,0.7067290367443665,GMM
9.7332735,8.750982,0,0.994580694521259,GMM
9.271793,0.1445954,3,0.7169503243368792,GMM
10.902193,6.9815817,0,0.7847819529361953,GMM
10.252869,8.872289,0,0.9856422564466476,GMM
10.6373415,11.225995,0,0.9993609745047813,GMM
12.830965,12.860664,0,0.9958197206503394,GMM
11.663797,1.7527455,1,0.994259333899868,GMM
12.8210335,13.294495,0,0.9943077425351887,GMM
9.210865,8.462702,0,0.703441595578679,GMM
7.10561,8.010339,0,0.9907539097039193,GMM
10.392639,3.3676486,1,0.8203159159114323,GMM
9.852042,11.665959,0,0.9997073408918782,GMM
12.431813,9.549547,0,0.5968104367423013,GMM
8.668119,1.9184567,1,0.8280491012925405,GMM
7.4806876,8.016995,0,0.9871539043464541,GMM
12.21001,2.4788187,0,0.6431159020224541,GMM
11.908421,13.508253,0,0.9998366563309838,GMM
10.000402,11.057977,0,0.9978534981104135,GMM
13.010516,12.087982,0,0.9932966769192411,GMM
12.271898,2.3072376,1,0.9882127276390423,GMM
8.864122,2.3721147,1,0.9943097104849554,GMM
10.58331,6.364953,0,0.9997073892134803,GMM
10.551572,6.4532614,2,0.6915514270743706,GMM
9.443929,2.2161906,1,0.5067157997522361,GMM
12.145454,13.591927,0,0.9997770828457493,GMM
7.7671194,6.3254476,0,0.9203950544859847,GMM
9.343485,2.1556566,1,0.9958716692299079,GMM
8.669395,0.493457,1,0.630182178680996,GMM
10.87577,6.1570325,0,0.9992693564358888,GMM
9.082183,8.083093,0,0.99897434343195,GMM
10.570456,4.424985,0,0.6049357165460051,GMM
12.0608015,0.74861443,1,0.7794892776550625,GMM
12.596102,9.515661,1,0.9779939053742978,GMM
12.583543,-0.010193422,1,0.7727694582688002,GMM
11.491467,7.43623,0,0.8700692936111646,GMM
13.3719845,14.045337,0,0.9981606873865123,GMM
12.702996,1.78377,0,0.842531783281096,GMM
10.891492,9.225865,0,0.9948706804933815,GMM
13.110736,14.008795,0,0.9991096401295203,GMM
8.921532,1.4212424,2,0.7346843813957187,GMM
7.770999,5.585399,0,0.7371592970423311,GMM
6.741265,9.085633,0,0.999357586496497,GMM
8.593419,3.1769357,1,0.9926336759467204,GMM
9.523667,10.33569,0,0.9960653533349136,GMM
12.25798,12.350858,0,0.9984404476317331,GMM
11.161908,0.052999258,3,0.9864876764882262,GMM
12.348731,-0.19181064,1,0.6767702524283972,GMM
8.455516,2.0638971,1,0.7233422045036827,GMM
8.856862,6.365593,0,0.8271286736024002,GMM
10.832088,12.904753,0,0.9999720104397722,GMM
7.2055635,8.386733,0,0.9920842250857849,GMM
8.483514,5.874461,0,0.9556372065875852,GMM
12.130718,12.15693,0,0.9504101687691701,GMM
7.2965374,9.349668,0,0.9873977839052016,GMM
10.725967,7.0890236,0,0.8572307462263721,GMM
8.518507,0.018908883,1,0.6356229702565146,GMM
12.270554,2.4640458,1,0.7385981773229892,GMM
12.31789,10.854056,0,0.9920440269739189,GMM
10.770446,9.754071,0,0.9678128726192924,GMM
9.0169,11.954996,0,0.9999912234494343,GMM
9.75497,1.7514589,2,0.9812385633179967,GMM
12.467465,9.220488,0,0.9517960257381048,GMM
11.308964,5.9832616,0,0.8928824496142547,GMM
10.485735,9.262985,0,0.9997399055900932,GMM
7.549544,5.5038447,1,0.8822811898241474,GMM
11.822803,-0.12306328,1,0.9306566562779002,GMM
9.057103,6.585098,0,0.6530900033935029,GMM
11.772618,0.8749259,1,0.979100592723681,GMM
11.296146,8.708447,0,0.983712064908937,GMM
9.194067,6.1121144,1,0.9328577570583431,GMM
12.316382,13.093685,0,0.9993618965354913,GMM
10.862373,5.560402,0,0.8906974170224838,GMM
8.788494,0.16182207,1,0.7289361043346534,GMM
10.583977,3.701534,1,0.6637480607425564,GMM
9.892614,10.215898,0,0.9995774224450514,GMM
12.092329,-0.073620014,1,0.7197855806700326,GMM
10.234236,0.985384,1,0.9975423278050733,GMM
12.660325,0.45724946,1,0.7817116838961714,GMM
12.250333,0.21440569,1,0.8965910665995872,GMM
10.570449,9.1945715,0,0.9996341026738981,GMM
10.4614,12.146916,0,0.9991855581983168,GMM
11.348374,1.6606221,1,0.993606812136684,GMM
10.344094,11.7409,0,0.9998578010448788,GMM
9.530703,0.38934743,1,0.9948968434835109,GMM
13.237205,10.915815,0,0.6591840441087521,GMM
9.775026,3.7673206,1,0.9895796442855003,GMM
9.885486,1.1105925,1,0.9407952908544847,GMM
12.520891,-0.30161932,3,1.0,GMM
13.110197,12.599,0,0.989602830839108,GMM
10.311958,1.2569001,1,0.9232194115492585,GMM
6.2257695,2.7195473,2,1.0,GMM
9.134933,4.815835,1,0.5446863440729219,GMM
11.943958,12.016643,0,0.9998101019053259,GMM
10.0749655,8.948408,0,0.9991106448334658,GMM
11.31026,0.036236234,1,0.9951386933738738,GMM
9.651981,8.778651,0,0.9900589271549933,GMM
8.578605,10.234572,0,0.9973933614716017,GMM
9.25481,9.24593,0,0.9882225204087665,GMM
9.638774,3.4727032,1,0.9718882846895902,GMM
9.285813,2.6210885,1,0.9906674897419455,GMM
4.71809,2.421018,2,1.0,GMM
12.758799,7.723821,0,0.953363859292651,GMM
12.520469,11.945538,0,0.9989681633089201,GMM
10.910315,2.4436376,1,0.9813819767559044,GMM
11.599595,4.8463006,1,0.863009097252119,GMM
11.277891,3.9768536,1,0.8618977728371762,GMM
9.148568,6.3863435,0,0.9613555469293568,GMM
11.087093,10.422344,0,0.9976557236585756,GMM
11.200999,6.4484367,0,0.6726631621073339,GMM
11.900106,10.26179,0,0.9976152794512712,GMM
10.144525,6.2881103,0,0.968533179234957,GMM
8.649759,-0.16315143,1,0.6060640286875091,GMM
10.607232,0.7922847,1,0.9187892837152359,GMM
9.601293,9.970596,0,0.9948905300572429,GMM
10.428436,12.322008,0,0.9997042805042229,GMM
10.391519,2.8036523,1,0.965625504778222,GMM
8.87092,4.350399,1,0.6175487085045461,GMM
8.323022,7.8979964,0,0.7167430543057028,GMM
8.208775,7.633526,0,0.8241531573182609,GMM
10.180296,11.707871,0,0.9998050582032909,GMM
9.490268,2.959638,1,0.7465706959024812,GMM
10.438029,11.522636,0,0.9999518319887993,GMM
8.714106,-0.66477084,1,0.5365540283019473,GMM
11.923118,13.384546,0,0.9990402178714912,GMM
9.785143,5.955409,0,0.9883235451508015,GMM
8.133149,10.714282,0,0.9986549904588089,GMM
8.898414,7.8471017,0,0.9750478035747506,GMM
8.8033085,4.219359,1,0.7907079377678021,GMM
9.331033,10.34637,0,0.9992803373886866,GMM
12.907325,11.530172,0,0.9894836756635982,GMM
12.465223,2.1378145,0,0.5767154929350394,GMM
11.063991,3.8254926,0,0.8675577287166959,GMM
10.091855,3.6043491,1,0.9966593708997159,GMM
10.859981,2.8488832,1,0.9910496245656374,GMM
11.624631,0.30415148,1,0.9608075207656716,GMM
8.8520565,8.620939,0,0.9991895529815928,GMM
10.384894,6.63705,0,0.9417196342796504,GMM
8.268131,4.3580937,0,0.7659427729865116,GMM
8.122252,5.686891,0,0.9680664985439854,GMM
10.133087,-0.45147339,3,0.903190733978551,GMM
10.335414,11.40705,2,0.9998297235173629,GMM
12.481008,12.80468,0,0.9983034444691631,GMM
9.048903,2.6642826,1,0.9960697581666957,GMM
12.824588,0.11681728,3,0.8041615569217094,GMM
12.05833,-0.3361473,1,0.9485494399965212,GMM
8.7928915,11.627314,0,0.9999467944857047,GMM
10.996409,4.179254,1,0.9447665292913927,GMM
9.197022,2.5856295,1,0.9898187475036556,GMM
11.17613,0.047140412,1,0.9898765645260783,GMM
9.490898,2.2833552,1,0.9565960630995606,GMM
12.682196,12.604579,0,0.9871549095793564,GMM
12.0185175,7.042817,0,0.9442167361575502,GMM
8.6147,-0.2367044,2,0.9973057756816895,GMM
9.6649275,5.504449,2,0.992239744265322,GMM
7.98169,10.564354,0,0.8807312391076125,GMM
11.218625,8.611689,0,0.9737757907630347,GMM
10.860463,1.5451875,1,0.9945653658617487,GMM
11.207028,0.32953167,3,0.9260329237737229,GMM
10.490127,10.334637,0,0.9822369486904998,GMM
9.974601,1.9888167,1,0.9536093897664032,GMM
11.118478,9.2492485,0,0.8381528171336863,GMM
9.653876,4.293452,1,0.8466602872583391,GMM
10.629754,11.369977,0,0.9997869478411956,GMM
8.720225,9.666245,0,0.9986308094442268,GMM
11.998323,3.1396053,1,0.6735760725085839,GMM
12.543436,1.8203301,1,0.9578589914472617,GMM
10.994193,4.7065086,1,0.9414024011795105,GMM
12.022575,9.770319,0,0.9933442987867319,GMM
7.4982095,9.257847,0,0.995790183200797,GMM
9.4120035,11.528153,0,0.9602687361165263,GMM
12.4817915,7.5605083,0,0.9201279446504846,GMM
8.379302,7.9279804,0,0.9982576731865335,GMM
9.533867,2.5343702,1,0.9966233160025044,GMM
10.596847,1.645722,1,0.9940498694793233,GMM
11.439519,11.017065,0,0.9998920969771192,GMM
12.1532955,2.8402188,1,0.9916345495882685,GMM
10.338991,7.74861,0,0.8189465935549686,GMM
11.298482,-0.70268875,1,0.555555300723678,GMM
10.630467,7.8504295,0,0.993234628524345,GMM
10.643329,6.278638,0,0.9997200129534516,GMM
12.526838,1.0451993,1,0.6741095495737748,GMM
10.587225,10.983453,0,0.999685810364115,GMM
11.922854,11.957935,0,0.9997450114569257,GMM
10.579069,2.8425746,1,0.9360096955091047,GMM
10.678142,5.801247,0,0.9909435738043065,GMM
9.342162,5.6796117,0,0.9234291821137258,GMM
8.904304,3.0263531,1,0.9905932641339786,GMM
10.854817,11.367696,0,0.9990617244089568,GMM
9.564778,2.6470652,2,0.5241105119365354,GMM
8.728679,-0.7535223,2,0.9067732650333296,GMM
8.97061,7.798316,0,0.9925868785158356,GMM
7.934479,9.746474,0,0.9979685573332708,GMM
11.189196,10.088954,0,0.8793120255716781,GMM
9.157759,11.879018,0,0.9999360434057336,GMM
10.903833,9.120572,0,0.790472078993461,GMM
11.45671,1.011744,1,0.9281082719295547,GMM
12.257832,7.390515,0,0.8721974017984367,GMM
10.638049,8.649067,0,0.9649220809404665,GMM
11.396652,-0.38539648,1,0.9822518235636631,GMM
12.597851,13.194186,0,0.9979715071272867,GMM
6.933677,9.351284,0,0.9969736771498392,GMM
10.019035,-0.7629974,2,0.491448261877642,GMM
9.082011,0.3736026,3,0.9999999999708145,GMM
9.283065,6.1588597,0,0.933798759772875,GMM
12.5679245,3.1726246,0,0.6264433990239184,GMM
6.915508,9.434708,0,0.9951680052222606,GMM
9.062325,9.571777,0,0.9523538286124383,GMM
4.572614,2.422665,2,1.0,GMM
11.823447,2.4977162,1,0.9931221876134516,GMM
8.832848,6.8956146,2,0.9943108244436748,GMM
11.744153,3.8354344,1,0.9871687616593582,GMM
9.460814,1.124803,1,0.9886669625005312,GMM
10.811171,3.5474153,1,0.9739019498876363,GMM
9.868829,8.88809,0,0.997970806112891,GMM
11.698709,-0.56399566,1,0.9720502389071998,GMM
11.892273,3.8942251,0,0.5255614600238313,GMM
8.813818,7.1911106,0,0.5377314406300804,GMM
8.95465,3.1565313,1,0.8714267593332988,GMM
9.538106,2.0422826,1,0.9952722620269749,GMM
11.708192,7.0795937,0,0.929125597152545,GMM
10.233291,11.216909,0,0.9987745854075447,GMM
8.568638,5.4987273,0,0.8975589952919333,GMM
9.64526,1.8749137,1,0.9872762668194001,GMM
9.540211,9.208016,0,0.9994527949312227,GMM
10.407323,0.097189486,1,0.9019661792128068,GMM
8.396134,6.1148562,0,0.839649557020316,GMM
9.60412,0.7645332,1,0.8789545331081355,GMM
11.034099,7.8335776,0,0.9922492026630694,GMM
9.203163,2.8529887,1,0.5358582484231514,GMM
13.054712,13.544593,0,0.9986625166104082,GMM
12.951114,12.534293,0,0.9821222982017852,GMM
13.219743,13.202642,0,0.9944907263503341,GMM
7.458825,9.891059,0,0.9956724566074963,GMM
11.647928,-0.3317154,1,0.8647382347552113,GMM
8.646537,10.1169815,0,0.9995626977413512,GMM
12.667651,9.423288,1,0.556650181045957,GMM
9.877822,8.978405,0,0.9996736673806033,GMM
12.168355,3.5656817,0,0.5627876070765336,GMM
8.582487,-0.86753947,2,0.9942798031550516,GMM
7.8971214,5.1804256,0,0.745621224737514,GMM
9.661214,3.701563,1,0.9466705286386176,GMM
8.64146,4.4726696,1,0.9866741232794985,GMM
12.43806,11.138535,0,0.996439666185011,GMM
11.488402,11.560797,0,0.999833012361356,GMM
10.575708,2.5320537,1,0.9777238181113861,GMM
7.793713,9.390945,0,0.9485808544174833,GMM
11.529933,1.6896065,1,0.9858067543792088,GMM
8.885652,2.4718535,1,0.9328331496790073,GMM
9.055784,4.699456,1,0.9643343914062478,GMM
12.840225,9.567867,0,0.8444271502793429,GMM
9.113644,4.7704153,1,0.54083044017936,GMM
10.5065365,9.414995,0,0.9977236389276868,GMM
10.472325,4.77134,1,0.6453435941457804,GMM
10.659087,0.07517789,1,0.9956877923872067,GMM
10.816793,10.557466,0,0.9999120062608292,GMM
10.514782,-0.512433,1,0.7971737424730357,GMM
9.317481,4.0806623,1,0.7112562507133475,GMM
10.248407,8.343114,0,0.9996182228469493,GMM
12.462684,-0.48634943,3,0.9578323055363983,GMM
8.4259,8.229873,0,0.9817253386313097,GMM
9.470728,0.774653,1,0.599110456653264,GMM
10.058697,4.120629,1,0.9269815793652761,GMM
8.78839,10.35667,0,0.8662245402065784,GMM
13.508787,11.956277,0,0.6289701946672486,GMM
11.892128,7.254864,0,0.9024515508998179,GMM
9.969705,6.125451,0,0.8749424001507546,GMM
11.402415,11.682596,0,0.9999058660069214,GMM
11.4336405,6.756543,1,0.5149882261141785,GMM
10.587916,10.146355,0,0.9994888209000501,GMM
9.122965,3.706972,1,0.9891865479830146,GMM
9.175119,6.820508,0,0.887887515675938,GMM
10.925794,11.336854,0,0.9999051879883407,GMM
10.2363405,2.7384253,1,0.9836940683171617,GMM
11.522928,11.886952,0,0.9998307057899529,GMM
12.084483,9.720839,0,0.9980578632788977,GMM
11.025905,9.791317,0,0.9984011442157864,GMM
11.29596,6.0359197,0,0.921297987566994,GMM
12.460624,1.4596536,1,0.5982872852883411,GMM
8.539807,9.438741,0,0.9992557218820355,GMM
10.859924,7.255159,0,0.9759660489390213,GMM
11.916595,10.660337,0,0.996951558142536,GMM
10.466607,0.90739113,1,0.9977130899694558,GMM
10.010332,0.91987336,1,0.9961808420330681,GMM
9.860399,0.669289,3,0.9794814282415708,GMM
11.129921,11.44218,0,0.9958573541491353,GMM
9.071145,2.3544154,1,0.9733987912878893,GMM
8.481621,3.5620522,1,0.9326107455269883,GMM
11.855523,7.620704,0,0.9602755733779619,GMM
9.44821,8.961545,0,0.9985590071651888,GMM
8.363375,3.5943098,2,1.0,GMM
12.656796,12.755553,3,0.7197991045927375,GMM
9.451144,8.92325,0,0.994008726717516,GMM
9.107633,11.431503,0,0.9994845907286632,GMM
12.444637,10.138748,0,0.9952405933092905,GMM
9.455299,9.448252,0,0.9935378885640889,GMM
7.6308694,9.134041,2,0.9999983257264997,GMM
9.007999,6.876234,0,0.9752132508649044,GMM
12.125098,6.917176,0,0.888043294780941,GMM
10.979739,0.4447809,1,0.7906628484754294,GMM
12.692371,-0.11673738,3,0.9959204258234289,GMM
9.906871,7.649757,0,0.999760852308499,GMM
9.606522,9.259657,0,0.9990301415514348,GMM
13.627882,13.462501,3,0.9999486511235487,GMM
11.742614,3.927918,1,0.545453539944592,GMM
11.342436,12.577236,0,0.9998083813573209,GMM
10.561421,6.2869186,0,0.9993144719418537,GMM
11.006821,1.2343717,1,0.9958684668098698,GMM
11.575957,10.459566,0,0.998299758888554,GMM
8.608223,1.5230634,3,0.8321729751470883,GMM
13.062634,12.250627,0,0.9957170858126494,GMM
9.246087,11.8241205,0,0.9992565264738321,GMM
13.71183,13.549671,3,0.808483266589825,GMM
9.141182,9.610038,0,0.9870048705790724,GMM
9.519838,-0.06525282,1,0.9848169949275325,GMM
7.5106177,9.282251,0,0.9967786540424177,GMM
8.907732,0.56153893,1,0.8799159626515848,GMM
12.7087555,1.9347217,1,0.6876067048330401,GMM
11.301591,13.217908,0,0.9999343721504299,GMM
11.734825,6.2987323,1,0.7485332517582782,GMM
9.53309,6.903929,1,0.5457712369177896,GMM
12.431951,9.734858,0,0.9860172995420847,GMM
10.030187,8.38719,0,0.9311104220704973,GMM
8.829355,7.2616673,0,0.9979228219609451,GMM
6.9403596,10.065023,0,0.9987261439966298,GMM
10.584915,10.073742,0,0.9964008038437245,GMM
8.706055,8.802832,0,0.9664765925013038,GMM
11.944271,1.4407727,1,0.9583481660597906,GMM
9.789037,11.067613,0,0.9992714663909904,GMM
11.275127,1.0092413,1,0.9959096132360332,GMM
9.808395,0.32258093,1,0.9967121759317076,GMM
11.659827,7.0393953,0,0.9274410934775459,GMM
11.247369,9.525777,0,0.9911704556906235,GMM
9.852207,7.8780236,0,0.9951844657713875,GMM
10.255149,9.101916,0,0.9987210728506222,GMM
9.801833,6.522051,0,0.99975977170374,GMM
10.401265,-0.9328235,1,0.9541551619843291,GMM
9.394656,2.7668943,1,0.9952774009408976,GMM
11.6789055,4.491295,1,0.9210233567384543,GMM
11.977435,4.1245527,0,0.9283138038438756,GMM
7.7728004,7.9173975,0,0.9232445382778756,GMM
9.922188,3.5491595,1,0.5202252586760137,GMM
10.426046,9.87185,0,0.9993688032307247,GMM
13.232344,11.932317,0,0.7489525052590456,GMM
9.080937,6.7504463,2,0.9998598647580881,GMM
12.25841,10.840762,3,0.4843121075909288,GMM
10.3121195,6.6567364,0,0.9965264937996177,GMM
13.624289,13.338616,3,0.9993042415795917,GMM
10.919666,10.577138,0,0.9998689263095939,GMM
9.472898,3.6655955,1,0.9850679923695755,GMM
9.290307,6.582476,0,0.9241784909168099,GMM
11.535357,2.2850504,1,0.9854571031975765,GMM
9.121898,2.396079,1,0.7919570015674762,GMM
12.981971,14.016042,0,0.9995723021875152,GMM
10.451585,11.332118,0,0.9985236396494994,GMM
10.259939,4.1643806,1,0.9201157086544217,GMM
12.9865675,0.8608721,1,0.6041926533663619,GMM
11.389732,8.763315,0,0.9832254135783309,GMM
7.8642836,5.3520026,1,0.8081602441468794,GMM
8.556708,7.91361,0,0.6045555097952072,GMM
10.460252,8.538832,0,0.9493840200252642,GMM
10.089417,6.3818984,0,0.987980784474114,GMM
8.031907,9.903978,0,0.9963006567769681,GMM
6.7970815,9.893328,0,0.9998884840265192,GMM
12.953577,10.72035,0,0.9123785466854084,GMM
8.912086,5.1697893,1,0.7404000916434792,GMM
9.609205,1.5340499,1,0.9208774897199364,GMM
9.083785,5.3275857,0,0.8251840358648855,GMM
10.632461,9.114662,0,0.9937344861190437,GMM
8.859725,1.1079675,2,0.9999824374275019,GMM
11.855486,4.2714825,0,0.8804407899462982,GMM
10.581183,6.369762,0,0.7620087734403619,GMM
10.609938,10.495952,0,0.9989138459061423,GMM
8.350275,9.442482,0,0.94948839465536,GMM
9.325902,10.184534,0,0.997210819239136,GMM
9.015848,9.6628475,0,0.9997421230580683,GMM
9.0270195,1.7055079,1,0.9816188647838224,GMM
10.150453,5.2788124,0,0.758694015087153,GMM
9.09188,2.2370138,1,0.5693801937108314,GMM
9.687132,6.162657,0,0.9412987758389916,GMM
9.78851,11.315176,0,0.9999472150820031,GMM
8.248207,6.861558,0,0.942741429741188,GMM
8.512187,10.068102,0,0.9865248762311899,GMM
9.41652,7.1032457,0,0.7558576761117625,GMM
9.882546,8.758357,0,0.9517150228790091,GMM
11.166046,0.022172136,1,0.952192922947037,GMM
6.6637173,9.534253,0,0.9987983418613341,GMM
8.6285,6.7522774,0,0.9647171769680932,GMM
11.120994,3.637655,1,0.6977931697113575,GMM
10.906861,8.013588,0,0.7783779149056838,GMM
10.497041,9.167395,0,0.9943366140250951,GMM
12.666761,1.1607056,1,0.9077857115473351,GMM
9.629636,5.203478,2,0.814972300143381,GMM
8.022161,3.4257653,2,0.795610177320504,GMM
8.095292,10.723187,0,0.9747216392395264,GMM
10.40003,9.753743,0,0.9997468088051172,GMM
11.550532,3.1345186,1,0.903318463809629,GMM
9.232638,7.7661123,0,0.9796990172766485,GMM
10.801197,7.818697,0,0.9994926231016035,GMM
7.9398975,5.0092173,1,0.9814897623963902,GMM
11.583213,1.2385205,1,0.9977188085842398,GMM
13.271041,10.694096,0,0.965179029858716,GMM
7.925024,10.549927,1,0.5297226595613602,GMM
7.1183133,8.992008,0,0.9959547010433382,GMM
10.572179,1.375384,1,0.9750106941441781,GMM
9.118961,4.1139607,1,0.9664248325295557,GMM
10.995397,8.136585,0,0.7066166235477416,GMM
10.606321,5.9673386,0,0.7594794518396618,GMM
9.501315,2.0237699,1,0.9860337625729649,GMM
12.46384,0.00084519276,3,0.8623831279692923,GMM
6.556315,2.9095592,2,1.0,GMM
9.709405,5.9726605,2,0.5724247559198272,GMM
10.11623,2.9527583,1,0.9785202071813122,GMM
9.635662,7.2360497,0,0.8799354044173037,GMM
13.2870245,11.838891,0,0.9618066550429827,GMM
8.530738,4.5667796,1,0.9884084819854981,GMM
12.886751,13.445534,0,0.9942515910896774,GMM
12.411318,13.449707,0,0.9937727512250777,GMM
9.872636,7.3550196,0,0.9996631504004183,GMM
9.489042,9.781639,0,0.8345625561703404,GMM
9.985046,7.9240007,0,0.9962230783464923,GMM
10.883499,2.435479,1,0.9822821628448768,GMM
10.713425,0.5383323,1,0.9976062499841558,GMM
9.224414,11.903856,0,0.9999119594653699,GMM
10.857484,0.053877603,1,0.9854189684958979,GMM
11.924911,12.669261,0,0.999877958705619,GMM
7.7650046,9.725069,0,0.9991309476243002,GMM
11.738974,1.1262738,1,0.9943428275107544,GMM
8.258162,9.423612,0,0.9932510222442829,GMM
11.11743,1.7614044,1,0.9789755202220294,GMM
8.871691,8.000664,0,0.9847790250559364,GMM
11.103008,0.58135825,1,0.9928571912583696,GMM
12.321731,11.233521,0,0.9977790552316012,GMM
10.145346,0.96966964,1,0.9969683488515108,GMM
10.751748,-0.22824974,1,0.9952162905008816,GMM
12.734732,0.7381248,1,0.8525221019601462,GMM
11.474673,13.068494,0,0.9997788241441978,GMM
9.60441,-0.6406385,2,0.9698621666912765,GMM
12.472763,10.094506,1,0.882293654743011,GMM
11.695899,2.011302,1,0.963804610462296,GMM
10.027301,0.1632291,1,0.962046802826621,GMM
7.181071,9.369198,0,0.9947012237177303,GMM
8.918956,9.989338,0,0.9964380210314618,GMM
8.643817,7.48119,1,0.6045574772243802,GMM
9.49276,10.255944,0,0.9926249676062648,GMM
11.234236,8.060089,0,0.9887961543741249,GMM
8.790425,5.486085,0,0.5830974463798788,GMM
11.482117,12.504157,0,0.9994459606994507,GMM
11.938494,4.303239,0,0.817218483690433,GMM
8.977063,4.1283216,1,0.9735166783544494,GMM
10.907864,7.443445,0,0.8037024111388341,GMM
12.053597,10.083438,0,0.9701883972248955,GMM
12.709219,-0.47747126,3,0.9926169525931369,GMM
8.800604,10.435463,0,0.9999266984823947,GMM
12.055817,9.447141,0,0.9894001983589379,GMM
9.746509,10.30063,0,0.9992465154101771,GMM
12.484907,0.9996126,3,1.0,GMM
9.412927,1.4760901,1,0.9630533643949903,GMM
9.538259,6.351124,0,0.8830905508673288,GMM
11.73902,12.842379,0,0.9995937993228444,GMM
13.67777,13.753075,3,0.999807244777984,GMM
8.969242,2.6057706,2,0.688390077222946,GMM
10.429443,8.969283,0,0.9732928673548596,GMM
11.478215,11.536016,0,0.9982374906480544,GMM
10.893205,2.0222278,1,0.996606125233817,GMM
9.515362,7.156352,0,0.9953835663205133,GMM
9.598485,1.5319661,1,0.9952455530568906,GMM
11.522699,10.580754,0,0.9775869213166302,GMM
10.719719,3.9220994,1,0.9793986982542069,GMM
11.023285,3.091558,1,0.9537221089385463,GMM
7.5641727,8.148111,0,0.9957982336841794,GMM
7.510048,8.032147,1,0.5131969456388005,GMM
11.386389,8.0272455,0,0.9732065600727766,GMM
10.108596,9.118206,0,0.9995689827350962,GMM
8.60101,5.4802523,0,0.6593680104087253,GMM
11.530795,3.4917068,1,0.9784932363490844,GMM
10.974166,0.56954455,3,0.9999999999948468,GMM
8.859996,9.497167,0,0.9975750682917226,GMM
10.622907,2.0651226,1,0.6934301827418489,GMM
10.997324,7.517995,0,0.7571796817334902,GMM
10.869872,0.5195485,1,0.7208018781189997,GMM
11.51016,9.663455,0,0.9323570997494629,GMM
8.610934,5.4152703,1,0.5056890532861221,GMM
10.9355135,8.498986,0,0.9560169879323871,GMM
10.377497,5.92389,1,0.8293922239790857,GMM
10.499636,1.1278951,1,0.9851684491054061,GMM
8.794456,3.0423076,1,0.9851697643960655,GMM
10.2116785,5.854693,0,0.9852234908315809,GMM
11.89942,10.079002,0,0.9966045152381304,GMM
9.765622,4.0126953,1,0.9647008813456737,GMM
7.6451764,9.816226,0,0.9984999061533453,GMM
10.016452,1.0133623,1,0.9877975304568489,GMM
6.341541,2.8925846,2,1.0,GMM
10.943144,5.122102,0,0.6871654134958357,GMM
9.516093,5.6661925,0,0.6038667340975128,GMM
11.667724,3.2288337,1,0.6000465105494657,GMM
11.399277,11.662151,0,0.9999727338937848,GMM
9.6736145,7.186565,0,0.9967119991389317,GMM
11.09003,9.769953,0,0.9987464403633642,GMM
10.047534,11.093049,0,0.9998988625972867,GMM
12.081162,2.9703374,1,0.7075128593879451,GMM
9.637893,-0.65908414,1,0.9824687973243127,GMM
9.844472,0.8708295,1,0.9851225210904664,GMM
9.990519,6.5644355,0,0.6987838308638095,GMM
8.372304,3.1940045,1,0.9653934803690986,GMM
11.739688,10.296706,0,0.9162007299576284,GMM
11.188815,3.5168614,1,0.9501552339243627,GMM
10.87096,2.0586689,1,0.9907057375799919,GMM
9.108997,2.3281965,1,0.9851359484298885,GMM
9.085906,9.54798,0,0.9986571532566225,GMM
11.687726,12.760626,0,0.9979065708750782,GMM
10.85077,10.238046,0,0.9997894276060805,GMM
10.227929,1.6637626,1,0.9834480862540048,GMM
10.63022,5.953607,0,0.9900427988486068,GMM
12.0652,0.10488029,3,0.9886406585489138,GMM
9.8761425,0.77305573,1,0.9956486303565169,GMM
12.972663,11.172184,0,0.9956745808990969,GMM
9.084285,10.761405,0,0.9967164572071642,GMM
8.03388,9.607759,0,0.9904724498991776,GMM
8.785706,2.2490754,1,0.9939173129471934,GMM
10.635785,6.4838805,0,0.9997170994031365,GMM
11.439796,7.726958,1,0.6249238524511134,GMM
13.015685,13.745401,0,0.9982208474469579,GMM
10.861327,9.43997,0,0.9932177384634175,GMM
10.904602,3.5491092,1,0.9841582957885271,GMM
9.259805,10.957186,0,0.685203958911375,GMM
8.8848915,9.639756,0,0.998870880438733,GMM
8.646811,-0.05880412,1,0.8051780538594018,GMM
10.247406,2.9875548,1,0.9912313848512857,GMM
9.334689,7.943295,0,0.8984466025624436,GMM
11.209284,8.293916,0,0.997198498097486,GMM
8.2163105,9.134511,0,0.9898777557883548,GMM
10.890192,1.4816607,1,0.9965617783158177,GMM
10.163004,6.967492,0,0.9950610705458138,GMM
10.558054,7.0206594,0,0.9924760661530935,GMM
10.216589,7.545275,0,0.9748487189935855,GMM
4.47156,2.3545995,2,1.0,GMM
9.210645,4.413636,2,0.8638604833655977,GMM
11.545628,2.6683755,1,0.9787657657922006,GMM
9.070008,9.752076,0,0.9948449157195939,GMM
9.168689,10.275716,0,0.999803775004534,GMM
11.481483,3.2521074,1,0.6130588749850405,GMM
9.02864,9.445547,0,0.9908871119872388,GMM
7.160902,9.074003,0,0.9942052512158653,GMM
12.068438,-0.122236714,1,0.8184505201406002,GMM
9.5196,5.6507535,0,0.8506397542545088,GMM
9.326347,5.0633135,1,0.9558463108586618,GMM
11.166035,4.2209024,1,0.9776306925038946,GMM
9.151537,0.8998226,1,0.9802633187983942,GMM
12.566141,12.302361,0,0.9997197278186866,GMM
7.1636114,9.315088,0,0.9962740007628161,GMM
10.737789,10.626455,0,0.999556332302374,GMM
11.382625,4.37859,0,0.5396393115932735,GMM
10.106079,0.12299266,1,0.9954822428090817,GMM
10.985407,9.773405,0,0.9997095361585904,GMM
9.422311,5.981445,0,0.5656901000775589,GMM
9.694688,4.8340783,1,0.5765282227289064,GMM
12.837781,13.525319,0,0.9969044837139285,GMM
10.61741,1.4453984,1,0.9978367798733211,GMM
9.140809,-0.9303996,2,0.9896103109407496,GMM
8.129293,5.8458424,0,0.9536062096046576,GMM
7.536049,10.015289,0,0.9993324702232304,GMM
12.65815,9.87233,0,0.8909482750590983,GMM
11.307288,-0.8611949,3,0.8148606193081142,GMM
11.6516905,11.729524,0,0.9992082297049752,GMM
11.329475,2.8314884,1,0.9954760853050681,GMM
12.808422,13.38703,0,0.9954717886700939,GMM
8.650586,1.0939033,2,0.9999999999987423,GMM
8.944537,2.8936718,1,0.9940195406767851,GMM
7.678714,8.918802,0,0.9914314230275679,GMM
10.040782,-0.2991436,1,0.8375067249055481,GMM
7.7868237,10.180257,1,0.6800928478831421,GMM
11.297937,9.433049,0,0.9630358441828333,GMM
8.038883,7.267105,1,0.7596238735866475,GMM
9.5209055,2.8762603,1,0.8256348574918285,GMM
10.378865,10.153509,0,0.9982285667549605,GMM
8.593025,3.4561799,1,0.9680224957686072,GMM
9.870852,3.3261597,1,0.9816663720642212,GMM
10.609509,2.2664936,1,0.9893312267040628,GMM
8.68752,10.363327,0,0.9990276658399481,GMM
8.881391,7.9182243,0,0.9779473144666319,GMM
10.102491,10.222767,0,0.9994385133587833,GMM
10.035189,12.16041,0,0.9999017222472559,GMM
10.167315,12.067207,0,0.9985300597301192,GMM
11.138231,9.365788,0,0.9353696460283775,GMM
10.666166,1.332542,1,0.9927415857097117,GMM
9.20234,4.3744097,1,0.8259185138690381,GMM
10.306624,0.19848944,3,0.9920353131490918,GMM
11.152017,11.363943,0,0.9997225052632615,GMM
6.0189977,2.5425775,2,1.0,GMM
12.184719,1.6865766,1,0.8663850322731348,GMM
9.527171,4.1830573,0,0.5522272309332537,GMM
8.662632,11.428116,0,0.9998250420366314,GMM
8.756157,6.5520344,0,0.8123957717094251,GMM
10.164568,10.744963,0,0.7016496804655364,GMM
9.305667,3.9735618,1,0.936428979290226,GMM
13.064366,11.458549,0,0.9663217765221598,GMM
12.207118,-0.62227863,3,0.8732370420457594,GMM
10.628508,3.4859686,1,0.9134376231656256,GMM
11.608266,4.252962,0,0.813442196435887,GMM
10.35897,3.5340674,1,0.7963795012084215,GMM
11.221444,9.165719,0,0.8920942702423635,GMM
9.713919,1.7613934,1,0.9945596519153738,GMM
9.322881,8.981334,0,0.9945725660455943,GMM
8.923961,2.0455372,2,0.997882380014717,GMM
8.917392,7.4211097,2,0.9368309145768582,GMM
10.840893,10.42799,0,0.9996088268782888,GMM
13.137014,11.340952,0,0.965728657537185,GMM
11.889521,3.9850657,1,0.6278638116325068,GMM
12.316854,13.194228,0,0.9995473597363606,GMM
12.022302,4.4541216,0,0.7702199831393113,GMM
9.573389,1.9677345,1,0.9741045438209748,GMM
8.81588,1.3583853,1,0.9844365458712037,GMM
10.2156725,5.9827466,0,0.9550043025809434,GMM
11.083253,9.764679,0,0.9965614165050322,GMM
12.6060505,2.7974913,0,0.6600983718792842,GMM
11.864892,11.839647,0,0.997924927115192,GMM
10.103612,11.146772,0,0.99776262476532,GMM
12.6461,2.1775224,1,0.909004741542783,GMM
10.308125,11.965443,0,0.9997744555926148,GMM
10.767632,-0.5116642,2,1.0,GMM
4.874192,2.4553013,2,1.0,GMM
10.548163,1.9498099,1,0.8728037505876706,GMM
12.278927,7.6178503,0,0.9621160496330095,GMM
9.913027,8.790686,0,0.9948254377611382,GMM
11.920364,8.995834,0,0.6983586839534222,GMM
8.91194,10.553227,0,0.99809128583379,GMM
10.582907,0.2845143,1,0.9689685156242802,GMM
9.672359,1.7287036,1,0.9623881945061574,GMM
12.255152,11.680954,0,0.9950852923324863,GMM
9.062387,2.750757,1,0.9880969868223376,GMM
10.388741,8.615052,0,0.9839297290973908,GMM
7.9773965,9.431952,0,0.9959362069001345,GMM
7.565658,8.952243,2,0.9978850618229524,GMM
8.550367,2.5866692,1,0.7635723474050845,GMM
12.598345,13.154822,0,0.9981209117794978,GMM
8.515464,2.3882878,1,0.9879936086783944,GMM
10.829471,11.5412,0,0.9998041207829418,GMM
10.276682,7.5723386,0,0.9296057239459642,GMM
12.125111,10.472176,0,0.9886648591424001,GMM
10.889908,0.48984185,1,0.7616181236106012,GMM
10.558402,2.5024133,1,0.9884556127793532,GMM
7.112932,9.97226,0,0.9905990496852628,GMM
10.31678,0.6419029,1,0.9956645429941829,GMM
11.369517,12.820051,0,0.9996134786460426,GMM
8.761182,5.6534534,0,0.9517423176057813,GMM
8.383216,7.441523,0,0.9740801406499833,GMM
10.937057,1.6424706,1,0.997845770625036,GMM
12.6978035,12.364115,0,0.9917597347402949,GMM
8.783232,10.020676,0,0.5545135632478801,GMM
11.760367,11.352916,0,0.9964794493234044,GMM
7.5567865,8.686204,0,0.9344851090254536,GMM
9.871502,5.343804,1,0.6553918156276299,GMM
10.113343,1.6038066,1,0.9960085583192917,GMM
12.568102,12.299077,0,0.9995291129635999,GMM
10.95423,11.934928,0,0.9998271676716485,GMM
13.019353,11.0010605,0,0.5260277848825645,GMM
6.8491235,9.77258,0,0.9878303606295763,GMM
10.515662,6.7379384,0,0.9760455505858413,GMM
8.675655,9.092356,0,0.9980529907911987,GMM
8.448688,-0.098318554,2,0.5373021135962222,GMM
9.965506,11.846765,0,0.9999191996059754,GMM
11.598627,3.5535603,0,0.8848064134772122,GMM
11.220308,1.1410085,1,0.9911128584473645,GMM
10.925258,9.476429,0,0.9921760832816766,GMM
10.682451,8.716617,0,0.9998087106888015,GMM
8.956722,2.427722,1,0.9950816005098017,GMM
10.678936,5.490272,0,0.8524779639097225,GMM
13.03115,13.008119,0,0.9979771315075199,GMM
11.506776,1.3771441,3,0.9512713782177006,GMM
11.590663,4.086579,1,0.6578144047665933,GMM
8.353624,6.1128874,0,0.9861587038981154,GMM
8.470208,7.931866,0,0.9984128502307317,GMM
9.263122,2.8684862,1,0.9646468042035192,GMM
10.2025175,1.2753509,1,0.998917398895599,GMM
11.457381,4.382164,1,0.6517119167630767,GMM
9.658855,10.933432,0,0.9974667733412612,GMM
10.170485,5.1701384,0,0.9052057266435202,GMM
11.715176,12.811538,0,0.9989649936066155,GMM
11.711696,9.331016,0,0.9660438669103204,GMM
6.899597,3.1836336,2,0.9999999999929212,GMM
8.141852,6.7517643,0,0.7264573073969717,GMM
8.03935,3.3399525,2,0.7743688124052799,GMM
9.470754,5.601665,0,0.9618902974645629,GMM
12.93813,11.328542,0,0.964646274947881,GMM
11.351969,0.3167564,1,0.9664589723967261,GMM
9.439787,8.025349,0,0.9918179085581642,GMM
9.001165,7.8518677,0,0.9149711645421142,GMM
8.668652,0.04184399,2,0.7018056600300336,GMM
12.180567,0.5577194,1,0.9762608233276453,GMM
10.6609,0.16406253,1,0.992795415726547,GMM
10.334367,2.468325,1,0.9158505547106418,GMM
13.183552,12.330285,0,0.6394127586235397,GMM
12.460081,13.845676,0,0.9999530958671142,GMM
9.233498,5.1463366,0,0.6773425663964006,GMM
13.664128,13.844744,0,0.6769812823293074,GMM
11.668468,-0.47025537,3,0.7629278778510793,GMM
9.791523,7.141215,0,0.9889091757646306,GMM
9.980629,7.332304,0,0.9976455506286932,GMM
13.13209,13.405043,0,0.9802372227000401,GMM
10.849007,6.244402,0,0.999242963348901,GMM
7.2436023,9.143192,0,0.9962438890165589,GMM
9.4657,2.5225859,2,0.9990813068470157,GMM
10.940141,7.6145697,0,0.9487695586325512,GMM
8.889989,5.435272,0,0.611097394341907,GMM
12.728764,13.340293,0,0.9983140083281242,GMM
10.730971,3.4030497,1,0.9685607871973938,GMM
10.14601,9.536507,0,0.9889576535546976,GMM
9.731632,4.3136163,1,0.8745977764949873,GMM
10.229825,11.5475,0,0.9978964093178222,GMM
11.062367,5.722212,0,0.905455393484936,GMM
10.2021265,5.518712,1,0.9047130449043401,GMM
12.063567,12.731242,0,0.9996644908665201,GMM
8.520518,6.6580462,0,0.9874954720172576,GMM
7.3911786,9.495856,0,0.9451332720022629,GMM
8.930371,6.7718987,0,0.9880621968588983,GMM
10.881461,5.5493565,0,0.9425227539059473,GMM
10.2063055,0.77854836,1,0.9961367146595532,GMM
12.544379,9.48364,0,0.9522215156823158,GMM
9.919382,9.749266,0,0.9971492011527754,GMM
11.395978,1.6729971,1,0.9964894188458905,GMM
7.8862453,10.683823,0,0.7878293640968468,GMM
9.044983,4.7745013,1,0.9876783953945054,GMM
12.537951,2.2334738,1,0.8486850072860547,GMM
10.612499,5.0189114,1,0.6102462067189188,GMM
8.816764,4.8812175,0,0.6168794131828734,GMM
12.487983,1.7224009,1,0.9619638266923247,GMM
11.344318,3.3767674,1,0.9523969430491026,GMM
9.618046,5.733221,1,0.949087805596837,GMM
10.263193,7.6825523,0,0.9269122197792293,GMM
10.388432,0.41228494,1,0.997596050950855,GMM
10.998562,7.8483357,0,0.9974035658388638,GMM
11.151245,8.674807,0,0.9448171404536312,GMM
12.748569,13.286036,0,0.9991149882670263,GMM
10.063059,5.8523235,0,0.9884610942551834,GMM
13.375942,13.0257845,0,0.7954073008362087,GMM
11.49824,12.075608,0,0.9986777270774665,GMM
10.215495,2.7038014,1,0.9827174154955969,GMM
12.579951,13.72106,0,0.9993926262072879,GMM
8.529039,-0.6153261,2,0.9557407293024758,GMM
10.967068,8.715876,0,0.9467177131795227,GMM
6.368744,2.461765,2,1.0,GMM
8.590063,9.309287,0,0.9986898884927607,GMM
12.891773,14.004784,0,0.9997290446875756,GMM
10.9338665,1.1209451,1,0.998361722815635,GMM
6.385402,2.8677788,2,1.0,GMM
11.517453,12.107338,0,0.9994831897968736,GMM
9.258054,4.027783,2,0.9672541898080805,GMM
9.287796,3.7975562,1,0.9671674997316411,GMM
9.040877,2.4809055,1,0.8034170918337701,GMM
8.31432,5.0088053,1,0.9688500800592024,GMM
10.88187,10.915578,0,0.9106068243391386,GMM
8.287321,4.6127496,1,0.7343349787595927,GMM
9.633154,9.2625675,1,0.9048159118227829,GMM
8.561045,5.097074,1,0.9510999272671358,GMM
10.320772,12.646974,0,0.9999405049839762,GMM
12.792308,0.39243034,3,0.8781381019484509,GMM
11.590315,11.518775,0,0.9997185873162963,GMM
12.732142,0.8409361,1,0.8244001963646109,GMM
10.168033,4.9402866,0,0.8483335460657939,GMM
8.742702,-0.07524313,1,0.7452091428122427,GMM
8.658164,9.255204,0,0.6276464899542227,GMM
11.940384,1.8329555,1,0.7563626717314686,GMM
12.235154,0.24298988,3,0.7787742025738104,GMM
10.709071,6.302342,0,0.9990803490065749,GMM
9.286344,5.971315,0,0.9425515827908836,GMM
11.767727,13.130108,0,0.9999554838837591,GMM
11.932481,-0.8017341,3,0.9959982904298282,GMM
11.733272,0.9471675,1,0.9779202013771322,GMM
12.741142,1.6469096,3,0.6795315810941537,GMM
11.34274,1.6006774,1,0.8960368118723253,GMM
11.967253,12.676155,0,0.9992786515340731,GMM
10.526336,6.2470407,0,0.9048710586431029,GMM
8.726877,5.339323,0,0.7278719983610767,GMM
4.385887,2.3146427,2,1.0,GMM
8.566752,9.654331,0,0.9887727885915211,GMM
11.790211,10.642184,0,0.9985348075694996,GMM
12.284391,8.870227,0,0.9781032041755702,GMM
10.020283,9.095357,0,0.9997079556771292,GMM
12.6712475,1.6717486,1,0.9296398348119039,GMM
8.819602,11.690537,0,0.9996760936282991,GMM
9.036857,4.921839,1,0.8033507879165775,GMM
9.501429,9.11554,0,0.9916368596623827,GMM
10.006775,6.7140555,0,0.9990971217808786,GMM
9.713227,5.5199895,1,0.9348701276641374,GMM
10.8311615,8.9762,0,0.986899684823484,GMM
10.488533,7.472218,0,0.8605355969346102,GMM
9.57598,5.876956,0,0.9803049423073251,GMM
11.499596,3.3680642,1,0.8434276089575409,GMM
11.758319,12.7903805,3,0.9999928521819985,GMM
8.588702,10.252179,0,0.99809871929788,GMM
11.129301,3.2739344,1,0.7983004346897694,GMM
12.674663,-0.4421476,3,0.9701023530752136,GMM
8.086246,5.612629,2,0.5935821503639945,GMM
10.844827,7.4782686,0,0.9888989102222094,GMM
11.824037,7.5166016,0,0.6577927381239466,GMM
12.083556,6.299304,1,0.8167939032477081,GMM
6.9345665,10.128323,0,0.9939171853315715,GMM
11.03455,8.265819,0,0.9515638075875766,GMM
10.736046,3.0951998,1,0.962182679243871,GMM
12.895338,12.694667,0,0.9985194419657114,GMM
11.550836,10.276145,0,0.9938759220148923,GMM
10.146059,5.7084165,0,0.6257923303570329,GMM
11.0749235,3.5110047,1,0.7897420093322738,GMM
11.882105,2.1119545,1,0.9814368553549978,GMM
12.511036,9.523134,0,0.8911250329462359,GMM
10.163209,10.833562,0,0.9963359884872457,GMM
9.9275255,1.1359345,1,0.9723438939839667,GMM
12.448786,13.456144,0,0.9970327624112253,GMM
10.071242,8.108496,0,0.9845821342214542,GMM
7.1808066,9.599477,0,0.9976666041496552,GMM
10.198351,7.0305037,0,0.9997254140059827,GMM
7.8081856,7.464486,0,0.8098760204665403,GMM
8.809473,8.429793,0,0.9939024773951667,GMM
11.691793,11.512481,0,0.9950152172713554,GMM
12.076454,-0.25700256,3,0.945480627955436,GMM
8.005097,3.5747097,2,0.9807540300658194,GMM
11.005243,-0.6228503,1,0.6459253357186653,GMM
11.5958185,1.2352517,1,0.9904116834306158,GMM
10.414394,10.078384,0,0.9977156844377884,GMM
12.152134,1.4794384,1,0.9685610251522918,GMM
11.464443,12.233865,0,0.9998771128037157,GMM
8.511266,0.4173758,1,0.8921226899671708,GMM
9.398796,-0.19768256,1,0.7632232960737046,GMM
9.477027,10.739475,1,0.6690489504870031,GMM
8.2535305,7.684105,0,0.7064186161250776,GMM
9.4514885,8.878092,0,0.9767493453097281,GMM
12.085169,12.668947,0,0.997006271066422,GMM
10.326742,11.314781,0,0.9997453454876775,GMM
12.55551,9.819852,0,0.9622418093972002,GMM
12.40529,12.47826,0,0.998885341871341,GMM
11.099473,9.72514,0,0.9965539318006925,GMM
9.869429,2.2553067,1,0.9935483939811185,GMM
7.786946,10.516113,0,0.997412603074805,GMM
12.539038,7.405261,0,0.7990255489790816,GMM
11.805349,12.6584425,0,0.9993539706968549,GMM
9.7253065,10.820812,0,0.9926461689003074,GMM
10.442259,2.481554,1,0.97018165657548,GMM
10.228672,10.354717,0,0.9987496910492513,GMM
9.959883,2.494152,1,0.9854631496893089,GMM
11.719524,3.6269503,1,0.5174018239422141,GMM
10.945325,12.651074,0,0.9998958117404709,GMM
9.7015505,0.0022323206,1,0.44001678721950316,GMM
9.016163,2.519912,1,0.993461431933109,GMM
10.778247,5.7361946,0,0.8974259939867322,GMM
8.424348,10.595796,0,0.9980195725650365,GMM
8.215567,8.768197,0,0.9907423071489534,GMM
10.829616,5.8507023,0,0.9317908615396471,GMM
11.4592285,2.9100947,1,0.9090875580603637,GMM
10.734019,-0.75343186,3,0.7117840707638323,GMM
8.640163,1.6223516,3,1.0,GMM
7.689797,6.0968423,0,0.9925413878964462,GMM
9.320197,2.8775723,1,0.9809402709568122,GMM
6.9150653,9.963697,0,0.9999077571523873,GMM
10.8375635,11.700657,0,0.9996333417001811,GMM
10.544949,-0.58558947,3,0.9993579987289266,GMM
8.465187,7.678886,0,0.9487572926229206,GMM
11.711606,11.368899,0,0.9953775077278275,GMM
10.480985,3.8861542,1,0.9689394055481783,GMM
9.288481,7.692812,0,0.9882366519910203,GMM
8.632222,2.9572895,1,0.9916493608222294,GMM
9.517618,9.193152,0,0.9996119740488866,GMM
9.246942,1.2332301,1,0.9915847812430858,GMM
10.591425,9.346597,0,0.9998650772764902,GMM
10.207067,3.2136748,1,0.9493433556511139,GMM
10.411676,1.7258474,1,0.9866523307152643,GMM
10.3893385,0.84346503,1,0.9930042545730446,GMM
7.708122,8.864555,0,0.5063259021147151,GMM
9.923756,-0.49103236,1,0.9892422333738685,GMM
10.471529,4.627126,1,0.596905132161337,GMM
11.284322,2.0138698,1,0.984218820152203,GMM
11.218433,5.426662,0,0.8561243956209387,GMM
5.9187856,2.6644015,2,1.0,GMM
8.336122,11.25695,0,0.9928869661537827,GMM
8.472801,1.5577726,2,0.8158965363286355,GMM
12.423319,13.117606,0,0.9993694348785414,GMM
10.555868,4.3080454,3,0.9822654288387328,GMM
7.1727157,9.555015,0,0.9953273392173808,GMM
9.253916,2.7167091,1,0.980817653941664,GMM
8.925738,0.76975507,2,0.9314788032638726,GMM
10.58215,11.476807,0,0.9999278298910446,GMM
10.503496,6.905364,0,0.9793816493935351,GMM
8.429342,8.352377,0,0.9089047209879958,GMM
9.240456,7.742085,0,0.9994552679973387,GMM
10.181725,6.8703766,0,0.9625473893770087,GMM
12.294179,9.761413,0,0.9674268892221396,GMM
9.316253,4.8221617,0,0.6843111816881459,GMM
9.663642,0.06957586,1,0.978758572659011,GMM
11.808154,-0.63220876,3,0.9995747459802731,GMM
9.670526,3.73801,1,0.9202826808705037,GMM
13.111787,12.631181,0,0.9998504452878297,GMM
10.344133,11.174623,0,0.9992365462971616,GMM
11.370358,1.8837727,3,0.9786010042440445,GMM
8.989514,6.8696265,0,0.9696728021711274,GMM
9.008032,9.269235,0,0.9742023958649101,GMM
11.279741,9.683231,0,0.9563419955994753,GMM
9.267655,9.116086,0,0.9877984336999135,GMM
11.562204,10.721135,1,0.5851332908186119,GMM
10.455052,6.0357246,0,0.9854861337782065,GMM
12.094934,7.1201305,1,0.9799403085994923,GMM
12.970662,13.7776985,0,0.998820642843905,GMM
8.669025,11.948265,0,0.9999919331438238,GMM
9.303402,8.728628,0,0.9884076570622449,GMM
10.3544035,11.891293,0,0.9999088271183274,GMM
12.168466,9.168923,0,0.9815541159543231,GMM
5.2938595,2.5518315,2,1.0,GMM
10.858082,9.42237,0,0.9938017959635754,GMM
12.3120575,9.098576,0,0.8621890200180504,GMM
11.343929,9.5058155,0,0.9881721873463681,GMM
8.673262,9.720804,0,0.9964215301160726,GMM
5.2381682,2.5397842,2,1.0,GMM
9.284325,8.662756,0,0.9933468566698309,GMM
12.9636,9.836196,0,0.8308961702291385,GMM
9.001074,8.737709,0,0.9941644263018402,GMM
8.992383,4.844432,1,0.6241115711362872,GMM
10.984029,9.206792,0,0.9675678329316305,GMM
6.5480046,3.0156157,2,0.9999906996923232,GMM
10.341903,3.5548162,1,0.6243970673550162,GMM
10.190916,1.4827963,1,0.9924091961509683,GMM
10.060256,-0.02282979,1,0.8369148813847915,GMM
9.34189,-0.70896536,1,0.7650008527361184,GMM
8.279091,8.191135,1,0.6480497420407214,GMM
10.468347,4.775245,0,0.804629192616456,GMM
11.685578,9.375407,0,0.7627217326753113,GMM
12.896236,0.5356974,3,0.7440510608853926,GMM
13.601733,12.890103,3,0.9797238378008075,GMM
9.899458,8.439317,0,0.997322525842843,GMM
9.090507,10.080421,0,0.9970125220120581,GMM
10.249202,0.35341272,1,0.9983214562596106,GMM
9.903365,3.6600635,1,0.9582560880638439,GMM
8.103106,4.8921943,0,0.5197703261958295,GMM
8.662523,9.349895,0,0.9983690463237699,GMM
6.7792363,9.843849,0,0.9992037471332281,GMM
8.274788,7.4622583,0,0.9980492717641306,GMM
11.301482,2.0996518,1,0.9946685653149357,GMM
12.353657,2.2990303,0,0.7144355062804671,GMM
9.049719,10.223516,0,0.9998189915511071,GMM
9.956371,8.826733,0,0.9684658044746721,GMM
11.011348,0.31414708,1,0.9900486587911137,GMM
11.8189945,9.359988,0,0.99655086100599,GMM
11.062624,5.011944,0,0.8680509899310721,GMM
9.199868,7.712249,0,0.9964425679402215,GMM
11.093686,7.4702125,0,0.9423302209652501,GMM
10.520294,7.861548,0,0.810663277109395,GMM
8.449234,9.656761,0,0.7719974448659533,GMM
10.038307,5.560295,0,0.7245382007213971,GMM
7.752098,5.5803504,0,0.6262399316756718,GMM
12.126637,0.86787915,1,0.9804103819430819,GMM
9.617253,3.6228476,1,0.9860046786896035,GMM
11.787048,3.2222638,1,0.9968871148292742,GMM
9.885066,6.244534,0,0.7811492321845671,GMM
4.640646,2.40599,2,1.0,GMM
6.2412076,2.8508418,2,1.0,GMM
8.964847,1.1496787,1,0.6945485518376094,GMM
9.207559,11.125908,0,0.999595665673042,GMM
9.974067,6.4471755,0,0.9235041593923297,GMM
12.660549,-0.44037366,3,0.9995404643656233,GMM
11.435477,2.1226923,1,0.9907590114632274,GMM
8.989615,3.885444,1,0.9966996266268314,GMM
12.223072,1.98096,1,0.9038931004863519,GMM
9.698643,7.8197446,0,0.9980299015478089,GMM
10.387852,4.7021255,0,0.6852858520189089,GMM
10.654256,2.3291469,1,0.992620028518839,GMM
13.024889,10.262192,0,0.9610385648550217,GMM
8.613594,8.333103,0,0.9978179539872295,GMM
8.544999,10.482167,0,0.9998340363887857,GMM
11.250206,-0.129713,1,0.9355418470112197,GMM
11.902393,0.14954536,1,0.9310319813619355,GMM
9.029065,8.842479,0,0.9951239839778613,GMM
8.265857,6.9466934,0,0.9894523203638289,GMM
11.108061,8.9398,0,0.9955112372485176,GMM
7.717252,8.064959,0,0.948259024224015,GMM
9.096541,2.4847581,1,0.9931499190265541,GMM
11.002747,3.8958607,0,0.7856853897294295,GMM
9.244016,-0.55059,2,0.5580240138408623,GMM
12.681673,9.313316,0,0.9887750916355966,GMM
10.93561,5.5291505,0,0.7549740471978544,GMM
11.769978,12.070397,0,0.9996125927105305,GMM
8.778157,6.6162024,1,0.7510282685092089,GMM
8.518037,3.6923254,1,0.9807102945024119,GMM
8.700562,4.305714,1,0.9927998180258135,GMM
9.689244,7.820073,0,0.9992223631980526,GMM
10.978007,11.257434,0,0.9897534712574698,GMM
12.110659,12.488703,0,0.9970088757538332,GMM
11.954702,2.3818898,1,0.9955606392258146,GMM
8.208402,10.265419,0,0.9977112507629454,GMM
12.1134815,3.3536575,0,0.5909691663702877,GMM
11.528745,8.676065,0,0.8388008401929463,GMM
9.009499,4.994265,0,0.777202368738793,GMM
8.538143,7.158339,0,0.993414059087705,GMM
10.568085,5.0118327,0,0.7406581992256985,GMM
12.544613,9.967455,0,0.6683390180625243,GMM
8.508954,9.475936,0,0.9980375086319969,GMM
12.121119,12.062684,0,0.9982395368272028,GMM
9.2247925,4.4509244,1,0.5084650326305004,GMM
10.5415325,9.771373,0,0.9993785354788951,GMM
6.7830977,8.9035425,0,0.9818436917213771,GMM
10.447251,11.0187845,0,0.9971985512254914,GMM
11.865551,11.292079,0,0.989580369097151,GMM
9.687723,1.8501458,3,0.7006969072670294,GMM
9.661723,7.370625,0,0.9809576066654375,GMM
12.271504,-0.80403525,3,1.0,GMM
9.413036,3.481046,1,0.9556545437806356,GMM
12.568066,11.785328,0,0.9994540574888136,GMM
13.570572,13.588427,3,0.9985657231548818,GMM
12.653186,10.944668,0,0.8901433080248928,GMM
10.484805,11.45143,0,0.9999263071681939,GMM
11.913867,0.7080493,1,0.8868290695985246,GMM
11.821714,0.74261665,1,0.9883178920867927,GMM
9.692105,7.182919,0,0.9661566271763926,GMM
9.593049,-0.7213983,1,0.9650438621035381,GMM
11.704916,3.3095932,1,0.5939721509326199,GMM
12.205295,1.9957231,1,0.5283638620117661,GMM
12.657044,11.0252285,0,0.9919553048424434,GMM
10.219808,-0.90650827,1,0.994300150000974,GMM
13.013318,13.797925,0,0.986403690076934,GMM
13.289889,11.374837,0,0.7013044049494147,GMM
10.157908,10.913867,0,0.9492981404389719,GMM
10.881411,5.581872,0,0.9270094122878927,GMM
10.956121,5.2985563,0,0.5644711793677718,GMM
9.842252,10.363101,0,0.9978377747472883,GMM
11.069803,3.0182743,1,0.9876090103372921,GMM
10.61573,1.4704925,1,0.9978759697339639,GMM
8.010461,6.418381,0,0.9732542365384247,GMM
12.44855,13.853488,0,0.999945119725776,GMM
9.252148,3.1093645,1,0.9930733959165063,GMM
10.932321,2.249022,1,0.9417740352259001,GMM
9.3186655,3.0066626,1,0.9908557425659905,GMM
7.869659,10.202695,0,0.9979205025993737,GMM
9.756875,10.290018,0,0.9997226914112795,GMM
8.856259,2.153812,1,0.9787450059709835,GMM
9.883696,0.14622402,1,0.9810788877504291,GMM
11.413266,2.2115247,1,0.9824983994819679,GMM
7.7486377,7.580872,1,0.6794628717184552,GMM
6.774128,3.0874958,2,0.9999999999996714,GMM
13.413324,12.434788,3,0.5921025363470184,GMM
8.719698,-0.9631428,2,0.9842648502355845,GMM
13.529803,13.515991,0,0.9454548759745026,GMM
10.818529,5.859061,0,0.8394608620343242,GMM
9.070947,7.228699,0,0.9679674796696476,GMM
9.759491,10.353775,0,0.9045801203067617,GMM
9.742629,11.795697,0,0.999739543355682,GMM
10.489743,3.636656,1,0.7219366082833243,GMM
10.11142,4.409553,1,0.5990671791213557,GMM
11.002483,8.510555,0,0.9773348550923829,GMM
11.83594,10.689779,0,0.9639953216910528,GMM
12.440377,-0.26474833,3,0.5242211377652756,GMM
12.9181185,11.29656,0,0.9886305237551777,GMM
7.9338255,5.21319,1,0.9933147830765574,GMM
10.626933,4.9752707,0,0.5851703619845298,GMM
8.327788,7.4050016,0,0.9926954942813896,GMM
13.592606,13.440438,3,0.9079027483813902,GMM
7.363548,8.186049,0,0.9971936787241781,GMM
9.026525,1.8144846,1,0.9127799244297625,GMM
10.094506,3.2232647,1,0.9819654180734567,GMM
9.159843,6.5299335,1,0.661052350948985,GMM
12.307919,11.033472,0,0.9976445750341604,GMM
11.381327,0.059664432,1,0.9294759876227331,GMM
5.067639,2.4788468,2,1.0,GMM
10.006306,5.183011,1,0.8698083168485078,GMM
12.019559,1.661665,1,0.9918928639403427,GMM
8.565342,2.1544435,2,0.8787442259233567,GMM
12.041963,10.620491,0,0.951374511203622,GMM
9.94392,5.906502,0,0.9960308215965603,GMM
9.393252,11.3483095,0,0.9988970226969268,GMM
12.282055,13.58319,0,0.9992972318237671,GMM
12.905429,10.365857,0,0.8489975185118515,GMM
10.765929,10.994135,0,0.9999212424073386,GMM
11.757982,2.906911,1,0.8593551600977621,GMM
12.85498,11.1883335,3,0.9854998517371144,GMM
9.926654,0.5217387,2,0.6518459967066471,GMM
10.184827,6.308417,0,0.9984541977849813,GMM
7.9686255,6.1483626,0,0.9945017946301191,GMM
9.281224,10.1845665,0,0.9893906694475096,GMM
11.909614,1.7140229,1,0.9668696890136314,GMM
10.250743,0.54577947,1,0.9804580732294094,GMM
11.042426,11.989374,0,0.999953950049263,GMM
10.955003,2.9570527,1,0.9844655208609374,GMM
9.903961,8.637286,0,0.9934965424824092,GMM
12.588954,13.331892,0,0.9980248010573146,GMM
8.95148,10.249961,0,0.9984473490520447,GMM
11.606583,8.632481,0,0.911435650844756,GMM
10.850027,6.202869,0,0.9992580536621376,GMM
9.820011,9.550182,0,0.9946372838666433,GMM
9.607414,5.3639736,3,0.9818828609271693,GMM
12.006782,1.850321,1,0.9947262175416675,GMM
9.8661585,0.11793094,3,0.9699768250384928,GMM
7.824152,8.476708,0,0.9606056725880904,GMM
8.776157,6.9913597,0,0.9944157409297283,GMM
11.012177,6.3798637,0,0.9423015861260814,GMM
11.292295,2.305948,1,0.9655559573628866,GMM
9.135615,5.8208632,0,0.9596727845590639,GMM
10.320647,1.2637851,1,0.9953362674880402,GMM
8.888925,0.6897118,1,0.9356852558467234,GMM
8.673166,10.317297,0,0.9995631522023207,GMM
12.785722,10.185608,0,0.9875786385884021,GMM
8.831753,6.45191,0,0.7798634298486274,GMM
9.855768,5.685106,0,0.7148630088795435,GMM
8.704037,4.566588,1,0.9869936045274796,GMM
10.413511,8.669636,0,0.9996287695515171,GMM
13.548982,13.371153,0,0.97218208131921,GMM
10.20156,9.870333,0,0.9989631892812609,GMM
11.270608,1.0220774,1,0.9941850680003752,GMM
7.2105722,7.8890495,1,0.9494969772962096,GMM
10.808077,9.663166,0,0.8743944816355697,GMM
7.599842,9.459737,0,0.9948651423169889,GMM
11.900636,7.7863097,0,0.644577042674511,GMM
12.685999,9.76534,0,0.9362599645784492,GMM
8.592052,5.6582775,0,0.7127829336708962,GMM
7.217322,9.130516,0,0.9625373303348912,GMM
9.0045595,4.3604493,1,0.9724313425487441,GMM
10.563709,4.260357,1,0.8255850376076845,GMM
8.38985,11.488028,0,0.9999379552480802,GMM
10.929363,2.4522817,1,0.9518279548603874,GMM
13.261991,13.610686,0,0.9960272636894252,GMM
9.125183,9.701389,0,0.9920836501910533,GMM
10.388379,9.265172,0,0.9986796587009135,GMM
8.158542,10.451148,0,0.9983264530852982,GMM
12.07875,13.101589,0,0.9997451261343165,GMM
10.430345,-0.87151873,1,0.9924288327277151,GMM
12.885693,11.028898,1,0.5889048960248304,GMM
12.634438,11.057742,0,0.9918280879500266,GMM
8.843448,5.9535265,0,0.9465746348885341,GMM
11.105005,1.6359518,1,0.9982648218927321,GMM
9.96388,-0.3798025,3,0.999999965470647,GMM
11.086998,4.285041,2,0.6628526706827026,GMM
11.030816,7.094998,0,0.9849909003881591,GMM
9.09686,3.593212,1,0.9952899920756978,GMM
13.076134,12.8028555,0,0.9947264220674832,GMM
10.656668,1.9089044,1,0.9964068841225283,GMM
10.285806,2.1770046,1,0.9957228514976413,GMM
11.686762,2.0723612,1,0.8414791569695,GMM
8.870624,10.379864,0,0.9547484760713512,GMM
9.185408,7.212333,0,0.4546181112945756,GMM
10.351728,5.11775,0,0.7550803736465965,GMM
9.116249,2.51798,1,0.99463380226128,GMM
8.354872,4.017087,1,0.9633767565595465,GMM
9.8942795,9.360806,0,0.9988238254088277,GMM
12.037026,2.396305,1,0.9924399437968802,GMM
13.263331,10.374557,0,0.811543860192403,GMM
6.773561,9.139163,0,0.9989019197998192,GMM
9.518293,-0.6859185,1,0.9902253853731702,GMM
11.3961315,2.418978,1,0.9790293574357772,GMM
12.095706,0.95589966,1,0.9762041159581614,GMM
12.665291,1.809891,1,0.5611888220989527,GMM
9.075091,0.19600095,1,0.9863321213694226,GMM
11.338751,9.807598,0,0.9968926761812825,GMM
11.247861,2.0530775,1,0.986620688485559,GMM
10.883022,-0.020797132,2,0.998237443659668,GMM
8.330227,4.2833123,1,0.9697851688530524,GMM
11.085267,10.9143305,0,0.9998380034398323,GMM
10.477359,9.465755,0,0.9998329836188448,GMM
12.447688,2.7849715,1,0.9154218749131534,GMM
9.773216,1.0055729,1,0.9744441300572068,GMM
11.648325,0.12622762,3,0.9951432369586387,GMM
8.859018,-0.36412233,1,0.8558724541931141,GMM
11.401904,2.1628428,1,0.978974602860666,GMM
8.112418,7.479417,0,0.9794476905148234,GMM
11.815182,-0.31150776,1,0.8776617167361644,GMM
12.439638,10.418928,1,0.6618485636739768,GMM
6.474358,2.7844987,2,1.0,GMM
12.9501705,10.616305,0,0.9898037255089102,GMM
8.910452,0.8968667,1,0.6954688449105837,GMM
12.67183,13.15783,0,0.9995845413995087,GMM
8.801077,-0.47726288,2,0.998182350668289,GMM
10.52291,3.2644417,1,0.8934657148462886,GMM
11.454383,10.014464,0,0.9978939042044186,GMM
11.897292,7.81592,0,0.6333283403553754,GMM
8.947136,6.2333884,0,0.939261306855319,GMM
8.3033285,7.4124117,0,0.9833055630193376,GMM
9.549669,9.396782,0,0.9995839340223549,GMM
7.0252876,9.62685,0,0.9792068188931778,GMM
10.671739,11.00154,0,0.6043105131249887,GMM
10.632239,0.37678924,1,0.9832121876839233,GMM
10.305015,0.4538261,1,0.9959430572802317,GMM
10.195645,3.489757,1,0.7688981622411221,GMM
8.668414,10.264937,0,0.9989016088574638,GMM
8.622626,7.8489394,0,0.986547895560109,GMM
9.636632,4.326768,1,0.7830958674405256,GMM
9.608921,11.4795475,0,0.9887456632228016,GMM
11.691849,7.3734627,2,0.9472361874571917,GMM
9.526728,8.481266,0,0.9976867139454497,GMM
8.396731,7.6427045,0,0.9149901892589326,GMM
8.751142,2.1260293,1,0.8053314727631399,GMM
11.706914,12.115399,0,0.9995038360212416,GMM
9.965737,2.5630481,1,0.9953044232152102,GMM
11.6448345,-0.058652777,1,0.7126858066085301,GMM
10.586032,1.7379956,1,0.9915913349954766,GMM
11.158674,12.295419,0,0.9998915515939141,GMM
10.797154,11.262798,0,0.9984095880212818,GMM
12.394093,10.093947,0,0.9978789306101488,GMM
13.00154,11.318452,1,0.9347667095149813,GMM
9.494238,0.5580673,1,0.7243513449667806,GMM
8.624682,2.292849,1,0.7404086553737957,GMM
10.744789,10.437656,0,0.9992775510940793,GMM
11.861555,7.190877,0,0.9679261284564425,GMM
13.501489,13.265355,0,0.5924090910438907,GMM
9.846482,10.855582,0,0.9996725251913753,GMM
12.304469,12.837167,0,0.9976771122729414,GMM
10.336863,11.68188,0,0.9998252274714345,GMM
9.1490135,10.256456,0,0.9992698216871067,GMM
10.08241,4.0658107,1,0.9732713647907,GMM
13.200062,12.567943,0,0.9652692886287166,GMM
8.100297,5.233536,1,0.5789734119865246,GMM
9.1321945,5.0043607,1,0.6133686321407338,GMM
9.135548,6.4915986,0,0.8809024284880637,GMM
9.454868,0.08869057,1,0.8787504654705639,GMM
12.405631,9.97219,0,0.733086313046862,GMM
7.518568,8.982603,0,0.9703765143778458,GMM
8.46862,0.14072733,1,0.7592599721739044,GMM
10.372923,0.75433004,1,0.9918212160505171,GMM
8.021653,9.503444,0,0.998711401695329,GMM
7.982797,7.737825,0,0.5605658708341292,GMM
9.908452,6.7686343,1,0.6341642907213194,GMM
11.613038,1.2481548,1,0.9932524873137056,GMM
8.638981,1.2827271,1,0.9821854420959337,GMM
8.118564,5.513789,1,0.9954609371268683,GMM
12.628001,1.4561511,1,0.9629885959586457,GMM
10.560959,12.1837015,0,0.999853037194347,GMM
10.6604395,12.49199,0,0.999908647588221,GMM
10.053493,7.2675977,0,0.9183012308875208,GMM
11.256767,11.067534,0,0.9980557071214721,GMM
12.045041,9.465438,0,0.9750620483699893,GMM
11.804801,0.8687577,1,0.9163057170627013,GMM
10.606323,12.4132595,0,0.9999109330229261,GMM
10.248631,9.92237,0,0.9986323686337746,GMM
7.0190806,10.194352,1,0.5362062909433388,GMM
10.72172,0.17396782,1,0.9880707996825486,GMM
11.966288,9.689067,0,0.9922790509148841,GMM
11.356701,7.242246,1,0.9219286088547753,GMM
10.890632,2.7519145,1,0.9926491923509078,GMM
12.494039,1.0151104,1,0.6841903456089594,GMM
12.134376,6.9216857,1,0.620449287083498,GMM
12.161344,3.9962342,1,0.7280159245880385,GMM
8.422828,8.694645,0,0.9435215605101388,GMM
9.773183,9.948672,0,0.9939396647269015,GMM
8.348414,4.900833,1,0.9445222224412873,GMM
9.691715,3.5223546,1,0.9910837252300712,GMM
12.253159,8.361536,1,0.6180365729719004,GMM
11.213572,9.102732,0,0.9848630217613841,GMM
10.853621,9.101433,0,0.9980368985814397,GMM
10.155926,1.1330405,1,0.9968257882967925,GMM
9.2763195,2.6943,1,0.9930964481491956,GMM
12.773336,13.233451,0,0.997123364242657,GMM
11.401497,3.2814238,1,0.9563689884598999,GMM
12.255045,9.435759,0,0.705655014914306,GMM
9.546555,11.785965,0,0.9996257221311647,GMM
9.845435,1.8138779,1,0.9022397265687473,GMM
9.202948,9.741267,0,0.9951378367764081,GMM
12.136577,0.7561234,1,0.9901665710599057,GMM
12.580695,0.07572802,3,0.9530155802886924,GMM
10.082764,1.4826186,1,0.881277328746146,GMM
8.275841,7.4587097,1,0.854826012443385,GMM
10.628386,11.735255,0,0.9996703245594095,GMM
9.687507,8.8358135,0,0.9942903883302504,GMM
11.205594,3.6363025,1,0.9032175811796932,GMM
11.083337,5.670144,1,0.7636462008492853,GMM
9.76793,9.243385,0,0.9990988820913803,GMM
8.144794,9.299549,0,0.9893678576862703,GMM
13.152315,13.929651,0,0.9973188373111526,GMM
12.302592,0.23945022,1,0.8775945312952123,GMM
7.860977,8.070288,0,0.9908327185653193,GMM
8.785043,0.99895066,3,0.9593845348211851,GMM
10.146395,9.388279,0,0.9918428693753215,GMM
10.722969,0.6992496,1,0.9883776423375191,GMM
9.561335,0.64866155,3,0.877113363542043,GMM
9.705319,7.6998653,0,0.8479889933334119,GMM
8.353576,7.156166,1,0.7605845421899541,GMM
12.018285,1.3172615,3,0.7880485872592061,GMM
8.186571,9.726117,0,0.9972592651699261,GMM
7.523165,10.761733,0,0.9996134442405704,GMM
7.605639,10.81538,0,0.9982577491049927,GMM
7.870804,5.5594153,0,0.7602692992719268,GMM
8.894102,9.53876,0,0.9989635505794658,GMM
11.932412,1.4759942,1,0.9959595217898656,GMM
9.143819,2.8042138,1,0.9960595756925642,GMM
10.967698,4.6054506,0,0.6737381029405181,GMM
12.940209,1.0566918,1,0.9177006691343581,GMM
11.611568,7.024444,0,0.9136274462943006,GMM
11.614543,0.83823276,1,0.9431817964789608,GMM
11.85443,1.4302464,1,0.9968715957862361,GMM
12.490586,11.756445,3,0.5259679354441672,GMM
10.42422,6.3037896,2,0.8414543586015771,GMM
9.826524,5.961905,0,0.9913476348610467,GMM
12.38896,7.5785127,0,0.8522653733616237,GMM
11.372669,11.530632,0,0.9986954782690924,GMM
11.588578,4.9304194,1,0.5290714218849631,GMM
10.668984,0.21664137,1,0.9897783985100341,GMM
11.352098,7.361283,0,0.7313333010117716,GMM
12.892994,13.761205,0,0.9992444180122312,GMM
12.911127,12.808584,0,0.9914352198790831,GMM
8.769183,5.7252893,0,0.9505554215742972,GMM
9.581713,8.203363,0,0.9378374809030794,GMM
11.134966,4.6714973,0,0.5078987176604708,GMM
10.704453,6.5343943,0,0.8305784911606349,GMM
12.258609,1.7157849,1,0.9777587922815625,GMM
11.054745,7.1416965,0,0.7263401790252372,GMM
13.010177,14.0360155,0,0.9997620475873089,GMM
9.328103,8.550198,0,0.8454650845587384,GMM
10.418248,3.0883229,1,0.9960378087587269,GMM
12.762713,9.567627,0,0.8920102326803235,GMM
11.052235,-0.73753613,1,0.8589606136394595,GMM
12.38688,8.10972,0,0.6949622784366789,GMM
12.804801,13.0630045,0,0.996916444648733,GMM
10.231882,0.82692194,1,0.9863800121127501,GMM
8.470665,7.269359,0,0.9977565573352667,GMM
11.542895,8.988976,0,0.7639901600153649,GMM
9.027778,1.0064886,1,0.72356445463107,GMM
13.215179,10.713137,0,0.95332477683787,GMM
5.9035606,2.6156163,2,1.0,GMM
9.363768,9.984519,0,0.9969773132909279,GMM
11.338386,2.4284785,1,0.7221490848082139,GMM
12.96235,11.307376,0,0.9742918090335828,GMM
9.910111,10.841175,0,0.9998293063932479,GMM
8.622087,10.223688,0,0.9965008214275468,GMM
9.265871,4.9212112,1,0.614956989697387,GMM
10.836096,-0.74473566,3,0.7506067457943502,GMM
9.378165,5.3225484,0,0.9317061782816898,GMM
12.161791,2.8299778,1,0.9197292559730976,GMM
7.3219852,9.430681,0,0.99902431848966,GMM
11.824552,-0.54115224,3,0.9999996813773421,GMM
12.557106,0.069040895,3,0.9885422638609902,GMM
11.133517,0.34837657,1,0.9978569135072657,GMM
10.861421,9.061965,0,0.9855212335774739,GMM
13.212464,13.497642,0,0.9860486879876529,GMM
11.519386,1.5923805,3,1.0,GMM
12.103523,7.1681437,1,0.6004949549645902,GMM
9.788348,9.001913,0,0.998316190756188,GMM
8.627599,-0.9106753,2,0.9845995481243621,GMM
9.048768,2.2393594,1,0.9229214564764472,GMM
9.124209,7.5221634,0,0.6457259684354002,GMM
9.051782,10.659408,0,0.9990876971738724,GMM
9.59297,7.676337,0,0.6702636856988147,GMM
8.543098,0.1303715,1,0.7220382617437497,GMM
10.159166,6.600429,0,0.718718540503268,GMM
12.427222,6.914021,0,0.933843748391322,GMM
9.099627,2.2711105,1,0.9754952171922232,GMM
12.155023,-0.41297594,1,0.778938423922389,GMM
12.498999,9.821837,0,0.9735573433895188,GMM
10.779969,9.353864,0,0.9989055311584878,GMM
9.404656,0.036002204,1,0.9823135942720245,GMM
7.866134,5.254608,0,0.6561527339520401,GMM
13.355965,12.432956,0,0.835440029895832,GMM
9.610616,4.7380123,1,0.4910449446674897,GMM
9.727311,-0.20918402,3,0.7224763708705693,GMM
11.6333065,3.9742692,0,0.6971514148913439,GMM
8.780692,0.009180475,1,0.974104627235196,GMM
9.842456,8.929496,0,0.9992627135533202,GMM
9.820803,7.999859,0,0.989958859801337,GMM
12.040057,2.3444784,1,0.9964512021955034,GMM
7.046081,3.0817742,2,0.9999999999999947,GMM
10.786633,-0.0571809,1,0.9961982338818909,GMM
12.161094,2.7994375,1,0.9626094453921354,GMM
11.9436,6.9305196,0,0.9075587048993479,GMM
12.658477,9.75895,0,0.8999537785063235,GMM
10.095837,8.024679,0,0.7953788781510543,GMM
9.917485,2.7245152,1,0.6189112663169599,GMM
9.235786,8.108578,0,0.9992230220806387,GMM
12.367999,3.0876637,1,0.8604229767751872,GMM
10.164895,9.305666,0,0.9986057732310859,GMM
11.974323,12.739156,0,0.9994904863582738,GMM
10.183008,10.292639,0,0.9989872700149091,GMM
10.600482,4.9855547,1,0.9754413798358509,GMM
10.760054,11.312356,0,0.9995556318728909,GMM
11.416181,7.2539062,1,0.7962921949316489,GMM
12.915302,9.781948,0,0.8524607369238476,GMM
12.241026,1.7465857,1,0.9802865297340078,GMM
10.485029,11.237856,0,0.99980509096708,GMM
8.775509,2.5279286,1,0.9913166466091125,GMM
8.5655,1.1246015,3,0.9914095138113606,GMM
8.730082,10.396734,0,0.9982330823963906,GMM
9.001113,11.619229,0,0.999717870886773,GMM
12.333057,12.858492,0,0.9988252106521972,GMM
10.71214,11.388007,0,0.996606154895664,GMM
9.591222,2.5798388,1,0.9057720678923802,GMM
12.441562,10.048364,0,0.9871493039322629,GMM
11.544215,8.169468,0,0.9838314387485683,GMM
10.185954,3.7121933,1,0.6692650764398835,GMM
9.602613,4.2124877,1,0.9477065213207699,GMM
13.142218,10.415683,0,0.9479782704831395,GMM
12.813041,8.079901,0,0.9444889559197341,GMM
9.099826,1.0064268,1,0.9878515558071134,GMM
12.616512,-0.5803451,3,0.9909721510720343,GMM
7.905916,6.966498,0,0.9946076717962012,GMM
11.777375,11.582206,0,0.9971622631193654,GMM
10.306537,0.10558244,1,0.9978806111007412,GMM
9.18368,8.190379,0,0.9822194676817569,GMM
9.428197,7.3624883,0,0.9787821725553882,GMM
12.000674,4.311682,1,0.8002805031233724,GMM
5.9687304,2.7705896,2,1.0,GMM
10.589699,10.80604,0,0.9998963430791564,GMM
11.943735,6.8882647,1,0.713819642238197,GMM
11.594825,9.624465,0,0.9774724844848597,GMM
6.7417893,9.532797,0,0.9913028264821261,GMM
6.9342566,2.3487723,2,1.0,GMM
13.497131,13.497312,3,0.9997787218426021,GMM
9.749509,9.002042,0,0.8326539944242736,GMM
11.47755,1.6234679,1,0.9908788427591393,GMM
12.120122,0.51326853,1,0.9910438209822159,GMM
9.440316,9.306628,0,0.990377535131276,GMM
7.856947,11.104439,0,0.9996832313468802,GMM
6.7132006,9.540596,0,0.9998668527178959,GMM
9.404335,8.257321,0,0.999597206559303,GMM
10.806687,11.326641,0,0.9997675215538366,GMM
11.891435,11.118324,0,0.9959455683215275,GMM
9.26658,6.523106,0,0.945516125392855,GMM
11.566795,10.846402,0,0.9979649595827336,GMM
5.4864054,2.565236,2,1.0,GMM
8.413006,3.811509,1,0.9835279497748926,GMM
12.754207,12.389593,0,0.9917834269977621,GMM
13.5344095,12.141929,0,0.9912773737301516,GMM
12.17551,6.4644475,0,0.7464518224686167,GMM
9.65385,6.584647,0,0.8676678089174957,GMM
11.473151,2.4033933,1,0.9924846246135844,GMM
12.640939,1.6123177,1,0.9064913234222766,GMM
9.834306,9.395888,0,0.9988228387263522,GMM
11.736466,3.366176,0,0.5139467519044254,GMM
8.950499,6.7362475,0,0.9762187683919912,GMM
10.016601,6.4680624,0,0.8777345232234263,GMM
9.768619,1.2932494,1,0.9818747853278651,GMM
9.35585,9.16969,0,0.9989421471048089,GMM
10.513571,4.4001718,1,0.9049883490063786,GMM
11.775739,1.3669627,1,0.5174664644621629,GMM
7.2578034,10.48253,0,0.9995201885765731,GMM
12.624941,1.2441882,1,0.9652881968462204,GMM
10.894739,10.235935,0,0.7186570763199488,GMM
10.325632,-0.9082068,1,0.9927855248097712,GMM
10.008336,11.30976,0,0.9994241136038842,GMM
12.295476,7.828654,0,0.9095792997126183,GMM
11.8954115,3.177298,0,0.585947910695947,GMM
7.2266765,9.400747,0,0.9802250003119525,GMM
8.851207,-0.9489842,2,0.9954859844946754,GMM
12.409265,10.168063,0,0.9893143036701324,GMM
11.69885,4.6034603,1,0.5193157482521272,GMM
10.997083,4.1012373,1,0.736161776146093,GMM
10.124125,1.5595112,1,0.9942750690052559,GMM
10.881007,2.8085647,1,0.8373563462062638,GMM
9.325022,2.2320135,1,0.9851146589668739,GMM
10.214653,6.334941,0,0.9996010390558271,GMM
7.9780793,9.218749,0,0.9908559014178472,GMM
10.688307,0.4681317,1,0.9942308112208663,GMM
10.810813,11.961965,0,0.999115264918187,GMM
9.48841,0.26403147,1,0.9948285667164026,GMM
9.71533,12.0773325,0,0.9998314776019839,GMM
8.993857,3.6789207,1,0.986222474870714,GMM
8.661856,-0.7808331,2,0.9983234127619377,GMM
10.762054,10.369921,0,0.9769774143279989,GMM
8.562724,3.636728,1,0.9772744317672362,GMM
12.291371,13.69313,0,0.9998684953226439,GMM
11.995995,4.2813654,0,0.8509796247670995,GMM
6.1235166,2.8510902,2,1.0,GMM
11.993851,9.417776,0,0.935744949117026,GMM
9.978179,9.766739,0,0.988684486382333,GMM
9.839688,10.0756645,0,0.9988449486034469,GMM
11.049804,9.055388,0,0.9512898348586609,GMM
10.628081,5.5494485,0,0.9719466352601931,GMM
10.051713,1.1626717,1,0.9901089763347097,GMM
11.83404,-0.5156685,3,0.5070073512522749,GMM
10.129588,6.3391004,0,0.9606832645976283,GMM
10.296862,9.95744,0,0.9859744024054348,GMM
10.722129,8.241581,0,0.8157354753438743,GMM
12.449061,1.1911322,3,0.9367531486725443,GMM
8.542863,2.4889503,1,0.9701273759005444,GMM
10.769581,0.061312463,1,0.9946785029752895,GMM
9.205696,11.76152,0,0.9995717694312946,GMM
10.410272,2.3563776,1,0.9921000194853743,GMM
11.549748,0.8061174,1,0.9973474907072951,GMM
10.83334,6.2958574,2,0.992877690111041,GMM
8.949615,0.94947666,1,0.9758779844741163,GMM
12.462593,8.450761,0,0.964631257959076,GMM
10.901849,2.1478598,1,0.9918899655752683,GMM
8.169508,11.171043,0,0.9998344356414536,GMM
10.659991,1.333449,1,0.8355472051946268,GMM
11.906191,-0.8466509,3,0.999902267416809,GMM
11.581599,7.4924245,0,0.9728308340295349,GMM
10.8335285,3.074313,1,0.8945912403553979,GMM
11.497357,0.92107534,1,0.988492309421472,GMM
9.776158,4.292299,1,0.9335993140098445,GMM
11.205472,9.205494,0,0.9979345929089694,GMM
9.129261,4.707604,1,0.850435191354206,GMM
11.141042,12.369421,0,0.9999084650973433,GMM
11.562117,9.187414,0,0.9843830249581041,GMM
10.504374,6.2569127,0,0.7458701070533564,GMM
7.8074484,9.735573,0,0.9969108093982039,GMM
11.355,2.2031145,1,0.996243482062718,GMM
10.109995,10.75404,0,0.9809172820670987,GMM
12.141246,7.021835,0,0.8621124027645567,GMM
10.917185,11.890515,0,0.9998876792183341,GMM
12.331109,7.934274,0,0.5528153558994516,GMM
10.397741,1.3519069,2,0.9999681249731661,GMM
13.345472,13.347657,3,0.9276523624605091,GMM
8.999004,7.286842,0,0.9583702320421079,GMM
11.249961,1.2391211,3,0.9696922825462081,GMM
9.239244,5.5816307,0,0.9651703129793833,GMM
10.045986,12.002576,0,0.9999495961833241,GMM
9.094064,3.0579834,1,0.9922334826299265,GMM
10.982785,2.042781,1,0.9897661623621501,GMM
6.742169,9.898592,0,0.9999892033946868,GMM
8.3651495,5.510374,0,0.8600092106672028,GMM
8.162033,10.759455,0,0.98119995801554,GMM
7.716473,6.038014,0,0.7998883106336496,GMM
10.334727,10.834794,0,0.9879761942066169,GMM
8.563258,6.2800736,0,0.9078996553876415,GMM
11.159081,1.8287983,1,0.9987338492782134,GMM
8.170776,9.171492,0,0.9767944474856539,GMM
10.573364,7.73475,0,0.9979902375839881,GMM
9.966193,7.2990785,0,0.9955512651744215,GMM
6.7670293,9.947728,0,0.9995517812264958,GMM
9.0984335,10.27799,0,0.9993540929646172,GMM
9.799783,1.9530133,1,0.986141644989801,GMM
11.69175,4.382717,0,0.8332676145637848,GMM
12.635835,9.736575,1,0.5507552702372635,GMM
12.548069,11.952358,0,0.9989208177456116,GMM
9.184799,-0.7079608,2,0.9886543748863492,GMM
7.652582,6.3398385,0,0.993230741133843,GMM
11.632321,0.90763867,1,0.9958162860891107,GMM
12.934526,11.360565,0,0.9901494186485387,GMM
10.754612,9.232609,0,0.9999635451714025,GMM
8.791802,2.6369922,2,0.9826371256012356,GMM
10.344939,7.637,0,0.997171834544781,GMM
10.473416,1.8033009,1,0.9969305234119519,GMM
12.990701,12.592332,0,0.9957500360648739,GMM
9.599513,3.7244666,1,0.93294682628627,GMM
4.3335505,2.2925084,2,1.0,GMM
9.262223,1.2139643,1,0.9907648967747485,GMM
11.985819,9.94405,0,0.9880752153475169,GMM
8.629416,9.426216,0,0.9991128403570594,GMM
12.1564045,-0.5593451,3,0.8529134439601102,GMM
8.977609,10.220998,0,0.9960412817187061,GMM
12.682698,12.093881,0,0.9974118148454663,GMM
10.56808,8.228669,0,0.9999059682013376,GMM
11.040758,8.832028,0,0.9981974651190609,GMM
11.497347,12.651501,0,0.9999712874313967,GMM
10.354853,1.2041652,1,0.9897526155969234,GMM
10.482043,0.082013205,3,0.752000113545018,GMM
8.837499,11.824361,0,0.9999952832544906,GMM
13.461594,13.134232,3,0.5120932994547206,GMM
11.321347,12.9508705,0,0.9998635247502761,GMM
11.930644,7.8483744,0,0.6887351714213041,GMM
8.565534,6.1550903,1,0.8530073716104579,GMM
11.256435,4.2587633,1,0.696752897320671,GMM
9.713164,2.8139,2,0.8096969160766861,GMM
11.029815,10.868699,0,0.9997708558260419,GMM
11.112856,11.548585,0,0.9983466861609593,GMM
7.940795,11.465133,0,0.9999780347808443,GMM
9.288229,4.525883,1,0.8708123609939937,GMM
10.462315,1.8948557,1,0.9945578273610326,GMM
11.501315,9.3920145,0,0.973262501968381,GMM
8.571846,7.8795757,0,0.8643353856184434,GMM
7.4888844,9.020197,0,0.878454805847298,GMM
11.06539,9.052023,0,0.7989051688170236,GMM
12.4673815,-0.7284847,3,0.9999998974074112,GMM
9.34861,11.104307,0,0.996396709427765,GMM
10.357147,3.8295586,1,0.8914193097382821,GMM
8.956588,3.9829633,1,0.9865830516726691,GMM
9.847144,9.728555,0,0.9996121527536637,GMM
8.882023,5.7104816,0,0.8234852647506081,GMM
12.040231,1.3401744,3,0.6255654219155147,GMM
9.014122,2.561223,1,0.9946556323625336,GMM
12.370998,13.701978,0,0.9996012184151185,GMM
7.4269013,7.9153957,0,0.5828207027431569,GMM
8.205318,7.6171207,0,0.958369783555696,GMM
10.74072,12.210792,0,0.9991432214595872,GMM
10.712363,7.436801,0,0.99031388541659,GMM
8.290389,9.389134,0,0.9943710532012746,GMM
12.374182,10.136121,0,0.8664171555538042,GMM
9.974128,11.196432,0,0.9999172125028293,GMM
8.676336,8.744452,0,0.9958383746473711,GMM
12.880256,12.023743,0,0.7953394214150433,GMM
9.839253,3.1812189,1,0.9806516419083857,GMM
5.3893204,2.5583472,2,1.0,GMM
9.538746,9.982099,0,0.9887124122857787,GMM
11.378071,8.490541,0,0.9836538714581637,GMM
8.630446,2.7158802,1,0.977216654725941,GMM
9.233413,5.3266754,0,0.6103012048357617,GMM
7.738673,6.03549,0,0.9364302440324884,GMM
11.389885,1.0599283,1,0.9933627874592862,GMM
11.2474785,1.005445,1,0.9901068120797223,GMM
9.735565,3.5518057,1,0.9802390205941365,GMM
8.757423,2.427828,1,0.7481758159841524,GMM
9.755675,0.5468557,1,0.9941132851962486,GMM
12.518176,10.533032,0,0.9946868400216673,GMM
13.064493,12.309533,0,0.8619062586104771,GMM
12.369671,9.143557,0,0.8503029003046257,GMM
11.907007,1.04259,1,0.9777427441318531,GMM
9.726708,8.062924,0,0.9994875074925959,GMM
11.219219,10.756531,0,0.6976845954437947,GMM
11.916409,1.9725121,1,0.9954963569145744,GMM
9.640111,7.4759192,0,0.9773308018567419,GMM
9.4979925,9.725787,0,0.9992881658225876,GMM
10.6381,6.338953,0,0.9977817802283088,GMM
6.614634,9.534211,0,0.9989093872175602,GMM
8.997451,7.744327,0,0.770052600430554,GMM
12.539926,1.2865256,3,1.0,GMM
12.590467,-0.17965499,1,0.8917093210018427,GMM
11.057892,4.011382,1,0.9129568360982345,GMM
11.549583,5.764558,0,0.8132458516300127,GMM
11.006029,0.23637798,1,0.993847866645373,GMM
10.705529,3.0917027,1,0.9781200839606005,GMM
10.884196,-0.48675138,2,0.6163030191561361,GMM
9.778869,4.036107,1,0.8293011329416436,GMM
9.868174,8.629843,0,0.9927501600081163,GMM
10.7432,6.116145,0,0.9930727877061296,GMM
12.6913185,11.454868,0,0.9927350882709458,GMM
11.140396,3.4397862,1,0.8105942172028004,GMM
10.051635,11.698937,0,0.9930705232480674,GMM
12.721145,13.6211605,0,0.9985986208012877,GMM
8.628197,5.2994285,0,0.8129061436204706,GMM
9.756567,3.281285,2,0.6638345221937709,GMM
7.077411,3.0670183,2,0.9999999999999982,GMM
11.649144,-0.15818399,1,0.9664239879721962,GMM
12.374186,10.348475,0,0.9667095163446873,GMM
8.682853,-0.6390835,2,0.7419552970383638,GMM
7.449615,10.462259,0,0.9996444562214001,GMM
10.056162,5.09133,0,0.8159454300956736,GMM
9.492476,10.651064,0,0.9854106780995294,GMM
11.685371,8.659142,0,0.6017661059594972,GMM
9.707421,4.9880276,1,0.9452952770981099,GMM
11.059873,10.599629,0,0.9989413179447985,GMM
12.595001,1.6046934,1,0.8499269789473094,GMM
8.453994,11.029527,0,0.9987437408351937,GMM
12.687096,2.0241208,1,0.9316913458885873,GMM
11.261082,8.0317955,0,0.9160474158888311,GMM
8.089781,6.390786,0,0.9301717823209954,GMM
10.945966,11.254398,0,0.9997818567657184,GMM
11.492042,7.3137774,0,0.9727217398859153,GMM
12.1531315,6.7068353,0,0.9405770758043388,GMM
9.924599,5.595713,0,0.563524518080754,GMM
11.759869,1.8014386,1,0.9772884843767078,GMM
10.994204,7.332942,0,0.9456394129658124,GMM
9.801694,7.3202887,0,0.9988390601649129,GMM
11.267521,5.1460176,0,0.5829928345832933,GMM
9.074854,4.766995,1,0.9631600515016834,GMM
13.028799,11.4456,0,0.9924500363853122,GMM
8.669932,0.47521982,2,0.9045230505322945,GMM
11.770715,10.926878,0,0.9968825923904985,GMM
11.767444,3.8800442,1,0.9470860347242815,GMM
8.04163,9.398101,0,0.9945748317459937,GMM
12.239558,0.6501005,1,0.9681828723220752,GMM
8.250102,5.9826107,0,0.9758695681976791,GMM
10.575541,-0.45641443,1,0.9888116503315347,GMM
8.263322,11.381557,0,0.9998892683703957,GMM
9.788005,8.708323,0,0.9982147792540716,GMM
11.122603,10.612166,0,0.9994353592318174,GMM
7.8672185,6.0566673,0,0.9938394451905168,GMM
8.558687,7.0344944,0,0.9976301849022406,GMM
8.542099,7.6087995,0,0.9551673476560278,GMM
8.631602,4.646106,1,0.962943688546945,GMM
4.801515,2.4410045,2,1.0,GMM
9.60472,3.5953686,1,0.8218862190907356,GMM
8.009546,8.279704,0,0.9841913694289602,GMM
8.436495,9.359619,0,0.9985963836442421,GMM
11.602308,-0.7593421,3,0.9999544336729693,GMM
10.373068,3.2127097,1,0.935681788907835,GMM
10.329584,0.71272194,1,0.9949330037466536,GMM
11.588975,2.1683354,1,0.9899373482869411,GMM
9.022739,11.657066,0,0.9998330230160647,GMM
11.541025,2.531683,1,0.9715940490564399,GMM
10.398035,2.7420363,1,0.9883032727604348,GMM
10.274004,1.6734483,1,0.9957115150344145,GMM
11.387757,9.186676,0,0.9903740333323737,GMM
6.932319,8.68767,0,0.9976770974689441,GMM
11.061566,1.9936239,2,0.999537546451365,GMM
9.805302,0.36267683,1,0.9922803911197614,GMM
7.749419,11.231025,0,0.9995673266932963,GMM
10.492259,6.4341164,0,0.9984616734411971,GMM
10.702591,12.074014,0,0.9998723553505589,GMM
8.009146,9.264207,0,0.998194477341923,GMM
9.386218,2.6200507,1,0.7115932234388994,GMM
8.243743,10.279178,0,0.9956156284804446,GMM
12.187511,13.720606,0,0.9993705924688572,GMM
11.414259,7.209634,0,0.9445341705082086,GMM
11.869295,10.741219,0,0.9993075072797186,GMM
11.002146,11.472752,0,0.99900861708803,GMM
12.115385,10.199495,0,0.9959406270442558,GMM
6.683869,9.4638605,0,0.998965320435334,GMM
10.12964,8.187569,0,0.9529727999174227,GMM
11.244014,4.3109965,1,0.6147957126427005,GMM
12.621517,13.117096,0,0.998985528698496,GMM
12.61971,13.057256,0,0.9963742878550887,GMM
11.292072,3.9477108,0,0.6410455531803726,GMM
12.97976,13.2023115,0,0.9972019448472675,GMM
10.601088,2.8220522,1,0.9816255508996841,GMM
8.5238905,4.0228667,1,0.9519858981473036,GMM
9.595711,10.125132,0,0.9836790510181087,GMM
8.872456,10.97956,0,0.9993731893126009,GMM
8.350108,7.0004163,0,0.9543086404215213,GMM
13.457786,12.312272,0,0.9918911761739718,GMM
8.853165,9.643416,0,0.9920418485536098,GMM
11.902337,9.882103,0,0.9913080351363238,GMM
10.601392,-0.9129703,1,0.971808593297208,GMM
10.697787,8.646268,0,0.9829394748781857,GMM
8.90792,10.085859,0,0.9998378098219742,GMM
9.778164,11.105874,0,0.9830945533364914,GMM
8.312321,9.0533085,0,0.9921755718025352,GMM
12.711975,12.721938,0,0.9979371980121069,GMM
9.989415,8.351141,0,0.9843633147071466,GMM
12.225738,7.55833,0,0.9238508135125846,GMM
11.379738,5.688196,0,0.850875208179501,GMM
9.812222,10.103664,0,0.9995771166848112,GMM
8.74963,6.679578,0,0.8608560726364433,GMM
10.346678,1.761913,1,0.9913555526565879,GMM
7.045184,9.387195,0,0.9984513511553641,GMM
10.906459,4.106633,0,0.8444472696102182,GMM
9.246132,10.2246475,0,0.9940033225892023,GMM
6.4694467,9.52855,0,0.9999949655234137,GMM
12.426081,9.275276,0,0.9548874180362356,GMM
11.48893,7.1628213,0,0.5045056422053402,GMM
9.725349,9.993452,0,0.9944635235929538,GMM
11.25831,11.065995,3,0.6193870904005662,GMM
11.98636,1.9843473,1,0.9916005058789462,GMM
12.228496,7.106033,0,0.9481414950652162,GMM
11.166731,12.747893,0,0.999363454270409,GMM
10.452118,10.731764,0,0.995942015078484,GMM
9.54097,10.194843,0,0.9997249598622986,GMM
10.058122,12.092454,0,0.999648296146126,GMM
5.808183,2.6074007,2,1.0,GMM
7.045391,3.150883,2,1.0,GMM
9.023603,5.656127,0,0.925371396257054,GMM
12.045734,10.7118225,0,0.9990076132688411,GMM
11.484824,0.31203154,1,0.9942558794461417,GMM
9.553419,-0.6798782,1,0.9834164428862086,GMM
9.082758,9.2994795,0,0.9657432233696914,GMM
9.785455,5.8796954,0,0.964715334366976,GMM
13.09436,10.92765,0,0.9248394459268721,GMM
12.153911,0.5446756,1,0.9539619574929162,GMM
10.720809,0.8244733,1,0.993261311763426,GMM
9.162208,-0.2780237,2,0.9999022853167325,GMM
10.1111,9.429917,0,0.986245944249956,GMM
11.046797,10.621232,1,0.703628351095909,GMM
9.473166,1.429516,1,0.9585719394794149,GMM
8.597259,8.807579,0,0.9279805443990722,GMM
10.008053,5.9403434,0,0.8969290667973648,GMM
10.370158,2.9395423,1,0.9937385511020034,GMM
9.292595,5.267402,0,0.6813703222003572,GMM
10.0270605,6.901945,0,0.9972280980458168,GMM
12.813178,12.413911,0,0.9834496663493238,GMM
12.8838215,10.7560215,0,0.7027565927339198,GMM
11.851232,0.51009095,1,0.9187111544786914,GMM
12.581112,1.7332379,1,0.9342660650158241,GMM
12.380189,0.54122204,1,0.968397420428528,GMM
11.105101,7.8725333,0,0.9912523948793499,GMM
5.4671087,2.5078163,2,1.0,GMM
11.024773,4.2259526,0,0.724839362954842,GMM
10.238367,8.605046,0,0.9991903921397162,GMM
10.370215,9.514753,0,0.9931930397277746,GMM
11.511503,10.84714,0,0.9920813555063076,GMM
8.046156,5.883783,0,0.9634306654874203,GMM
8.346532,10.995276,0,0.9924221930670448,GMM
11.791059,2.7893088,1,0.9746453565988407,GMM
10.479656,0.8179064,1,0.986291822097596,GMM
8.091283,8.919486,0,0.9912638659325952,GMM
9.878418,11.109619,0,0.998634392973002,GMM
8.539983,1.7509377,1,0.9636799059596505,GMM
5.120133,2.5195122,2,1.0,GMM
9.255361,8.743155,0,0.9934896171971088,GMM
8.411249,5.4988604,1,0.6325695596194957,GMM
11.138168,8.916657,0,0.5512161152050309,GMM
11.591315,10.838576,0,0.9994461685735556,GMM
12.045154,7.8268766,0,0.7824513762783427,GMM
11.6736765,-0.31542513,1,0.612421290367348,GMM
10.501974,9.873708,0,0.9922446004630023,GMM
9.20257,9.705151,1,0.7205528407818673,GMM
10.248004,0.9616425,1,0.993591418819725,GMM
4.744536,2.4241493,2,1.0,GMM
11.983336,6.900526,0,0.7182744130764644,GMM
10.394297,2.4938219,1,0.9941943147035582,GMM
8.383976,4.5819817,1,0.9946113387771714,GMM
10.462822,-0.71633476,1,0.964391748438504,GMM
11.095488,8.668265,0,0.8977829576459541,GMM
7.667928,10.587477,0,0.9968851416873584,GMM
11.590729,8.912188,0,0.7369653657758459,GMM
10.830537,8.435886,0,0.8616495885034818,GMM
8.781419,1.2475377,2,0.4206554084344146,GMM
9.509776,-0.62733155,1,0.9588550263223444,GMM
9.173669,10.371243,0,0.9979151372239886,GMM
10.180912,6.73177,1,0.7529213051727914,GMM
11.770926,12.485181,0,0.9997152467447782,GMM
9.012305,11.575145,0,0.9998656170492042,GMM
11.927035,2.175797,1,0.9913368364581646,GMM
8.560964,4.824997,1,0.9861314236310493,GMM
10.83754,0.9099898,1,0.9937441829959617,GMM
12.014857,13.167916,0,0.999862978800691,GMM
10.104518,2.6558013,1,0.9951951192567082,GMM
10.281665,6.138545,0,0.9935876231047482,GMM
11.025321,9.387074,0,0.8704392124525713,GMM
10.540548,9.837314,0,0.9975630218754309,GMM
8.398091,3.2868237,1,0.9775648701809603,GMM
12.472637,13.533762,0,0.9995322318835405,GMM
9.349708,4.540996,2,0.9975308008007377,GMM
8.295742,10.489107,0,0.9866169854823033,GMM
9.211416,7.8866534,0,0.9985844546444524,GMM
12.0655155,9.6889305,0,0.9931417092106128,GMM
10.405878,2.6587644,1,0.9917786050968782,GMM
12.620427,11.393531,3,0.6171163043713175,GMM
10.517771,0.33094501,1,0.9940031406468786,GMM
9.981128,9.415922,0,0.9988982872309835,GMM
11.251081,1.7961218,1,0.9914040313316668,GMM
11.605419,12.722742,0,0.9999178043660636,GMM
11.240739,4.730119,0,0.7378187103102581,GMM
6.7115364,9.473313,0,0.9986817819388724,GMM
10.787832,11.990301,0,0.9998229930738036,GMM
9.354797,2.3204594,1,0.922912109760934,GMM
9.820848,0.2708252,1,0.9639449763177376,GMM
9.039892,10.814423,0,0.9989716007901186,GMM
9.818739,1.1363517,2,0.6383803717233266,GMM
11.225313,9.9803295,0,0.6396105189684445,GMM
7.2142825,10.181279,0,0.9995054508323798,GMM
11.152684,12.669845,0,0.9998747796116152,GMM
12.185302,2.48661,1,0.9639753640301361,GMM
10.195782,11.955318,0,0.9998827538246846,GMM
8.894113,8.181035,0,0.9046516912234327,GMM
9.6722555,3.3514931,1,0.9822248347438488,GMM
10.403055,11.766565,0,0.9998331663038473,GMM
8.724687,9.222137,0,0.9547178428261665,GMM
10.624666,6.823638,0,0.985826770203727,GMM
12.080023,7.194029,1,0.8669722466300196,GMM
7.899681,10.012123,0,0.9550886222674513,GMM
4.463384,2.351529,2,1.0,GMM
10.426806,2.3983934,1,0.9978923288369821,GMM
8.330311,5.816405,0,0.772918688842031,GMM
9.597351,11.190737,0,0.9997062683398648,GMM
11.297918,6.518317,0,0.8644681221947306,GMM
9.483202,10.303779,0,0.9982879371692621,GMM
11.027167,10.519257,0,0.9993046339651503,GMM
8.589274,2.3155496,1,0.9816763415112785,GMM
9.19952,1.085489,1,0.8520909534192894,GMM
11.1967745,11.246586,0,0.999706149620838,GMM
11.215254,12.59581,0,0.9999333219609088,GMM
7.430786,10.135292,0,0.999458385637189,GMM
10.135302,4.017637,0,0.5741613090921596,GMM
10.594461,1.3730934,1,0.9958401069646688,GMM
12.387759,-0.6617942,3,0.999894834294717,GMM
7.7360964,5.8034754,1,0.8861241796956758,GMM
9.938499,0.025218561,1,0.5465437005411257,GMM
11.278225,1.699837,1,0.9829044014666828,GMM
10.110815,10.119172,0,0.9995787030821837,GMM
10.7668085,0.20174377,1,0.9828823761986035,GMM
10.403358,6.1048784,0,0.6891682350859252,GMM
9.878953,10.749531,0,0.9989371653957175,GMM
11.260204,9.047514,0,0.9844115896039325,GMM
11.899506,13.145606,0,0.9995320709506319,GMM
11.44204,9.057352,0,0.9640321693553033,GMM
11.179618,9.906949,0,0.9986651202567616,GMM
11.957072,7.4305534,1,0.7825790710543852,GMM
12.58778,13.809442,0,0.9991001092795756,GMM
12.166322,7.4432707,1,0.6435731131625144,GMM
9.933965,9.428149,0,0.9979768839945589,GMM
9.883508,7.482745,0,0.9771120169264988,GMM
8.319041,10.731318,0,0.9378277311636976,GMM
9.3473425,5.24344,0,0.8573626951656449,GMM
12.573378,1.0083162,1,0.9486873971541081,GMM
9.935657,3.8553236,1,0.8634247115003914,GMM
9.351754,-0.854231,1,0.9752196199918491,GMM
12.459473,12.395029,0,0.9990020749489233,GMM
7.3638644,2.5461051,2,0.9999794702298003,GMM
10.99185,2.3853598,1,0.9880205359532375,GMM
9.693103,0.7367443,2,0.9159637452703984,GMM
8.8567915,5.4452367,1,0.7501776654633822,GMM
8.089645,7.8242373,0,0.932349133794611,GMM
7.285676,7.9652233,1,0.8630857622719891,GMM
13.498681,12.740729,3,0.8511066075068344,GMM
11.69284,9.954888,0,0.9794677361657181,GMM
12.011668,2.9280658,0,0.6975659781647662,GMM
12.338896,2.3874218,0,0.6300822150490153,GMM
10.93076,9.29978,0,0.9861925398261651,GMM
7.9457483,4.977387,1,0.9902544586296119,GMM
8.182927,4.874851,1,0.8463082479013991,GMM
11.017995,7.2666264,0,0.8536195591981042,GMM
9.081408,5.889822,1,0.9474752757771808,GMM
8.63604,9.070167,0,0.7703106559361655,GMM
10.001079,3.5737615,1,0.9487526445839818,GMM
10.06359,6.7345014,0,0.9975380830556699,GMM
9.591759,4.493731,1,0.6651130761656987,GMM
9.310161,1.4500135,1,0.9961522204842902,GMM
11.445729,2.119548,1,0.9153495357075236,GMM
10.191697,6.6427755,0,0.6838647453272638,GMM
7.2064734,9.500704,0,0.9984725207555285,GMM
9.980979,3.7791917,1,0.8503305611199928,GMM
11.520948,10.848648,0,0.9994710331829242,GMM
11.445974,1.2913287,1,0.5260268577919005,GMM
8.69004,-0.42924508,2,0.9807382263996594,GMM
13.356924,13.09242,0,0.9939388180657434,GMM
6.452826,2.7968526,2,1.0,GMM
9.492652,3.9249012,1,0.9211615646051624,GMM
8.150679,7.2791386,1,0.910579456324011,GMM
12.079686,3.424359,1,0.846582565342968,GMM
9.970421,3.1790304,1,0.9647937625426302,GMM
12.604128,1.8920306,1,0.8122714735487879,GMM
4.9368544,2.4669113,2,1.0,GMM
10.921672,2.7641213,1,0.9923444358662262,GMM
8.24006,9.61553,0,0.9887011798886817,GMM
9.157991,2.6905172,1,0.9958194480892097,GMM
10.542859,6.2621484,0,0.9196480602298479,GMM
9.058659,4.224786,1,0.9903211996730968,GMM
10.906501,0.7800462,1,0.9944813523791004,GMM
10.226649,11.494016,0,0.9998834114059306,GMM
11.416751,11.188407,0,0.9997693001782567,GMM
8.858237,8.350425,0,0.8721940992770802,GMM
12.29183,12.744804,0,0.9929283497057152,GMM
8.841144,10.478463,0,0.9997440950855964,GMM
8.047623,10.444991,0,0.9384606931498055,GMM
8.431911,7.450687,0,0.99149267758104,GMM
5.3085604,2.5114815,2,1.0,GMM
12.086117,2.9719558,1,0.6753322875157483,GMM
7.56227,2.553829,2,0.9999999999998224,GMM
8.297265,6.1538634,2,0.9791776023075955,GMM
10.50419,4.127036,0,0.7877398649872929,GMM
12.9635935,11.049405,0,0.9924762385251785,GMM
8.6951685,3.045846,1,0.9785826771021907,GMM
10.045178,4.772829,0,0.5203412661259751,GMM
8.865386,7.4462028,0,0.9957588784082971,GMM
8.963541,8.925504,0,0.9943789276401825,GMM
9.047675,9.850468,0,0.9983304708841221,GMM
11.009861,2.6273186,1,0.9888634250764465,GMM
9.521592,11.457247,0,0.9998566594359194,GMM
7.0109515,3.0118442,2,0.9999999999971205,GMM
8.03433,7.5429587,0,0.9563228616650531,GMM
10.554895,11.625967,0,0.9990388044542801,GMM
9.264037,1.2512026,1,0.9874526437413571,GMM
12.008885,11.6770935,0,0.9032881280612955,GMM
11.870124,11.969051,0,0.999783249341764,GMM
8.731519,-0.86585677,2,0.9673533423998313,GMM
10.464015,4.5745683,0,0.6017431315060675,GMM
10.085803,6.743359,0,0.8675705311714778,GMM
9.914829,4.1259947,1,0.9538317585479088,GMM
12.394837,10.158009,1,0.8815022410646601,GMM
10.797589,9.261972,0,0.9930899290765745,GMM
12.591804,9.362089,0,0.9829894503506252,GMM
10.815426,9.54624,0,0.933536313052689,GMM
8.105759,10.333975,0,0.9939641516910421,GMM
9.105455,0.96727747,1,0.971382896258745,GMM
11.421845,4.3556404,0,0.6940435036434768,GMM
9.868106,4.0095935,0,0.5681080376049017,GMM
10.452283,7.9745727,0,0.9998048192460844,GMM
9.366244,11.999126,0,0.9993406463448842,GMM
10.40047,3.1419535,1,0.9679679353362013,GMM
12.371003,7.346504,0,0.5623400099643703,GMM
13.208847,11.350503,0,0.8950574434370673,GMM
12.311325,9.900581,0,0.9794563649619589,GMM
8.165641,10.900296,0,0.9845649758250907,GMM
9.385811,-0.38437948,1,0.819565888116614,GMM
8.403905,8.725913,1,0.9798408297008723,GMM
9.415015,10.217409,1,0.9674461375407089,GMM
9.03072,5.5910606,0,0.7090232111202598,GMM
10.14863,10.122339,0,0.9741956017216141,GMM
11.629701,4.1170716,1,0.8888676231939078,GMM
8.70636,0.2439553,2,0.5150418226561375,GMM
10.938669,7.5535417,0,0.8939809839983515,GMM
6.4965606,2.8921385,2,0.9999994925386213,GMM
10.638313,8.882821,0,0.9845530897894629,GMM
8.967312,-0.33154365,1,0.7724176294154468,GMM
10.554654,6.3548574,0,0.9992857671538257,GMM
10.646646,0.761657,1,0.9738263360423823,GMM
11.959673,1.0129288,1,0.976420935212342,GMM
9.249768,12.098332,0,0.9905629673755582,GMM
10.364357,-0.941345,1,0.988103466103586,GMM
11.112221,10.161738,0,0.9838433346639148,GMM
13.679168,13.888328,0,0.7453013774447742,GMM
9.486519,9.009989,0,0.978260730407202,GMM
12.526076,2.2553735,0,0.6181398991068261,GMM
11.0114355,4.7573085,0,0.6874967747349469,GMM
11.807452,1.667054,1,0.9949012256838213,GMM
10.8716,6.0647936,0,0.9993320089122861,GMM
7.987348,9.585594,0,0.9941726165393878,GMM
8.650554,2.5580854,1,0.9887966578598567,GMM
10.315014,6.893593,0,0.9968650293926611,GMM
9.257922,1.7807318,1,0.9938557493270758,GMM
9.967545,8.669818,0,0.9967059421106231,GMM
10.093606,6.262089,0,0.9279382653005008,GMM
8.247178,9.744242,0,0.7968816688147066,GMM
8.500185,0.04236914,1,0.5733525945638703,GMM
12.325677,7.2402744,0,0.7549909449383264,GMM
11.475593,12.705408,0,0.999134016721407,GMM
8.837364,10.586754,0,0.9986149373847452,GMM
10.708742,4.3811126,1,0.7073822641453716,GMM
8.3272085,11.053382,0,0.9964511581033842,GMM
10.873103,7.5837555,1,0.46585690708333694,GMM
11.257552,11.034571,0,0.9981054629918203,GMM
6.2626843,2.8156736,2,1.0,GMM
9.641133,7.3076425,0,0.9720055024986227,GMM
8.603324,7.0492735,0,0.9959530554525574,GMM
10.692032,8.668373,0,0.9998659370174946,GMM
10.202849,10.155309,0,0.9933554777484643,GMM
11.90876,4.982843,0,0.5199452339324503,GMM
12.516319,-0.5784659,3,0.9966389042098076,GMM
10.017304,8.111873,0,0.9980463786219266,GMM
9.155987,8.032931,0,0.995459303408734,GMM
9.915646,11.783035,0,0.9999150931205956,GMM
10.868345,10.592413,0,0.9985110643505364,GMM
7.1875544,10.4988165,0,0.9999767366383152,GMM
13.276519,13.89681,0,0.7195339043229417,GMM
12.288491,3.0814443,1,0.9728478367110015,GMM
8.742311,1.3766688,1,0.8786381024953267,GMM
9.655794,0.14101438,1,0.9935225707884675,GMM
10.85832,2.857762,1,0.9878261436626938,GMM
9.658682,6.280385,0,0.9970724554792655,GMM
8.983811,5.2664433,1,0.9610420637732918,GMM
8.177257,6.49016,0,0.9985908172974626,GMM
9.906563,7.0280075,0,0.9981656509206775,GMM
11.70438,1.3584148,1,0.9833043967658475,GMM
10.143359,0.44030905,3,0.905104920557731,GMM
7.622535,8.811048,0,0.9791740595951414,GMM
9.566225,11.304541,0,0.999635071654741,GMM
11.062316,9.048895,0,0.9886109192740403,GMM
12.005572,0.78359455,1,0.9228543964709597,GMM
10.044897,9.551481,0,0.985152834482796,GMM
9.324048,10.152966,2,0.8627779983828708,GMM
10.586698,8.137452,0,0.8294438120062873,GMM
13.659384,13.877924,3,0.5228593744720077,GMM
9.890933,12.030159,0,0.999819064378234,GMM
12.10825,9.70183,0,0.9955815846134825,GMM
8.387398,10.25244,0,0.9922322865698728,GMM
10.279727,7.5582666,0,0.9938500613492666,GMM
11.336155,0.61482614,1,0.9969177864210581,GMM
8.372564,11.109521,0,0.9949337447698101,GMM
10.946824,2.5682042,1,0.9862568379537505,GMM
13.145153,11.035773,0,0.9275579191672324,GMM
11.483596,6.112072,0,0.8035162966651079,GMM
9.631232,10.695572,0,0.9996146547461177,GMM
12.188473,0.5429864,3,0.5394886929312369,GMM
7.742618,5.353735,1,0.9948375367063894,GMM
12.899169,12.765662,0,0.9989403549554777,GMM
11.16566,10.435333,0,0.9995949684920659,GMM
8.576088,-0.72138155,2,0.938050106394819,GMM
11.795504,3.323168,1,0.9216132617660653,GMM
11.748199,6.8803635,0,0.8600005048284123,GMM
12.051688,11.245281,2,0.9841239621373434,GMM
11.312427,4.5812306,1,0.8766514145784148,GMM
8.549545,7.659294,1,0.7844592666469381,GMM
12.5381155,12.017003,0,0.951481658818949,GMM
10.002849,3.875853,1,0.9487482143209015,GMM
9.649581,6.3547626,0,0.999097221545077,GMM
11.384424,3.614331,1,0.511505023210087,GMM
10.339508,9.589734,0,0.9993999882307429,GMM
10.138251,2.4071367,1,0.9850968843886729,GMM
10.660996,5.9554877,0,0.7560042885816438,GMM
9.738281,7.379873,0,0.9973687305619151,GMM
9.388103,4.952606,1,0.920687027157805,GMM
10.401553,7.665819,0,0.9631903429347847,GMM
7.368659,9.097888,0,0.7709617961732765,GMM
5.778087,2.6388445,2,1.0,GMM
9.806873,3.1460655,1,0.988813243530899,GMM
10.4026,7.870214,0,0.9835430473908314,GMM
10.27476,10.79923,0,0.9983636360440776,GMM
11.078653,8.76917,0,0.872185782027527,GMM
8.477429,4.1214504,1,0.6841797587966747,GMM
12.025136,9.708743,0,0.9904977363940942,GMM
12.196225,-0.81047213,3,0.9999925138152519,GMM
10.319393,4.5635386,1,0.8404527793282041,GMM
7.1194477,9.521886,0,0.9982111096429216,GMM
11.549532,-0.11040028,3,0.9290119484802296,GMM
9.014228,2.4187214,1,0.973078079481535,GMM
12.964509,0.8239588,3,0.9800683545379804,GMM
12.261756,11.65534,0,0.9980591921320229,GMM
9.105983,-0.7656652,1,0.6063420522891672,GMM
9.259756,11.586442,0,0.9998508990977015,GMM
7.6193237,8.111635,0,0.7708303076209944,GMM
10.425233,-1.0534474,3,0.8875585184723161,GMM
10.132004,10.385208,0,0.9995072664544455,GMM
9.517323,3.35219,1,0.9890474304883788,GMM
9.7130375,4.2291675,0,0.5158757846171558,GMM
11.423903,11.700727,0,0.998930188397236,GMM
9.746649,7.4225755,0,0.9996090107254824,GMM
12.040214,9.389826,0,0.9940851331332127,GMM
9.530879,4.621425,1,0.5569665946193502,GMM
10.405909,2.3752515,1,0.9654667160367087,GMM
12.295781,3.457352,0,0.6343582792150025,GMM
9.738942,11.22754,0,0.9966603463526525,GMM
8.19971,9.961912,0,0.9994812945688427,GMM
9.12776,9.595735,0,0.9984502710413294,GMM
8.372094,10.48575,0,0.9921353327821937,GMM
9.885391,7.92235,0,0.9942019223575624,GMM
10.181951,8.59725,0,0.9942621688635062,GMM
8.351117,7.982181,0,0.983993567688487,GMM
11.321838,2.3459816,1,0.9919704269088446,GMM
8.530482,7.847382,0,0.99753755909044,GMM
10.424218,2.8312218,1,0.835564074182906,GMM
10.621229,-0.80819553,1,0.9487624431674623,GMM
11.050569,11.570416,0,0.9997269201313115,GMM
9.63883,4.5849485,0,0.5406702728078241,GMM
12.914526,12.676874,3,0.7920108394801882,GMM
8.889224,11.667774,0,0.9992842310880591,GMM
9.079091,3.1868894,1,0.9383204824890643,GMM
10.258756,12.125411,0,0.9999477166804309,GMM
12.082363,9.045789,0,0.9437045900196143,GMM
12.156009,7.71934,1,0.8648305064384716,GMM
11.928023,9.855312,0,0.910439069165198,GMM
8.654279,8.832909,0,0.9886978692378279,GMM
9.246653,0.7982446,2,0.7610100409337673,GMM
9.69682,0.102796644,1,0.9938645046722813,GMM
9.422356,0.1927513,1,0.9343889531416387,GMM
7.744002,9.709171,0,0.9929899068110146,GMM
11.559172,3.681647,1,0.7511718011346805,GMM
12.861072,13.005906,0,0.9986484566592804,GMM
11.550079,3.658926,0,0.540281241790113,GMM
12.002278,2.0753326,1,0.9021798612892306,GMM
12.447245,7.4739575,0,0.6988519171443281,GMM
10.359427,10.801648,0,0.9997909198588322,GMM
9.995167,7.325215,0,0.9821077141467058,GMM
12.523744,0.90535766,1,0.5475259317223778,GMM
12.609442,0.8407378,1,0.9496704029929842,GMM
11.642038,9.893282,0,0.9894100749503517,GMM
13.279141,12.117888,3,0.766765040273522,GMM
7.356217,9.318459,0,0.9877455008483007,GMM
11.790264,2.986671,1,0.7543715322178017,GMM
7.88558,5.9076185,0,0.9810446838272304,GMM
10.128743,2.0898204,1,0.9940882769040057,GMM
9.339653,-0.18752997,1,0.929521567361397,GMM
12.311604,7.1698747,0,0.8462752677403302,GMM
10.515623,11.930032,0,0.9996824234109769,GMM
7.77503,5.8770175,1,0.6353301308097533,GMM
9.52983,3.6235762,1,0.9453697848401407,GMM
9.825475,5.721794,0,0.903043412481408,GMM
10.496901,1.147371,1,0.9920466728347808,GMM
10.9993,3.656167,1,0.6391115002306179,GMM
9.278046,6.766487,1,0.809668234870125,GMM
11.045655,11.023602,0,0.9969951612426581,GMM
10.173952,1.2891463,1,0.9089979356032768,GMM
9.354578,8.56827,0,0.9576325266211598,GMM
8.662593,11.254489,0,0.9995031429126998,GMM
12.380171,3.13636,1,0.9854587202144531,GMM
8.043807,11.470022,0,0.9999920717091824,GMM
9.153136,8.60128,0,0.8388120786204549,GMM
9.969152,10.994607,0,0.9998125072751733,GMM
11.392256,10.391741,0,0.983934926126008,GMM
10.132716,9.176408,0,0.7914178765836164,GMM
9.871729,9.088485,0,0.9997389407233487,GMM
11.354894,2.278739,3,0.997177856911956,GMM
10.280563,10.493465,0,0.9992314325770864,GMM
9.125453,4.260117,1,0.855769722314999,GMM
9.290583,6.7157183,0,0.9205198908604002,GMM
8.619918,0.26029676,1,0.9800359307636719,GMM
10.467824,8.087787,0,0.9999097925446163,GMM
9.832341,11.03009,0,0.9919591661581189,GMM
10.546084,5.8306894,0,0.7275867947616517,GMM
8.339435,9.622342,0,0.9969581602125603,GMM
12.951031,13.273277,0,0.9811192429148847,GMM
12.384764,12.21503,0,0.9986623315728039,GMM
11.602619,6.778653,0,0.7000972995302402,GMM
8.218994,7.3172064,0,0.993935081596549,GMM
11.543583,13.031703,0,0.9999354236884558,GMM
8.835342,2.1337504,1,0.9905167262896809,GMM
10.930644,9.770953,0,0.9736230903389682,GMM
11.347408,5.8950615,0,0.7719434061507704,GMM
12.1410885,6.950412,0,0.6238990373186317,GMM
8.693437,2.2770317,1,0.9826723804536707,GMM
11.596463,3.2120845,1,0.7340245785777184,GMM
12.2403755,6.7530293,1,0.5875985829139311,GMM
11.072247,4.3741865,0,0.7009133023092945,GMM
10.430052,9.162982,0,0.7210816477761177,GMM
9.150099,10.142631,0,0.99905265950918,GMM
13.192266,12.746308,0,0.995238504465655,GMM
10.576276,-0.5754502,3,0.651879194490757,GMM
10.356103,5.6324263,0,0.9768936391165373,GMM
9.21643,12.008498,0,0.9999958036366856,GMM
13.150212,13.099249,3,0.8722460830636188,GMM
8.998627,5.5479164,2,0.6365785569705232,GMM
12.471117,2.0450022,3,0.9991029011885237,GMM
9.789096,6.264716,0,0.9375274445155276,GMM
9.235944,6.243059,1,0.8161439533874061,GMM
10.84511,2.5453503,1,0.9848287201371129,GMM
8.110911,7.868189,1,0.6077284423498233,GMM
12.942347,13.2381735,0,0.9973421955085497,GMM
10.644341,9.501964,0,0.9998404917607924,GMM
8.95336,8.541331,0,0.9858503567217456,GMM
7.9546013,9.4997425,0,0.9891020469475096,GMM
11.4210415,9.330281,0,0.9786523015271044,GMM
9.375648,9.197258,0,0.9992897603844032,GMM
10.940602,9.788689,0,0.9988313601798179,GMM
9.019969,0.20446439,1,0.9617309418863567,GMM
10.773295,4.032733,1,0.9290139229138757,GMM
11.564119,1.6543134,1,0.9912124270286321,GMM
11.739339,7.4776397,0,0.9235067210039573,GMM
11.833782,12.772672,0,0.9992317253445309,GMM
8.469841,7.107648,0,0.8704006499544275,GMM
10.408418,7.4782944,0,0.978979386986817,GMM
11.087374,13.010179,0,0.9998393475525023,GMM
12.653899,1.8545537,1,0.6788160524445547,GMM
12.987622,10.28748,0,0.9854821153648824,GMM
10.607428,3.0419524,1,0.8627381096902761,GMM
9.099787,-0.6493039,2,0.988637066136614,GMM
11.810582,1.6421651,1,0.9559702116235309,GMM
10.91673,3.523307,1,0.8875291360744939,GMM
10.559607,1.0996954,1,0.927103536296913,GMM
12.53871,1.9296298,3,0.9896827247910311,GMM
9.417453,4.1198153,1,0.7171754973950459,GMM
12.342662,12.780272,0,0.9988809681331803,GMM
9.543794,9.304874,0,0.9997110632106366,GMM
10.183376,6.534741,0,0.9587276792477305,GMM
10.387884,5.6411276,0,0.8210944723141262,GMM
8.563688,2.5109575,1,0.9852917319189786,GMM
10.331363,12.09548,0,0.9994556919504102,GMM
12.330751,8.647989,0,0.9397885530092683,GMM
12.839016,13.163152,0,0.9704122344999387,GMM
9.495644,7.2944045,0,0.8031388779129304,GMM
7.4181466,10.079828,0,0.9931916555339694,GMM
11.869357,6.781423,0,0.5916551142736688,GMM
12.291279,9.561282,0,0.9534270698522559,GMM
9.874122,9.24805,0,0.9933666152584986,GMM
4.8412247,2.447158,2,1.0,GMM
9.126263,2.9307323,1,0.9792093814700558,GMM
10.910092,10.535364,0,0.9971293148076323,GMM
10.035646,6.6746974,0,0.94356934450725,GMM
13.185052,11.841299,0,0.9939148487314259,GMM
12.114167,0.39776894,1,0.9568491552001536,GMM
10.607449,9.34357,0,0.9754874099756976,GMM
8.917538,3.1736536,2,0.9925840108685647,GMM
11.165068,7.207171,0,0.8144622939152988,GMM
10.443415,8.524161,0,0.9998131378757903,GMM
9.054834,9.930523,0,0.9991127473634809,GMM
12.296531,0.5658709,1,0.9812809100060187,GMM
10.381315,10.786009,0,0.9998507559680645,GMM
10.764238,9.535653,0,0.9999601496523023,GMM
12.195718,9.847811,0,0.9924341172491005,GMM
12.569181,10.684655,0,0.7160240064998028,GMM
11.360052,-0.31248134,1,0.9820859837863029,GMM
8.536298,0.22013901,1,0.7889559937235398,GMM
10.743699,8.759303,0,0.9970628456363516,GMM
7.4628997,10.595695,1,0.9827516614572682,GMM
8.25724,6.9331293,0,0.9792494910362812,GMM
8.821343,3.6936998,1,0.6310566175445418,GMM
9.119747,2.621958,1,0.9956592077640454,GMM
9.068232,4.8132925,1,0.8881248634898024,GMM
9.63814,10.322966,0,0.9989729200298751,GMM
12.280762,8.166493,0,0.8369214336384757,GMM
11.374052,12.689097,2,0.7333510367670247,GMM
10.054324,3.4185221,1,0.6232847588934245,GMM
11.150539,0.32116172,1,0.8772496140266481,GMM
9.575669,4.1681857,1,0.9401588920532732,GMM
9.622135,3.8222923,1,0.9243644688848057,GMM
12.686217,13.81053,0,0.999561662750652,GMM
9.644368,3.9559844,1,0.9630199159828361,GMM
10.4422655,7.7686067,0,0.9934996791303177,GMM
9.204824,3.4367824,1,0.7056711333155387,GMM
11.021235,10.980981,0,0.9992348992700489,GMM
7.1380763,8.707657,0,0.9939809357130007,GMM
8.540182,9.237157,0,0.99552189097125,GMM
9.758452,11.290106,0,0.9998751258904617,GMM
9.291424,9.29882,0,0.9910806635915986,GMM
10.350938,0.015053974,1,0.9615698878004074,GMM
10.882248,-0.4272255,1,0.9013449042841266,GMM
11.54362,12.229404,0,0.999930272532169,GMM
12.72662,7.702658,0,0.956415648945141,GMM
9.966508,-0.5743697,1,0.7943375456228886,GMM
13.106889,11.961283,0,0.9284111266811937,GMM
10.28766,6.078609,0,0.9952565055104717,GMM
8.418515,10.441832,0,0.991284601812025,GMM
12.034325,2.393563,1,0.962537580110939,GMM
12.509508,10.046893,0,0.9879576545860235,GMM
10.386024,8.232908,0,0.9615827353948623,GMM
12.552128,0.27657673,3,0.6657078542833067,GMM
12.942702,11.22976,0,0.5620096548585611,GMM
12.204597,12.874842,0,0.999826250043932,GMM
11.213074,-0.4532642,1,0.6746585832893127,GMM
11.742742,4.026646,1,0.979112618266051,GMM
10.583483,7.292176,0,0.906766622724875,GMM
11.544695,-0.32053265,1,0.8956851990735853,GMM
8.39628,4.1873813,1,0.9761061869081955,GMM
7.3433146,8.960551,0,0.9958696519292927,GMM
11.439829,9.07608,0,0.9582205453043842,GMM
9.216768,1.1649753,1,0.9511578781422031,GMM
9.752098,-0.12413766,1,0.9918201486823466,GMM
9.896036,8.477801,0,0.9437549403112196,GMM
12.208637,6.3396087,0,0.7922217976777121,GMM
10.029702,6.0684595,1,0.9367595617113691,GMM
9.535793,6.8580976,2,0.4434560761266196,GMM
12.471336,9.359856,0,0.9834172766386172,GMM
10.3044405,4.292584,0,0.564964708710426,GMM
11.364252,9.467615,3,0.9956375374512322,GMM
11.672718,-0.8007662,3,0.9999008919745099,GMM
12.589821,-0.082091406,3,0.5079228861279353,GMM
12.371288,8.0594225,1,0.8417996290165679,GMM
8.973816,2.3708038,1,0.9868692152157278,GMM
10.32423,4.064033,1,0.9473174724447926,GMM
13.0778265,10.129664,0,0.8285430956471647,GMM
7.916514,8.747542,0,0.9701675261891958,GMM
11.217361,1.0635835,1,0.9968116294998487,GMM
13.675064,13.804702,0,0.9581457347968505,GMM
12.762918,11.970084,0,0.9978819077294222,GMM
8.147794,9.1407,0,0.9853482552765611,GMM
12.370219,0.97302383,1,0.9366241574155757,GMM
10.2004385,9.423581,0,0.9651650444811167,GMM
13.144013,11.41553,1,0.49902807307187314,GMM
8.888121,2.1856096,1,0.8884108502553494,GMM
9.418274,2.015923,3,0.5657008651461912,GMM
9.191992,7.3072114,0,0.9171289066229378,GMM
10.378314,8.983306,0,0.9924839944275538,GMM
8.260621,7.077238,2,0.9999804423756635,GMM
9.634613,0.4478262,1,0.9948807883349571,GMM
11.959636,13.112576,0,0.9993420613911834,GMM
12.322148,10.741124,0,0.9985153173110244,GMM
8.251166,9.729707,0,0.9941873770608592,GMM
10.204103,7.04473,0,0.9500465026985851,GMM
10.06742,8.566909,0,0.9894040854872094,GMM
12.77713,13.365902,0,0.998869446777831,GMM
10.52451,10.787196,0,0.9999491299872287,GMM
11.431851,12.467705,0,0.9989848226092751,GMM
11.689741,12.590609,0,0.9998599182591651,GMM
12.512237,10.036924,1,0.813653597127882,GMM
9.580724,11.521831,0,0.9909705683160659,GMM
11.236023,10.101444,0,0.9863484037203043,GMM
13.547163,11.839225,0,0.8629033962218433,GMM
12.792931,12.916695,3,0.9038454276699927,GMM
11.832032,3.2904885,1,0.7967976624647939,GMM
7.902206,9.549032,0,0.9797749346506727,GMM
10.328246,6.0272555,0,0.9425410468947942,GMM
12.243149,3.2746437,1,0.9833417635288811,GMM
12.319218,13.139446,0,0.9995844361908417,GMM
10.492095,3.7368188,1,0.9605667606349286,GMM
7.7122316,9.905492,0,0.9937880374573191,GMM
7.782109,5.5298243,1,0.9750888943461857,GMM
10.59374,9.983421,0,0.9808448629224503,GMM
9.098607,6.0033817,0,0.9763740320243397,GMM
10.6984005,10.389908,0,0.999641097537414,GMM
9.84559,3.301265,1,0.9578235199755417,GMM
10.788807,-0.68119323,1,0.992740960546934,GMM
11.014598,10.425621,0,0.9989037875588287,GMM
12.816449,10.409736,0,0.9815057891332064,GMM
9.422973,1.0928692,1,0.9891899699963428,GMM
9.072184,8.912515,0,0.98647852521352,GMM
9.9966135,3.7463465,1,0.8995455774685391,GMM
10.70309,10.690125,0,0.9995449783581983,GMM
11.04748,-0.587583,1,0.9093767981259677,GMM
13.045682,11.908756,0,0.9989672530312905,GMM
11.429666,12.144424,0,0.9994960972058929,GMM
10.81894,5.6669636,1,0.5407801019705971,GMM
12.167029,2.665263,1,0.9748095905641151,GMM
7.021253,10.287629,0,0.9999758795763777,GMM
9.414101,3.0571735,1,0.9480055425611166,GMM
11.883397,1.7997646,1,0.990643063353238,GMM
12.727226,12.503797,0,0.9986151432151044,GMM
11.374329,11.893892,0,0.9992368865908936,GMM
9.743859,9.204906,0,0.9994281816621852,GMM
8.532051,2.768011,1,0.9254475112300606,GMM
10.985919,10.984302,0,0.9998935779671232,GMM
6.070384,2.5501363,2,1.0,GMM
10.404967,5.763751,2,0.8508676936460289,GMM
10.329044,6.6941123,0,0.9893498799104057,GMM
11.952442,7.169676,0,0.9233767212145557,GMM
9.657867,0.3087362,1,0.8831019592159662,GMM
7.927802,9.243287,0,0.9656208720217234,GMM
11.228281,4.2714806,1,0.84274330988598,GMM
8.986426,6.983925,0,0.8891728805758199,GMM
8.709324,1.6273242,1,0.9768057550065331,GMM
11.21536,1.8808602,1,0.9895324097179583,GMM
12.823781,1.3978002,1,0.9469703457834194,GMM
6.861358,2.9073358,2,0.9999999999999982,GMM
9.701861,3.528152,1,0.9491959033362772,GMM
7.1649184,9.080806,0,0.9913964594183184,GMM
10.606082,5.055633,0,0.7424646049460808,GMM
11.740083,11.592281,0,0.9981391508155918,GMM
10.538551,7.7328973,0,0.9705718090121105,GMM
11.375818,1.4148525,1,0.9960832565913127,GMM
9.375046,2.8355742,1,0.9946973275936701,GMM
7.5786815,8.627632,0,0.9817602752894965,GMM
9.287174,8.194207,0,0.9897792420994201,GMM
11.625202,7.136057,0,0.9508965894598167,GMM
12.753971,11.777132,0,0.9991410049899051,GMM
10.421345,2.3430905,1,0.9956677372142902,GMM
10.085496,10.445752,0,0.9990597985014015,GMM
12.390463,2.1310654,1,0.9087449996331277,GMM
9.984848,4.9700127,1,0.6024178400803487,GMM
11.437803,0.039900817,1,0.9862491787240306,GMM
9.652007,8.372361,0,0.4008554152271048,GMM
12.059756,12.995076,0,0.9999143730109955,GMM
12.33886,1.6554264,1,0.5914912100914013,GMM
8.954695,0.60627913,1,0.9824479293610467,GMM
11.948857,11.5560055,0,0.9994779163157066,GMM
9.839109,0.41390118,1,0.9907247395259844,GMM
11.988835,8.882066,0,0.9854748006808328,GMM
11.401521,7.2652507,0,0.8255067878879501,GMM
10.882472,1.4651974,1,0.9947951887738636,GMM
11.039907,7.6692595,0,0.9430726387274846,GMM
9.869506,2.4908845,1,0.8899757337630877,GMM
10.936062,12.904063,0,0.9998088958392652,GMM
12.978515,11.39597,0,0.7756200896270751,GMM
12.300446,2.2938762,1,0.9765697190816484,GMM
13.051682,13.339527,0,0.9038489259626407,GMM
10.09731,4.751614,1,0.7945587330533276,GMM
10.525036,6.593921,0,0.7848530572626348,GMM
9.294004,10.000321,0,0.9975384687321198,GMM
11.571775,-0.43967023,3,0.999817709302492,GMM
10.44901,5.090236,1,0.9185503215823277,GMM
10.248225,6.803221,0,0.969200393101959,GMM
10.780364,1.1877726,1,0.9835507048378938,GMM
10.611325,10.185931,0,0.9983908860699912,GMM
9.369064,7.8829265,0,0.9826635244957891,GMM
9.65576,3.4075735,1,0.9974796134871406,GMM
10.142192,6.2515836,0,0.907070672545679,GMM
9.10466,10.230344,1,0.9452226053448278,GMM
7.829647,8.902147,0,0.9913628251888797,GMM
10.393934,11.364618,0,0.9999171459795257,GMM
10.663019,1.6041356,1,0.9312110004464701,GMM
8.264841,9.260441,0,0.994594279818199,GMM
13.380207,13.996805,0,0.9831098662256412,GMM
6.293087,2.8670526,2,1.0,GMM
10.291452,1.120392,1,0.8290502406962406,GMM
11.890847,-0.7720604,3,0.9994936337849281,GMM
9.270395,-0.10098448,1,0.5349441619641563,GMM
9.95472,6.428826,0,0.9995988768742928,GMM
8.790933,7.162099,2,0.9999960909055123,GMM
7.8043065,5.551346,0,0.7012990894745436,GMM
8.546381,4.1142035,1,0.9725062429955044,GMM
8.981942,1.847375,1,0.9799768132800638,GMM
10.603888,7.2058415,0,0.972394974838542,GMM
5.978956,2.7210069,2,1.0,GMM
9.302689,7.509714,0,0.9861728882344464,GMM
11.478699,2.2186294,1,0.9762321660295761,GMM
9.931062,5.7906895,0,0.8516873929327676,GMM
10.055356,6.258896,0,0.9893815428138344,GMM
9.448876,0.3185324,1,0.990698415346855,GMM
8.814734,8.702932,0,0.7964666479622892,GMM
11.257798,7.6318336,0,0.6577858903293432,GMM
9.631568,9.008737,0,0.9818394833363455,GMM
10.380658,7.377835,0,0.9900498991815465,GMM
9.139626,0.9746038,1,0.9901587418072682,GMM
13.152057,13.804057,0,0.998336246850111,GMM
8.54892,4.9259815,1,0.9448425649649274,GMM
10.886349,9.349988,1,0.7673153697289501,GMM
9.219049,9.938848,0,0.9988213186194403,GMM
9.06215,3.3806913,1,0.8251846112419277,GMM
12.673934,10.106121,0,0.6374975505181362,GMM
12.296718,10.437196,0,0.9868475466254581,GMM
10.802647,9.997307,0,0.9977204169562923,GMM
9.093094,5.220982,0,0.8045671158031773,GMM
11.105715,-0.12278707,1,0.9757071525659061,GMM
7.9654064,8.170694,0,0.9905098298861165,GMM
10.043904,0.5550035,1,0.8561522808951687,GMM
11.296253,5.166171,0,0.6185560367230427,GMM
10.509868,0.21810788,1,0.9687905015017494,GMM
7.3990135,9.703555,0,0.9315254240114873,GMM
12.773767,7.9070916,0,0.9287316067129212,GMM
9.607178,9.121386,0,0.9991474924476081,GMM
8.293065,4.3438005,1,0.9978230832034304,GMM
9.102752,-0.7258948,2,0.9874548457410187,GMM
9.770361,5.7117567,0,0.9255428950003016,GMM
10.465961,5.0318284,1,0.9643114191862124,GMM
10.146811,8.85104,0,0.8860877691708946,GMM
10.088738,12.238124,0,0.999803247300471,GMM
10.871801,9.709335,0,0.9998389379871837,GMM
9.905343,9.039518,0,0.9909879863133133,GMM
12.66494,1.4734147,1,0.9115236877289732,GMM
10.585969,1.7123817,1,0.994688532133177,GMM
12.522233,1.878396,1,0.7607394397697326,GMM
8.5880785,3.8246634,1,0.9872543182462432,GMM
11.326092,8.910267,0,0.9435325175022922,GMM
8.691595,3.3809705,1,0.987959682715788,GMM
9.252167,4.2869906,1,0.680266163330872,GMM
9.924279,2.7305522,1,0.8709162258241507,GMM
12.027727,3.9598658,1,0.5750905416525479,GMM
10.75606,2.2695503,1,0.9797863113786061,GMM
11.835354,12.029276,0,0.9998179874116128,GMM
10.053634,6.069325,0,0.8652484165193219,GMM
10.541253,1.8489,1,0.9969113903279313,GMM
11.045779,1.3350711,1,0.9922899774982707,GMM
9.733425,8.574984,0,0.9921545992694107,GMM
8.9390135,7.0336185,1,0.48151934627778464,GMM
10.084848,9.275594,0,0.9993396227315406,GMM
9.322125,8.80603,0,0.9916369040179355,GMM
8.364822,5.963434,0,0.9654488391541033,GMM
11.159859,4.3982844,0,0.7464396783757153,GMM
10.84411,2.5313253,1,0.7237807267447277,GMM
13.075001,11.427493,0,0.9906345418211275,GMM
12.65634,1.7144003,1,0.5614985534390353,GMM
8.994085,8.538362,0,0.8207138021293461,GMM
11.610343,9.35186,0,0.9969040642775135,GMM
8.829657,7.0576305,1,0.6636048449882632,GMM
12.6740265,2.0433574,0,0.9357805077921082,GMM
12.035485,13.480944,0,0.9999115756487506,GMM
9.260832,9.817022,0,0.9448994269761399,GMM
9.823942,3.0692568,1,0.9633866733333173,GMM
11.271713,8.213235,0,0.9870286447225817,GMM
10.640869,9.815959,0,0.9918930645488881,GMM
11.1488695,7.844972,0,0.8988866576317279,GMM
11.920176,11.169118,0,0.9871926084716167,GMM
9.373662,0.78071856,1,0.8971006204536501,GMM
10.101177,12.015624,0,0.9999704426350592,GMM
11.950355,13.65556,0,0.9999462257670009,GMM
10.518996,6.6748085,0,0.9996876035626193,GMM
13.075699,13.479256,0,0.9928644832358291,GMM
11.508577,8.760217,0,0.9509973637999289,GMM
10.353332,5.9532666,0,0.9624740845316487,GMM
11.297336,11.499147,0,0.9996358169158654,GMM
9.475117,8.681544,0,0.5013417199343436,GMM
12.387551,-0.081380285,3,0.9748322697039761,GMM
10.299225,7.0269475,0,0.9927889803506453,GMM
11.965625,0.028354466,1,0.9519053798682957,GMM
10.494641,2.027336,1,0.9621188273956839,GMM
10.352637,2.8479004,2,0.9480156143129713,GMM
9.762759,10.533639,0,0.998206654245364,GMM
11.301456,6.297333,0,0.977915200749745,GMM
8.25679,4.9220643,1,0.9907522013463914,GMM
8.562773,10.329318,0,0.9997851651519649,GMM
10.321208,0.97162634,1,0.6291369088900632,GMM
10.362855,1.9777515,1,0.9936290583591226,GMM
12.534712,10.027017,0,0.9935316062041581,GMM
9.968803,6.5782986,0,0.971905363220542,GMM
11.4731245,13.014622,0,0.9996794150102533,GMM
9.096841,9.25323,0,0.9474869628627051,GMM
8.600501,4.3331223,1,0.9767807033199366,GMM
9.629919,7.7675953,0,0.7243219855813648,GMM
8.594873,4.5678973,1,0.934169865244335,GMM
9.749297,1.2945155,1,0.9515580986508089,GMM
11.803792,9.732064,0,0.9002453300238441,GMM
11.481491,-0.030570444,1,0.9784744273780934,GMM
7.1614685,8.566043,0,0.9841195526056032,GMM
11.961436,10.304738,0,0.9919433544770525,GMM
10.238541,9.1143875,0,0.9681189709990355,GMM
12.510018,12.239451,0,0.999358599342193,GMM
12.18675,8.783071,0,0.9204902350083216,GMM
9.316415,-0.30102956,1,0.9636475030318468,GMM
12.3421135,0.3299785,1,0.9549229953350896,GMM
9.497223,8.191257,0,0.9929243808761862,GMM
9.164012,3.046043,1,0.9625435945252273,GMM
9.090102,4.4710655,1,0.9326161771424728,GMM
12.592003,11.078944,1,0.4839331438077458,GMM
10.834699,5.6340046,0,0.9457887712361649,GMM
10.847376,5.6476884,0,0.9212202100256235,GMM
10.17458,1.5409368,1,0.993029593358781,GMM
9.668771,5.773481,2,0.4830996406168642,GMM
7.4862456,9.8746605,0,0.9687496099137733,GMM
12.864927,0.6576596,1,0.8543303776554798,GMM
12.291677,12.232406,0,0.9989398226209525,GMM
10.369789,5.504696,0,0.9519363368777303,GMM
9.462368,6.17052,1,0.6567851443896885,GMM
12.838415,11.111852,0,0.7280650823179302,GMM
11.023539,7.159337,0,0.664969011481286,GMM
11.033606,3.5074487,1,0.6533296342978773,GMM
8.773833,1.8845448,2,0.944638899657535,GMM
10.248342,4.3560996,0,0.9255728405106814,GMM
10.928307,5.4721265,2,0.9961596390113965,GMM
11.283408,0.9096524,1,0.9963130604517,GMM
10.955625,7.4899607,0,0.8660535450928118,GMM
8.842498,0.57384413,2,0.9461277360349042,GMM
11.452176,2.6144757,1,0.9862942549578467,GMM
9.338723,10.832809,0,0.7593512343900258,GMM
11.277151,13.198569,0,0.9999661277429398,GMM
8.33912,4.291109,1,0.9839132236499559,GMM
11.739586,9.313043,0,0.9738117932440233,GMM
7.032229,10.066454,0,0.9986302507696799,GMM
12.1896925,13.24991,0,0.9996789281146328,GMM
10.094832,2.625659,1,0.9186066162317295,GMM
11.188021,7.1838536,0,0.8036624442873207,GMM
8.678452,0.6623072,1,0.9696050710395456,GMM
9.245619,2.4157684,1,0.9954665354430876,GMM
7.58549,9.729132,0,0.711341473575537,GMM
10.110541,4.799015,1,0.9765884578192621,GMM
10.33245,11.747967,0,0.9996039246763045,GMM
12.03526,12.663863,0,0.9990417193703687,GMM
9.243133,8.29038,2,0.9616058154145681,GMM
11.594203,0.8047953,1,0.9496314673575346,GMM
9.439465,6.8492703,0,0.988916654519824,GMM
9.624934,8.094247,0,0.9888285630222543,GMM
11.002995,3.7636023,0,0.9099264414928215,GMM
11.111699,10.790517,0,0.996414191628989,GMM
11.413943,13.077469,0,0.9998081487175682,GMM
9.590335,11.37153,0,0.9992271703181965,GMM
8.731501,9.570573,0,0.9978604675674786,GMM
10.48568,10.543532,0,0.9935118344059582,GMM
13.100855,12.792528,3,0.9954339877848931,GMM
10.906933,10.398129,0,0.9979877801476031,GMM
12.893204,12.504913,0,0.9956269584126178,GMM
8.220435,10.838763,0,0.9753869814629512,GMM
10.212207,4.2050247,1,0.9665203465576135,GMM
8.846478,9.159953,0,0.9981054068788361,GMM
10.324649,11.27261,0,0.999803860761447,GMM
8.393793,3.8672802,1,0.95924318142638,GMM
11.695893,7.295561,0,0.8869717748231651,GMM
11.085864,9.846198,0,0.851355829906138,GMM
9.655886,6.86962,0,0.9279060054250855,GMM
8.881202,5.812431,0,0.8302604622840339,GMM
12.3865,1.7083952,1,0.9713435268893306,GMM
7.3843384,9.769009,0,0.7910577668864567,GMM
7.793191,5.7937975,0,0.8874896318499772,GMM
10.545632,6.3138504,0,0.9944542303064348,GMM
7.827701,9.7915125,0,0.9532607653006889,GMM
8.469737,6.0225654,1,0.6938102274120174,GMM
10.500355,12.274111,0,0.9998269114439116,GMM
10.716648,0.5722484,1,0.9954963695673877,GMM
9.221241,3.889822,1,0.9434163317106372,GMM
8.9166,9.983373,0,0.9985695177374989,GMM
8.750749,11.683436,0,0.99991779439652,GMM
8.746668,6.4755177,0,0.9939011895801799,GMM
11.632308,13.207686,0,0.999683854205732,GMM
10.069628,6.2383294,0,0.9191245710517782,GMM
10.682622,6.435116,0,0.9771523845053027,GMM
7.827643,10.415776,0,0.979003164239823,GMM
9.2956705,7.625047,0,0.9449688025595756,GMM
8.349927,4.3745446,1,0.9922375208141172,GMM
10.258681,8.80032,0,0.951146773978252,GMM
9.771067,7.74986,0,0.996586640572665,GMM
8.823415,4.0890985,1,0.9951985550781817,GMM
9.848258,-0.36683756,3,0.9983527571129428,GMM
10.827641,9.951365,0,0.9992183699263859,GMM
9.99871,7.6157894,0,0.9974991442567911,GMM
8.294421,11.158215,0,0.9986554984260412,GMM
9.467937,5.28913,1,0.5465538906020304,GMM
9.5119505,11.096454,0,0.9974525831698964,GMM
9.241501,0.5361951,1,0.5527571758142662,GMM
10.37519,7.2904687,0,0.9627729596673275,GMM
11.503048,6.121985,0,0.8379768325997844,GMM
10.826142,2.3493242,1,0.9824113618621865,GMM
7.7347474,9.720513,0,0.9908608976941138,GMM
12.220301,0.49798548,1,0.9247532157823874,GMM
9.123596,3.1865988,1,0.684316413636813,GMM
8.405339,7.8517165,0,0.9160489598059215,GMM
9.239441,2.3511834,1,0.9729650487486919,GMM
7.5754504,10.12649,0,0.9977762660452182,GMM
9.820889,9.037526,0,0.9965072458381807,GMM
11.115108,12.785256,0,0.9998688230755889,GMM
12.339673,13.264498,0,0.9998694288138348,GMM
11.777015,1.077704,1,0.9921904109405786,GMM
9.937151,11.463939,0,0.999807422444784,GMM
11.243696,5.6411247,0,0.9006449500781833,GMM
10.591206,0.31767082,1,0.9940727286422937,GMM
13.509958,13.613107,3,0.9998302550933826,GMM
9.892399,0.8361824,1,0.9900521416244514,GMM
8.946151,10.031878,0,0.9978590603992713,GMM
7.819842,10.39443,0,0.9974945834600151,GMM
8.564871,5.2603836,0,0.8016827907676032,GMM
10.091521,9.025534,0,0.9888437078944391,GMM
8.533201,0.7881042,3,0.9807588296877595,GMM
11.595491,1.3091521,3,0.9951517790548748,GMM
10.857253,1.427562,1,0.9900469145978685,GMM
11.654809,8.70067,0,0.9109231301420034,GMM
9.196364,6.914616,0,0.6860358466819583,GMM
11.471748,2.796457,1,0.984481651200834,GMM
10.594882,11.753525,0,0.9997681132457089,GMM
9.730451,5.3612795,1,0.8485278397515752,GMM
7.1280627,9.664155,0,0.9988975988986054,GMM
9.041847,7.4582276,1,0.6908060773609369,GMM
9.446871,3.2485857,1,0.9845876702177435,GMM
10.573254,1.2917093,1,0.9854050758716216,GMM
6.7489223,3.1325,2,0.9999999999929692,GMM
11.917203,-0.82388896,3,0.9999945690311205,GMM
8.594861,3.6760952,1,0.9450997170529073,GMM
10.669511,10.796566,0,0.9998278121477884,GMM
11.104639,10.385719,3,0.9299237927014903,GMM
8.853955,8.919403,0,0.9984105830523001,GMM
9.542092,1.7538534,1,0.9886683039151768,GMM
10.865675,10.981948,0,0.9481062064209714,GMM
7.788048,8.37198,0,0.9612274266568493,GMM
8.81248,2.5785832,1,0.9956594181928896,GMM
11.283312,7.780457,0,0.9478283127534342,GMM
11.106613,1.8265712,1,0.9977672903485701,GMM
10.711276,10.699042,0,0.9998316872199782,GMM
10.531599,12.023799,0,0.9998925667129048,GMM
8.608081,2.3962624,1,0.9826585034734829,GMM
9.310878,5.60498,0,0.845972298799266,GMM
10.461674,-0.8523428,1,0.8949371227905907,GMM
9.633134,5.279078,1,0.9017886088417304,GMM
10.838296,12.250421,0,0.9996242529295432,GMM
10.362907,-0.9589544,1,0.9937982627383125,GMM
12.010644,2.8976464,1,0.9275056574830949,GMM
12.587458,3.092228,1,0.6944643762264834,GMM
10.3283,11.732573,0,0.9995434291770112,GMM
8.4919615,10.645967,0,0.9983586790569533,GMM
10.567213,10.355379,0,0.9987788237362364,GMM
10.4313,8.950845,0,0.9974427280115551,GMM
8.32306,5.18883,0,0.5970361140801143,GMM
8.324427,8.857536,0,0.9972860344772878,GMM
7.005442,9.746635,0,0.9999470602275873,GMM
9.409432,2.0624833,2,0.6883467469907082,GMM
12.465884,12.177682,0,0.9963440072580212,GMM
10.170745,4.0736866,1,0.499427809664794,GMM
10.926579,11.684978,0,0.9998836980798868,GMM
11.716955,0.3989807,1,0.9854671268929999,GMM
11.901528,1.5161256,1,0.9956306917878249,GMM
10.511772,12.245065,0,0.9996720449017423,GMM
10.56146,0.984637,1,0.9983054817940589,GMM
7.746947,9.895604,0,0.9995162543176369,GMM
11.156936,7.087891,1,0.8789634284722166,GMM
10.512206,11.802452,0,0.9998676939133804,GMM
11.315295,11.393311,0,0.9998606304783065,GMM
11.861028,12.622805,0,0.9978788118848461,GMM
13.424049,13.780159,0,0.9811708618403978,GMM
10.784334,5.880963,0,0.7147674311429381,GMM
8.671305,1.774637,2,1.0,GMM
10.146289,10.649048,0,0.9998688241745561,GMM
8.709818,8.596551,0,0.955659765145416,GMM
10.246112,6.0645757,0,0.9960454128031498,GMM
10.528772,4.2403955,0,0.5137557695787587,GMM
5.5386963,2.624409,2,1.0,GMM
8.596839,-0.03338588,2,0.8337430862743475,GMM
8.70163,2.227497,1,0.9887672101123953,GMM
10.481005,3.1849236,1,0.9373400064484335,GMM
8.825325,4.2934637,1,0.9936950501980698,GMM
13.03651,13.919442,0,0.9988744282290896,GMM
9.141764,6.514121,0,0.9686055019021751,GMM
8.856266,4.1177197,1,0.962487140371086,GMM
10.514773,2.1477726,1,0.9891599928725553,GMM
10.523474,0.7276862,1,0.9991957977931969,GMM
12.016163,-0.62160534,3,0.999997398817615,GMM
13.054272,13.898777,0,0.9987112082588432,GMM
12.659463,11.596168,0,0.9943199846770006,GMM
9.31771,0.83698237,1,0.9883023532323456,GMM
10.359608,6.886153,0,0.9127587068717081,GMM
7.0595517,9.307251,0,0.9893545833286953,GMM
12.073283,13.594242,0,0.999947584148181,GMM
9.189852,11.738942,0,0.9996150784044112,GMM
11.483456,3.476104,0,0.6593837939474863,GMM
11.356913,11.515115,0,0.9999752450437421,GMM
10.061095,4.3116083,0,0.7845346476958717,GMM
11.017827,8.626115,0,0.923011526339639,GMM
12.013523,3.3741264,1,0.7986698304277422,GMM
9.233237,5.881716,0,0.9871826447514268,GMM
6.3539605,2.9113996,2,1.0,GMM
12.758902,7.6549296,0,0.7292446259755662,GMM
7.732564,9.492504,0,0.8580447983528022,GMM
11.310681,0.22081985,1,0.6071566575579954,GMM
4.8102527,2.4406312,2,1.0,GMM
13.582704,13.792581,0,0.7900028885099817,GMM
12.343944,3.477299,1,0.8142114110253994,GMM
9.676585,3.9402678,1,0.9818601743183105,GMM
9.192134,5.847685,0,0.9627583097021006,GMM
8.913201,10.683593,0,0.9991280832860616,GMM
7.722972,10.820497,0,0.9992218605475883,GMM
11.812481,6.758896,0,0.880428940725618,GMM
12.429689,1.2409264,1,0.9841266920662574,GMM
11.219855,1.2937406,1,0.995302608848339,GMM
9.523715,4.4524374,1,0.8902461393374675,GMM
10.9499,11.715232,0,0.9995032933932353,GMM
10.6607065,10.282508,0,0.9997482146850217,GMM
9.805335,7.97605,0,0.9905432742561805,GMM
4.8132687,2.4438415,2,1.0,GMM
9.842324,1.3302759,1,0.9314799364844503,GMM
9.669259,9.925898,0,0.9990248365264884,GMM
8.244642,4.742499,1,0.9795512802000486,GMM
8.954658,1.0835854,1,0.9870695097758727,GMM
9.397176,11.171411,0,0.998987723930969,GMM
6.555103,9.405456,0,0.867614118944248,GMM
9.156632,2.618982,1,0.9877907126679857,GMM
12.213018,10.310638,0,0.9875796156909205,GMM
10.79258,5.9972315,0,0.9943867131567675,GMM
11.205309,7.1065593,0,0.9688826205033365,GMM
9.097166,2.871861,1,0.9845089717610462,GMM
9.792505,5.7405725,0,0.9763950014171181,GMM
7.641324,10.101125,0,0.9996208418937176,GMM
7.445632,9.204557,1,0.9860299265212028,GMM
11.871883,2.0065684,1,0.99406631299449,GMM
9.790303,3.3049867,1,0.9869779741741291,GMM
12.262432,10.310922,0,0.9987873403479032,GMM
8.997317,4.957332,1,0.8730518126227326,GMM
12.497189,12.627464,0,0.9825162334332894,GMM
10.503759,6.8469315,0,0.9254141205314589,GMM
9.352711,6.0542955,0,0.7695991440915043,GMM
10.910043,7.358256,0,0.9620368282720664,GMM
10.089055,10.670728,0,0.9736735416847528,GMM
8.925485,10.0727415,0,0.9992073658319148,GMM
11.689046,0.073324576,1,0.9845785848865564,GMM
8.791577,8.538102,0,0.9985368011360165,GMM
8.542365,6.4749722,2,0.9999998312450984,GMM
13.455589,12.605761,0,0.8730750410312939,GMM
9.562684,4.8244896,0,0.6692496101880235,GMM
9.155231,2.0646498,1,0.6845708995622495,GMM
10.230026,6.3718066,0,0.9951066144990487,GMM
10.035838,3.6505318,1,0.9248748934970261,GMM
10.974134,3.7471752,1,0.9660320936786871,GMM
10.505703,4.9469433,1,0.9833548265100606,GMM
10.646209,10.858725,3,0.9910817242137273,GMM
10.233558,10.34376,0,0.9995617753591236,GMM
11.517902,0.2410088,1,0.9723619784973545,GMM
12.936486,10.443016,1,0.7379751187537729,GMM
8.107767,9.97511,0,0.9996048155405356,GMM
10.023911,9.631742,0,0.9988540906293518,GMM
10.360597,5.7556367,0,0.9788875140430751,GMM
10.082476,7.618592,0,0.9889946385269582,GMM
12.492583,-0.33209196,3,0.987219744778234,GMM
8.699368,8.265084,0,0.9983406362919696,GMM
10.057944,8.074241,0,0.9233810285510634,GMM
10.111881,7.5289025,0,0.9964734752668608,GMM
11.782515,12.416365,0,0.9999184227454546,GMM
10.711226,3.1190403,1,0.9950113673349411,GMM
11.536922,9.395359,0,0.9858837218822426,GMM
9.650672,9.613033,3,1.0,GMM
12.772865,13.545096,0,0.9992300451483384,GMM
8.878684,7.83179,0,0.9918409368610729,GMM
10.045135,10.858601,0,0.9843533542475611,GMM
11.881551,12.717599,0,0.9760759001418744,GMM
10.367299,9.545371,0,0.9975120927212802,GMM
7.311803,9.58559,0,0.9116572344015959,GMM
9.821292,4.145473,0,0.5244332251591628,GMM
10.131015,-0.38723767,1,0.9870912433731979,GMM
10.852074,11.893779,0,0.9998664735197225,GMM
12.605579,12.455286,0,0.9883586001598471,GMM
10.651924,1.9254307,1,0.9784923485751001,GMM
12.55728,2.7212532,1,0.9636978639067301,GMM
11.03584,2.8618646,1,0.8946110708914791,GMM
9.615061,4.965371,1,0.7802818981754824,GMM
11.355561,12.469579,0,0.9998043672518245,GMM
8.13148,9.691186,0,0.9030424581508638,GMM
6.06369,2.6456485,2,1.0,GMM
9.032692,1.8507853,1,0.9949989902217998,GMM
9.761593,7.786453,0,0.9296990884370504,GMM
11.837676,2.0725322,1,0.9625934815380457,GMM
11.504272,12.508151,0,0.9993791749310109,GMM
11.097574,4.78132,1,0.7925422530004596,GMM
11.029008,-0.087516166,1,0.9561303006351359,GMM
9.264898,6.6787963,0,0.9893021558029257,GMM
12.731672,-0.03394403,2,0.9802192639916798,GMM
12.673936,1.1376536,1,0.9710754739197864,GMM
8.356077,6.8508687,0,0.9853932967885262,GMM
7.748979,9.623614,0,0.9852281383480458,GMM
8.615638,-0.77257526,2,0.9397852466425304,GMM
7.7612967,11.269338,0,0.9999942677784525,GMM
9.106546,1.0266328,1,0.972868508846476,GMM
10.882664,5.3023567,0,0.528600037377969,GMM
10.218507,7.9943895,0,0.9975377839313564,GMM
8.589806,5.0982914,1,0.7402105123169351,GMM
8.512636,2.5113034,1,0.9700965370220048,GMM
12.049098,12.910713,0,0.9993368168163339,GMM
11.782895,0.7373736,3,0.9896895057994993,GMM
11.2193,4.929923,0,0.8062953467214181,GMM
10.906423,12.547915,0,0.9999248003613972,GMM
8.115208,7.1001215,0,0.9939864355378293,GMM
9.934006,4.808612,0,0.7401082799193007,GMM
9.06672,9.705224,0,0.9990600545393487,GMM
8.250566,7.736927,0,0.9792903795096213,GMM
11.734592,4.2467713,1,0.9344745523615848,GMM
9.504047,10.130316,0,0.99964328206776,GMM
9.995058,3.918018,1,0.9815885908248198,GMM
9.792946,5.4064083,0,0.6830762340708643,GMM
10.52542,1.185842,1,0.9927998658487152,GMM
10.431288,1.8987212,1,0.9807413931312452,GMM
8.123704,9.506846,0,0.9987043654065821,GMM
9.987158,6.5370035,0,0.9085270785551754,GMM
11.495242,0.04055894,1,0.9922481515857549,GMM
9.625975,2.1965241,2,0.9903463727605853,GMM
9.579462,1.1763133,1,0.9911297367514967,GMM
9.251503,4.5170937,1,0.7717796449451633,GMM
12.45109,9.407972,0,0.9519596948003597,GMM
9.1965275,4.7251577,1,0.9488780315745698,GMM
11.551258,4.8630476,0,0.5288007698997085,GMM
12.690106,0.06998764,3,0.7313551956416768,GMM
9.32085,3.2807531,1,0.9912268229094058,GMM
10.539819,4.071035,1,0.7575659571015556,GMM
10.374067,0.11725324,2,0.9850637915727575,GMM
6.5761466,9.603382,0,0.9998770375041707,GMM
10.10625,-0.98252296,1,0.6964109704737392,GMM
8.529476,-0.15447406,2,0.9999992476163394,GMM
9.669404,10.258456,0,0.999673462114486,GMM
11.482255,8.8222475,0,0.9805857311016016,GMM
8.323328,11.1149645,0,0.999968501066717,GMM
10.639012,7.3022375,0,0.9737277839497913,GMM
12.613194,1.2850676,1,0.5916911063412671,GMM
12.253782,7.110472,0,0.7372165062737136,GMM
10.851974,2.8105671,1,0.9183407490972199,GMM
12.508726,-0.5560881,3,0.7140093285045985,GMM
8.506746,1.3210847,3,0.9995577552371258,GMM
11.302009,0.40420467,1,0.9969502222647572,GMM
7.8299513,9.000146,0,0.5118029993163741,GMM
8.96164,4.9144864,1,0.6975673381677443,GMM
9.899674,6.396308,0,0.9736705580273664,GMM
8.255167,7.5946226,0,0.9679775994007137,GMM
10.018538,9.084944,0,0.9982974660278229,GMM
10.445445,8.478306,0,0.8966085858466776,GMM
10.772795,10.2925415,0,0.934859510692003,GMM
9.384859,4.2502613,1,0.8800212071661705,GMM
11.76681,1.2716953,1,0.9928848243853258,GMM
8.7291765,10.106063,0,0.9992185806803463,GMM
8.495953,-0.38612407,2,0.9998872632805864,GMM
11.15371,2.2444513,1,0.9942601576131773,GMM
9.79246,3.6007,1,0.9809700764628908,GMM
12.826911,11.02463,0,0.8831115849446657,GMM
10.648876,11.528147,0,0.9995574633435723,GMM
7.8306503,7.9385014,0,0.8870074656421932,GMM
13.298648,12.541052,0,0.9947040770207255,GMM
10.597523,7.4339204,0,0.9234254187935389,GMM
8.777638,-0.60337454,2,0.7037111586075735,GMM
9.741364,3.500711,1,0.9356322786066357,GMM
6.9524493,10.013187,0,0.998615371365236,GMM
10.481428,5.437217,0,0.8953496786700413,GMM
8.876141,8.428682,1,0.7430617835147423,GMM
9.886713,6.092712,0,0.993713892215107,GMM
10.111611,11.342307,0,0.9450600882387504,GMM
10.898559,1.7234653,1,0.9591387152794788,GMM
10.665672,11.9187975,0,0.9998491203682222,GMM
11.532835,1.2278006,3,0.9641587086086577,GMM
11.904682,9.174952,0,0.9911001389930308,GMM
9.098928,8.103892,0,0.9941293067530919,GMM
8.647537,10.004483,1,0.992585723665875,GMM
11.813429,1.171811,1,0.9914640159836735,GMM
11.272492,11.467146,0,0.9999021702087374,GMM
11.6465,3.671784,0,0.7797133575318753,GMM
7.7704844,8.993734,0,0.9951777523681571,GMM
11.470476,10.704382,0,0.9732884672845619,GMM
7.8485856,8.952947,0,0.9821863135404534,GMM
9.830283,6.114422,1,0.9678280215827153,GMM
10.125881,7.7249103,0,0.9016112427446636,GMM
9.146991,10.874295,0,0.9769665245076715,GMM
6.5791497,2.7295125,2,0.999999999992248,GMM
11.530747,1.9252205,1,0.990755078276008,GMM
10.92977,9.5123205,0,0.8444580251010174,GMM
11.760139,10.947656,0,0.9887817277707869,GMM
10.651939,8.595342,0,0.9970109819424385,GMM
8.521902,11.861018,0,0.9454449102188672,GMM
11.133163,12.020927,0,0.9999532296991931,GMM
12.718659,11.236983,0,0.9950097416938647,GMM
11.686313,9.198848,0,0.9904918476824216,GMM
7.728319,5.3917236,0,0.5798233310147746,GMM
9.635872,9.313014,0,0.9983797841981381,GMM
8.170473,11.103237,0,0.9975177643239599,GMM
9.007812,1.8425035,1,0.993519370612095,GMM
11.373642,10.115009,1,0.7192820272434286,GMM
11.00031,10.623454,0,0.9994703127088775,GMM
11.993156,9.874209,0,0.9910383778588537,GMM
10.188198,5.164399,0,0.9031383996657255,GMM
8.909134,9.906367,0,0.9930704685398569,GMM
13.034943,11.564597,3,0.770144833159285,GMM
8.89737,11.891175,0,0.9999551345027992,GMM
11.822536,-0.8733609,3,0.9999982557564919,GMM
10.345868,3.0004208,1,0.9855974599366496,GMM
7.4574175,10.959695,0,0.9999702575767291,GMM
12.11289,10.193331,0,0.9890594739765075,GMM
10.549985,-0.3932523,1,0.9795033946110798,GMM
10.508234,5.677692,0,0.9028443259350067,GMM
9.866275,6.4294558,0,0.9706326813912429,GMM
12.65941,10.610128,0,0.910280102471272,GMM
11.142937,12.168717,0,0.9990433616447462,GMM
4.4362736,2.3386688,2,1.0,GMM
8.6478615,7.5076275,0,0.9954430196122983,GMM
9.309157,5.8630414,0,0.7622910105637934,GMM
10.840964,12.211417,0,0.9991333518240664,GMM
9.165727,2.4880128,1,0.994894557133432,GMM
9.514075,10.281992,0,0.9999029196444178,GMM
7.204077,7.959324,1,0.670884919736283,GMM
8.747788,0.54268426,1,0.9730505000834233,GMM
10.101716,4.0707183,1,0.9872787056765296,GMM
8.596213,5.5109034,1,0.9700165925493818,GMM
8.015089,9.349068,0,0.9637846597616608,GMM
8.787422,0.42647734,2,0.6606655815416475,GMM
8.484444,5.6772213,1,0.8347207367551008,GMM
9.927457,11.757205,0,0.99991920226356,GMM
11.467282,0.76558644,1,0.9127863906216526,GMM
10.156604,9.295105,0,0.9914284866508104,GMM
10.704004,12.506536,0,0.9997421083425345,GMM
10.387879,4.8104334,0,0.727508424573835,GMM
12.390125,-0.12071395,1,0.706871777734234,GMM
11.182047,12.687694,0,0.9999045752180468,GMM
9.596268,4.5796337,1,0.5481235464768277,GMM
10.818274,5.6438265,0,0.9877271095294134,GMM
10.127642,8.27173,0,0.9986187340086865,GMM
8.800308,9.317101,0,0.9926054244992188,GMM
8.365743,9.281921,0,0.7259561494122324,GMM
9.968776,8.333426,0,0.9824059185698134,GMM
12.204734,0.43554252,1,0.893799921089795,GMM
11.845497,13.081906,0,0.9959687648904845,GMM
5.1376576,2.493284,2,1.0,GMM
11.048376,1.0033773,1,0.9973812180435077,GMM
12.127603,7.0877347,0,0.9633873329043792,GMM
13.204207,12.960352,0,0.9984387433374318,GMM
6.9168086,8.770971,0,0.9909210454394671,GMM
8.645922,-0.07751261,2,0.5710115448778955,GMM
11.751505,4.183448,1,0.5296601553471654,GMM
11.629321,10.399383,0,0.9980286572776382,GMM
12.785262,10.517642,0,0.9883637731896633,GMM
12.006415,-0.91546935,3,0.9999999454427556,GMM
9.205237,5.2670283,0,0.7587600625706851,GMM
11.778543,12.393979,0,0.996025179966556,GMM
12.581737,-0.039137673,1,0.7032280597979822,GMM
8.681615,8.655833,0,0.9927024010585161,GMM
9.028558,3.7437692,1,0.9833511780553329,GMM
10.096168,2.0493104,1,0.992975084365599,GMM
8.07335,11.142887,0,0.9800708423442678,GMM
11.242118,2.7970874,1,0.9874197951267244,GMM
8.445199,5.7517753,0,0.8533935414802413,GMM
9.638331,10.85666,1,0.7168355170468582,GMM
8.270141,11.330794,0,0.9997251916927422,GMM
10.870389,9.130171,0,0.9972615392197716,GMM
9.592838,2.1085868,1,0.9487303257594899,GMM
9.226046,2.353269,1,0.9741303347580754,GMM
8.585365,-0.3902401,1,0.7920392058410156,GMM
10.74282,6.363619,0,0.9991764492989091,GMM
11.52247,9.995899,0,0.9896708503303646,GMM
10.031264,8.675871,0,0.9989990403194402,GMM
12.960498,12.997653,0,0.9994977939735672,GMM
8.716137,0.40368342,1,0.7521676834797175,GMM
12.292108,12.551509,0,0.9996767621104945,GMM
8.0523615,10.078449,0,0.9975813616974963,GMM
10.363894,4.810838,0,0.6789282496044559,GMM
10.471594,3.159728,1,0.968910640490459,GMM
8.366858,6.485854,2,0.9508547735151702,GMM
9.25651,7.2334867,0,0.9977234482571655,GMM
8.691609,-0.38624433,2,0.8450459195285549,GMM
10.155767,8.221732,0,0.8929817810423755,GMM
9.33209,9.17851,0,0.9975456095512888,GMM
10.985467,9.094373,0,0.97747884982086,GMM
10.793853,1.7778536,1,0.996675544668853,GMM
12.375478,13.320915,0,0.9994051496722043,GMM
11.868188,-0.81401587,3,0.9996473759831752,GMM
8.104445,7.9883776,0,0.9888393911543133,GMM
7.9478374,11.21965,0,0.9997738701876647,GMM
8.781967,2.5013356,1,0.9935706777948674,GMM
12.938251,0.66162604,3,0.9354599769035259,GMM
10.865349,5.266952,0,0.8984060971643851,GMM
7.91653,10.477068,0,0.9370092221793556,GMM
12.145448,8.091899,0,0.96681097065175,GMM
11.533579,11.277532,0,0.9957226052808806,GMM
9.373503,3.0726163,1,0.9331288695887291,GMM
11.979423,3.8950145,1,0.9889750547264018,GMM
8.831606,7.645155,0,0.9953005263621425,GMM
4.353739,2.3051739,2,1.0,GMM
9.976813,7.2308536,0,0.9862003828260866,GMM
10.482451,8.347934,0,0.999513969831059,GMM
10.469009,7.847577,0,0.995337751687215,GMM
10.133583,8.9952345,0,0.9981791359178308,GMM
10.241279,7.83847,0,0.9996940903069796,GMM
9.318469,2.9053268,1,0.9830227727936419,GMM
9.53848,10.994075,0,0.9991647229975152,GMM
7.1861115,9.09542,0,0.9875278394538186,GMM
11.259099,7.217569,0,0.9393235008940666,GMM
12.556546,12.955913,0,0.9990524912909445,GMM
11.708648,12.025464,0,0.9999870870787341,GMM
11.488161,12.853825,0,0.999838614740244,GMM
11.866714,0.97248024,1,0.9770558214075902,GMM
10.479312,7.303588,0,0.9962453133381975,GMM
10.085694,11.504223,0,0.9994339588277835,GMM
7.0410795,2.9663022,2,0.9999999663738764,GMM
9.627305,8.995675,0,0.9996617885775845,GMM
10.249526,7.2654023,0,0.955488696576476,GMM
11.858509,7.5906386,0,0.9272804863837198,GMM
11.040516,10.577439,0,0.9952751472589774,GMM
11.631537,11.175243,0,0.9997869851033713,GMM
8.306087,6.6625757,0,0.9944327285524995,GMM
12.786102,11.607765,0,0.9683512581224316,GMM
11.645504,6.810117,0,0.8530420618647252,GMM
8.254097,9.991603,0,0.9586045034885937,GMM
11.0531,2.6641257,1,0.924200501833032,GMM
11.991879,7.4065437,0,0.933604916507752,GMM
8.909302,8.461825,0,0.9233839757670048,GMM
10.6552725,8.817012,0,0.990649178833793,GMM
6.9733386,8.627974,0,0.9608546684389699,GMM
12.153227,2.2942083,1,0.9846694734596245,GMM
12.086774,7.041155,0,0.5587851755499097,GMM
9.057208,4.980914,1,0.9401242446358796,GMM
9.559537,1.0681953,1,0.992696801993627,GMM
12.301596,9.965577,0,0.9913020678009998,GMM
10.716209,10.671044,0,0.9994839690508408,GMM
11.952224,4.105256,0,0.8478324034353708,GMM
10.104542,4.8018856,1,0.7429807649826475,GMM
8.586803,3.0548112,1,0.9656804181834011,GMM
10.975716,1.0513159,1,0.9936452343112381,GMM
11.207051,5.287378,0,0.9205582995897316,GMM
12.950178,0.8467128,1,0.7225564468065447,GMM
10.463793,6.2120557,0,0.9989490496914026,GMM
7.9614205,7.9015055,0,0.8146362159506123,GMM
11.227856,1.016899,1,0.9870758565879563,GMM
10.551842,12.287059,0,0.99979686204646,GMM
12.495875,13.350525,0,0.9993556673934824,GMM
10.821252,9.522964,0,0.9985325234385639,GMM
12.276699,13.478627,0,0.9986268822713273,GMM
9.06907,2.4804423,1,0.9885587440320326,GMM
12.196277,7.0503316,0,0.8758243473004,GMM
9.290922,-0.5325574,2,0.8819712155633057,GMM
8.495353,5.0618095,1,0.9265629833417917,GMM
11.37081,10.28575,0,0.9489984069991196,GMM
10.671981,2.7430573,1,0.9896910323079939,GMM
9.127065,1.1365768,2,0.6925725171071551,GMM
11.63652,1.3965174,1,0.9753259974715358,GMM
10.241292,8.939536,0,0.9942370400178833,GMM
7.8369303,5.5334525,1,0.7517001134703338,GMM
13.422116,12.137705,0,0.9687655742037384,GMM
8.789873,-0.7913261,2,0.7882659286665619,GMM
10.813393,2.6869864,1,0.9921106865666838,GMM
11.136242,3.5776854,1,0.9544575708160287,GMM
12.663395,13.888214,0,0.9978657445493325,GMM
8.811018,9.946597,0,0.9970049110972595,GMM
10.991859,2.1767504,1,0.9963436434228554,GMM
9.485825,11.283156,0,0.9995931221355119,GMM
11.112599,6.2503405,0,0.6096544307144734,GMM
8.862062,6.7898297,0,0.9635158980634824,GMM
10.297407,0.97804296,1,0.9873614536211305,GMM
10.644347,2.0920286,1,0.9946472447677669,GMM
10.8163,2.0099843,1,0.994551301344022,GMM
8.850638,10.888788,0,0.9912105284098494,GMM
11.695808,0.076585025,1,0.6602323541055174,GMM
10.181036,2.587199,1,0.9959522083596921,GMM
10.274923,5.54055,0,0.914370523942847,GMM
12.719357,11.3075695,0,0.9973370792376131,GMM
8.677381,-0.5345648,1,0.5252549586854145,GMM
9.061794,11.490126,0,0.999597778294329,GMM
12.093366,-0.009738409,1,0.8779083851996987,GMM
9.917963,2.605485,1,0.9727406696848216,GMM
9.617021,3.3934796,1,0.9909227714459983,GMM
10.631032,0.4823647,1,0.9639942832003645,GMM
9.329957,11.652574,0,0.9998311318304044,GMM
12.048577,2.591268,1,0.9642125323946233,GMM
10.853467,6.221761,0,0.9577731623154758,GMM
9.529654,4.2199144,1,0.7696064337402762,GMM
9.322282,1.3438712,1,0.5934759738399199,GMM
10.5460825,4.5604944,0,0.8378738886516679,GMM
11.689077,1.1894529,1,0.9927842519438487,GMM
12.360834,13.431935,0,0.999538239457769,GMM
9.107486,10.05494,0,0.9996411448244272,GMM
9.494311,9.148782,0,0.9984106360638569,GMM
11.12727,3.0611293,1,0.8611232347795255,GMM
12.324481,3.043531,1,0.9053698407737277,GMM
10.519962,0.3373046,1,0.9848292099382091,GMM
10.363381,8.714829,0,0.9906035480738163,GMM
10.805336,11.098239,0,0.9998326412786244,GMM
7.6500726,10.993198,0,0.9855394003257486,GMM
10.190889,0.69240016,1,0.967797138057799,GMM
12.104279,1.2672465,1,0.9673338403605763,GMM
12.759723,11.265527,0,0.9980224724176312,GMM
12.952079,13.903901,0,0.9996748596285694,GMM
8.269799,9.258926,0,0.9976528290779021,GMM
11.090362,1.9841748,1,0.9966701436092648,GMM
12.795645,12.583084,0,0.9853350940853864,GMM
10.443032,5.1337914,0,0.8065950283164421,GMM
13.11171,10.349297,0,0.9604304637243682,GMM
8.935735,8.250988,0,0.9901998812877286,GMM
9.6620655,1.6720307,1,0.9878263697151386,GMM
10.410093,12.00475,0,0.9999089370289531,GMM
9.145411,9.486638,0,0.9971143999425632,GMM
10.700088,2.3490584,1,0.9815111995518659,GMM
11.692425,4.1709285,1,0.9611093457051799,GMM
10.838831,12.52131,0,0.9999513523884005,GMM
9.027173,3.2229207,1,0.84949934124803,GMM
11.652707,11.421788,0,0.9993021303414668,GMM
9.27387,4.111104,1,0.9853750733473479,GMM
11.035481,10.327336,0,0.9995692065379245,GMM
9.724763,4.6012225,1,0.9302213577831063,GMM
10.1537895,5.126189,1,0.6548337169181084,GMM
9.639965,12.262158,0,0.999936163656197,GMM
11.493219,11.292847,0,0.9994436344344936,GMM
10.909823,0.30406803,1,0.9892294309056261,GMM
8.811786,-0.5416711,2,0.6307528768764229,GMM
12.302894,12.662053,0,0.9996940265734899,GMM
10.2431,2.6173508,1,0.9926400783590329,GMM
10.9763975,9.894932,0,0.9994860480379496,GMM
10.772193,2.7701235,1,0.9633017366162065,GMM
11.525133,11.615308,0,0.9993975023001209,GMM
9.568558,10.63104,0,0.9802454992420694,GMM
10.959691,11.148305,0,0.999974247700966,GMM
11.359876,4.4095044,0,0.5713386404119474,GMM
9.017786,5.4007235,0,0.9041943269705416,GMM
8.904961,5.063994,1,0.9645883862428624,GMM
9.069432,6.498678,0,0.978020053179108,GMM
11.045444,12.132868,0,0.9996516990413197,GMM
10.588429,6.241822,0,0.9997739603068626,GMM
10.644956,5.4825425,0,0.8325207428974892,GMM
12.667801,12.562939,0,0.9493648091910566,GMM
12.247701,8.505097,0,0.9531094170962938,GMM
11.432382,10.602869,0,0.9546883532209022,GMM
10.162834,7.839871,0,0.9965949973852898,GMM
9.143697,6.4713016,0,0.9922817915972985,GMM
12.342601,11.574737,0,0.9978854061292534,GMM
11.192227,2.7984853,1,0.8676372336017815,GMM
9.463494,2.628158,1,0.9582187318016582,GMM
10.323868,9.030274,0,0.9977336092811865,GMM
10.939896,11.369343,0,0.9990426875525089,GMM
9.124076,2.3953753,1,0.897730997607676,GMM
8.400545,6.791719,0,0.9717341727751994,GMM
8.453467,9.181375,0,0.9842859330178313,GMM
8.966468,9.432036,0,0.992737251174647,GMM
6.375057,2.833876,2,1.0,GMM
8.837452,-0.48592168,1,0.9509066112685058,GMM
10.401895,0.7404592,1,0.9979366434303478,GMM
11.432376,0.3844063,3,0.8135771585335614,GMM
10.023555,6.7898364,0,0.9713020422171192,GMM
11.291785,2.003407,1,0.9857627655468028,GMM
10.199279,2.7889428,1,0.9484913648148444,GMM
10.644703,4.455835,0,0.6880255669874784,GMM
8.637855,-0.025401773,1,0.7350502718841297,GMM
12.202555,2.283287,1,0.9490399565908947,GMM
7.541254,10.964796,0,0.9998230222684212,GMM
9.326375,7.929295,0,0.9733735092554421,GMM
9.105034,7.252534,0,0.4935759019702343,GMM
13.120599,12.273708,0,0.46431798927457274,GMM
9.1645565,1.9570655,1,0.9741588392365984,GMM
12.031421,11.098269,0,0.9992005115699022,GMM
9.764964,-0.8628448,1,0.9745786256259322,GMM
9.202681,3.3672478,1,0.9725985918661513,GMM
8.272513,6.2924037,2,0.9998757962294531,GMM
12.220606,7.7849817,0,0.9378830065203286,GMM
9.222868,9.716094,0,0.9995881046638152,GMM
6.6734333,9.759439,0,0.9998066183511628,GMM
11.917076,0.41871983,1,0.9836714179809545,GMM
9.376676,4.2174788,1,0.9798213352043655,GMM
7.658227,3.2456157,2,1.0,GMM
10.635383,9.406433,0,0.9945020515807796,GMM
9.387732,4.2883706,1,0.8712485686743351,GMM
9.871765,8.803004,0,0.9992238546793281,GMM
12.4398,7.9184265,0,0.9468329230386916,GMM
7.776617,5.3911657,1,0.6382508343271733,GMM
6.3973846,2.8790247,2,1.0,GMM
9.795313,10.626883,0,0.8260341200339909,GMM
12.989625,1.2244378,3,0.9299077316896285,GMM
12.178999,8.087923,0,0.5436865657121469,GMM
8.414514,10.441408,0,0.999730482474133,GMM
11.499868,4.8830247,0,0.8869461785076204,GMM
11.0882,11.702184,0,0.9991400150663213,GMM
12.535235,11.146265,0,0.9288733293154684,GMM
9.875233,7.4750333,0,0.9869153943895618,GMM
13.066322,12.748847,0,0.9918787519663289,GMM
9.093278,0.18095087,1,0.772218441074645,GMM
11.374301,2.2455673,1,0.9728809591634789,GMM
10.993139,-0.71711886,3,0.9877773555629024,GMM
10.102193,2.301593,1,0.9950164238300414,GMM
9.210724,6.651817,0,0.9747367358497502,GMM
12.34566,0.07296611,3,0.9888911202618903,GMM
10.498258,5.330553,1,0.9054571736137962,GMM
10.161084,0.18290667,1,0.9775858265655826,GMM
10.471655,1.061968,1,0.9933253683271879,GMM
11.638764,3.049657,1,0.9736325807966764,GMM
7.6384706,6.607037,0,0.9936564559347938,GMM
8.485435,-0.4044971,2,0.9993616939431681,GMM
10.573007,0.079377815,1,0.9928761657140585,GMM
11.452443,12.147114,0,0.9999072218999501,GMM
10.48753,2.5019214,1,0.9964391917465008,GMM
7.9397326,11.343354,0,0.9996776759174215,GMM
10.251435,2.697621,1,0.9909756714558768,GMM
9.8751955,6.167447,0,0.8997678107122896,GMM
10.794671,3.2363398,2,1.0,GMM
12.013401,12.693123,0,0.9997874013592328,GMM
11.432997,3.64211,1,0.8765280659344674,GMM
9.429115,7.355255,0,0.9221788711583017,GMM
10.170334,11.606888,0,0.998845186192019,GMM
11.319264,6.725815,0,0.8780684346077874,GMM
10.231834,9.4751,0,0.999639182349913,GMM
10.863123,5.6067,0,0.8251472073798718,GMM
11.536561,3.7377305,0,0.5411133000751921,GMM
8.543524,11.061541,0,0.9986478358501668,GMM
12.160238,12.937415,0,0.9998802971912822,GMM
11.383531,11.777332,0,0.9993933128573803,GMM
12.238672,12.075028,0,0.9979570353957942,GMM
10.173825,5.4008627,0,0.939262888617249,GMM
12.052567,6.4596906,1,0.5580952070186777,GMM
10.815885,11.062762,0,0.9986400245515293,GMM
12.254442,7.457732,0,0.9660446683173293,GMM
8.796255,0.5196237,1,0.9120986599064719,GMM
11.499388,2.8250978,1,0.9370663803612085,GMM
9.308182,6.0075784,0,0.9670137059286685,GMM
10.572519,6.3314943,0,0.9981940800447822,GMM
7.5055614,7.8177853,0,0.9915908636800809,GMM
12.678979,-0.38759962,3,0.9129006258095813,GMM
11.932345,0.89805204,1,0.9777574170927037,GMM
11.133183,0.8099511,3,0.9940692163010173,GMM
12.010389,2.4715853,1,0.9873215142943059,GMM
10.333651,3.0141926,1,0.9239385095329085,GMM
9.851796,11.603835,0,0.9999192323164072,GMM
10.772475,5.518692,0,0.969975199408502,GMM
10.899079,-0.7471885,3,0.9410944082653022,GMM
11.34415,2.0572705,1,0.9512079280207419,GMM
12.216247,10.026875,0,0.9705849638964932,GMM
10.772083,1.2676268,1,0.9982563582387358,GMM
7.677089,9.169567,1,0.8324408472041996,GMM
11.483783,1.6147848,1,0.9717690848676557,GMM
10.954219,3.6767094,0,0.5684150442171878,GMM
9.442694,5.8005857,0,0.8523236206208412,GMM
11.039603,4.5332565,0,0.7530503940467524,GMM
9.192911,2.9192338,1,0.9352823980279132,GMM
12.780195,13.61695,0,0.999138134498247,GMM
8.485644,9.9421625,0,0.7337275320266684,GMM
10.340932,12.482385,0,0.9998753700752674,GMM
10.360205,8.123372,0,0.9986813245645377,GMM
11.662063,4.139423,1,0.8463378937357422,GMM
11.591403,-0.59416634,3,0.8822641588710725,GMM
7.786972,9.48468,1,0.9668286457312251,GMM
9.443934,2.7114637,1,0.9955151562186564,GMM
8.009207,7.690913,0,0.9146272804382688,GMM
13.084771,10.747383,0,0.9973490709100025,GMM
12.048469,1.8051137,1,0.9959605741149746,GMM
11.086044,13.0665455,0,0.9999335373002373,GMM
11.49499,1.3850346,1,0.9791467369700818,GMM
9.229632,11.263719,0,0.9995962470807847,GMM
10.663239,6.855875,0,0.7556067952791136,GMM
12.320489,12.747091,0,0.9978599744081543,GMM
9.127022,0.1380291,2,0.9592160230751687,GMM
10.110524,5.649804,1,0.5384742568771578,GMM
12.582498,-0.6126322,3,0.9997443625052843,GMM
9.121122,3.010797,1,0.9876494181074454,GMM
11.310344,10.862598,0,0.9967616889120641,GMM
6.576692,2.8175073,2,0.9999999999575753,GMM
9.956325,7.7202706,0,0.982604066846615,GMM
11.505687,3.945471,1,0.940564685486016,GMM
8.726294,9.964056,0,0.9991941508889977,GMM
10.71882,12.215557,0,0.9718729516232958,GMM
9.274585,-0.09274925,1,0.8271794538022588,GMM
9.170015,7.5053487,0,0.953652494601992,GMM
12.874978,1.3655562,1,0.8442374022564523,GMM
10.913552,10.940515,3,0.9990019616306053,GMM
10.573738,5.3507614,0,0.7901213001205076,GMM
11.584494,-0.10332084,1,0.9727048558103685,GMM
10.351943,3.2819796,1,0.4995582209171072,GMM
11.029765,9.872915,0,0.9967403485433025,GMM
12.311386,10.872956,0,0.9979919255367676,GMM
8.478543,9.702658,0,0.9958875727884975,GMM
9.552178,3.3652415,1,0.9787406619907354,GMM
7.9133434,9.516851,0,0.9922620378419729,GMM
11.982935,3.679258,1,0.7250483807548473,GMM
12.412759,9.971506,0,0.9936492335850872,GMM
12.637432,-0.46829268,3,0.9986202866999194,GMM
9.9318075,7.4109697,0,0.9896670667735509,GMM
12.35726,13.553804,0,0.9998300965535603,GMM
12.689707,2.011533,0,0.7573563857891938,GMM
10.235368,4.9702888,0,0.7044229349670434,GMM
7.7157044,6.982111,1,0.6268913822756734,GMM
9.535002,5.3760633,0,0.7659547500177822,GMM
10.011712,6.1611357,0,0.9981439941644624,GMM
7.5547123,6.2604413,0,0.7339425494041372,GMM
11.571681,8.636548,0,0.637515589838501,GMM
9.904547,7.4043713,0,0.9992031106003099,GMM
7.7194843,8.497316,1,0.7475350764459707,GMM
9.209726,11.976742,0,0.9999882141109339,GMM
11.178097,8.654062,0,0.9956583851620074,GMM
8.855938,-0.9436346,2,0.5171823648689277,GMM
9.97802,6.877991,0,0.9662032645731908,GMM
9.206334,-0.94839203,1,0.9492883793912527,GMM
11.057486,7.702568,0,0.9756038565070888,GMM
8.154973,5.7574778,2,0.882570412691952,GMM
9.758915,1.6599456,1,0.9750898187541175,GMM
8.717939,6.012389,0,0.5345426682190028,GMM
10.244058,8.507712,0,0.9690963648528307,GMM
12.4389515,12.957625,0,0.9958291293907011,GMM
8.521711,-0.49481642,2,0.9591558681294164,GMM
10.79549,1.9061167,1,0.9977739446846566,GMM
10.470229,3.7357957,1,0.8989225290718019,GMM
12.145993,12.878603,0,0.9997360343607985,GMM
8.35931,9.423241,0,0.9983626842036869,GMM
9.357607,6.124379,0,0.9561117938333925,GMM
10.228974,8.6578,0,0.9137485729568736,GMM
10.445202,1.0916942,1,0.9961929929562758,GMM
9.634515,6.704736,0,0.9858633393680201,GMM
11.293409,12.357579,0,0.9995763765660249,GMM
9.226842,3.3025405,1,0.9936096491604712,GMM
10.827135,6.66196,0,0.9962912679910039,GMM
7.8307805,5.4828234,0,0.8208650213966561,GMM
10.030115,11.513228,0,0.999936164105433,GMM
10.843377,7.3097925,0,0.9813175298122967,GMM
11.440064,11.286634,0,0.9995939653331324,GMM
8.502588,9.776069,0,0.9941610722720855,GMM
8.92159,3.96643,1,0.9834675678741412,GMM
10.62505,5.098908,0,0.754057898322062,GMM
11.079148,7.032487,0,0.6687581713138246,GMM
8.868012,10.332835,0,0.9883975801660753,GMM
9.38462,7.6150265,0,0.9966236970958371,GMM
12.19502,2.41759,1,0.9905744470544979,GMM
10.6766405,3.399402,1,0.5495099364986639,GMM
11.313716,-0.45625404,1,0.7066134662996699,GMM
9.735094,6.4400525,0,0.9870257986936135,GMM
12.035992,13.494861,0,0.9998426406770642,GMM
10.1843195,5.0173125,0,0.5271225085603819,GMM
9.3661375,5.550659,0,0.8446799417742793,GMM
11.44169,2.6349018,1,0.8723339939683649,GMM
6.2498727,2.7840352,2,1.0,GMM
10.177538,12.041356,0,0.9999587313520665,GMM
12.074341,1.3409548,1,0.9880651862213617,GMM
12.912278,9.597067,0,0.9650381305718057,GMM
11.2721405,12.763081,0,0.9998890624921525,GMM
7.524074,11.010638,0,0.9999978596305779,GMM
11.178787,0.90358245,1,0.9958430018992462,GMM
10.20861,11.915119,0,0.999768441267415,GMM
9.583204,2.609744,1,0.9957735443201061,GMM
8.575069,8.721715,0,0.9755336082317425,GMM
11.892167,10.63384,0,0.9988413826419783,GMM
11.236822,4.041166,0,0.6609487723859994,GMM
7.6202946,2.9751444,2,0.9920069662466202,GMM
10.389169,6.2788386,0,0.9996035227482887,GMM
12.006513,11.917779,0,0.9987713176312504,GMM
10.571849,3.6780746,0,0.5231760413141813,GMM
11.881615,4.1845613,0,0.8383663521487633,GMM
8.770026,8.211781,0,0.9961992242943158,GMM
7.900508,6.438967,1,0.6073182165199936,GMM
8.914508,6.864996,0,0.9717145891633838,GMM
10.608695,11.525386,0,0.9995248757182492,GMM
9.599669,10.23936,0,0.9984566921686475,GMM
10.638823,8.456287,0,0.7914317055345282,GMM
9.016604,6.547616,0,0.8275410088666829,GMM
13.413036,12.621617,3,0.974892356058004,GMM
8.9958725,2.391549,1,0.9382538096653678,GMM
10.89152,3.792226,0,0.8252373289640599,GMM
8.454625,1.6057994,1,0.938892683377064,GMM
9.70467,7.0194197,0,0.9987427693648482,GMM
9.934539,5.0787835,1,0.6467535791055471,GMM
8.973597,2.9438808,1,0.9306637448547731,GMM
4.4134398,2.3422346,2,1.0,GMM
10.11996,8.308645,0,0.9906081650485111,GMM
11.062716,1.3876009,1,0.9656901928877021,GMM
9.93283,3.3887641,1,0.9543084900619295,GMM
11.018196,2.1340888,1,0.9528339108234057,GMM
10.858918,9.565035,0,0.9966187913644563,GMM
8.675881,5.1673503,0,0.8871244861600545,GMM
12.601436,10.843374,0,0.9915412915373032,GMM
10.23278,10.66333,0,0.9988830338646691,GMM
10.908714,1.6298355,1,0.9556830468392585,GMM
11.011315,8.7935915,0,0.9868803981801667,GMM
12.762521,0.2546662,1,0.7000555547398652,GMM
4.663123,2.4106498,2,1.0,GMM
8.859821,-0.22880217,2,0.9999970161220644,GMM
10.001511,-0.14073534,1,0.9931225792205055,GMM
9.296217,8.949617,0,0.8660214805825016,GMM
8.234105,7.8912034,0,0.8754219616799067,GMM
10.995034,10.453658,0,0.9994917602666508,GMM
9.574117,0.3370201,1,0.9945452891982735,GMM
12.752793,1.1172705,1,0.9767858532620274,GMM
6.6407022,2.9403915,2,1.0,GMM
7.466496,8.028769,0,0.9985860334820117,GMM
12.604606,12.31167,0,0.9987182086744881,GMM
13.1672125,11.77259,0,0.9942497385924758,GMM
12.055397,2.8787394,1,0.5119904910021366,GMM
11.887691,3.5341246,1,0.8125810640410323,GMM
11.831152,11.723936,0,0.9995574199407445,GMM
11.817666,8.865669,1,0.9320401120746578,GMM
10.373814,2.5290422,1,0.9957350140455221,GMM
9.06307,7.172931,0,0.9985945807506311,GMM
8.443883,7.9151263,0,0.9607203788480992,GMM
8.489437,6.4534993,2,0.9277184497383405,GMM
11.311902,9.524327,0,0.9935208168493691,GMM
12.199638,6.37936,1,0.513140957057024,GMM
12.867887,9.519061,0,0.9565774734808037,GMM
10.05409,2.3994386,1,0.9573449883718503,GMM
10.325186,6.1629486,0,0.9978029844717888,GMM
11.037124,12.742248,0,0.9998796453992139,GMM
10.368476,10.261968,0,0.9960059055819594,GMM
9.786263,3.6198735,1,0.9874665626302348,GMM
9.607306,10.391133,1,0.5545305023365379,GMM
12.788898,10.591954,0,0.9903456978930584,GMM
9.492126,2.207899,1,0.9949168704803447,GMM
10.495948,2.5420845,1,0.9919586488816289,GMM
8.493478,1.4951937,2,0.9999999998369162,GMM
9.732417,9.941669,0,0.9904066630030771,GMM
9.063869,11.546764,0,0.9929600406365491,GMM
10.370375,7.494844,0,0.9615922277707001,GMM
9.8563595,8.592431,0,0.9843326359364946,GMM
8.939535,2.418484,1,0.9871603666571943,GMM
11.360723,6.7332435,0,0.952768804969648,GMM
9.478706,9.657058,0,0.9977339392748211,GMM
12.139658,12.315601,0,0.9980093787544647,GMM
11.044007,2.156544,1,0.99179331378062,GMM
11.388848,9.039034,0,0.8409460189064899,GMM
10.16246,2.3818436,1,0.9872782030344389,GMM
8.937703,10.97738,0,0.7707544213372314,GMM
12.018076,9.563709,0,0.9943928591792258,GMM
10.0163765,4.9160204,0,0.6843007149121764,GMM
10.598506,12.68628,0,0.9997892945593297,GMM
8.235946,10.772921,0,0.9991299633047165,GMM
10.529148,2.3178504,1,0.9342585280281522,GMM
10.111206,0.8169491,1,0.9846303297243219,GMM
11.637935,-0.07457536,1,0.8498757000312747,GMM
12.280229,3.4037735,1,0.6722263392495398,GMM
11.398462,10.291871,1,0.9005026838487846,GMM
11.529084,0.77651256,1,0.9497282926990438,GMM
7.6214547,11.102361,0,0.9999894055114955,GMM
8.544995,1.1006824,3,0.9999952154560168,GMM
7.0874553,3.2514899,2,0.9999664428578788,GMM
10.625017,4.170797,1,0.8805419027374666,GMM
8.4528475,5.4104347,1,0.9325294072187075,GMM
11.922305,12.730628,0,0.9917965126087263,GMM
11.343851,7.758327,0,0.9602046257900296,GMM
13.224876,10.600858,0,0.9570087300806609,GMM
10.341087,3.5562487,1,0.9218813973059105,GMM
12.971708,13.913615,0,0.9991552647563652,GMM
11.055467,3.3701446,1,0.9440074253539511,GMM
11.280415,11.5019,0,0.9996424577318037,GMM
7.2472878,8.153623,1,0.9763450808912667,GMM
6.5626373,9.7769985,0,0.9999971645716118,GMM
11.052895,3.4229422,1,0.9632186672164069,GMM
11.878582,13.116324,0,0.999620739228754,GMM
8.901974,7.901672,0,0.9855135135167447,GMM
10.990762,7.223231,0,0.8289474822765999,GMM
10.376312,11.510968,0,0.9999212681100325,GMM
12.503746,7.653601,0,0.5924233591430276,GMM
11.684469,-0.7892108,3,0.9999999119008102,GMM
11.980639,1.1293913,1,0.9884627798399181,GMM
12.667982,2.1199763,1,0.8704344379863087,GMM
9.407787,10.138303,0,0.9998683237436117,GMM
9.4147215,-0.6568568,1,0.977742376985415,GMM
10.914697,5.8505473,0,0.8797555287497035,GMM
8.963345,-0.56164545,2,0.9744411113925714,GMM
9.688883,0.9245803,1,0.9540018239340848,GMM
5.986881,2.741492,2,1.0,GMM
12.857261,11.435173,1,0.6029120024646925,GMM
11.941547,1.8034416,1,0.994170271532031,GMM
7.8469424,8.025682,0,0.8906655764340712,GMM
9.972767,6.394112,0,0.951308388870353,GMM
9.23764,4.44184,0,0.5121682248187119,GMM
12.196988,2.6999695,1,0.8123260087975526,GMM
10.048077,6.231457,0,0.9661359631772943,GMM
11.559754,2.9228663,1,0.5350763477657069,GMM
9.433178,1.1571393,1,0.9948787817887077,GMM
9.810153,7.189503,0,0.9980441490305829,GMM
7.7813063,11.25551,0,0.9999713903226528,GMM
10.383765,3.4139044,1,0.9833553867314633,GMM
13.149855,13.7375765,0,0.9926366466242861,GMM
10.255929,4.8259406,0,0.6507158377520089,GMM
8.59511,5.4525466,0,0.7230185175047601,GMM
8.248956,5.400006,1,0.988772029351821,GMM
12.582284,1.6505289,1,0.9228263879725265,GMM
10.689156,5.468718,1,0.5441067637191754,GMM
9.656916,9.948436,0,0.9237284503612037,GMM
9.096302,6.2537947,0,0.9950812544874382,GMM
9.865047,9.024121,0,0.9959232958892303,GMM
8.734304,6.3472695,0,0.7944992027451272,GMM
11.104604,7.490203,0,0.7339048317825837,GMM
9.914967,6.515863,0,0.7878269990872095,GMM
12.720896,12.577683,0,0.9985951187293146,GMM
8.639475,8.796351,1,0.5520557191898694,GMM
11.0037365,3.579492,1,0.8595647226456826,GMM
9.744537,4.2656126,1,0.7347513653327398,GMM
10.0704775,11.581985,0,0.9939978451753575,GMM
9.599531,11.517557,0,0.9999107416753219,GMM
10.097109,6.632653,0,0.9954051794181277,GMM
4.5595455,2.3848734,2,1.0,GMM
8.472509,-0.07477414,1,0.6200704747226418,GMM
8.780715,9.29938,0,0.9989194152424881,GMM
9.640423,12.30542,0,0.9999358273051984,GMM
10.1777,10.837135,0,0.9998911132410545,GMM
12.802772,13.764535,0,0.9991549277249716,GMM
7.6526413,10.751584,0,0.9994364397149128,GMM
11.73301,-0.63684285,1,0.7427362707349909,GMM
8.628743,9.274984,0,0.9652726393008054,GMM
12.17859,13.493331,0,0.9996508780127039,GMM
11.842842,4.1001353,0,0.5891848815008776,GMM
5.1338615,2.5250106,2,1.0,GMM
8.756252,9.904613,0,0.9874601638138234,GMM
9.995601,-0.5733489,1,0.9953957919076568,GMM
10.189713,3.5353563,1,0.6257623213316741,GMM
10.775905,5.9032946,0,0.993817129952025,GMM
12.211691,13.765155,0,0.9999734267076001,GMM
9.564157,11.026199,0,0.9969085689262465,GMM
11.666165,1.8087763,1,0.9535883294657161,GMM
12.754782,10.379175,0,0.994370937348876,GMM
9.511204,10.310899,0,0.9999295406332952,GMM
9.39017,6.855444,0,0.997793832726508,GMM
6.811105,3.0055132,2,0.9999999999998384,GMM
9.244124,10.4641,0,0.9997940714874196,GMM
10.327482,6.5866227,0,0.8939410473306394,GMM
9.526717,11.919157,0,0.9999275877530229,GMM
10.979698,3.7215512,1,0.5212313946137289,GMM
8.81145,5.3463836,0,0.55775322382176,GMM
10.12861,4.347073,1,0.6254575077994825,GMM
10.489696,0.88845813,1,0.9775330254999192,GMM
12.264817,0.57930475,1,0.8413729318572306,GMM
12.365954,11.930428,0,0.9977719607782602,GMM
12.13223,12.703693,0,0.998999608670543,GMM
9.340881,4.747776,0,0.7801234547714888,GMM
10.178593,12.048614,0,0.9998146659794088,GMM
8.760782,4.1394134,1,0.8294376279071222,GMM
9.24799,2.199273,1,0.9049125406649724,GMM
11.657646,2.9601161,0,0.5609112856986809,GMM
9.317944,5.634733,0,0.7792367091527208,GMM
11.085028,2.1377857,1,0.9935916519221968,GMM
12.019866,1.7175792,1,0.9915713996890881,GMM
8.227479,11.020469,0,0.9972146676010125,GMM
11.877657,2.8568504,1,0.9876095453440062,GMM
9.482335,9.392296,0,0.9944781925482565,GMM
6.6893225,9.871893,0,0.9999915707729191,GMM
10.056016,6.6393476,2,0.9280344738902595,GMM
12.63443,2.9162967,1,0.9590704029679601,GMM
9.863556,8.946269,0,0.9992117020794447,GMM
8.591938,8.728213,1,0.5019560345691549,GMM
12.539374,0.72170293,1,0.8900374033249094,GMM
10.930938,7.7911043,0,0.9924360668497029,GMM
7.164933,9.386334,0,0.9777325271661976,GMM
9.795591,2.0641222,1,0.9866775110200149,GMM
8.980593,2.511372,1,0.9098011881946192,GMM
9.339907,9.921149,0,0.9992902292278004,GMM
10.575675,1.173543,1,0.9952828080428782,GMM
10.425906,1.8749676,1,0.9940700976184427,GMM
9.435012,8.594897,0,0.9835132414604136,GMM
8.704325,8.522296,0,0.988265596622451,GMM
6.384148,2.8186564,2,1.0,GMM
12.605686,-0.33237568,3,0.9999987841787467,GMM
8.499776,4.156123,3,0.5063723921340991,GMM
9.488126,0.35673448,1,0.9826553618360468,GMM
11.634887,-0.6283254,3,0.9730330337007549,GMM
10.205232,-0.26027596,1,0.9815092328817666,GMM
10.91816,0.80763113,1,0.9945917505500593,GMM
7.766792,5.8337126,0,0.7814913786147503,GMM
10.470219,0.94625014,1,0.7449067262024783,GMM
12.634407,12.448353,0,0.9991055897121709,GMM
10.806021,9.033368,0,0.9926970661593447,GMM
10.574028,2.7127376,1,0.9806650661154881,GMM
11.44615,1.1000062,1,0.99187912328418,GMM
10.393229,2.8165162,1,0.9768769834862056,GMM
11.946082,6.9904156,0,0.8888060194890343,GMM
12.311177,10.104394,0,0.9772142539522264,GMM
7.988608,9.942306,0,0.9088555163261063,GMM
9.142464,4.8317113,1,0.5477982838841781,GMM
11.144078,12.787467,0,0.9999192362935284,GMM
9.570678,6.943896,0,0.9934805414670576,GMM
9.252432,2.0192432,1,0.9892381829786493,GMM
9.427414,6.9200335,0,0.9957536199550818,GMM
7.721562,9.611911,0,0.6528951532958658,GMM
9.694622,6.189399,0,0.9960621299344627,GMM
9.295501,4.3409986,1,0.9510561212278587,GMM
8.590485,0.15331993,1,0.7997694854985157,GMM
9.96623,8.070372,1,0.7997768469484824,GMM
9.911099,7.7910333,0,0.540097528898527,GMM
8.886565,10.185875,0,0.9991623141816436,GMM
9.298653,2.982021,1,0.9851506816003669,GMM
9.83446,5.121782,2,0.659783111749637,GMM
8.814927,2.143435,1,0.9905097948428538,GMM
8.551498,6.920685,0,0.9630563254623113,GMM
13.037472,11.837516,3,0.7265624147927332,GMM
7.0870547,9.387744,0,0.9986733513719793,GMM
12.615529,12.371613,0,0.9982897716503348,GMM
10.2628765,4.2796173,1,0.6980036640927019,GMM
11.008354,2.1842918,1,0.9547325539671194,GMM
9.628064,2.6883802,1,0.8470922645369603,GMM
12.333965,-0.81653446,3,0.9999999805041357,GMM
9.864862,-0.7081466,1,0.9922050099406864,GMM
8.963933,2.7621465,1,0.9378527315429859,GMM
11.084523,12.601251,0,0.9978355824963515,GMM
7.858121,11.081268,0,0.9989223016874127,GMM
10.724212,5.6123967,0,0.6968223466697931,GMM
9.873165,10.188022,0,0.9942912557527154,GMM
12.444398,3.0779788,1,0.9175438390318814,GMM
6.640296,9.877759,0,0.9999690901378373,GMM
9.445874,9.39935,0,0.9984946242160124,GMM
11.4893055,8.348913,0,0.971689003981412,GMM
9.646589,2.849721,1,0.9943765009364703,GMM
10.857771,1.7634896,1,0.9977571267779107,GMM
10.405692,6.231767,0,0.9891994413873153,GMM
11.557447,11.574835,0,0.983814119037914,GMM
10.584351,5.506073,0,0.9070040820218168,GMM
9.026541,4.133871,1,0.9801377221464289,GMM
7.1373367,9.701604,0,0.9973530160422415,GMM
10.499144,4.8045187,0,0.5185854930164808,GMM
9.162628,8.407172,0,0.6830386512572335,GMM
9.14998,3.092936,1,0.9762668725493807,GMM
9.498648,10.170556,0,0.9988791616381635,GMM
12.443188,1.1965251,3,0.8044444343472236,GMM
7.8343763,5.8427463,0,0.5693555471091244,GMM
6.1021047,2.7217073,2,1.0,GMM
9.033237,2.8886616,1,0.9881746260791476,GMM
8.659923,9.026363,0,0.9866396464718458,GMM
6.5078483,2.899595,2,1.0,GMM
11.039128,11.2952175,0,0.9356509781705138,GMM
13.53881,12.156146,0,0.9637306842000457,GMM
12.033932,9.574259,0,0.9474913208641965,GMM
9.511262,-0.13786349,1,0.9173098316387861,GMM
10.699007,9.372605,0,0.9971991468755443,GMM
9.942649,6.330431,0,0.9947281402132486,GMM
12.428564,9.224366,0,0.9320043781786568,GMM
12.307785,13.781279,0,0.9999696082977841,GMM
9.244209,4.9872546,1,0.8794109981360859,GMM
8.434964,10.854289,0,0.8620332105893124,GMM
9.57755,-0.82417923,1,0.9594463229285967,GMM
6.7593384,9.797575,0,0.9998856804965167,GMM
5.2286897,2.5286827,2,1.0,GMM
8.839371,-0.5067064,1,0.8817839375880295,GMM
9.565976,-0.5394082,1,0.9970741437421529,GMM
8.000845,7.544191,0,0.6719430153777569,GMM
9.06334,2.3710928,1,0.9829131939856036,GMM
12.686541,0.8211547,1,0.7834855064448505,GMM
10.173712,11.777879,0,0.9998379820920772,GMM
8.909996,6.944083,0,0.964590526207367,GMM
6.782964,9.280766,0,0.9970259608350109,GMM
12.942328,10.189682,0,0.9964578994704191,GMM
11.779499,-0.34577096,3,0.99999825575808,GMM
7.0140905,3.0033913,2,0.9998241719572611,GMM
9.92422,6.7620025,0,0.9897909802515287,GMM
11.435842,10.547101,3,0.7314761540049457,GMM
9.48977,8.626643,0,0.9929691328480019,GMM
8.54084,7.6330056,0,0.9535869539092592,GMM
11.502586,1.2496868,1,0.9931104717426794,GMM
7.8793664,10.291184,0,0.9977716716871748,GMM
11.182748,7.677782,0,0.851704184994591,GMM
7.242205,9.13466,0,0.9953917093524425,GMM
7.055837,7.9434867,1,0.9721768057499252,GMM
10.156099,2.6615129,1,0.9899854973580635,GMM
8.89852,6.2595696,0,0.8148230460616915,GMM
8.59667,-0.8095679,2,0.9940735983395467,GMM
11.51156,11.159589,0,0.9998651941736626,GMM
13.1284275,10.333219,0,0.616469466259149,GMM
7.9449725,7.115873,0,0.9686195787652411,GMM
12.297756,9.941919,0,0.988501641209082,GMM
7.1571317,9.619141,0,0.9976218647740006,GMM
13.158713,14.033346,0,0.9962095205893846,GMM
9.073194,8.603427,0,0.979822849932853,GMM
11.7902355,11.438679,0,0.9988419943432919,GMM
12.464871,-0.42640328,3,0.654379708203836,GMM
8.564587,2.671666,1,0.9853788588364031,GMM
12.425956,10.931783,0,0.9966979011773914,GMM
8.634493,5.003646,1,0.8313593260109203,GMM
10.803131,8.97465,0,0.9942716387328818,GMM
8.4338455,4.7227745,0,0.5041278037705255,GMM
12.222535,2.051047,1,0.9549210031006795,GMM
10.32001,7.947302,0,0.99950865594499,GMM
12.601498,2.2705305,0,0.521167636363999,GMM
7.743577,5.9926867,1,0.8146138729368834,GMM
9.172121,7.8195205,0,0.8590655545438494,GMM
7.846546,7.562289,0,0.9473354818366279,GMM
12.114639,-0.036579587,3,0.9973503537326686,GMM
13.2671175,12.290724,2,0.9999678777527432,GMM
9.901902,5.800314,0,0.9486033885262597,GMM
8.303801,8.0915,0,0.9787906894704188,GMM
8.910755,1.9078432,1,0.9932611731958562,GMM
10.523343,2.557164,1,0.9622941637428781,GMM
7.5674953,11.0034275,0,0.9999921315428163,GMM
10.37818,-0.73679084,3,0.5417694332326836,GMM
9.666931,6.516349,2,0.45471485962572306,GMM
12.115935,1.1480782,1,0.6985852971205637,GMM
9.977802,8.0292845,0,0.9983340842419554,GMM
10.578136,3.4195402,1,0.9748150877782523,GMM
10.216673,3.0899174,1,0.9819003608758117,GMM
10.58135,0.45959696,2,0.9537653638450078,GMM
9.507166,8.100235,0,0.9456606396512282,GMM
11.434912,10.011121,0,0.9988134819284363,GMM
12.436892,1.2847778,1,0.7476702852336917,GMM
11.091895,3.3429759,1,0.6939595975706635,GMM
12.280364,9.596576,0,0.9871690724361124,GMM
10.809268,1.3398719,1,0.9973085743473261,GMM
11.450888,12.061458,0,0.999773825381346,GMM
12.559686,1.003392,3,1.0,GMM
5.848118,2.576355,2,1.0,GMM
12.037177,2.4244506,1,0.9513733068575706,GMM
10.314461,3.2783456,1,0.9616658255975115,GMM
11.405478,2.7081072,1,0.9374751525623459,GMM
10.043301,0.6918185,1,0.9927227495319787,GMM
11.224261,10.964369,0,0.9994779288963579,GMM
8.689269,5.610632,0,0.6280209326171324,GMM
9.935848,7.9869123,0,0.9817773725662003,GMM
9.30269,9.124501,0,0.9689318968549786,GMM
9.898194,7.1175222,0,0.994941492614663,GMM
9.922066,5.6725197,0,0.9311201477120874,GMM
9.439781,1.247113,1,0.9801803453703886,GMM
8.626083,1.6423763,3,0.49886422308112854,GMM
12.352217,13.842229,0,0.998800071382791,GMM
8.728873,8.227176,0,0.9947183116506069,GMM
12.239186,2.6430972,0,0.5744912719858809,GMM
10.339021,10.892946,0,0.9970995664375926,GMM
8.151877,6.4662905,0,0.612212706304968,GMM
9.299188,1.3531328,1,0.9815962090115142,GMM
7.4887395,9.115834,1,0.5953805196640729,GMM
9.147006,1.207074,1,0.9894227927893617,GMM
9.37455,0.03444451,1,0.8732459258325089,GMM
7.3125505,9.612454,0,0.997972153702782,GMM
10.817235,10.431478,0,0.9990596634534664,GMM
12.651461,13.859986,0,0.9993164043588872,GMM
9.072694,7.1443715,0,0.981945430743135,GMM
10.539876,5.5556974,1,0.9281225396094538,GMM
11.953311,4.0364385,0,0.7701218718997377,GMM
10.354231,10.726509,0,0.9998629721283225,GMM
9.037971,4.531376,1,0.6014225459116658,GMM
10.653119,5.8615484,0,0.8843869797342968,GMM
10.053496,6.138049,0,0.9939112008734279,GMM
11.833353,7.352492,0,0.9550588244089141,GMM
8.34951,9.490674,0,0.9925316816570949,GMM
11.063396,12.440323,0,0.9998927187533565,GMM
11.643524,5.907651,1,0.8743947063322487,GMM
8.477285,0.058640517,2,0.8388981625036744,GMM
10.312679,8.193469,0,0.9886397125483684,GMM
8.990905,-0.097218186,2,0.999999978756785,GMM
8.523506,9.32293,0,0.9569673650207315,GMM
13.04119,11.819617,0,0.9357419903745716,GMM
7.687053,8.860085,0,0.9982446803062003,GMM
10.976051,9.990472,0,0.9999012498445871,GMM
8.716608,11.120663,0,0.9914030947258167,GMM
12.565501,12.271654,0,0.9978686451269606,GMM
8.369846,8.885865,0,0.9904626078244307,GMM
11.37251,11.249914,0,0.9992293839837428,GMM
8.117802,7.1164227,0,0.996859233045299,GMM
10.776336,3.7902586,0,0.6475189255179239,GMM
11.014356,7.7466383,0,0.9845495116664311,GMM
7.024638,9.813329,0,0.9992585796000598,GMM
9.865285,11.199471,0,0.9999035352100034,GMM
11.18588,2.9039505,1,0.9279517385938484,GMM
9.656941,11.751539,0,0.9999097760706692,GMM
8.664543,2.4598768,2,0.9999999999995719,GMM
10.747018,8.047375,0,0.9829000090902236,GMM
9.051185,3.1355507,2,0.9999999135870807,GMM
9.068449,-0.4793516,2,0.9966845997130723,GMM
10.193615,6.475577,0,0.9497043921318743,GMM
10.555342,-0.31770828,1,0.9510541430422511,GMM
9.288113,4.8536944,0,0.7459409882279224,GMM
10.920729,4.2962894,1,0.9775499945910672,GMM
12.030964,2.8157911,1,0.9936661769349637,GMM
9.769193,8.873211,0,0.9826287499455005,GMM
11.864443,9.126765,0,0.7305788409250312,GMM
12.148132,8.147178,0,0.9715252686349437,GMM
9.040538,0.95458466,1,0.904753794905267,GMM
12.285295,8.273799,0,0.6303526206080164,GMM
6.8361864,10.124708,0,0.9998566108123673,GMM
10.101916,3.5024123,1,0.851156485177895,GMM
11.343025,11.819475,0,0.9998462477102559,GMM
10.561022,11.945738,0,0.9999103713301107,GMM
6.5843716,9.657892,0,0.9998481540667707,GMM
8.8930025,5.5403886,1,0.8999521138124905,GMM
10.53011,11.366246,0,0.9994399396246951,GMM
12.9062395,11.1205635,0,0.9979773830640613,GMM
9.473669,10.690349,0,0.9935576893816968,GMM
9.240053,9.655652,0,0.9991524961555001,GMM
11.816468,-0.8708621,3,0.9998367947566139,GMM
7.240771,9.889721,0,0.9693142141012948,GMM
12.364671,1.568617,1,0.9656924755420233,GMM
9.119243,0.7075351,1,0.9932279961673648,GMM
9.4473915,0.7193499,2,0.8615336373298413,GMM
12.033771,8.620905,0,0.972527025282759,GMM
8.046423,9.5625925,0,0.9929478449450345,GMM
10.527683,5.872636,0,0.9360978209470286,GMM
13.367296,13.146667,0,0.8883645369240701,GMM
9.376718,8.62545,0,0.859453724885503,GMM
11.476567,11.035873,0,0.9991638324544273,GMM
12.16785,6.6399612,0,0.8942190725583266,GMM
11.97624,3.834787,1,0.7927627341836536,GMM
11.986487,3.576054,1,0.9906469182156056,GMM
10.335001,6.4591904,0,0.9968390579980642,GMM
10.581959,1.5356243,1,0.9935444002132579,GMM
10.191309,0.24479635,1,0.9969866441882409,GMM
11.641457,2.2040188,1,0.996854166495321,GMM
8.870535,1.6931134,1,0.9873449236702831,GMM
10.417455,0.90593696,2,0.9969484676949897,GMM
10.3885145,12.126091,0,0.9998427484335779,GMM
12.210532,2.435593,0,0.4671996841274094,GMM
11.333628,5.7997885,0,0.9291750003643167,GMM
8.600285,2.480478,1,0.9852681309471878,GMM
9.461203,9.029548,0,0.932092912483662,GMM
13.273577,14.0543995,0,0.9962875726427702,GMM
9.155146,3.526329,1,0.9843888220373543,GMM
10.15677,6.872243,0,0.9971615705206636,GMM
12.941272,12.490774,0,0.9968182788055883,GMM
10.065558,9.2216835,0,0.9980266862149793,GMM
7.334975,10.374281,0,0.9998020223851066,GMM
12.562178,1.0596744,3,1.0,GMM
9.807396,-0.40573528,1,0.9948748543005075,GMM
12.155808,12.122103,0,0.9993892572216628,GMM
12.645875,-0.0070170066,1,0.5520068773208059,GMM
11.005784,5.291891,0,0.8082997933008861,GMM
9.356575,2.5490103,1,0.9933997737492838,GMM
8.863108,6.4187403,0,0.9935238853175775,GMM
11.388412,2.3039594,1,0.9885483344129798,GMM
12.37206,13.818707,0,0.9994029872167458,GMM
12.150519,2.7135854,1,0.6306689314576583,GMM
8.76295,2.0857513,1,0.9627272307996471,GMM
10.043659,8.533559,0,0.9988319752534649,GMM
10.201205,6.469136,0,0.9975053001248138,GMM
7.024112,3.2819,2,0.9978870538687139,GMM
9.976583,4.2418003,1,0.8643875802489409,GMM
11.688948,3.5544121,1,0.4933562103988544,GMM
11.463909,3.3215773,1,0.6414297168636041,GMM
11.095142,10.65365,0,0.999902732251676,GMM
9.880215,8.646108,0,0.9859966239512432,GMM
11.259111,0.97764176,1,0.9309635311322914,GMM
8.970677,-0.60348547,1,0.8979932563107895,GMM
9.559616,9.291837,0,0.9983774555795354,GMM
9.451516,8.930609,0,0.8779423103641777,GMM
8.685208,3.2803466,1,0.9623232245051428,GMM
10.416653,7.7785573,0,0.9996335994129787,GMM
11.387706,-0.012108883,1,0.9787065328668239,GMM
11.124489,-0.15378934,1,0.7580939729455972,GMM
11.159686,2.3240812,1,0.9952816357888996,GMM
10.443991,5.459864,1,0.7207350937941899,GMM
8.868748,8.330295,0,0.9489379490396613,GMM
9.174314,9.289931,0,0.9274938023811743,GMM
4.924105,2.4614828,2,1.0,GMM
12.527251,10.005402,0,0.9901327394521433,GMM
13.070602,12.468245,0,0.982249447097776,GMM
10.496851,1.6183858,1,0.9985162088151953,GMM
9.284519,7.674258,0,0.9591796693964909,GMM
8.114126,7.5682654,0,0.8085605867891712,GMM
9.541077,10.32775,0,0.9989916343621795,GMM
10.570519,5.7891765,0,0.9626711115095737,GMM
12.432596,-0.18176153,1,0.5659972153228332,GMM
9.167261,3.1715465,1,0.9917953009799435,GMM
11.498712,5.371255,0,0.54199706081871,GMM
10.820598,-0.07957139,1,0.9936617361569874,GMM
11.66413,8.661941,0,0.9646345523226447,GMM
12.499213,13.355866,0,0.9993648274646756,GMM
8.611422,4.712623,1,0.9587138460148541,GMM
9.596595,5.160531,1,0.9814405194358691,GMM
6.587164,3.061328,2,0.9999999999973674,GMM
8.67919,7.440689,0,0.9984751402972587,GMM
10.812231,5.6824007,0,0.9868743996049925,GMM
10.956333,1.7217566,1,0.9955872128824517,GMM
9.3502445,5.1644297,1,0.6608457356758123,GMM
8.672773,5.8850737,0,0.8071220040098351,GMM
11.175421,1.9813466,1,0.9746654973315036,GMM
11.479449,1.2969041,1,0.9874990791149706,GMM
9.924916,4.818555,1,0.9940928209485932,GMM
9.0048485,-0.18347873,1,0.9595187985895052,GMM
10.152722,7.935161,0,0.9957230628745157,GMM
10.981683,11.422411,0,0.9999246304976046,GMM
10.026593,1.5383013,1,0.9904136474484094,GMM
9.66686,7.684425,0,0.9929016924195071,GMM
10.027115,4.890298,1,0.9018729851004882,GMM
12.132744,4.292876,0,0.6589162919660985,GMM
9.218905,1.5326519,1,0.9949262463602568,GMM
11.209683,2.8802283,1,0.9716123195765735,GMM
12.298843,7.318952,1,0.7120514460531929,GMM
10.955088,5.52552,0,0.6335583194992005,GMM
7.402595,7.5803294,1,0.9795191832752456,GMM
8.930727,7.2773013,0,0.6707766654897758,GMM
8.906879,11.954503,0,0.9999828724518997,GMM
8.292637,10.732231,0,0.9939997784046276,GMM
13.088796,11.128286,3,0.8721011554714907,GMM
8.978418,2.089704,1,0.9740707807993754,GMM
9.992676,5.4197164,1,0.7031527633485188,GMM
9.096659,4.84435,2,0.9983138239393469,GMM
8.124484,5.943124,0,0.8943648742240071,GMM
8.6973715,5.6341977,0,0.9053767464386782,GMM
8.476228,8.516055,0,0.9812747814168882,GMM
13.032789,13.992672,0,0.9996638585292945,GMM
9.963045,2.8464084,1,0.9818121058169952,GMM
12.807295,13.034226,0,0.7148298024175761,GMM
11.881889,6.34426,1,0.9432938693791658,GMM
11.310495,7.2970376,0,0.9219476790545935,GMM
11.8390255,3.0094404,1,0.6318880889990708,GMM
12.612272,13.362453,0,0.9994825415463918,GMM
10.316457,7.719928,0,0.9989098600400903,GMM
9.687794,9.543795,0,0.9979460094441499,GMM
8.005184,9.658015,0,0.9615621386103657,GMM
7.7699456,10.793339,0,0.9999153697930369,GMM
12.036011,0.18481493,1,0.9605725928892275,GMM
7.5659604,10.1387,0,0.9841775321083545,GMM
13.354888,13.87746,0,0.9933362311900141,GMM
12.185788,9.147323,0,0.5666737042880031,GMM
10.17331,8.625887,0,0.9608986167370507,GMM
11.16026,1.8640844,1,0.9980611522764458,GMM
7.4426155,8.972524,0,0.8628576174141867,GMM
9.039467,5.9784255,0,0.9116514588937529,GMM
11.348827,12.607739,0,0.9997358408734408,GMM
10.2620325,3.234861,1,0.9741340322738371,GMM
12.875118,11.912019,0,0.9971589844884643,GMM
9.717122,-0.10625939,1,0.97880650819822,GMM
12.938347,1.1770177,1,0.8174219738067627,GMM
7.965037,7.9116406,0,0.8205921532785005,GMM
12.277593,0.22431648,1,0.93023997075923,GMM
9.456941,1.9999352,1,0.9943013885108037,GMM
12.596259,2.0170236,1,0.7477860383394587,GMM
10.967963,9.318466,0,0.9079153566463395,GMM
10.855372,9.090332,0,0.9759314326106687,GMM
7.1690288,8.612667,0,0.6624411687615424,GMM
10.95355,7.441791,0,0.9802536874187825,GMM
10.350708,12.352047,0,0.999962603837908,GMM
12.228149,-0.083853394,1,0.9700044774443446,GMM
8.64431,2.6894445,1,0.9812212850500824,GMM
6.652447,9.728479,0,0.9997775351024999,GMM
11.08732,10.959314,0,0.9713538821475592,GMM
9.122085,10.171485,0,0.9980745064713729,GMM
12.332916,3.4517944,0,0.725611207007894,GMM
9.594084,4.8049855,1,0.6611956956432062,GMM
10.857209,10.855745,2,0.6311390735554203,GMM
12.483521,1.7864176,1,0.889589272007865,GMM
10.068526,2.8468604,1,0.8564428340472495,GMM
9.041191,1.4230132,1,0.9145355006071902,GMM
10.286053,6.316239,0,0.9745066037033737,GMM
11.553226,1.65437,1,0.959633531302732,GMM
12.347439,3.2464173,1,0.673390594839597,GMM
9.836383,8.301933,0,0.9663391336950913,GMM
9.336525,2.284544,1,0.977165864425237,GMM
11.97855,3.6762404,1,0.6951674383740201,GMM
11.832465,-0.21132468,1,0.9835163653066966,GMM
9.710023,3.4796307,1,0.8741536600589916,GMM
9.183746,4.7029443,1,0.8230999524518753,GMM
10.86461,10.030881,0,0.9979750721185285,GMM
8.694025,-0.61934114,2,0.5723787987651547,GMM
11.108211,1.850269,1,0.9710611965891214,GMM
11.240287,1.6651219,1,0.9436395678572221,GMM
8.879581,6.772662,0,0.9956574478765541,GMM
9.186086,4.2629585,2,0.7086460263144548,GMM
10.983051,8.12143,0,0.9481703765509761,GMM
9.977442,2.9425921,1,0.9739810014368078,GMM
8.15095,10.704998,0,0.9961421464762695,GMM
9.122897,4.1413007,1,0.8276402871759753,GMM
10.6294365,8.259926,0,0.9479584799885404,GMM
9.294925,9.116472,0,0.9910730209129066,GMM
9.61479,1.1220154,1,0.9916844482061362,GMM
12.628364,7.57109,0,0.8677841732790827,GMM
12.39337,1.823508,1,0.6543527383713349,GMM
10.682832,9.972904,0,0.999197696492018,GMM
9.010735,2.9436114,1,0.9969150839576384,GMM
4.655177,2.3958983,2,1.0,GMM
10.761518,5.827806,0,0.5805495258989697,GMM
12.9170885,13.734505,0,0.9966986671224795,GMM
12.256569,6.6477394,1,0.8712939130169148,GMM
6.458937,3.0419106,2,0.9999999999999982,GMM
10.025087,6.793198,0,0.9997130333833625,GMM
11.992339,9.095191,0,0.9618983012040038,GMM
10.8119755,3.344497,1,0.9490558962373206,GMM
7.7860956,2.9327145,2,0.998674226565727,GMM
8.448127,7.956055,0,0.9711272492219122,GMM
7.6205993,9.874604,0,0.9381838308600257,GMM
10.813363,0.76183873,1,0.9794588960664284,GMM
13.042161,10.503071,0,0.9626366571908787,GMM
10.486279,3.447942,1,0.9676212863230981,GMM
9.689229,8.7928,0,0.9846321549136835,GMM
11.601572,6.7136645,0,0.868675310547663,GMM
8.3955145,6.3636694,1,0.8209153719700998,GMM
9.842185,5.4688706,0,0.8124826479691178,GMM
9.650709,2.610976,1,0.7515589001999463,GMM
10.509856,0.59349656,1,0.9963528997186146,GMM
9.290197,6.2855525,0,0.9867597518170945,GMM
8.891132,4.794044,1,0.6892308336914766,GMM
10.4460335,1.4050382,1,0.989059774903598,GMM
9.29526,-0.25266996,1,0.7779776075606867,GMM
12.021016,0.85852176,1,0.9117941896330777,GMM
11.490342,12.421271,0,0.9998377934169066,GMM
11.04068,9.494467,0,0.9791128002586779,GMM
9.804284,5.055457,1,0.8731429537402061,GMM
11.057408,0.24759996,1,0.99649397574772,GMM
10.308621,6.794428,0,0.6599396344161406,GMM
11.574337,8.652401,0,0.6994067467178273,GMM
10.101632,0.38640723,1,0.9224566265383857,GMM
9.375393,5.6571755,0,0.9779963597902722,GMM
11.101008,4.4176145,0,0.7741140839581787,GMM
9.152721,0.7573038,1,0.9762335963861104,GMM
10.2459955,12.194249,0,0.9992894272469248,GMM
11.579391,0.17636038,1,0.9897472206535607,GMM
8.929923,1.9556324,1,0.9123220672501701,GMM
13.555926,13.343335,3,0.8093082412883208,GMM
12.24151,2.5404072,1,0.9914345511627859,GMM
8.79858,0.5728858,1,0.9763298272227365,GMM
10.473792,6.248483,0,0.9943317952180799,GMM
10.104473,3.8779588,1,0.6708080613712128,GMM
9.819948,5.5601535,0,0.8047037478692752,GMM
9.185805,4.67605,0,0.5550359008881692,GMM
10.286823,4.8617992,3,0.8151628244645763,GMM
6.569458,9.533564,0,0.9995047867615332,GMM
10.470591,9.160309,0,0.9999160408770442,GMM
11.399149,2.500154,1,0.901497125831837,GMM
8.099285,9.416844,0,0.9820486450943241,GMM
13.544762,13.611722,0,0.8484370770659334,GMM
7.834137,5.6216884,1,0.9782220833645422,GMM
9.77925,10.813398,0,0.9997130934772501,GMM
12.62358,1.1748426,3,0.6624115286932354,GMM
10.914446,6.2401958,0,0.9371253084717908,GMM
11.840113,13.621096,0,0.9999392361917792,GMM
9.1174135,10.144565,0,0.995838183229303,GMM
11.668637,10.779209,1,0.4692894063129556,GMM
11.811453,3.5717237,1,0.5361938099342264,GMM
11.817372,10.707465,0,0.99342237052885,GMM
12.14791,2.2239065,1,0.9905286455603609,GMM
11.197759,-0.13699028,2,0.9999838113471882,GMM
11.749598,6.08469,1,0.5740628714720073,GMM
8.733956,8.737362,0,0.8673253496859223,GMM
12.18931,12.9180355,0,0.9996729186469767,GMM
8.301878,11.551574,0,0.9999738807312248,GMM
9.264211,0.32628185,1,0.9781253048020255,GMM
8.434265,10.655804,0,0.9893492118706734,GMM
11.132096,-0.3141082,1,0.9912912805795371,GMM
6.5046864,2.8966684,2,1.0,GMM
10.414222,9.786573,0,0.9972842357385429,GMM
10.413722,7.198628,0,0.9763114808436067,GMM
11.916706,12.493403,0,0.9996633571972794,GMM
9.223523,2.244694,1,0.9752821525149016,GMM
8.070565,4.80235,1,0.9581570769283894,GMM
9.951066,8.810766,0,0.7409251690971131,GMM
9.413053,9.5412245,2,0.9998005256936733,GMM
9.343775,6.8453774,0,0.9911310421164686,GMM
11.478028,-0.36021012,3,0.7588817184743795,GMM
11.453685,12.823305,0,0.9995941505992435,GMM
9.110896,2.932548,1,0.9814875748535218,GMM
11.546426,-0.08321162,3,0.7543346763702777,GMM
9.205843,4.6677446,0,0.6879186425582245,GMM
9.587319,2.8020866,1,0.9846191395091402,GMM
9.911328,6.1027536,0,0.7652495004966408,GMM
9.974568,4.583135,1,0.8779079168217758,GMM
11.259458,2.3023658,1,0.9551375042856867,GMM
12.169122,2.588005,1,0.7866303599712682,GMM
10.731099,0.54521996,1,0.9756492325661452,GMM
8.999149,-0.9178837,2,0.9972286585237609,GMM
9.877316,6.255897,0,0.9273238247698736,GMM
9.304653,7.2758594,0,0.9923557598889183,GMM
8.956484,-0.57273614,2,0.9921936639616545,GMM
6.508947,3.087509,2,0.999999996587551,GMM
12.387283,8.55253,0,0.9119222903116729,GMM
9.864458,7.712772,0,0.9853971531467361,GMM
12.59104,2.8908405,1,0.8450877057866137,GMM
11.005822,10.427873,0,0.9994634075405641,GMM
10.562859,8.795605,0,0.9993415915395356,GMM
9.9470415,5.5370865,1,0.8687517129010974,GMM
10.223537,4.884986,0,0.6834000089516425,GMM
10.976922,1.0430838,1,0.9653074335246385,GMM
10.506375,12.356726,0,0.9997579208672976,GMM
10.354716,6.9656672,0,0.9970694719992655,GMM
12.203352,3.0055811,1,0.9311641063369119,GMM
12.368398,12.937047,0,0.9986274901267121,GMM
8.348461,8.001479,0,0.9817525942837504,GMM
10.246135,1.9456375,1,0.9973374481275916,GMM
9.901132,-0.9017802,1,0.9548559606234157,GMM
10.279305,3.7547925,1,0.5048555833029033,GMM
5.405133,2.5135148,2,1.0,GMM
8.152147,11.565013,0,0.999997343091179,GMM
11.229905,1.0901735,1,0.9941776112724595,GMM
10.866952,9.789769,0,0.9687847557057419,GMM
11.472804,5.779848,0,0.92803651499389,GMM
9.597108,10.102374,0,0.9689484896716005,GMM
12.507682,9.878326,0,0.9627259951881149,GMM
9.193243,10.294593,0,0.9996382946406137,GMM
8.585244,-0.07411135,1,0.7525638603386982,GMM
9.44335,8.114974,0,0.9905849999262909,GMM
9.919776,4.668494,1,0.9016744024012089,GMM
8.714522,2.6313756,1,0.743740818404207,GMM
10.501273,9.774686,0,0.9986247052072104,GMM
9.715415,8.253014,0,0.9492414582219382,GMM
6.814834,10.206189,0,0.9999970520898832,GMM
10.396645,9.842935,0,0.999776488595395,GMM
9.576398,5.0396547,2,0.6507522758867054,GMM
10.195851,3.3497207,1,0.9949970322735433,GMM
10.103472,8.650412,0,0.9957145496969811,GMM
9.822879,6.771625,0,0.9989577373210335,GMM
11.736967,9.756418,0,0.7426380607212271,GMM
11.882733,10.059973,0,0.9973717967005405,GMM
10.957266,4.0073915,1,0.5056359410884468,GMM
9.037888,9.457383,0,0.998990252449732,GMM
13.39972,12.824735,0,0.9208282921335366,GMM
8.26376,7.374169,0,0.9692465553658021,GMM
10.465166,4.2183614,1,0.7112978859892264,GMM
7.7211924,9.756568,0,0.8166058000386122,GMM
13.207527,13.584705,0,0.9947256726373246,GMM
12.444287,0.9861119,1,0.9834822395605464,GMM
9.62569,6.9412613,0,0.999261809620813,GMM
10.778098,5.8575835,0,0.5643417040900365,GMM
11.551378,13.121199,0,0.9998894313218725,GMM
8.288957,4.327492,1,0.9971732215720264,GMM
11.660298,12.794784,0,0.9985698816553706,GMM
8.890093,9.451736,0,0.9943462726616802,GMM
10.430609,9.802869,0,0.9779313384994088,GMM
12.965128,12.695623,0,0.9950430027615758,GMM
11.131389,3.2915611,1,0.7889356340455934,GMM
8.953837,5.7233295,0,0.8388355063793187,GMM
11.805848,11.494365,0,0.9980411836580854,GMM
9.828409,9.779831,0,0.8881574043612365,GMM
9.891295,6.4210916,0,0.968312714448369,GMM
8.074411,7.8639574,0,0.7940372684001906,GMM
11.650934,4.5601206,1,0.9418317405992592,GMM
8.6044655,2.7557523,2,0.9988496437660728,GMM
8.190259,7.4366536,0,0.9794938099126251,GMM
8.821144,0.4049932,1,0.9922587917721379,GMM
10.37546,5.346958,1,0.5810605522327076,GMM
8.247298,6.283788,1,0.768706186395108,GMM
8.956588,7.341994,0,0.9824842924500128,GMM
10.634771,10.665703,0,0.9995673986898347,GMM
12.417424,13.291357,0,0.9998410002049928,GMM
7.7319283,6.779709,1,0.8816566954101408,GMM
11.996559,3.925069,0,0.7238450459610426,GMM
10.156817,6.7014613,0,0.9977654504527909,GMM
11.896167,2.9928472,1,0.9931586439783037,GMM
11.72121,-0.018019108,1,0.9608307925821714,GMM
12.880876,10.599775,3,0.9995773942931411,GMM
9.904217,4.625765,0,0.7747785521046142,GMM
9.502387,11.821943,0,0.999792819252525,GMM
9.996441,10.115203,0,0.9973061395326398,GMM
9.418762,-0.6260588,2,0.6160188790039395,GMM
10.332584,5.251279,0,0.9043391389525693,GMM
10.886725,4.1603575,0,0.7948195908069525,GMM
4.30887,2.2870476,2,1.0,GMM
11.442482,9.180381,0,0.9928866757217151,GMM
11.7922535,9.31773,0,0.991169406405754,GMM
9.825243,6.6820884,0,0.9646820420452477,GMM
8.99496,6.60133,0,0.9534211468091044,GMM
11.499404,1.5215576,1,0.9958259874680203,GMM
10.312869,1.4374373,1,0.9981816417719312,GMM
9.851762,7.615891,0,0.9756662080365853,GMM
12.774195,-0.57360226,3,0.9999999975555021,GMM
8.812278,-0.5926637,2,0.6740347377420294,GMM
10.13733,0.86841625,1,0.9934612226605981,GMM
11.893803,13.553685,0,0.9990423487283017,GMM
10.047393,11.207292,0,0.999905954666394,GMM
12.3224125,7.1709094,1,0.9830742923145369,GMM
13.613219,13.460841,3,0.6957812851196559,GMM
12.330854,0.600549,1,0.9513873897894888,GMM
10.646577,5.931317,0,0.7690611602338785,GMM
10.261664,-0.46031564,1,0.8859143128433112,GMM
10.470726,3.7749162,1,0.7152553114386871,GMM
8.929332,11.792674,0,0.996771974915734,GMM
11.418663,3.0532458,1,0.984246465981983,GMM
8.865117,7.1280484,0,0.9968929407688122,GMM
11.885732,3.9285367,1,0.9833904239369481,GMM
9.19101,3.1472921,1,0.9753489497784652,GMM
9.594265,5.3449583,2,0.841367048861369,GMM
9.226503,0.2314033,1,0.9571039544888381,GMM
10.413954,0.66036123,2,0.9762117919006369,GMM
10.645118,0.35799032,1,0.9958330949860942,GMM
11.702015,10.664886,0,0.9965286967428112,GMM
9.652547,10.9753685,0,0.9988905200589064,GMM
8.628385,3.4101622,1,0.9951436714751816,GMM
10.355392,1.244763,1,0.9974647322100791,GMM
9.056008,12.065055,0,0.9999793675365052,GMM
9.093232,1.2299626,1,0.9929221829514682,GMM
11.662422,-0.8178175,3,0.9998014735737135,GMM
7.580768,9.952016,0,0.7400391988263176,GMM
12.517398,2.6799276,3,0.8794114362328136,GMM
10.776964,5.5357447,0,0.9831663827898295,GMM
6.55186,9.705224,0,0.9999763498214345,GMM
9.924841,1.8214271,1,0.9743229709901954,GMM
11.578995,5.116306,0,0.7786880081581349,GMM
11.386733,7.679082,0,0.7998756115725861,GMM
12.823199,13.202416,0,0.99660316750378,GMM
8.004921,11.133142,0,0.9970133732094412,GMM
10.375461,5.792477,0,0.9717367902568683,GMM
7.7103643,8.833349,0,0.6237710961082793,GMM
12.183743,10.249138,1,0.8347951973307695,GMM
9.765985,4.5009823,1,0.5905999186001138,GMM
7.9291844,3.3561206,2,0.9870720906342279,GMM
11.165911,12.286424,0,0.997392471891863,GMM
11.029921,9.983356,0,0.9980911196717,GMM
11.965304,11.691442,0,0.9986104695962484,GMM
10.606197,11.857551,0,0.9996327886185243,GMM
9.583795,8.985315,0,0.9983745184060501,GMM
9.577053,5.827226,1,0.8238374518062728,GMM
12.07585,10.137339,0,0.9981205356847083,GMM
8.501359,2.6146798,1,0.9852694658454032,GMM
10.351885,2.3745203,1,0.9888705718704062,GMM
11.552899,7.001648,0,0.8730565268560337,GMM
11.643553,11.97314,0,0.9993917507807826,GMM
11.512224,3.8672724,1,0.6450133571881822,GMM
10.162574,9.436058,0,0.981630330618603,GMM
11.126441,10.512642,0,0.9996585121470138,GMM
7.41043,10.1049795,0,0.9989168760032712,GMM
12.634687,7.742047,0,0.8882943089837216,GMM
12.793738,11.327091,0,0.9968232228477708,GMM
10.601763,4.6386976,0,0.7959986787171767,GMM
9.596157,5.9035535,0,0.9888851448187184,GMM
9.170262,6.974995,0,0.9928072647610272,GMM
10.209031,1.812583,1,0.9679146783399976,GMM
9.109064,6.0681567,0,0.9510123293043856,GMM
12.355227,7.119937,0,0.8777832626439813,GMM
9.179285,2.4242659,1,0.9906743572755846,GMM
8.729865,7.4647274,0,0.9299446567300629,GMM
9.892194,12.025191,0,0.9998689634104762,GMM
11.940009,0.23801975,1,0.7680800552140709,GMM
10.322846,7.5328183,0,0.9961493716068756,GMM
10.823507,10.750738,0,0.9995191440170368,GMM
11.787657,9.92136,0,0.9981380552555452,GMM
8.823586,11.924347,0,0.9996392028076146,GMM
13.193976,11.573324,0,0.9671507055058098,GMM
9.359554,8.118328,0,0.9973919058046941,GMM
10.685145,1.1444572,1,0.9695946762427754,GMM
12.415915,13.461661,0,0.9997049418164593,GMM
5.1795425,2.4983351,2,1.0,GMM
10.864629,8.322005,0,0.9988286553090129,GMM
9.193953,8.377391,0,0.932246879744815,GMM
8.9891405,0.20104504,2,0.9999999953283716,GMM
10.576733,-0.4062863,1,0.9578067068373273,GMM
8.826726,-0.3391039,1,0.8742126401177596,GMM
13.105996,14.048958,0,0.9977899983969103,GMM
9.75552,1.0632571,1,0.9242767854323621,GMM
12.4566345,10.426049,0,0.9913176082381069,GMM
12.00792,0.9774558,1,0.9682323916200963,GMM
10.057741,7.149547,0,0.7761752590970687,GMM
10.205346,2.8358536,1,0.9838900930015886,GMM
8.610762,2.8134823,1,0.9664344828753658,GMM
9.482123,8.768655,0,0.9938947419828762,GMM
11.154516,3.7567165,1,0.5832474508276,GMM
10.979603,7.205072,0,0.9755277612863387,GMM
7.837768,9.785642,0,0.5290629976469388,GMM
10.911063,-0.7465267,1,0.663200146794306,GMM
8.662796,9.425019,0,0.9985867250632624,GMM
10.782716,3.5313232,1,0.9811280840849773,GMM
10.784328,5.3001657,0,0.8837459693287961,GMM
9.875408,5.1115675,2,0.9759933936081119,GMM
9.305555,9.947394,2,0.4985503310595904,GMM
10.590327,2.7753453,1,0.9676532273503365,GMM
12.118804,3.0690055,1,0.9939880562587583,GMM
12.440972,7.6875243,0,0.9802220439626338,GMM
12.315546,7.2495522,0,0.9458219920412126,GMM
11.350297,5.3763256,0,0.9268927722116526,GMM
12.256548,1.7398192,1,0.9843982286478,GMM
8.527733,9.123794,0,0.9978741033580416,GMM
8.675532,0.45133722,1,0.9528457306300369,GMM
12.2585125,0.19945624,1,0.6147433965522497,GMM
9.067544,8.574613,0,0.9972067717407855,GMM
5.838135,2.6722777,2,1.0,GMM
9.159415,4.090743,1,0.9625264396806178,GMM
8.6007395,9.4090805,0,0.9543300380387614,GMM
11.83328,11.988411,0,0.9862934229688655,GMM
11.457938,8.96073,0,0.9935538876017496,GMM
11.330153,10.758407,0,0.9998177686194903,GMM
8.835749,-0.62697446,2,0.9847768069508614,GMM
11.825076,11.320528,0,0.9807861979563948,GMM
7.3831005,9.517409,0,0.9825512820573601,GMM
12.948828,10.772426,0,0.9276828881252197,GMM
7.3365993,3.2464814,2,0.997396973750787,GMM
11.404914,0.3769571,1,0.9952187473839587,GMM
7.738511,5.9442263,1,0.6456693570701484,GMM
8.99781,2.0242465,1,0.9947865014105316,GMM
10.006016,3.779832,1,0.9759158704763529,GMM
7.933526,10.200441,0,0.687598143736,GMM
11.218736,10.111529,0,0.9990690506635715,GMM
8.090267,10.85697,1,0.7524227046776689,GMM
12.890641,11.404981,0,0.9940494903198239,GMM
9.360618,7.065384,0,0.9657809928448052,GMM
10.063493,2.833947,1,0.9890144133555586,GMM
11.431984,11.723205,0,0.9997121315965326,GMM
11.258835,11.665197,0,0.9966220279062625,GMM
13.250632,11.75965,0,0.9952516084812193,GMM
10.616977,1.8079424,2,0.863759507813214,GMM
8.493829,9.816416,0,0.9446574023587244,GMM
12.804378,12.135277,0,0.996486948622547,GMM
10.185323,10.797944,0,0.9995047337543612,GMM
8.775831,8.716991,0,0.7725532546437547,GMM
10.848101,10.220132,0,0.9987812330836778,GMM
7.89775,9.321595,0,0.9892108425109452,GMM
9.07055,4.6766033,2,0.9839935191032836,GMM
10.867405,0.6856848,1,0.9848935839266654,GMM
8.5362015,0.26991442,2,0.8415391903192436,GMM
12.735674,13.926235,0,0.9993636951733561,GMM
10.394826,11.090917,0,0.9999521413437725,GMM
10.701812,10.740136,0,0.9977675224455825,GMM
11.007339,11.009136,0,0.995474999609254,GMM
11.9064455,13.683279,0,0.9999971346666471,GMM
9.512901,4.692915,1,0.5138188925324226,GMM
11.813757,12.345634,0,0.999928875681657,GMM
11.437157,4.140822,1,0.8116703589937668,GMM
11.334418,8.927128,0,0.7103210450522057,GMM
11.069545,8.6611595,0,0.9088063408535171,GMM
12.711889,13.909629,0,0.9997149346414916,GMM
9.075742,1.0236955,1,0.9915412746103314,GMM
8.686456,2.5802038,1,0.9898352427252377,GMM
10.518518,8.286986,0,0.9998044662947938,GMM
11.227953,4.892616,0,0.6913764419870589,GMM
12.017568,0.90997016,1,0.8334122710721508,GMM
11.629471,11.465091,0,0.9991679098114906,GMM
11.867794,11.384609,0,0.9981846540602404,GMM
9.8972,5.631391,0,0.7131444081272623,GMM
8.412328,3.4891047,1,0.9129315902809849,GMM
12.89905,1.1868802,1,0.8240061320844538,GMM
12.495449,10.105351,0,0.9443217974406798,GMM
10.081781,6.9135222,0,0.9991624098539253,GMM
11.370799,7.7695103,0,0.9348005998154172,GMM
9.045875,0.9333642,1,0.9354209164831856,GMM
9.508706,2.4597435,1,0.9713852880742903,GMM
12.108659,2.5863087,1,0.9939761215282691,GMM
10.506133,12.470666,0,0.999911555644264,GMM
9.001395,9.958641,0,0.9969672471397596,GMM
10.098979,9.380854,0,0.9990092146557695,GMM
12.783674,13.41206,0,0.9931783632818627,GMM
8.627355,11.454067,0,0.9984484289206288,GMM
11.135833,-0.22819126,1,0.9594250273871725,GMM
10.447262,9.857069,0,0.9998836738490211,GMM
11.223381,0.45511684,1,0.9162646566929957,GMM
10.415902,6.513205,0,0.9845577360487396,GMM
12.312807,0.056870926,3,0.5146573297946692,GMM
9.32443,0.44312936,1,0.9855681889540664,GMM
13.060755,11.191666,0,0.9850302324696965,GMM
8.404935,8.629122,0,0.9918165198708226,GMM
11.291105,11.886975,0,0.9999769508223864,GMM
7.723631,10.173655,0,0.9990298524316572,GMM
8.554835,10.080962,0,0.9976331164689486,GMM
7.691644,9.411881,1,0.8492338753065175,GMM
8.639932,2.0219276,1,0.9515136016243326,GMM
9.624997,7.0410876,0,0.9989772633524772,GMM
11.926368,13.652248,0,0.9999856598188789,GMM
10.278152,6.6648602,0,0.999458684816228,GMM
8.444174,6.904289,0,0.9970343797569946,GMM
7.9419184,7.5728455,1,0.5518663797113854,GMM
10.512826,10.345622,0,0.9998345608533903,GMM
9.651733,11.748777,0,0.9998544656171967,GMM
10.473429,10.939476,0,0.9981712154120632,GMM
8.000653,8.754745,0,0.9394695791838396,GMM
10.810752,0.4594257,1,0.8007839415458483,GMM
7.8572526,6.3337207,0,0.9666678292019006,GMM
11.321508,4.403973,0,0.5361513568513309,GMM
8.423548,4.2315297,1,0.9549666480491847,GMM
9.961137,6.7676005,1,0.5099558544934477,GMM
10.15637,6.824661,0,0.9965258921341835,GMM
12.394866,10.245038,0,0.8493473592593808,GMM
10.1782675,9.302058,1,0.9388197223375315,GMM
9.842769,0.9103242,1,0.9927277088515474,GMM
8.721167,9.882426,0,0.9978298307093307,GMM
9.382312,1.1780273,1,0.9896433472488194,GMM
9.74893,-0.9465361,3,0.9999902999412642,GMM
9.667237,3.4112587,2,0.6102515825856699,GMM
8.531798,9.234896,0,0.9994098031992104,GMM
8.740571,8.044432,0,0.9106902686870328,GMM
10.345784,8.241091,0,0.9879796766773425,GMM
8.963498,2.288666,1,0.9972657907406741,GMM
12.292776,1.0550822,3,0.999791848196867,GMM
8.037267,8.457861,0,0.9391879836040091,GMM
11.5814,10.929065,0,0.995580562884413,GMM
12.496236,12.150499,0,0.9994390840662368,GMM
6.7388206,3.1147532,2,0.9999999999997389,GMM
8.808264,7.7459245,0,0.9989099450820347,GMM
10.878455,7.516547,0,0.9430408891821568,GMM
9.691859,9.66425,0,0.6457577681511045,GMM
9.95366,3.273075,1,0.9691474493516186,GMM
11.199879,3.6265273,1,0.7777519182825151,GMM
12.50492,9.416805,0,0.9869941545154851,GMM
10.002069,0.73024654,1,0.9732055295359143,GMM
10.758892,3.5854378,1,0.9531320033347289,GMM
11.323027,2.9607024,1,0.8976917533951912,GMM
10.2153015,6.4222026,0,0.863887489662613,GMM
10.4770565,0.23790173,1,0.9967294332768587,GMM
10.321389,4.6634116,1,0.8558102348476991,GMM
9.195977,4.8911204,0,0.7028126753353374,GMM
9.417593,2.75353,1,0.9940057716110909,GMM
9.148855,6.1706085,1,0.5145742144910467,GMM
10.452991,5.741946,0,0.945537024536613,GMM
9.35531,9.577461,0,0.9929132333734763,GMM
9.963343,0.071371555,1,0.983385357350582,GMM
12.475501,9.461385,0,0.9366861595947258,GMM
10.750928,1.8362907,3,0.959608856317729,GMM
8.442468,-0.10634793,1,0.7743846322142011,GMM
9.736953,0.97022057,1,0.9560474854068671,GMM
4.3917046,2.3165343,2,1.0,GMM
10.052876,1.8341552,1,0.9779839060119766,GMM
10.290438,3.4194462,1,0.976846386607472,GMM
12.097141,10.798247,0,0.985458552732734,GMM
12.8215885,0.51587945,1,0.6323780178730348,GMM
12.035031,12.950243,0,0.9995088588158502,GMM
11.421466,11.445154,0,0.9996388938368871,GMM
9.632437,7.110699,0,0.8922498613045795,GMM
11.015725,12.430047,0,0.9999166055133627,GMM
10.211837,5.7436795,2,0.9980973607434237,GMM
12.089906,2.7685347,1,0.8660990622654061,GMM
8.876913,7.0596805,0,0.9896167765776002,GMM
10.198464,3.21212,1,0.9892786540207326,GMM
9.882274,11.531142,0,0.9997120835936905,GMM
11.058689,2.1787522,1,0.9977676138859018,GMM
12.557475,12.503242,0,0.9987115659463839,GMM
12.74924,13.331557,0,0.9994482373914676,GMM
9.643908,1.7045397,1,0.988830393182693,GMM
10.825835,11.199789,0,0.9806056471606057,GMM
12.597984,9.950906,1,0.8546305214468992,GMM
8.578192,-0.6304129,2,0.902960869186586,GMM
11.45454,11.747597,0,0.9998310384407398,GMM
10.603727,10.848983,0,0.9998499272035557,GMM
9.311661,1.4509776,1,0.9250964389281439,GMM
10.66987,2.1376793,1,0.9980413012370724,GMM
9.593739,0.31533787,2,0.9463988806296534,GMM
8.458129,11.3189335,0,0.9996755229514781,GMM
9.478659,9.584641,0,0.9971774861684211,GMM
12.878861,10.562872,0,0.9842263611197507,GMM
7.6000714,10.734162,0,0.99859875771017,GMM
10.871593,4.413268,1,0.8471299954985464,GMM
8.30081,11.095638,0,0.9958319916932666,GMM
9.853599,10.636531,0,0.9868487195174542,GMM
9.58653,0.67023367,1,0.8723530005626227,GMM
10.919546,0.094824456,1,0.6953023208883561,GMM
8.393754,10.238429,0,0.9254987159752159,GMM
10.778946,9.90813,0,0.9824044305948662,GMM
11.4237385,4.487963,0,0.53202450612452,GMM
11.74189,10.767606,0,0.7557664119095445,GMM
11.524484,7.986319,1,0.9848659169639166,GMM
6.0348463,2.8126822,2,1.0,GMM
7.23346,9.317404,0,0.9967958939451451,GMM
10.788214,2.2986453,1,0.9458656804773455,GMM
8.89055,5.656373,1,0.9631865873716103,GMM
10.547097,7.9915066,0,0.9996072522917072,GMM
8.6700115,-0.41472948,1,0.9316291893518666,GMM
11.009712,7.135079,0,0.8027506494076303,GMM
8.592585,4.04994,1,0.9396763957366429,GMM
11.424524,-0.7211754,3,0.9985165057038702,GMM
13.270426,11.882583,0,0.953530999504447,GMM
8.8341,10.271664,0,0.9997685500003645,GMM
12.634516,1.8620054,1,0.5982311339176585,GMM
11.916471,2.5576286,1,0.9936477297595784,GMM
11.511298,7.171298,0,0.7505779177840388,GMM
12.321751,9.827325,0,0.9383823608796834,GMM
10.9433155,10.439551,0,0.9986850758138659,GMM
9.62931,6.1942835,0,0.9845455337661428,GMM
8.451802,7.7731752,0,0.9620142457291914,GMM
8.826362,6.883334,1,0.5080925668552005,GMM
9.784785,0.54438096,1,0.9825753712446145,GMM
11.790168,7.781798,1,0.6069541101968083,GMM
13.18911,12.665992,0,0.9903401855803329,GMM
10.532534,8.685698,0,0.9964471691578017,GMM
8.811026,0.85855937,1,0.9734136124730733,GMM
10.894905,11.973359,0,0.9998236550072587,GMM
8.616163,8.309501,0,0.9965733884081014,GMM
9.92761,4.8467183,0,0.540409066739892,GMM
10.784391,1.9084506,1,0.9906834421436436,GMM
13.525811,13.330102,0,0.9507819876510619,GMM
10.670084,1.6806101,1,0.9855607008921142,GMM
8.486769,1.8510815,1,0.9769061178277104,GMM
9.038083,6.276791,1,0.8094862433442627,GMM
10.200477,3.8413203,1,0.9297194576530596,GMM
10.379774,10.057734,0,0.9987755225238601,GMM
11.908718,9.325969,0,0.9808449767799347,GMM
10.811041,7.9828115,0,0.9551317857015612,GMM
11.126709,10.762731,0,0.9999383954474553,GMM
10.421982,9.674696,0,0.9992804930936285,GMM
12.394333,-0.58428407,3,0.8221132728500231,GMM
11.064684,7.283449,0,0.9775549307939894,GMM
9.371552,3.0244012,1,0.9807433451117754,GMM
12.390535,2.8559635,1,0.9666422831810931,GMM
10.618534,2.9540915,1,0.9445862321439167,GMM
11.186623,13.159121,0,0.9999570860623355,GMM
11.630063,1.6727679,1,0.997869994937599,GMM
10.794611,9.90894,0,0.992732860416599,GMM
11.707403,7.4777904,0,0.9091760842967274,GMM
9.004707,6.258902,0,0.9809013242793516,GMM
10.627309,3.5123737,1,0.9564096969239927,GMM
11.622524,3.0713289,1,0.9939131254090949,GMM
8.776491,9.790976,0,0.9394984248872195,GMM
11.776879,6.211869,0,0.9019947895752833,GMM
9.962774,2.2355108,1,0.9882288255709043,GMM
8.189065,10.60059,0,0.9982145108759312,GMM
10.5602665,8.2775135,0,0.9998195721960739,GMM
12.163289,10.62118,0,0.9983004689221788,GMM
12.120652,9.877448,0,0.9970325998090914,GMM
13.020321,10.673632,0,0.9882983621242125,GMM
11.594823,4.361775,0,0.5256545348461604,GMM
12.720753,0.3899184,3,0.7218701668206297,GMM
11.971706,-0.8679862,3,0.9999799795886809,GMM
9.85317,5.482825,0,0.8824650038810276,GMM
10.466188,8.898486,0,0.997014441962006,GMM
12.21976,8.350353,1,0.825832007494213,GMM
11.066537,12.198583,0,0.9999146487893938,GMM
10.011301,8.281295,0,0.9682360902075466,GMM
9.087969,2.0728483,1,0.9912882799321147,GMM
9.842168,0.9171651,1,0.9843654351378283,GMM
8.3670845,6.987678,0,0.9838509305081783,GMM
10.406434,8.946115,0,0.9993981703413607,GMM
9.230278,9.995063,0,0.9890409314585248,GMM
8.790115,8.348834,1,0.8583945184951236,GMM
10.773533,6.3470078,0,0.9997725485807926,GMM
9.814247,9.571368,0,0.9988557130380067,GMM
8.64902,4.798541,1,0.9883981433714967,GMM
11.496578,11.643879,0,0.9987705578952843,GMM
10.378376,9.149111,0,0.9985491352066594,GMM
12.505568,7.1276283,0,0.5772744838263068,GMM
9.81675,7.7904816,0,0.9636250329156529,GMM
8.272668,7.7172084,0,0.9645366274811918,GMM
12.522255,0.982122,3,1.0,GMM
10.465926,6.073295,0,0.98791727017572,GMM
10.726588,2.7161589,1,0.9938450323119647,GMM
12.088511,10.345378,0,0.9948102588680285,GMM
10.425981,2.827821,1,0.9573666280452212,GMM
9.090835,9.751042,0,0.9978795354963134,GMM
12.754331,13.850648,0,0.999794596841324,GMM
10.794545,7.4469857,0,0.8537798820920428,GMM
10.641173,6.9651995,0,0.8079127380756189,GMM
11.898836,12.5687475,0,0.9998332277392834,GMM
7.934655,10.173946,1,0.9485670296009084,GMM
8.616023,4.5879297,1,0.9513409187627666,GMM
7.8264127,9.348734,0,0.9630617035746851,GMM
10.722855,1.3095121,1,0.9960056281382307,GMM
9.593649,5.287661,2,0.9999999999999236,GMM
8.701719,11.861793,0,0.9999674175074607,GMM
8.255081,5.3737383,1,0.6148373012867909,GMM
12.7082815,9.605965,0,0.9387642510493296,GMM
6.535201,2.8829675,2,0.9999999999999787,GMM
8.734372,9.655368,0,0.9891772660213893,GMM
8.605137,7.6609497,0,0.948291943067477,GMM
8.4872875,3.5316868,1,0.9790649903709369,GMM
12.63387,10.519356,0,0.9878001735355347,GMM
7.8431263,6.1689653,0,0.973563225069775,GMM
8.661011,8.431635,0,0.9896873801672555,GMM
11.410745,7.113949,1,0.9439233939735457,GMM
4.5644603,2.3777492,2,1.0,GMM
11.5698595,-0.44203907,3,0.9344004115731055,GMM
11.383231,9.3973255,0,0.9741211016412635,GMM
9.913224,0.4316764,2,0.9998727920086943,GMM
9.91568,0.39065105,1,0.9935629004551044,GMM
11.314237,-0.20191923,1,0.982543978155817,GMM
8.601429,2.6691866,1,0.9899972064495957,GMM
12.560021,-0.30812907,3,0.9964598050599516,GMM
9.73102,7.307142,0,0.999224602327396,GMM
12.077324,7.2910447,0,0.8596226356766807,GMM
10.196539,8.344196,0,0.9998000932267556,GMM
10.923602,4.71227,0,0.5550459506692214,GMM
11.775946,6.382132,1,0.8844049698484892,GMM
10.105473,5.9297333,0,0.9540635837374168,GMM
10.025688,9.009993,0,0.9978421195154228,GMM
9.818236,5.8661084,0,0.9477522679713014,GMM
8.470368,4.4371314,1,0.9543716371866182,GMM
12.012709,7.424601,0,0.9753049298005548,GMM
10.511772,0.740996,1,0.9752141137018856,GMM
6.7830305,9.0390835,0,0.9977735762860365,GMM
11.220017,0.11769996,1,0.9953083977196228,GMM
8.361855,9.820035,0,0.9845080045568058,GMM
11.394556,1.5696355,1,0.9977464998240866,GMM
8.765939,5.903655,1,0.7864237880595365,GMM
10.267109,5.304737,0,0.6476046531154523,GMM
6.2800117,2.8584604,2,1.0,GMM
11.020265,2.2536945,1,0.9953103128717187,GMM
8.508696,10.158773,0,0.9860629787397427,GMM
10.615343,8.877959,0,0.9973724324056156,GMM
9.572964,10.93444,0,0.9958659131472265,GMM
9.996234,5.8303065,2,0.5831326434544547,GMM
10.4346,2.542693,1,0.9894803336348466,GMM
8.541512,-0.45600316,2,0.9220690571764442,GMM
11.152686,1.1882213,1,0.97983002845486,GMM
10.648225,11.515182,0,0.9992927347300131,GMM
9.667809,6.0300875,0,0.9902212896413939,GMM
10.608516,2.3104317,1,0.9897331896256928,GMM
10.254867,10.018919,0,0.9998033314121878,GMM
8.640269,8.9093275,0,0.9991265008071029,GMM
10.244891,9.893683,0,0.9966961828733378,GMM
11.158405,-0.76701605,3,0.9789056406886689,GMM
10.281551,9.339691,0,0.999276702749849,GMM
11.77133,2.2656314,1,0.9486262027472498,GMM
10.26228,8.004419,0,0.9885050875051331,GMM
13.674697,13.588591,3,0.8021219002298461,GMM
13.198161,12.448583,3,0.9100728942553379,GMM
12.753238,-0.40756115,3,0.9956088821361053,GMM
10.996412,2.5661092,1,0.9909122245228127,GMM
11.531218,11.520094,0,0.9899210116199337,GMM
8.500803,-0.5772808,2,0.9917665274937887,GMM
11.72492,4.380624,0,0.6333778781071506,GMM
8.995646,6.3789,0,0.9862568932441498,GMM
12.49191,13.8691025,0,0.9996650738407545,GMM
7.5593214,8.44607,0,0.8049052538080257,GMM
9.475649,1.8970902,1,0.9975353575381015,GMM
7.798442,6.3898726,0,0.9506339944587036,GMM
10.881501,11.35296,0,0.9999587922301516,GMM
11.108636,0.72013724,1,0.9624753664270442,GMM
12.817178,11.213371,0,0.997178257395948,GMM
8.512451,10.031756,0,0.9995816561733595,GMM
7.938127,10.385139,0,0.9491313124336634,GMM
8.898725,11.089668,0,0.9994557181763879,GMM
7.2197547,9.158714,0,0.9513593358808735,GMM
12.55673,10.511468,0,0.9945990502102786,GMM
9.24457,4.9945908,0,0.5398705092104777,GMM
8.685243,9.4061775,0,0.8493988793092365,GMM
12.333609,2.0831094,1,0.9948468928250777,GMM
6.548194,2.9069417,2,0.9999999999871978,GMM
10.704579,5.3080688,0,0.7988731060148863,GMM
12.758542,2.335696,1,0.9623317982553202,GMM
12.765312,-0.57518613,3,0.999928028467145,GMM
12.447677,2.4995444,1,0.899034966891189,GMM
10.733089,5.202756,0,0.8534336338273226,GMM
7.1131363,9.572609,0,0.9979986712077035,GMM
9.8860655,10.693774,0,0.9951387950710998,GMM
7.6693954,10.177377,0,0.9800972106916408,GMM
13.022176,0.86010766,1,0.8023178488341731,GMM
9.17983,4.4839993,1,0.9412435410036514,GMM
11.4108095,1.9842083,1,0.96953330772149,GMM
8.262701,9.085872,0,0.9920970953112013,GMM
11.895635,11.656602,0,0.998464887887844,GMM
12.052788,12.965007,0,0.9986101619992778,GMM
9.036999,6.330482,0,0.9939816536215705,GMM
9.85879,0.12387399,3,0.9155437964345025,GMM
9.18369,9.602849,0,0.9970604717664237,GMM
9.230844,0.102927215,1,0.8735361536791866,GMM
8.510291,4.593192,1,0.6165004471625818,GMM
11.020234,9.134049,0,0.9987886614329808,GMM
9.800764,8.712707,0,0.9989334247255486,GMM
8.196618,9.175369,0,0.9583279001680295,GMM
10.316693,5.5547385,0,0.9336990380668666,GMM
11.427402,12.18746,0,0.9992621989319513,GMM
10.653225,5.4104214,0,0.7059020411883872,GMM
11.82102,1.5830553,1,0.9883775895109337,GMM
11.242807,3.1503623,1,0.6259352530774587,GMM
11.178677,12.400444,0,0.999881135881448,GMM
13.205518,10.242207,1,0.6794377664940834,GMM
10.173262,8.391308,0,0.9504978140028694,GMM
9.443222,0.10674361,1,0.9919923756201723,GMM
11.770628,1.6822765,1,0.9815661452616458,GMM
7.0670085,2.7285388,2,0.9999999803473563,GMM
8.685496,11.241063,0,0.999341466129395,GMM
10.410384,6.7613907,0,0.986760570048401,GMM
6.3831706,2.835216,2,1.0,GMM
13.172688,12.627609,0,0.9994140919597225,GMM
6.4721437,9.706186,0,0.9999997322781894,GMM
9.586569,6.081914,1,0.6299679128574203,GMM
8.067605,3.1716614,2,0.9999937515067747,GMM
12.733345,1.9606575,0,0.890213809947884,GMM
8.650893,3.3201241,1,0.9975989709826718,GMM
8.498694,2.0286064,1,0.9710532851353545,GMM
9.6188755,3.3709774,1,0.9450678524781752,GMM
12.183009,13.197876,0,0.9992541408579149,GMM
12.214265,2.3302753,1,0.7481883048531568,GMM
11.492518,3.4642832,1,0.8252627005181598,GMM
10.017532,8.642195,0,0.9950275919465792,GMM
7.976423,5.8075037,0,0.9944540722046057,GMM
9.162665,7.019691,0,0.9926988083105469,GMM
10.455186,11.194912,0,0.4805738177543063,GMM
8.524998,1.3423841,2,0.9980162737823057,GMM
10.175497,2.419499,1,0.9958924898254866,GMM
12.480791,-0.5579522,3,0.7511449587713429,GMM
11.484505,5.484642,0,0.8708636191242551,GMM
10.377717,10.124249,0,0.9993141321369688,GMM
9.130408,1.8241001,1,0.9520197281387132,GMM
13.494461,13.386542,0,0.9141103953329279,GMM
12.648904,2.3529224,1,0.9590294211097631,GMM
12.072554,3.5079734,1,0.5142562640333576,GMM
10.7392235,2.4086778,1,0.9816275988310436,GMM
13.050936,13.78494,0,0.9993067038805644,GMM
10.776907,7.363155,0,0.9830935714476055,GMM
11.307927,3.8911667,1,0.5714448199489766,GMM
9.140628,5.159079,0,0.781052908399679,GMM
12.259427,9.912538,0,0.9332645428725542,GMM
12.182287,2.3104837,1,0.9901146998634207,GMM
10.6868105,4.06647,1,0.8422342058622515,GMM
6.757777,8.99982,0,0.998364430516472,GMM
8.646903,3.3220515,1,0.9952096858009555,GMM
12.604272,11.867894,0,0.9951330426566296,GMM
10.002438,1.2008592,1,0.995105667564191,GMM
9.802835,-0.5339711,1,0.5923340865975918,GMM
8.805507,4.262066,1,0.9643609621197803,GMM
12.242838,13.057311,0,0.9979031109955557,GMM
11.777754,10.408337,0,0.9956448216267211,GMM
6.980339,2.8384473,2,0.9999999999999982,GMM
8.56979,7.929261,0,0.7025929725702772,GMM
7.4345856,9.89911,0,0.916317460141504,GMM
9.741871,5.1902814,0,0.7308481484776701,GMM
10.784598,10.96308,0,0.9998867033367084,GMM
8.205219,5.893695,1,0.6860398484454558,GMM
12.83955,0.7561006,1,0.8748877121770886,GMM
10.579937,7.441232,0,0.7026217821403493,GMM
12.963982,12.890848,3,0.9839118211782973,GMM
10.119786,3.5217624,1,0.7627419207689824,GMM
8.3845625,1.7228031,3,0.9904190039806728,GMM
13.080642,10.78477,0,0.4744444861187328,GMM
8.760132,0.19090499,1,0.9362729661804446,GMM
7.9368844,9.346647,0,0.9960218232102124,GMM
9.036177,5.347579,0,0.3748117762650001,GMM
10.052964,8.56496,0,0.9981203967110448,GMM
10.864141,11.284222,0,0.9214258779517084,GMM
10.167627,-0.74783814,1,0.9926986684818222,GMM
10.157168,3.6944394,1,0.8659379693421912,GMM
12.189036,3.5973055,0,0.7260598782979539,GMM
5.291605,2.5576708,2,1.0,GMM
12.268636,-0.5342856,3,0.8027029967407256,GMM
11.053381,8.630439,0,0.9577569484711231,GMM
8.420167,-0.15175433,2,0.9999792425464259,GMM
10.164336,7.2631764,0,0.9960642863887613,GMM
11.6043415,0.16468659,1,0.9763054414900728,GMM
9.587749,9.014943,0,0.9990859246686771,GMM
12.948327,9.712393,0,0.8353030076991548,GMM
9.6753,-0.0752261,1,0.9938617604573605,GMM
11.135213,4.2604656,1,0.9086249057250059,GMM
9.781974,3.3980699,1,0.9825119000092201,GMM
10.970212,12.667989,0,0.9999323107926499,GMM
10.1300335,7.905558,0,0.9922298075933536,GMM
8.072371,6.3762927,0,0.5960123446994848,GMM
10.602448,11.974323,0,0.9999174028791874,GMM
12.284742,10.152426,0,0.9942499327316925,GMM
10.155899,8.81996,0,0.9981290888470874,GMM
11.777151,12.569495,0,0.999772546190523,GMM
12.415086,0.9961117,3,0.9577322721771512,GMM
9.013076,2.8779142,1,0.9441622695503579,GMM
11.995248,13.741193,0,0.9999647827995568,GMM
8.903215,-0.03147451,2,0.9998869365321403,GMM
9.719747,1.2574021,1,0.986476056513787,GMM
8.080156,6.897511,0,0.9251435257955843,GMM
12.652086,10.035079,0,0.8623826892587656,GMM
8.752099,1.9006172,2,0.9943603014408662,GMM
9.884382,8.770778,0,0.9985635540691375,GMM
11.331543,9.16872,0,0.9562123961366581,GMM
7.62376,9.920468,0,0.9850393162710226,GMM
9.344817,-0.5812122,1,0.7738526615980628,GMM
12.397637,2.5538237,1,0.5547134595468893,GMM
9.7112055,1.2485223,1,0.9126352761254389,GMM
11.82413,12.695072,0,0.999846477050645,GMM
9.195032,8.4287815,0,0.9973048256747042,GMM
11.476354,2.8188417,1,0.9665869108540384,GMM
7.5244594,8.932473,0,0.9929402444545352,GMM
9.458685,9.049765,0,0.9966154634350435,GMM
9.6792,7.4665027,0,0.9794985298076546,GMM
12.153555,10.474987,0,0.9982900245321951,GMM
8.578283,6.366079,2,0.9693093481635027,GMM
9.578384,2.7393653,1,0.9738527771673682,GMM
7.7286367,10.80456,0,0.9918366987343198,GMM
8.313063,10.612695,0,0.991390051755296,GMM
10.086504,8.684311,0,0.9808291997626667,GMM
8.889237,11.837917,0,0.9999990626590544,GMM
11.434879,1.6871643,1,0.9973207364514692,GMM
7.753365,9.252291,0,0.994762088504653,GMM
11.757505,2.2284892,1,0.9423301331963465,GMM
10.745833,8.051649,0,0.9399196104569607,GMM
9.087936,3.2196674,1,0.9888479464646307,GMM
9.917752,12.38954,0,0.9999665592807349,GMM
8.61984,0.3717437,1,0.7530652234430988,GMM
9.597567,8.909358,0,0.9996346850236716,GMM
10.352466,1.520246,1,0.9966216101308069,GMM
11.794627,7.263299,0,0.9122885025267031,GMM
12.379241,12.577212,0,0.9919183404957529,GMM
9.748475,-0.3560747,1,0.9831843263624956,GMM
9.264653,1.2538646,1,0.8997985482106915,GMM
10.538976,5.206701,0,0.9038571312082979,GMM
11.093901,3.9121473,0,0.5457702592538972,GMM
7.8180127,10.194373,0,0.6689677078900769,GMM
9.3775425,8.546319,0,0.9972052451830414,GMM
10.083836,10.910911,0,0.999923378132187,GMM
10.706695,10.246149,0,0.9985219698615176,GMM
12.435575,3.3365839,0,0.7894461427666988,GMM
9.022502,6.567705,0,0.8925644262227745,GMM
12.382254,-0.28177834,3,0.9335604692561651,GMM
10.593973,6.5575156,0,0.9391367362598892,GMM
10.195361,8.367806,0,0.992513343833993,GMM
9.787101,11.78737,0,0.9998149645004505,GMM
11.421248,-0.35344374,1,0.9820757671780418,GMM
8.158629,11.248228,0,0.999963134510506,GMM
8.91582,10.3933735,0,0.9984885773538995,GMM
10.77091,6.4145036,3,0.9999999987162163,GMM
10.369579,7.3042974,0,0.9835765330195634,GMM
10.058107,11.658578,0,0.9995639005894728,GMM
10.2622795,6.520208,2,0.924560620752156,GMM
10.809353,10.429163,0,0.9986773035732761,GMM
8.655374,-0.57225454,2,0.8763227690654146,GMM
8.587949,11.530494,0,0.9998864895201971,GMM
10.720492,7.116166,0,0.9840458035303032,GMM
10.464941,0.099217124,2,0.8863378888678153,GMM
10.662714,11.723884,0,0.9995762225601056,GMM
8.67519,4.0918164,1,0.993463024775645,GMM
11.376454,-0.26794228,1,0.9792981384428057,GMM
11.880088,9.728137,0,0.9722958742015074,GMM
12.773964,-0.44801906,3,0.9999590080903886,GMM
11.107823,11.442019,0,0.999549979979539,GMM
8.559584,10.136207,0,0.9953957888420245,GMM
8.609552,6.592078,1,0.8395603032162112,GMM
12.586014,-0.68211454,3,0.9999999956616676,GMM
11.394275,4.1356907,0,0.5815904677731076,GMM
10.766196,2.0254378,1,0.9774617604885598,GMM
11.494743,10.482717,0,0.9998482547719493,GMM
8.044497,10.07359,1,0.4876645714506217,GMM
11.907276,2.5165899,1,0.8936570402180894,GMM
10.621118,6.325596,0,0.9969588976353042,GMM
8.499623,7.263915,0,0.984067736615754,GMM
9.573634,8.937017,1,0.8242872025985583,GMM
8.348085,7.508793,0,0.8884531410488512,GMM
11.528302,6.1165524,0,0.8645047160191858,GMM
8.799378,-0.29554227,1,0.9864792552000385,GMM
10.72491,2.558802,1,0.9940185674813131,GMM
10.4002,7.372008,0,0.910376643824582,GMM
7.7308254,7.9499135,1,0.8072518364036201,GMM
8.492869,9.646745,0,0.9649123487736492,GMM
10.265735,5.456596,0,0.9406725047952493,GMM
9.198771,0.76861626,2,0.7970654933153383,GMM
11.485727,11.265081,0,0.9997218779060654,GMM
10.691885,7.550327,0,0.970279125954975,GMM
12.163989,13.54478,0,0.9998609168248029,GMM
8.34627,9.887589,0,0.9902866042105996,GMM
12.476863,10.374321,0,0.997496079142242,GMM
11.149273,4.9020643,0,0.6632038277350835,GMM
8.749334,2.9253395,1,0.9719081638793016,GMM
8.913886,6.778622,0,0.5427344367503645,GMM
9.609369,2.967036,1,0.7610822308806008,GMM
11.022011,2.0160697,1,0.9905639604874354,GMM
11.339161,3.0463004,1,0.9819338345873715,GMM
12.1097975,10.293459,0,0.5998949792210945,GMM
7.073971,8.276141,0,0.9228129815161263,GMM
11.655388,2.0325642,1,0.9943988969626533,GMM
10.809196,4.338146,1,0.9239530397109977,GMM
12.66962,11.297064,0,0.9947102758808444,GMM
10.775877,11.55864,0,0.9947412576248359,GMM
7.8803196,6.3805966,0,0.9334382622056873,GMM
7.771458,10.25801,0,0.9982689387477367,GMM
11.577327,1.6411268,1,0.9915466335232686,GMM
8.628163,5.694887,2,0.9629449190237838,GMM
11.031166,7.1076636,0,0.8990862735465313,GMM
11.416716,11.345889,0,0.9998282623288767,GMM
10.579213,0.47770554,1,0.9938278188028925,GMM
12.3251505,10.865769,0,0.9968323458888723,GMM
12.448171,-0.3365123,3,0.8959188604136845,GMM
10.63266,7.526653,0,0.9991434983089088,GMM
9.126999,7.356946,0,0.9616641278278729,GMM
9.988203,2.6873693,1,0.9949044291462388,GMM
11.873426,3.4611833,1,0.9338551081574754,GMM
5.2396927,2.487771,2,1.0,GMM
10.579013,4.7253585,0,0.5082868232268528,GMM
12.055858,11.219012,0,0.9925373929132459,GMM
9.067323,9.84605,0,0.9897232001101428,GMM
7.315914,7.91208,0,0.9931658083338754,GMM
8.717684,6.4193068,0,0.9166709344755654,GMM
8.559308,-0.065611765,1,0.8663902368678178,GMM
6.614227,2.9675088,2,1.0,GMM
10.588817,2.840602,1,0.9833897050313672,GMM
7.858174,5.5421467,1,0.9768951496361272,GMM
12.073545,7.1603193,0,0.7573631565178209,GMM
12.554209,9.926667,0,0.9643292749212757,GMM
7.948248,5.6042986,1,0.8922961297325077,GMM
13.416408,14.044648,0,0.9848622532536588,GMM
10.735915,5.432677,0,0.8695517621356964,GMM
9.094858,5.0999794,1,0.8697378875441549,GMM
8.252154,11.277008,0,0.9993467779495325,GMM
10.54207,3.2213562,1,0.9457947074406802,GMM
9.934946,0.9966328,1,0.9912644056968709,GMM
5.094025,2.5160253,2,1.0,GMM
11.080809,3.6492498,1,0.5990075040344096,GMM
11.299284,0.2590132,1,0.9773495563853745,GMM
9.489169,10.015872,0,0.7751767688095923,GMM
10.017163,3.9639516,0,0.7668911768971048,GMM
9.051991,1.9240578,1,0.9936316576505938,GMM
8.51344,7.7093167,0,0.9948912514738617,GMM
10.616588,5.1751738,0,0.9549206600688842,GMM
11.225193,10.237233,0,0.9491876209005579,GMM
10.150333,2.8161662,1,0.8594492284319797,GMM
10.80318,5.117726,0,0.8018164495603154,GMM
12.078661,11.235581,3,0.7301363693298286,GMM
9.995855,9.434208,0,0.9997040981005408,GMM
12.625802,11.977216,1,0.46719465632933593,GMM
10.133505,3.2931292,1,0.9644566509641687,GMM
8.6725445,3.4292223,2,0.6376921144390544,GMM
11.461769,1.2265933,2,0.9361605670025555,GMM
9.903496,7.51812,0,0.9997353258668457,GMM
11.60535,3.1798668,1,0.8376672409714454,GMM
7.0192084,9.369882,0,0.9931539808679699,GMM
8.912951,-0.116121545,2,0.8472710297808204,GMM
4.612569,2.424579,2,1.0,GMM
12.330666,12.518813,0,0.9995256944599609,GMM
8.158297,6.377366,0,0.974937618816182,GMM
12.526516,1.1334509,1,0.7425908415353097,GMM
10.913116,5.374835,0,0.7612076125402424,GMM
8.7795,1.3921375,1,0.9539319143010637,GMM
11.421391,13.026844,0,0.9997041891488596,GMM
11.6552515,13.333814,0,0.9999595923002093,GMM
9.353557,3.478439,1,0.892011749161007,GMM
7.685864,6.0369096,1,0.8486381741660137,GMM
9.765659,9.918632,0,0.9989810863598619,GMM
10.087073,7.894633,0,0.9990779284328861,GMM
8.53839,10.411117,0,0.9731964770679321,GMM
11.633018,11.920726,0,0.9688612866439993,GMM
9.860342,4.8270288,1,0.8820335127956865,GMM
11.91148,0.6412822,1,0.907715302574615,GMM
12.514822,0.13332525,3,0.8429899429765172,GMM
12.46397,3.2513435,0,0.6156372679625575,GMM
8.879186,6.5695305,0,0.9245684257857719,GMM
8.332393,7.9874353,0,0.977956260515697,GMM
10.5853615,-0.1997793,1,0.993517132781476,GMM
8.371726,10.231613,0,0.972252294225945,GMM
7.9900155,10.020524,0,0.9972845630592468,GMM
10.995859,1.8591363,1,0.9940124967207244,GMM
10.657575,11.739095,0,0.999896728628465,GMM
9.048991,4.4633493,1,0.9508433258015624,GMM
10.296931,4.990718,0,0.8601351477434871,GMM
12.225769,11.608052,0,0.9290047625848401,GMM
11.612811,0.18670823,3,0.9845908572405646,GMM
10.30725,8.438567,0,0.9976540309564026,GMM
12.296585,12.093349,0,0.997103027249196,GMM
8.3959055,7.768654,0,0.9816007566244085,GMM
12.9071,10.649081,0,0.9471662245344982,GMM
12.650562,9.302501,0,0.957712552736305,GMM
10.370548,1.4350426,1,0.9926857173810372,GMM
9.818386,0.09937153,1,0.9764175693222501,GMM
9.983088,4.051577,1,0.5977824134550682,GMM
10.42209,10.776673,0,0.772990523622382,GMM
10.466297,6.2016854,0,0.9361314694851207,GMM
12.527816,11.237319,0,0.99578823109452,GMM
9.984134,3.5556474,1,0.7006515109131712,GMM
7.0267615,8.901143,0,0.9734484556302658,GMM
10.323297,9.860745,0,0.9455147653477362,GMM
11.023016,2.0268953,1,0.7354784254598786,GMM
10.790477,10.290761,0,0.9963519018402603,GMM
8.933371,1.6311017,1,0.7375724619927632,GMM
9.333338,5.152977,0,0.7668584445661784,GMM
10.989842,3.7142332,1,0.6781690517959835,GMM
11.657778,4.3780546,0,0.729030175054288,GMM
8.087762,8.120436,0,0.9401831797197033,GMM
6.7207513,3.1039987,2,1.0,GMM
9.653671,9.834167,0,0.9996820225886206,GMM
10.480221,7.3824415,0,0.9947135065208457,GMM
10.145464,6.757481,0,0.9996124870694612,GMM
9.801558,4.0985837,1,0.94135924900268,GMM
8.77248,1.2618698,2,1.0,GMM
11.056987,0.8878066,1,0.9986272386995559,GMM
12.257876,10.169241,0,0.9950758990385908,GMM
10.716324,6.3271956,0,0.9994779002030783,GMM
8.47651,8.359724,0,0.8681246515016317,GMM
9.387494,0.17219742,1,0.9932802021804732,GMM
8.98428,-0.5141601,2,0.9998701912309914,GMM
10.941952,6.972138,0,0.8716672061968481,GMM
9.825369,4.2799754,1,0.5846819639326769,GMM
11.796309,9.657761,0,0.9947035724537717,GMM
8.533835,0.2177908,1,0.9411875796439138,GMM
9.169933,8.540433,0,0.683531236538207,GMM
12.413715,7.565769,0,0.9152161440964047,GMM
9.239977,4.591326,1,0.953530303153931,GMM
8.395605,11.030569,0,0.998935204519263,GMM
11.853967,7.761646,1,0.8613078379972847,GMM
12.017526,0.4164189,1,0.8570290707693368,GMM
8.823633,6.9360094,0,0.9805784041445164,GMM
10.146857,8.098558,0,0.9949846864401778,GMM
10.958865,3.5957165,1,0.7739726010872042,GMM
11.769257,7.7267127,0,0.5734015103492998,GMM
10.346988,1.1813214,1,0.9968585440792789,GMM
10.2257395,1.4535353,2,0.6531835253631688,GMM
12.400656,11.592895,0,0.9970810235750839,GMM
11.523093,12.755124,0,0.9997271238598149,GMM
10.314891,1.6505328,2,0.893163872770845,GMM
9.708013,3.4354458,1,0.961302966569737,GMM
11.679419,0.6059696,2,0.9971588556806557,GMM
12.702347,1.9646244,0,0.9291947814998305,GMM
10.9718485,4.2113137,0,0.6111528231472156,GMM
11.817506,12.412834,0,0.9997501607195689,GMM
11.580289,8.406944,0,0.9813163190806555,GMM
10.727162,7.2757406,0,0.9983785413303966,GMM
10.3935,0.42443147,1,0.9884236171541918,GMM
9.812064,3.1931672,1,0.9641391037109004,GMM
10.121612,8.942125,0,0.9857465530127717,GMM
11.750751,7.3916297,0,0.8339852498780004,GMM
11.303449,4.295334,1,0.9391238838440634,GMM
12.23051,11.287258,0,0.9808431484060222,GMM
11.903958,10.090292,0,0.9984758878875978,GMM
10.219487,5.9658513,0,0.9958226567317183,GMM
8.241565,10.745805,0,0.9809658440749003,GMM
10.255241,9.185388,0,0.9988712024279885,GMM
10.961178,10.344058,1,0.8191140636011295,GMM
11.636666,0.6786889,1,0.9927233456840935,GMM
12.109416,-0.052039355,3,0.5722968171731372,GMM
11.281622,-0.014424319,3,0.6460612466431442,GMM
8.242284,7.926782,0,0.9954859989522231,GMM
7.749629,9.54846,2,0.9058930987042322,GMM
9.664409,-0.00043103858,1,0.9913123252322737,GMM
10.91809,2.4339123,1,0.9951337421847759,GMM
10.724329,11.724888,0,0.9987579634572652,GMM
12.640187,11.58669,0,0.9976252007377413,GMM
10.475804,7.7658286,0,0.988256436804028,GMM
11.690986,-0.6202765,3,0.9998740678973461,GMM
10.724494,8.877138,0,0.99971078970328,GMM
10.276864,3.6475637,1,0.8130073549465012,GMM
10.981873,2.82294,1,0.9089904880607799,GMM
8.399962,4.9551535,1,0.9926559096005839,GMM
7.1352735,8.368496,0,0.7902946137825713,GMM
11.579683,9.560141,0,0.9491514895903119,GMM
10.061571,6.7093706,0,0.9980729627981193,GMM
11.225979,2.3679721,1,0.9910806992207171,GMM
9.930813,10.059047,0,0.999885635229315,GMM
9.989426,0.44243565,1,0.993886564606499,GMM
8.895024,2.8832667,1,0.9904944685120427,GMM
12.401124,12.568737,0,0.9911668207231527,GMM
12.008067,1.2335384,1,0.913189785115573,GMM
11.338486,9.365777,0,0.9955426811833621,GMM
9.842906,10.759869,0,0.9995704895670725,GMM
10.713323,1.698176,1,0.9859549913266824,GMM
8.908692,10.0291605,0,0.976049053236661,GMM
9.986554,7.0999947,1,0.715057033179925,GMM
10.824521,8.06047,0,0.9004038100139264,GMM
7.9474196,5.549405,1,0.5111894339051988,GMM
12.899232,10.716806,0,0.9963135597421152,GMM
9.779775,5.6916213,0,0.9758137781303922,GMM
10.418024,8.698897,0,0.9325476508499833,GMM
9.030262,3.5955064,1,0.9371398514102088,GMM
12.039891,2.9145217,0,0.6516513409344639,GMM
11.364828,-0.44556105,3,0.9651102292318502,GMM
11.146089,2.1173103,1,0.9790518200068076,GMM
10.288009,1.7069368,1,0.9904141163443912,GMM
11.89274,-0.30109304,3,0.999970458984386,GMM
12.076131,12.713674,0,0.9997758115890493,GMM
9.406852,5.0137424,1,0.5298227973425627,GMM
7.4112463,7.8929224,1,0.832237875081167,GMM
8.751046,-0.98918146,2,0.9999999999999858,GMM
13.106657,14.005235,0,0.9992695768535607,GMM
11.201091,2.3671565,1,0.9361052589571728,GMM
8.559992,-0.4291615,2,0.9457342567392896,GMM
11.676852,-0.31514663,3,0.9043690207544781,GMM
7.997991,8.5579,0,0.826746414905244,GMM
11.475032,12.554474,0,0.9999516892994921,GMM
10.2374935,6.392767,0,0.998671586641971,GMM
5.47283,2.6048987,2,1.0,GMM
10.760915,5.9507065,0,0.9670786618059601,GMM
10.967234,12.243337,0,0.9995746716733107,GMM
10.173019,11.7967005,0,0.9979273514684347,GMM
11.469863,3.952909,1,0.9388806046338756,GMM
8.764207,4.839575,1,0.95890726719507,GMM
10.197835,2.7419746,1,0.9767770178326981,GMM
9.728583,7.4930844,0,0.9884077779596311,GMM
9.809338,4.0679507,1,0.6368678134282038,GMM
10.916942,-0.8642747,3,0.5328449978614458,GMM
10.437208,6.8627768,0,0.9490116897133284,GMM
9.990568,6.9080343,1,0.7974923160519137,GMM
8.615596,8.765908,0,0.9840544984992079,GMM
8.08611,4.740101,0,0.5193258332575702,GMM
11.798814,1.4327766,1,0.9725708265168477,GMM
9.935291,3.0293906,1,0.9926054339252363,GMM
7.034755,9.659355,0,0.9979330759952564,GMM
10.509057,7.976967,0,0.9936234008902841,GMM
12.678285,10.032133,0,0.880262986889115,GMM
10.47146,2.2920892,1,0.9924495680023655,GMM
13.026165,13.3399,0,0.9979296005435818,GMM
9.0956,11.581897,0,0.999975414829626,GMM
7.903584,5.8414507,0,0.8910004574017839,GMM
9.2306385,1.4011081,1,0.8277245360339576,GMM
10.564543,6.292155,0,0.9956621788920439,GMM
7.6524496,11.090168,0,0.9998728277741157,GMM
11.483099,1.2833426,1,0.9904785877138629,GMM
10.463085,11.628406,0,0.9991743137055108,GMM
10.365513,-0.68379974,1,0.996065527881473,GMM
8.376298,8.006347,0,0.9908599886752832,GMM
8.204512,5.9662747,0,0.7159850613085254,GMM
7.159311,9.688364,0,0.9595186923390617,GMM
10.63246,5.3505893,0,0.9710463720959931,GMM
10.734995,10.248264,0,0.9978284210739738,GMM
9.836278,6.0641255,0,0.9937235069505296,GMM
10.740273,7.6039143,0,0.7928418970771267,GMM
10.146525,3.3845725,1,0.9725589655824864,GMM
10.706214,10.936692,0,0.998841769592458,GMM
10.583618,10.661581,2,0.9786424148430153,GMM
12.696587,10.2825365,0,0.9748679752178243,GMM
5.830609,2.7001002,2,1.0,GMM
9.432541,10.217394,0,0.9985232786789862,GMM
9.1999,1.7152143,1,0.9806602773029783,GMM
9.294662,-0.40985563,1,0.6362391447729467,GMM
10.86095,3.0217066,1,0.8996043481734818,GMM
11.597084,2.8535295,0,0.5369173744200204,GMM
12.21739,3.5593996,1,0.5921837833447852,GMM
12.931466,11.602231,0,0.7551628472782329,GMM
9.642132,8.415775,0,0.9736217701591441,GMM
8.821251,0.2502761,2,0.9653098677511577,GMM
12.338861,0.36081016,1,0.8598747379438352,GMM
8.1316,4.7991834,0,0.591767066017535,GMM
9.128041,1.0690881,1,0.9527343480534949,GMM
8.359162,9.698972,0,0.9977920696160282,GMM
12.344911,3.1786318,1,0.9854233102230237,GMM
11.826866,11.999023,0,0.9998106639006713,GMM
9.118114,0.924052,1,0.9647616165205117,GMM
12.462813,1.1408309,1,0.8447987087321785,GMM
8.799411,0.09090141,1,0.9752206534913177,GMM
8.077739,9.845944,0,0.870447022815167,GMM
10.870702,2.0373867,1,0.9968833983539309,GMM
11.490429,1.830837,1,0.9723971847403461,GMM
9.005168,10.534888,0,0.9890528378268049,GMM
12.121753,12.70546,0,0.9993550461029206,GMM
8.996376,9.477185,0,0.9993045767634371,GMM
9.182234,4.233486,1,0.5347310734162475,GMM
9.062369,5.5304637,1,0.9344398591371774,GMM
12.594151,12.532509,0,0.9979812598440888,GMM
12.721607,12.4804945,0,0.9971562979221819,GMM
10.78081,9.373984,0,0.9732702142946905,GMM
12.312412,12.263792,0,0.9996157368956677,GMM
11.053454,12.700251,0,0.9998043124726286,GMM
6.658912,9.318977,1,0.9202395691080988,GMM
8.461321,4.270126,2,0.9894752879705074,GMM
10.154963,3.1715374,1,0.8815904085477397,GMM
13.574864,13.198521,3,0.944503973487149,GMM
12.190766,0.8708736,1,0.9825080142182023,GMM
9.486561,3.2315848,1,0.9628026433152863,GMM
9.197541,11.107567,0,0.9998602170282638,GMM
9.379679,11.153886,0,0.9511534989710058,GMM
7.849407,9.407311,0,0.9989890483406456,GMM
8.525695,4.58395,1,0.9827437053546659,GMM
10.259618,8.481563,0,0.6765856242095164,GMM
12.437666,7.950075,0,0.7948195881487248,GMM
9.8370495,8.90534,0,0.9965102109617561,GMM
12.224639,12.360136,0,0.9994149508628638,GMM
9.077074,7.141731,0,0.9985676395104897,GMM
8.920295,9.420138,0,0.9933410097500578,GMM
12.252417,10.9012785,0,0.9993353965697942,GMM
11.605952,0.01636352,1,0.9890267576927638,GMM
11.550147,13.264281,0,0.9999617300449125,GMM
10.319635,11.333243,0,0.9998552192788854,GMM
10.492789,4.2331853,1,0.9453589477205475,GMM
10.545464,4.693826,0,0.6754455717989133,GMM
11.31883,9.782311,0,0.9972333317002997,GMM
9.215855,9.326384,1,0.7043512913075848,GMM
7.519534,7.6113725,1,0.5435992688722179,GMM
6.6189346,9.664119,0,0.9999577744501845,GMM
11.618869,11.990771,0,0.9996241158240697,GMM
10.145925,1.6130437,1,0.9964971704091805,GMM
11.349944,11.586128,0,0.9993706473289564,GMM
8.687087,6.672734,2,0.8240701951579327,GMM
12.271121,12.144643,0,0.9991331717644303,GMM
11.314989,7.7064843,0,0.9506482060360131,GMM
12.41132,8.014693,0,0.7286700516420437,GMM
10.513337,7.9082727,0,0.9960841846149093,GMM
9.2433,7.5451226,0,0.9749159036966019,GMM
9.011931,6.4117336,0,0.8564119361329778,GMM
11.957042,1.0655681,1,0.9794126345404268,GMM
11.623492,3.1617813,1,0.5805231859684121,GMM
11.416806,10.765351,0,0.9318574301631499,GMM
11.849238,1.3468187,1,0.9965746497354631,GMM
12.466509,1.1066196,1,0.5209035571068895,GMM
11.914516,1.6815535,1,0.9921028104409015,GMM
7.1639524,9.855901,0,0.9972948147090359,GMM
10.336341,4.4304757,1,0.7474738493700105,GMM
8.016503,4.724458,1,0.9948990178269487,GMM
9.430149,11.023708,0,0.9996932013730543,GMM
13.539435,12.459962,0,0.5123571194035216,GMM
11.237147,1.788765,1,0.9766301981619935,GMM
10.329135,4.8242245,1,0.8696489966175366,GMM
7.961527,8.528406,0,0.880975707131344,GMM
12.0275,11.369652,0,0.9989476690606839,GMM
9.502849,1.9851042,1,0.9454895359559544,GMM
9.430009,10.934101,0,0.957096940428549,GMM
11.836914,6.9891353,0,0.8229304993446822,GMM
7.710494,11.226662,0,0.9999882016195631,GMM
9.621827,1.5085766,1,0.9870568640858584,GMM
7.2513447,9.449217,0,0.9971153467219105,GMM
11.576516,0.9880675,1,0.9622322992288915,GMM
6.9789176,3.172411,2,0.9999916284532849,GMM
10.145248,2.817851,1,0.985085837953871,GMM
10.584031,3.591245,1,0.8643622268497988,GMM
8.07443,10.799436,0,0.9940000687379654,GMM
10.632547,9.982997,0,0.9952219921628471,GMM
7.154685,9.711005,0,0.9971197333488347,GMM
9.07959,3.994409,1,0.9314171407587593,GMM
8.175484,10.408041,0,0.999366454394109,GMM
8.882378,10.34032,0,0.9997713415806994,GMM
9.885573,0.8303235,1,0.9579683449588032,GMM
10.868877,4.271357,0,0.5179564284098714,GMM
12.690652,13.808201,0,0.9970366560686754,GMM
10.840063,2.3578293,1,0.9973722637107868,GMM
9.222984,9.165893,0,0.9981288566319624,GMM
12.978064,10.432513,0,0.9491354495533096,GMM
8.878078,5.4327226,1,0.6825678017697223,GMM
7.2264295,9.646278,0,0.9960401960102547,GMM
10.916027,9.132592,0,0.9648969306120878,GMM
10.518296,4.710533,1,0.7370568109007242,GMM
9.116515,3.6025498,1,0.9868548093633918,GMM
10.638113,6.832022,0,0.9813651017874687,GMM
11.205845,0.15506099,1,0.5713480563718911,GMM
9.822002,10.277498,0,0.9476056449909036,GMM
9.085956,-0.51035434,2,0.9994369370076283,GMM
12.79268,13.97879,0,0.9998744503020927,GMM
8.178428,6.157894,0,0.5145925428953955,GMM
8.563156,6.8739634,0,0.9830935854972359,GMM
10.427721,5.4035153,2,0.728093955347249,GMM
9.839001,5.8430567,0,0.9676698435861516,GMM
9.109739,11.913076,0,0.9999202524741554,GMM
11.203756,1.529725,1,0.9886296342668672,GMM
12.58004,0.061917797,3,0.9594695081293941,GMM
10.311764,8.346141,0,0.993796169349341,GMM
12.775683,10.489023,0,0.962973078254705,GMM
10.624006,6.5864315,0,0.983856984967695,GMM
12.327904,3.1707835,1,0.9642810867105442,GMM
9.44841,8.465989,0,0.9612629364653542,GMM
10.428534,7.694306,0,0.9966698724454236,GMM
9.653846,3.4823368,1,0.9716027987407748,GMM
10.706974,5.1217403,0,0.8787769434597604,GMM
11.713788,8.0776,0,0.7355228686447125,GMM
12.140388,7.3765225,0,0.9766161436041544,GMM
11.845179,6.9989305,0,0.904251533927878,GMM
11.474203,8.444682,0,0.9833676718804304,GMM
11.078632,6.7735143,0,0.9404113387905245,GMM
11.246295,5.241941,0,0.7692573074756889,GMM
11.736036,9.237239,0,0.9520842046499316,GMM
10.479167,12.141101,0,0.9996290807976635,GMM
11.997103,0.57108444,1,0.8283123894357282,GMM
11.129238,11.58335,0,0.9981463273473731,GMM
10.564758,5.4567504,0,0.7493978828528411,GMM
10.806195,3.2626238,1,0.9869584698394277,GMM
10.927512,2.3881521,1,0.9933506149987907,GMM
13.447241,13.09984,3,0.9775913147950629,GMM
11.744447,8.983801,0,0.7840605357727178,GMM
12.556298,2.6396654,1,0.6732539801598734,GMM
9.209972,7.877092,0,0.9927119780983614,GMM
11.97895,7.0645595,1,0.6269329673328473,GMM
9.607819,1.7829034,1,0.9914096565603386,GMM
12.85499,13.837805,0,0.9996048044930894,GMM
4.408812,2.326971,2,1.0,GMM
10.910644,10.379951,0,0.9997602860023789,GMM
8.759868,7.2560368,0,0.9988971430850849,GMM
8.222536,5.8302584,0,0.8471901546292571,GMM
9.151761,5.9311633,0,0.9220768885918941,GMM
11.30725,10.317052,0,0.9984127520653613,GMM
12.105493,-0.09474324,3,0.6487950294677176,GMM
11.092982,2.5061445,1,0.9934334022270949,GMM
11.684414,8.262549,0,0.6405164582989462,GMM
10.950169,4.3222284,1,0.9375037302304192,GMM
7.7327995,10.953862,0,0.9941428135315233,GMM
7.699857,10.808264,0,0.9981726591133869,GMM
9.693455,3.0238888,1,0.9933519123201285,GMM
9.6638975,5.675197,1,0.5067087977090831,GMM
9.087529,7.360558,0,0.9951262308216328,GMM
10.5694895,-0.08279872,1,0.9980479030864454,GMM
10.450184,7.151009,0,0.9761644714191526,GMM
11.556487,11.81703,0,0.999953914498324,GMM
12.678755,0.8482789,1,0.9322160925364217,GMM
8.76771,7.949031,0,0.9811318871168605,GMM
9.942416,7.2825437,0,0.8554908101853373,GMM
8.969082,2.5602582,1,0.9930440554936761,GMM
10.316782,6.2434287,0,0.9943089345366329,GMM
9.904926,5.758427,0,0.6351499394938623,GMM
8.455422,-0.35589805,2,0.9997597626968903,GMM
11.486029,11.290388,0,0.9996986446169204,GMM
12.24408,12.961647,0,0.9996619650328349,GMM
10.813284,11.530856,0,0.9995562918576097,GMM
10.587981,1.088703,1,0.9972970716082572,GMM
11.600949,12.544879,0,0.9996623697364092,GMM
8.650294,-0.59711105,1,0.6188433753681777,GMM
10.198575,3.5520196,1,0.9258365773813466,GMM
10.651145,0.6332807,1,0.9903493280036182,GMM
7.8531055,8.708598,0,0.9422947418007271,GMM
10.432911,1.398199,1,0.9951051914033042,GMM
11.627215,3.2636716,1,0.747615949147582,GMM
8.98597,2.3216617,1,0.9926729008266131,GMM
9.183302,11.6607065,0,0.9997046840056288,GMM
11.166285,9.150799,0,0.992170916929697,GMM
11.451888,9.779441,0,0.998309514030422,GMM
7.9787464,8.514612,0,0.7443137558356177,GMM
8.59155,8.581156,1,0.651014820562147,GMM
10.589922,12.699716,0,0.999908270969669,GMM
12.305951,10.794334,0,0.9977259815517655,GMM
11.830542,12.049557,0,0.9987244568873437,GMM
9.693513,7.9779825,0,0.9987899786475033,GMM
10.791785,5.466001,1,0.8719417592114752,GMM
10.867115,9.567037,0,0.827310525003522,GMM
10.258176,6.684802,0,0.9919547827394952,GMM
7.7745957,6.340279,1,0.7795746483713196,GMM
11.574245,12.78581,0,0.9974114093835136,GMM
9.618915,5.8788657,0,0.7002964082694665,GMM
8.000629,3.1230633,2,1.0,GMM
9.391502,0.33180532,1,0.7411974393314346,GMM
10.144357,-0.0085472725,1,0.9970151368166041,GMM
8.356703,9.658164,0,0.9507531031579496,GMM
9.33348,1.288364,1,0.8435242438771237,GMM
9.681253,11.8421,0,0.9984366593920397,GMM
8.442191,6.249004,1,0.8212306463733641,GMM
10.779629,4.0368905,1,0.9312434210788545,GMM
11.979266,4.016244,1,0.6940984618006931,GMM
7.4301906,9.789703,0,0.9752897864286476,GMM
8.436379,11.455863,0,0.9998357033994943,GMM
8.853215,6.8748813,1,0.46375368239949316,GMM
6.0311694,2.6570108,2,1.0,GMM
9.347008,1.7335157,1,0.9895762565187052,GMM
9.921745,5.5474253,1,0.615438174298695,GMM
9.120554,-0.7294429,2,0.9999054177404053,GMM
11.095539,2.6130364,1,0.9704396110337495,GMM
8.224803,9.71094,0,0.9987805729176139,GMM
7.9814343,10.687444,0,0.9990280287292383,GMM
10.680912,2.8496747,1,0.9815674463884649,GMM
11.678878,9.49563,0,0.9976791489503302,GMM
10.968051,8.563056,0,0.993169828032374,GMM
9.676943,8.856292,0,0.9996821028257821,GMM
9.540215,10.92179,0,0.9935650868564675,GMM
8.499551,10.277846,0,0.9455987700680744,GMM
9.18707,9.743196,0,0.9893009539291097,GMM
12.357824,6.8647995,0,0.942460032515618,GMM
9.505212,10.000768,0,0.998895338510727,GMM
10.7247715,5.066332,0,0.7437651717578103,GMM
8.795179,7.8580155,0,0.8786165886421308,GMM
10.583016,8.618435,0,0.9984537995838688,GMM
10.392466,1.042719,1,0.9945123902341161,GMM
10.301227,5.4670687,0,0.8260778788527374,GMM
12.455976,0.9689406,3,0.8522784537381881,GMM
10.115315,3.7288504,1,0.8856402573248605,GMM
8.56778,4.211838,1,0.9909975446024094,GMM
10.9961195,12.881549,0,0.9996967406800471,GMM
11.376648,11.576633,0,0.9998907505288976,GMM
11.911819,7.0801296,0,0.9593553781175808,GMM
11.977981,12.712363,0,0.999794451014448,GMM
8.4826565,4.251139,1,0.9946875927431983,GMM
9.091804,4.8787074,0,0.645946592750251,GMM
10.950538,8.552733,0,0.9870822378077625,GMM
9.455073,6.043435,0,0.9629991439411403,GMM
13.216495,13.488345,0,0.9449370729382096,GMM
7.777144,11.328261,0,0.9995122060204372,GMM
11.5930195,2.3435843,1,0.9925053668582209,GMM
10.696535,4.650388,1,0.841412975484879,GMM
8.747526,5.508195,1,0.9670420435235623,GMM
10.239675,4.574272,1,0.9803774086461932,GMM
7.607158,8.935479,0,0.8973151921334952,GMM
8.853408,8.45529,0,0.9877681787400422,GMM
10.756926,4.3564167,1,0.6002923750219539,GMM
10.580002,8.678335,0,0.9998771989836615,GMM
12.113153,11.011542,0,0.6177486395520558,GMM
13.252044,10.774283,3,0.8817917220039222,GMM
11.775113,6.1176515,0,0.8630531684116559,GMM
8.834996,3.3759475,1,0.7770493587160072,GMM
9.146054,7.102993,0,0.9000851440244635,GMM
11.734509,9.389488,0,0.9881877241510229,GMM
9.419882,3.9171464,2,0.5168592289904671,GMM
7.777757,5.334577,0,0.8340290848127687,GMM
9.363068,2.7043571,1,0.989536766738374,GMM
11.349854,10.371608,1,0.7424223094346112,GMM
13.099309,11.250275,0,0.8797282968758023,GMM
11.599922,10.337689,1,0.9564109677525685,GMM
4.506659,2.368069,2,1.0,GMM
7.1250277,10.394975,0,0.9993955917725319,GMM
9.403597,4.3695607,1,0.7359730917012555,GMM
10.897711,12.497782,0,0.9999308551801593,GMM
12.565224,12.641639,3,0.6537561833211181,GMM
7.798697,9.334222,0,0.988104938913495,GMM
11.6267185,2.0226247,1,0.9865954924389759,GMM
12.012928,13.767886,0,0.9999498068294325,GMM
11.992765,6.647576,0,0.5504883613788201,GMM
10.56655,-0.39832866,1,0.8291765664268071,GMM
9.286123,8.109323,0,0.889468437075003,GMM
8.307635,11.323449,0,0.9998553096772846,GMM
6.7764273,3.2167647,2,0.9999999761542909,GMM
8.724797,10.867271,0,0.9930408088819738,GMM
10.405212,9.974981,0,0.9994204713777906,GMM
12.493865,7.990702,0,0.9382120319576213,GMM
10.518417,5.7311254,0,0.986904498799743,GMM
10.145792,4.9898205,1,0.5719186319936103,GMM
8.112241,9.377266,0,0.9853692939555592,GMM
8.180792,3.5449224,2,0.9952009248924807,GMM
10.206112,0.10478127,1,0.997043187722669,GMM
10.730271,10.349317,0,0.9983106544493509,GMM
12.609034,11.687041,0,0.9912997163115181,GMM
11.741629,3.4786596,1,0.8896355945169194,GMM
10.796171,0.36471424,1,0.9843289518511869,GMM
10.175116,10.084794,0,0.8502941020950106,GMM
10.007875,11.513741,0,0.999203883089449,GMM
11.847927,1.5995817,1,0.9384945147899941,GMM
9.771903,6.404214,0,0.9990111924236239,GMM
7.6328387,7.081713,0,0.9967334795047703,GMM
11.195838,7.998288,0,0.9796384853658089,GMM
11.116159,3.8861392,1,0.8443091796567752,GMM
12.582987,0.011355404,1,0.8529693156014091,GMM
8.539619,6.8007135,0,0.9418401895111755,GMM
10.820662,10.686198,0,0.999418766638566,GMM
9.6037655,1.7052363,2,0.9995756620399571,GMM
10.939181,4.5161753,1,0.7619738269889583,GMM
10.661095,2.7928724,1,0.9697187165350689,GMM
10.036192,0.7501359,1,0.9904589139624869,GMM
11.096133,1.1239371,1,0.985448431045938,GMM
12.084999,1.5696648,1,0.9656339907755995,GMM
11.887132,12.773166,0,0.9999454212685313,GMM
12.139371,11.990638,0,0.9997222235630358,GMM
9.687968,12.204903,0,0.9999685513812242,GMM
12.70548,12.418937,0,0.9977017240865305,GMM
10.288476,11.132158,0,0.9815857454272597,GMM
11.750406,7.3233557,0,0.8200184728262525,GMM
9.514598,4.8727713,0,0.8318717516786951,GMM
11.121353,9.105241,0,0.9927578934719392,GMM
11.8217,5.1343613,0,0.8786657903054517,GMM
8.711364,7.693756,0,0.9747929835019108,GMM
10.895597,-0.6592891,1,0.6426023652812218,GMM
11.347595,-0.23274048,1,0.9898232899547905,GMM
9.671068,0.49912164,1,0.9946237323706111,GMM
12.104442,9.753259,0,0.9890761504265537,GMM
13.044564,13.792658,0,0.9985282477392663,GMM
12.155271,10.157422,1,0.5296877822959654,GMM
12.650549,1.8499322,1,0.9585567116712185,GMM
8.991165,8.657267,0,0.9808226278620885,GMM
7.833604,5.54598,1,0.9851476376130656,GMM
11.593778,-0.402095,3,0.9181628039638429,GMM
9.563511,9.800743,0,0.9996748590502398,GMM
12.346297,10.068171,0,0.9971037187948198,GMM
11.307632,9.757058,0,0.97117029820755,GMM
10.997613,5.3054123,0,0.9285008762954936,GMM
9.040264,1.360025,1,0.9857589723610456,GMM
7.8078575,11.139724,0,0.9964375195424268,GMM
10.2463455,5.1857214,0,0.8634985431977782,GMM
8.720644,7.472384,0,0.9613117368446802,GMM
9.791638,10.230809,0,0.9997792293522303,GMM
9.069838,4.1742845,1,0.9817440389712079,GMM
9.729122,7.48253,0,0.9890213290834952,GMM
9.976173,7.649128,0,0.973698318618851,GMM
8.734109,-0.39204326,2,0.5167667206190755,GMM
11.111418,2.2982383,1,0.9947832585518193,GMM
9.773939,7.629951,0,0.9992376986889229,GMM
9.627056,-0.671569,1,0.7775092959357806,GMM
10.724123,5.4712043,1,0.7537394646018064,GMM
13.493638,13.624341,0,0.843950484761359,GMM
11.107596,12.621681,0,0.9998128507059334,GMM
9.195347,8.75615,0,0.9817216801213452,GMM
7.4826155,3.1598155,2,0.9992790278041148,GMM
12.331454,11.362086,0,0.9981017434667513,GMM
11.069386,7.682916,0,0.9669056508491037,GMM
6.3546753,2.8887703,2,1.0,GMM
10.351785,7.897733,0,0.9922877065685412,GMM
8.730073,-0.26546058,2,0.9717421506703294,GMM
9.807377,9.567408,0,0.9993206965585824,GMM
9.000859,3.1261258,1,0.9815518726084328,GMM
11.769886,12.79526,0,0.999799869269129,GMM
6.976751,8.555796,0,0.9971964205347691,GMM
11.565594,12.110987,0,0.999155873218374,GMM
9.606086,5.7097607,0,0.7922515583373345,GMM
9.873797,5.9572167,0,0.9664437295424549,GMM
11.985837,-0.34885547,1,0.7956531414575343,GMM
10.941288,7.3539944,0,0.9132354823313216,GMM
9.257526,3.018494,1,0.8196418626627233,GMM
10.18486,11.417792,0,0.9994818563686266,GMM
11.210069,9.105055,0,0.992449591765551,GMM
9.318169,9.193449,1,0.888219598280983,GMM
13.150023,13.489199,0,0.9974202770671662,GMM
11.909641,-0.13019611,3,0.9720998455445317,GMM
8.728996,6.6636505,0,0.9772168277320061,GMM
9.4326315,9.043321,0,0.9936060136806635,GMM
9.175101,11.3902645,0,0.9995293444580553,GMM
11.509901,8.976947,0,0.9055301193192793,GMM
9.247316,6.21328,0,0.9579337396085816,GMM
11.839726,-0.7267117,3,0.972118790147929,GMM
7.653222,5.351247,1,0.9959123693110286,GMM
12.220418,-0.052974597,1,0.8700824377143972,GMM
11.136416,4.1301994,1,0.8728350776089389,GMM
12.875837,13.352586,0,0.9970785865938234,GMM
10.947447,0.44646254,3,0.9810805485025523,GMM
8.330299,9.216495,0,0.9773413729079046,GMM
9.677912,1.0192938,1,0.9490321745168219,GMM
11.410991,3.557996,1,0.6491455591933745,GMM
8.282577,7.083221,0,0.9407630121383019,GMM
10.215878,1.2469133,3,0.9999999999687468,GMM
11.570217,2.0148363,1,0.9877918512027296,GMM
11.375957,10.757459,0,0.9999085216585956,GMM
8.060443,7.756774,2,0.5125757691878375,GMM
11.711542,12.701875,0,0.999814385989814,GMM
11.268451,2.5700805,1,0.9937064906763058,GMM
9.685228,6.5331073,0,0.993956407881348,GMM
10.735434,0.15571292,1,0.9770760840292971,GMM
4.732469,2.4231613,2,1.0,GMM
8.520589,9.415185,0,0.9713642034514867,GMM
10.856581,6.2516313,0,0.984119079880794,GMM
8.950168,1.9493778,1,0.91810925688068,GMM
11.59949,1.0538883,3,0.5241433269659732,GMM
9.935065,2.2683098,1,0.9935796443585763,GMM
11.084655,2.4543707,1,0.9952307121178289,GMM
11.801444,4.3963785,0,0.8664141548454252,GMM
10.44323,3.692448,1,0.8751238429649958,GMM
9.480977,-0.2837191,1,0.8602282040235099,GMM
11.073895,0.07415498,1,0.6783882675761927,GMM
11.125007,10.338067,0,0.999315600210044,GMM
8.611016,2.300187,2,0.7043596467277673,GMM
10.754826,12.512606,0,0.9999061464295619,GMM
9.130036,6.6876445,0,0.9948950234534235,GMM
10.295792,8.423454,0,0.997726372281158,GMM
7.036215,8.500307,0,0.9901530403092003,GMM
10.047894,4.851793,2,0.685777067284758,GMM
11.465371,2.18455,1,0.9757576008151103,GMM
11.387372,11.5026455,0,0.9998869340526785,GMM
11.279327,3.4242656,1,0.9888998731491491,GMM
10.670254,9.406474,0,0.998834844221605,GMM
10.03075,7.1195717,0,0.9701376479698927,GMM
11.4901285,11.163363,0,0.9961984905306142,GMM
8.7919855,11.289229,0,0.9995327816263395,GMM
11.33575,12.739894,0,0.9996841756652333,GMM
8.192999,7.360683,0,0.9954459701926232,GMM
9.103147,4.957679,0,0.6182923674288715,GMM
10.160815,9.241842,0,0.9988166386527265,GMM
12.720226,9.982767,0,0.7649485348194038,GMM
9.407881,4.1691837,1,0.9402181110248495,GMM
11.294149,11.463497,0,0.9999589882142804,GMM
10.514,0.37435678,1,0.9979399933647485,GMM
10.339494,8.416103,0,0.9896331189364099,GMM
11.47909,6.2680387,0,0.9223050487780298,GMM
11.423961,1.6880059,1,0.9969358215909828,GMM
12.488306,8.194589,0,0.9626784769931048,GMM
12.063473,9.992186,0,0.9803622644605167,GMM
9.993814,7.0069556,0,0.9970775640663814,GMM
12.69346,-0.18575506,3,0.8379194238595087,GMM
10.73378,6.3343606,0,0.9989496608156286,GMM
11.756847,12.840961,0,0.9987921569782576,GMM
7.963371,8.835442,0,0.7740153053983911,GMM
8.537487,-0.8397171,2,0.9999999995372271,GMM
10.833676,0.006970407,2,0.9950427426504901,GMM
8.707939,9.182262,0,0.9665910295986196,GMM
9.303481,7.063648,0,0.9784738517560446,GMM
11.329149,12.389007,0,0.9999425098651558,GMM
11.564576,5.187581,1,0.9150578670221285,GMM
10.711338,10.951084,0,0.9998862142735069,GMM
10.877538,2.4401672,1,0.9718025058782367,GMM
9.160326,3.7056646,1,0.983718995367448,GMM
11.049853,4.737125,0,0.5344835999105001,GMM
9.264832,11.756965,0,0.9999712725327613,GMM
8.212736,10.722322,0,0.9988729099275817,GMM
11.473022,5.773338,1,0.6339369908576836,GMM
7.7066374,8.37248,0,0.9768569748871259,GMM
11.529474,11.554978,0,0.9992956782933571,GMM
9.355779,2.2297018,1,0.6898799851177634,GMM
9.175861,4.0204372,1,0.9640920989098297,GMM
4.324588,2.2885742,2,1.0,GMM
11.069217,2.8655386,1,0.9160823258824918,GMM
10.913033,-0.43951592,1,0.9561265877072285,GMM
8.978674,2.1925309,1,0.9883473946883816,GMM
10.343337,3.1130862,1,0.9301979947337218,GMM
9.669817,9.620694,0,0.9997264301145448,GMM
11.500125,11.683728,0,0.9987548733783774,GMM
11.812912,9.623913,0,0.9271441502522616,GMM
12.744992,0.17055078,3,0.7662875206799717,GMM
11.635852,1.2238023,1,0.995321542501217,GMM
8.507506,9.919799,0,0.9899446895558126,GMM
7.7710156,7.372633,0,0.6492869449465024,GMM
9.003532,-0.9837052,2,0.9999985374833856,GMM
11.175448,-0.14139988,2,0.7669583829349575,GMM
10.440759,8.730833,0,0.9904204652161765,GMM
12.766923,0.4944562,3,0.5314799478711468,GMM
8.5069685,6.1499085,1,0.6521211783790369,GMM
9.974832,5.8942394,0,0.9884752273752734,GMM
10.337362,9.112422,0,0.9975111494626797,GMM
13.612731,13.940727,0,0.9683043183253656,GMM
8.863044,8.830189,0,0.9955657614227201,GMM
8.339602,9.438908,0,0.9965902746626408,GMM
10.241453,-0.20021243,2,0.9635180990706644,GMM
7.181813,9.648668,0,0.9697067792324796,GMM
10.985069,11.184869,0,0.9970553339228504,GMM
10.739744,5.056553,0,0.8796108874987961,GMM
12.440276,3.0732412,1,0.6655346315064853,GMM
10.537732,6.0262866,0,0.9920887549451471,GMM
9.699504,10.504289,0,0.8016417783014685,GMM
9.111523,6.01233,0,0.8769109559402881,GMM
8.486854,9.846849,0,0.9995249792340525,GMM
12.320717,-0.57888645,3,0.9941106487953661,GMM
9.532844,2.6317692,1,0.9963242324142532,GMM
9.826726,8.5230255,0,0.9830347023334863,GMM
10.378191,10.138182,0,0.9989921580785032,GMM
8.846979,5.5963464,1,0.9330794074076911,GMM
8.815623,-0.84778994,2,0.8093237769014641,GMM
6.7822375,9.81692,0,0.9998276425405566,GMM
9.172747,9.38847,0,0.9989403879404264,GMM
10.366336,12.278045,0,0.9999556564597111,GMM
10.957833,9.628656,0,0.7985520587463446,GMM
8.630599,6.7019806,0,0.9841989426752583,GMM
8.498689,-0.5841078,2,0.9999609083043847,GMM
10.800856,0.8628609,1,0.9948153258246684,GMM
11.449897,-0.3571054,1,0.9646038434918601,GMM
8.846568,4.6686926,1,0.9780967618736615,GMM
11.49475,7.7117844,1,0.7833560645981071,GMM
10.302594,5.604728,0,0.9633107002446109,GMM
10.824814,3.245907,1,0.7796806311986897,GMM
9.323554,1.1817847,1,0.9793861950049015,GMM
9.822698,1.4446558,1,0.9887682220109102,GMM
8.522268,-0.87573624,2,0.951279494007629,GMM
13.707392,13.404566,3,0.9996993708440253,GMM
10.43518,12.112668,0,0.9998541344615444,GMM
11.356989,11.185828,0,0.9995591009479755,GMM
8.397745,7.167951,0,0.6391421880054123,GMM
9.204651,5.2759666,1,0.7762533640916975,GMM
8.930169,3.9363797,1,0.9925813965233844,GMM
10.772043,4.4597025,0,0.6289052985650195,GMM
11.602226,8.909787,0,0.8415397562776947,GMM
9.304397,9.931007,0,0.999318892023325,GMM
12.945557,12.818445,0,0.8696114647976317,GMM
11.023282,2.8757763,1,0.9307406362139725,GMM
12.432856,2.1304643,1,0.9548629555445668,GMM
11.822582,12.6382065,0,0.9998071336586495,GMM
11.71973,9.647771,0,0.9959963719810773,GMM
9.659086,-0.8908528,1,0.9644697584567679,GMM
11.363356,11.225464,0,0.9988420632173616,GMM
12.152302,2.639131,3,0.9984270472275695,GMM
11.227972,11.533195,0,0.9995809971666889,GMM
11.342302,12.177587,0,0.9998227877304816,GMM
8.4298115,5.0206976,1,0.8601234615588064,GMM
10.976496,3.2250698,1,0.9513911864652763,GMM
13.385927,14.045935,0,0.995706783180061,GMM
9.662344,6.122402,2,0.45766204246852343,GMM
9.655775,0.10144509,1,0.625058715395724,GMM
9.943735,11.011051,0,0.999616900847163,GMM
9.850625,9.724137,1,0.6443745512034729,GMM
8.494074,9.260547,0,0.9605665416756739,GMM
11.336406,11.835636,0,0.9998558066395096,GMM
7.6498632,10.654244,0,0.9991189101310255,GMM
10.577075,6.0058084,0,0.9931656948929045,GMM
8.34992,4.845418,0,0.6198512127576572,GMM
11.562833,7.673474,1,0.6226130695545493,GMM
12.745462,12.352729,0,0.8536417330448666,GMM
11.980527,7.492098,0,0.8032232234237333,GMM
10.138595,4.150948,1,0.9725003756799457,GMM
11.283113,7.4611406,0,0.9785776658375012,GMM
9.135132,4.263445,1,0.7047046547983556,GMM
12.629493,-0.14482749,3,0.956170985914447,GMM
12.013836,9.505951,0,0.9926121858352946,GMM
8.816633,6.6264696,0,0.6396792446373961,GMM
10.912503,2.2428327,1,0.9331081436885512,GMM
10.354403,5.3314257,0,0.7259829930522772,GMM
10.683484,11.624701,0,0.9998542335579467,GMM
12.874555,1.2790027,1,0.9413553816191744,GMM
9.187178,9.740144,0,0.9996137329838998,GMM
12.093667,-0.9039755,3,1.0,GMM
12.367552,8.425195,0,0.8988810058166932,GMM
10.572452,12.113097,0,0.9987088879457264,GMM
9.182513,9.641212,0,0.9967966970651471,GMM
11.922691,3.2357357,1,0.9154804787175497,GMM
12.406852,12.169544,0,0.9988533776275802,GMM
11.471429,4.234018,0,0.8431438629115849,GMM
9.060307,7.7276096,0,0.7962617389505646,GMM
9.299317,9.509331,0,0.9968670053851125,GMM
9.54345,0.9744823,1,0.9971743831213279,GMM
8.251189,7.0270786,0,0.9733232954083801,GMM
11.841414,2.9256124,0,0.7432141698232523,GMM
9.461874,6.1297297,0,0.9508084300969417,GMM
8.979278,1.2563244,2,0.7503041103455871,GMM
9.183185,10.863135,0,0.9977577316922952,GMM
11.334303,4.454686,1,0.9822431176353184,GMM
9.186524,4.4159136,1,0.9739568584256594,GMM
9.78126,3.054705,1,0.9787213284801182,GMM
10.078906,3.3130958,1,0.9144496368737167,GMM
10.06697,8.655401,0,0.9898746271186705,GMM
9.787578,5.3289156,1,0.7277197757764682,GMM
8.725227,9.078847,0,0.9961183218176852,GMM
12.040107,8.60038,0,0.9152402295896773,GMM
13.290699,11.321673,0,0.560481693311885,GMM
9.571683,7.293545,0,0.9785877788990796,GMM
9.275488,8.3811035,0,0.9802130676507816,GMM
12.093487,10.11753,0,0.9907278638294424,GMM
7.5345607,2.4007201,2,1.0,GMM
9.413511,4.4814105,1,0.7376311890483019,GMM
11.770557,11.462705,0,0.9995950898754803,GMM
8.146097,9.118951,0,0.9348693204919394,GMM
10.465198,10.807634,0,0.7897066843764257,GMM
6.194628,2.6214383,2,1.0,GMM
10.844581,1.6955842,1,0.9976778566643705,GMM
10.510524,-0.9750527,3,0.6091642767742848,GMM
10.038595,7.2494397,0,0.9997447161573071,GMM
11.231897,11.608768,0,0.9994031763626845,GMM
7.851882,8.517451,0,0.8863854669848191,GMM
9.125618,5.892591,0,0.8128601067955593,GMM
9.308595,9.672125,0,0.99911928720155,GMM
7.5481286,8.931473,0,0.9900754791978338,GMM
13.430672,12.625468,3,0.671479264976021,GMM
9.90304,5.66797,0,0.8618766356276787,GMM
7.43665,7.9354644,1,0.9628602600186505,GMM
10.476306,3.4921541,1,0.5760206356065204,GMM
9.844485,8.762288,0,0.9983106292164449,GMM
10.2319145,4.02962,1,0.946211997785092,GMM
11.803338,7.255926,0,0.6563455793624214,GMM
11.539302,12.866189,0,0.9995850809371662,GMM
11.770016,12.797007,0,0.9997748061173315,GMM
11.08806,2.549173,1,0.9732543759296615,GMM
10.4149685,10.747478,0,0.9996526339885689,GMM
9.385363,11.056112,0,0.9996276413312986,GMM
8.9901905,8.043407,0,0.994439612789898,GMM
11.999772,-0.9017272,3,1.0,GMM
12.283966,10.613407,0,0.9975055924863955,GMM
12.29982,1.9233773,1,0.7779605243246155,GMM
8.60022,1.6253449,1,0.6615686146751081,GMM
8.8374815,9.702988,0,0.9892763766213352,GMM
10.727499,5.9868035,0,0.8694896738677065,GMM
11.702695,13.215181,0,0.9999266061388228,GMM
12.127196,11.07116,0,0.9991418868351059,GMM
12.61072,9.569884,0,0.9691198487821175,GMM
11.751276,1.5460391,1,0.8882098647077818,GMM
9.902912,6.285172,0,0.8164052445539186,GMM
6.1267734,2.7376835,2,1.0,GMM
11.017061,7.913191,0,0.9876021221897343,GMM
12.459549,-0.14171553,1,0.7575946638523606,GMM
12.472341,12.468717,0,0.999412726339014,GMM
9.885753,3.842191,1,0.9289398318241361,GMM
6.043079,2.591733,2,1.0,GMM
6.956068,8.690923,0,0.9992957598831891,GMM
10.038812,6.0826406,0,0.9747466113862113,GMM
9.178216,4.1583376,2,0.8315851611570368,GMM
11.492663,6.7516527,0,0.8487620268812393,GMM
10.653328,4.626065,1,0.9392601396578323,GMM
12.869507,11.850003,0,0.9861697485325815,GMM
9.022834,9.108045,0,0.9983759769829001,GMM
10.215246,11.7285595,0,0.9955883813032207,GMM
12.576979,1.6844305,1,0.8848705725803021,GMM
8.74263,11.238261,0,0.9932530389028098,GMM
10.96245,7.329451,0,0.9669137858183849,GMM
11.051129,9.252047,0,0.9555828994144123,GMM
9.542301,9.038609,0,0.997464861639875,GMM
9.502895,2.4450922,1,0.9938962985141653,GMM
8.628454,1.0247883,1,0.7207689716376682,GMM
13.024349,12.482287,0,0.9712151007987377,GMM
11.3043165,10.017361,0,0.9988125556856989,GMM
10.71549,-0.091283455,1,0.9444349935208449,GMM
10.624506,0.9572432,1,0.9659033632467144,GMM
12.134698,3.6400435,1,0.8764998151892903,GMM
10.52125,2.646977,1,0.9908083279055693,GMM
8.8319845,7.258601,0,0.9101283111358267,GMM
7.187176,9.826189,0,0.9903615251496768,GMM
9.028395,9.585966,0,0.9923984191375574,GMM
7.2274814,9.567224,0,0.9979003891693001,GMM
8.093777,10.606524,0,0.9998154826297526,GMM
10.99529,9.016841,0,0.9477005900006918,GMM
8.248979,10.040759,0,0.9633742430295084,GMM
9.855682,8.995472,0,0.9991659077219288,GMM
11.315469,7.6443367,0,0.9308804884159161,GMM
8.822955,9.93554,0,0.9959403281656645,GMM
9.207011,10.081584,0,0.9093496244259477,GMM
12.16193,-0.22360721,1,0.6468655928264453,GMM
9.791666,7.8164444,0,0.9892000259499331,GMM
8.88308,-0.13857095,1,0.9799664886231947,GMM
11.006269,10.099195,0,0.9886037139459026,GMM
8.612439,6.425428,0,0.966927387167948,GMM
11.560517,3.1772654,0,0.6494745678472904,GMM
12.1038065,9.09796,0,0.8118859182627208,GMM
8.271652,9.862258,0,0.9870221292259356,GMM
8.335014,6.296966,0,0.7537478441239203,GMM
6.8500695,9.451989,0,0.9991368236368706,GMM
11.417703,9.714814,0,0.9641356037929458,GMM
9.44654,7.5934825,0,0.9891287136238697,GMM
10.285657,8.1087885,0,0.9797530201962855,GMM
10.230593,9.945351,0,0.9997863468280864,GMM
10.293162,0.33144805,1,0.8439418455773283,GMM
11.0692,9.019421,0,0.9744660199983216,GMM
10.590035,7.064745,1,0.6423229888259504,GMM
6.7195344,9.397157,0,0.999013225753041,GMM
10.789582,4.552158,1,0.8686287387137872,GMM
11.601031,3.0176132,1,0.761175477976999,GMM
10.687806,10.178658,0,0.9997924015507315,GMM
10.846165,8.375437,0,0.814562682845165,GMM
8.873576,11.905601,0,0.9999932167398738,GMM
10.806914,0.75237274,1,0.9932993111866013,GMM
8.554328,3.0713463,1,0.9970128438561022,GMM
13.120991,11.436609,0,0.6998639108535624,GMM
9.080822,6.119916,0,0.9690144149316161,GMM
10.959572,1.5717455,1,0.9967874494378545,GMM
9.664977,9.84367,0,0.9922018424405349,GMM
12.133499,9.1446085,0,0.985945893390839,GMM
10.626693,5.7831225,0,0.9567448983761372,GMM
9.256723,0.9260988,3,0.9419820699052536,GMM
7.946373,5.0880246,1,0.9708033160583526,GMM
9.835194,4.796548,1,0.853596647386053,GMM
13.08502,13.690081,0,0.9802260519184121,GMM
11.354544,8.97979,0,0.7886763773870098,GMM
11.95071,7.2794495,0,0.9188612127157525,GMM
13.025886,13.99016,0,0.9994113939691802,GMM
12.141404,7.1481705,0,0.8866056322960669,GMM
12.113159,3.1005447,1,0.9739886712085942,GMM
7.7044525,9.044169,0,0.9920083407420374,GMM
12.110117,-0.40115568,3,0.8074735473461164,GMM
12.464046,-0.044968385,3,0.9943567867030548,GMM
10.2482605,0.89867973,3,0.9999560504721252,GMM
8.624074,5.8331776,1,0.5061743532175662,GMM
11.079003,9.513477,0,0.9834865425615337,GMM
10.335919,11.207254,0,0.9988079465383992,GMM
12.577375,-0.66598976,3,0.9999735098713246,GMM
8.092596,10.697158,0,0.9971970045341958,GMM
10.826688,4.9598546,1,0.714662978276103,GMM
12.883076,10.355098,0,0.9939865755557491,GMM
10.649523,2.803189,1,0.9949739581145199,GMM
12.208985,11.56247,3,0.8627138052390393,GMM
11.836061,0.31048173,1,0.9657056171030935,GMM
8.52847,1.6514485,1,0.9414540138610283,GMM
10.266843,6.6668463,0,0.9861180522981295,GMM
9.825959,4.2474313,1,0.4954112177553112,GMM
9.91566,11.322614,0,0.9998711938559085,GMM
10.2537,6.4259186,0,0.8822902355878212,GMM
12.045694,10.029223,0,0.9928999575849276,GMM
10.220139,7.6478915,0,0.985706585459311,GMM
10.291719,10.2679615,0,0.9952868502002318,GMM
11.742301,12.177014,0,0.9995413529230041,GMM
10.212833,11.493398,0,0.9998556092177995,GMM
10.866864,6.182357,0,0.9774984722216371,GMM
9.80015,-0.10471799,1,0.9807367044277869,GMM
11.737748,-0.72187144,3,0.8243793075323399,GMM
7.498374,11.015038,0,0.9999929070351679,GMM
8.951368,5.7561865,0,0.5042256703085575,GMM
12.4625225,7.647694,0,0.9031761975626894,GMM
7.78232,10.954993,0,0.9989171197841263,GMM
10.219821,0.2541643,2,0.6642100114737642,GMM
11.0202265,10.740618,0,0.9898087377002555,GMM
8.726662,10.518933,0,0.9992804610369411,GMM
11.63474,9.444141,0,0.9824674206780101,GMM
11.290977,-0.1880454,3,0.9806133917157954,GMM
8.534072,7.187567,0,0.9763489722707949,GMM
9.838873,7.082185,0,0.9910137680198685,GMM
11.003628,5.2456727,0,0.5721457869131251,GMM
10.413434,5.821885,0,0.8051695126163516,GMM
8.700677,4.4968514,1,0.9461253510637173,GMM
9.3249,11.202611,3,0.9580395597913345,GMM
8.816399,1.9890703,1,0.7158160759607212,GMM
11.004779,1.7748219,1,0.9740801443573323,GMM
8.936422,9.374989,0,0.9948624600260224,GMM
10.531789,6.3095493,0,0.976811307125726,GMM
8.904649,2.2156808,1,0.995741601369456,GMM
13.2244,12.415451,0,0.9966378339536561,GMM
11.535978,1.9057862,1,0.9469019513127573,GMM
9.506149,11.61489,0,0.9996674644818833,GMM
12.718306,7.756629,0,0.5392338762234107,GMM
9.395465,8.484952,0,0.9758227058208053,GMM
12.333313,-0.51710343,3,0.9999934242757594,GMM
11.167439,11.332628,0,0.9988917670101375,GMM
8.9676075,7.08608,0,0.8313624186211441,GMM
7.981754,10.515271,0,0.9430935809883682,GMM
11.557529,-0.6968437,3,0.9656510631669486,GMM
10.238518,0.67515194,1,0.9967416882949723,GMM
8.163614,6.9603457,1,0.7889943730162784,GMM
9.14193,10.201495,0,0.9968953418407903,GMM
12.181123,13.575594,0,0.9997863877888321,GMM
8.023085,8.565049,0,0.973733457981448,GMM
9.236953,1.4935085,1,0.9958982782311109,GMM
10.764777,11.24148,0,0.9995678026896492,GMM
8.220553,9.796871,1,0.7455247477304193,GMM
10.543505,1.4617794,1,0.9959200488639965,GMM
9.529876,0.25203437,1,0.9947857823070918,GMM
9.015677,1.2678165,1,0.9648409111223918,GMM
11.898516,9.890343,0,0.9675356666722358,GMM
10.559838,7.4465213,0,0.5719220829608858,GMM
8.942053,3.028321,1,0.9870910534409855,GMM
12.911411,11.218676,0,0.9870771033818576,GMM
10.448412,1.087725,1,0.9785221635780165,GMM
10.425954,0.8648213,1,0.9944993529159635,GMM
9.604843,10.339758,0,0.9940502734648002,GMM
12.37724,1.1479096,1,0.9796248679813331,GMM
10.02615,3.1655748,1,0.9839211909933104,GMM
9.75768,10.853105,0,0.9854843944349002,GMM
9.058961,9.751098,0,0.96753003826605,GMM
12.38716,3.4773927,0,0.7631737345430524,GMM
10.540314,3.9830718,1,0.7456812025544998,GMM
10.007915,5.263046,1,0.936321626775,GMM
12.9651165,12.312867,0,0.9963513984146776,GMM
9.419154,2.0763793,1,0.9968096245475773,GMM
8.770468,10.4135065,0,0.9991249058449211,GMM
12.065065,13.671825,0,0.9999705726825369,GMM
10.693298,4.249412,1,0.9692767331739124,GMM
10.15567,9.819419,0,0.9987582784907907,GMM
11.350723,8.322112,0,0.9935334747144047,GMM
9.382075,0.22036839,1,0.921815348252657,GMM
12.623821,-0.15663737,1,0.788937803673106,GMM
10.512599,12.439745,0,0.9997860348282899,GMM
12.645533,0.58140814,1,0.5009780974275739,GMM
11.073084,7.9980164,0,0.9834684604609567,GMM
9.349296,7.618779,0,0.9248472134756729,GMM
11.82974,8.544019,0,0.9737355457870506,GMM
12.248189,2.9911773,1,0.8782836622019863,GMM
9.281712,3.6642816,1,0.9965522004919879,GMM
10.708332,-0.6280253,3,0.7461886262007187,GMM
11.857991,1.7927941,1,0.9122822650558611,GMM
8.362307,8.753686,0,0.9805365121048826,GMM
10.755229,9.831145,0,0.9976760254734812,GMM
10.762265,0.086099826,1,0.9974596053284915,GMM
8.022958,4.30007,1,0.9869921779654411,GMM
9.128096,2.9025512,1,0.9936430690444982,GMM
10.813075,6.4607053,3,0.8318473743623955,GMM
10.662057,11.133312,0,0.9960399121593607,GMM
12.136651,6.9448004,0,0.833687209141403,GMM
10.053492,7.856367,0,0.9993991917962751,GMM
9.917988,0.24245659,1,0.9960401682807725,GMM
12.126794,-0.5653463,3,0.9318243706459953,GMM
9.3866205,2.5982804,1,0.8402203336494318,GMM
10.995679,8.331495,0,0.9680518156932799,GMM
9.088972,2.5383255,1,0.9967137905152882,GMM
13.135372,11.46501,3,0.8541809751909659,GMM
11.428974,12.649691,0,0.9998566560623264,GMM
11.4038925,-0.33524814,1,0.8366781901788908,GMM
12.648638,1.3131934,1,0.9860016708743228,GMM
11.948751,6.8880887,0,0.5120280467392441,GMM
11.343015,13.274582,0,0.9999626398863903,GMM
7.65594,9.498355,0,0.9690805378506374,GMM
12.407755,7.0765147,0,0.7247319155049342,GMM
10.429468,-0.80636644,1,0.994852070689649,GMM
11.562747,11.920034,0,0.9993078969048549,GMM
10.308398,5.925094,0,0.9923091819073523,GMM
8.64631,5.683501,0,0.7471228418098455,GMM
10.447956,11.936132,0,0.9997475640414144,GMM
9.92323,7.406931,0,0.9981058991329412,GMM
11.739604,0.4723717,1,0.9913685889758791,GMM
10.360568,7.4315248,0,0.9208582937996298,GMM
9.249922,3.842725,1,0.8294307133402977,GMM
8.205826,10.718545,0,0.994091018135397,GMM
10.667197,-0.10296121,1,0.9859725218328101,GMM
10.050613,5.0802937,1,0.6934378240196621,GMM
11.844343,13.4419565,0,0.9998964602447139,GMM
9.163754,0.86658704,1,0.8234259768100385,GMM
9.389507,5.9142747,0,0.9866483765781401,GMM
9.917649,-0.6438458,2,0.546138643254222,GMM
10.097048,12.035412,0,0.9997816769262255,GMM
7.058317,9.418437,0,0.9810531193954397,GMM
4.4070067,2.329651,2,1.0,GMM
8.56041,5.194341,1,0.8610011257671303,GMM
10.323911,11.960036,0,0.9998244988482564,GMM
12.589629,10.245082,0,0.989060253354788,GMM
10.761866,8.859671,0,0.9978697766764175,GMM
6.480077,9.795546,0,0.9999996799835685,GMM
8.231594,6.004687,1,0.9301823709328635,GMM
9.069134,1.0789691,1,0.5177460845923544,GMM
8.765165,2.0379472,3,0.5092189579663778,GMM
10.632936,3.964367,1,0.9552859031554533,GMM
10.161626,7.351693,0,0.9835944764224309,GMM
7.9152355,8.972878,0,0.9537448675269439,GMM
11.86936,3.2293744,1,0.8757786476959808,GMM
9.643673,2.4151874,1,0.9077041619066362,GMM
11.797524,11.15567,0,0.996877819477639,GMM
9.909271,3.8053467,1,0.5627670766410743,GMM
11.4309845,9.756286,0,0.9911635951369845,GMM
12.528627,11.467233,0,0.9983277065341513,GMM
11.693609,2.291336,1,0.9752783037278729,GMM
11.253758,9.393313,0,0.6032073541473246,GMM
12.50291,10.231394,0,0.9932350951710788,GMM
10.773746,4.80275,0,0.7406327775771588,GMM
11.841191,0.8951964,1,0.9921700900654167,GMM
4.3229628,2.291612,2,1.0,GMM
6.901531,10.053447,0,0.9964646059150988,GMM
7.8766284,3.4640508,2,0.9999995363901801,GMM
8.809438,6.87403,0,0.9942751204235347,GMM
11.168574,0.5303956,1,0.9507423315590944,GMM
7.8739185,9.084879,0,0.9399780778360366,GMM
12.810183,-0.35796475,3,0.9994286410443679,GMM
11.365879,1.3993009,1,0.9946887045306484,GMM
11.857491,12.887533,0,0.9991075045654756,GMM
9.695006,9.717523,0,0.9982583492905722,GMM
9.840474,11.572491,0,0.9999362897739555,GMM
8.945628,11.99121,0,0.9999898288729604,GMM
7.705636,10.627049,0,0.9986614942475697,GMM
9.620708,7.478329,0,0.9864355890181904,GMM
10.29669,2.772529,1,0.9367871820307614,GMM
10.617947,5.5971594,0,0.8125078656997269,GMM
12.650188,1.9896264,0,0.6277620843911083,GMM
10.382287,8.948376,0,0.9944123364584354,GMM
12.553305,1.0633999,3,1.0,GMM
9.381049,10.316562,0,0.9974329008862469,GMM
11.048768,9.450803,0,0.9915820821115058,GMM
7.7006016,5.9031444,0,0.9731102437000303,GMM
9.34297,9.910794,0,0.9989835110481985,GMM
11.587517,12.8488245,0,0.9992487785293578,GMM
10.168078,0.2308761,2,0.9935155007962366,GMM
13.239851,13.982083,0,0.9962694520404751,GMM
9.1326065,6.4453945,0,0.9501150254931432,GMM
9.624282,11.825609,0,0.9999344592985973,GMM
11.415286,2.7576008,1,0.9679979215789914,GMM
11.128827,4.249351,1,0.7430868755196605,GMM
11.144192,11.524659,0,0.9998724888289559,GMM
11.472794,1.2248404,1,0.9893999595273681,GMM
8.907445,11.966721,0,0.9999257636259758,GMM
8.576931,2.6064136,1,0.9924929075075845,GMM
9.094767,1.5732795,1,0.972720147427921,GMM
9.425214,6.0015664,1,0.8961331315877298,GMM
8.453216,5.045084,1,0.5591979183373806,GMM
10.834947,0.111651696,1,0.9950421776098943,GMM
10.656121,3.626558,1,0.916462100846005,GMM
11.236567,11.132992,0,0.9997470768465253,GMM
11.245962,7.4939585,0,0.9685275127987591,GMM
11.347064,12.639893,0,0.9999180723941375,GMM
8.858351,6.092992,0,0.9970113047081405,GMM
8.16357,10.649771,0,0.988631304390442,GMM
9.886515,11.852856,0,0.9998809927618788,GMM
9.546713,4.3014693,0,0.6622013503590645,GMM
11.080992,10.874072,0,0.9693601503956434,GMM
8.573117,9.378482,0,0.9621884586765532,GMM
8.576932,8.787773,0,0.9975970000632729,GMM
8.218841,6.810592,0,0.588440726090271,GMM
7.7505965,11.038597,0,0.9952832879203429,GMM
10.942551,11.426529,0,0.9998539229893858,GMM
10.620591,9.573554,0,0.9987573864031069,GMM
12.35038,9.614591,0,0.7940651173070223,GMM
12.004104,3.5298097,0,0.5528887497696023,GMM
12.2772455,0.5989024,1,0.9812567027547539,GMM
4.700309,2.4205275,2,1.0,GMM
10.952572,-0.73841625,3,0.9966820548025154,GMM
9.926311,5.4548607,0,0.7407338093519634,GMM
9.435623,2.1991024,1,0.9877022222092989,GMM
11.557218,-0.048684463,3,0.6922511865014889,GMM
10.771836,-0.93482786,1,0.5909449912704199,GMM
9.591826,3.424206,1,0.9831803285214391,GMM
8.86606,9.320048,0,0.9994568906475593,GMM
11.666223,1.2248142,1,0.9882632267524267,GMM
8.86611,9.76534,0,0.8986204598429117,GMM
10.470871,3.8842533,1,0.9075906589550313,GMM
10.566545,8.873446,0,0.9961851418691824,GMM
9.164578,3.8146656,1,0.9619161408592103,GMM
12.24169,2.718191,1,0.988161510217719,GMM
10.349555,0.71910226,1,0.990586245672671,GMM
10.758785,11.413567,0,0.9989143227638911,GMM
12.036185,12.013486,0,0.9947763483590962,GMM
10.254179,2.5634167,1,0.6853958561148357,GMM
10.642767,8.852163,0,0.9890373737326317,GMM
7.742189,10.576826,0,0.9915805872917631,GMM
12.421793,9.462416,0,0.9740034650213322,GMM
11.494265,1.2422336,1,0.9984751088028623,GMM
8.962921,-0.39486825,1,0.8286502586804877,GMM
9.92143,-0.18879892,1,0.9727045191124464,GMM
8.871499,2.818875,1,0.9775864198041136,GMM
9.8828535,7.3283668,0,0.999391738581766,GMM
12.036664,3.380565,0,0.5361387330475423,GMM
9.364514,0.045391258,1,0.8890793924181493,GMM
8.362602,9.514202,0,0.996275499656456,GMM
6.3293443,2.8315425,2,1.0,GMM
12.914249,13.427514,0,0.9990224224624227,GMM
10.294244,8.918935,0,0.9989485349816914,GMM
8.491949,4.714143,1,0.9332152284265305,GMM
12.360065,11.453828,0,0.9972820000978886,GMM
10.22375,-0.10130381,1,0.941723365647215,GMM
11.33095,10.9981,0,0.9849368717993894,GMM
10.590621,9.714018,0,0.9954800481487107,GMM
10.2967415,9.767898,0,0.9998986320513252,GMM
9.388273,2.3691285,1,0.9791524922817926,GMM
10.991131,12.436942,0,0.9999343098420368,GMM
11.71021,6.0013843,0,0.7047004184502205,GMM
9.737965,-0.017995186,3,0.624159858522317,GMM
10.071462,4.4365473,1,0.5396911731734547,GMM
10.001668,5.7839575,0,0.6694416798653866,GMM
12.068353,7.778663,1,0.6878292945755425,GMM
11.88615,12.418822,0,0.8576146478122907,GMM
11.7714205,0.7329535,1,0.8694735928977064,GMM
12.232201,1.9198874,3,0.9948613348930186,GMM
11.999777,13.033938,0,0.9751407538366079,GMM
10.229674,1.535297,1,0.9871149507555453,GMM
9.598393,3.144355,1,0.9946579750486592,GMM
11.310114,0.93273324,1,0.9774504926841617,GMM
10.60785,6.212851,0,0.9980132582178634,GMM
10.959182,11.161408,0,0.9995914411421397,GMM
7.7995934,9.664157,2,0.6563581520800836,GMM
7.847197,6.9643526,1,0.9380265450190882,GMM
8.415311,4.124726,1,0.9950699804348859,GMM
9.09519,0.4795741,1,0.9783049221629374,GMM
11.52441,0.7347165,1,0.6719137476917596,GMM
11.897051,9.231117,0,0.9588613425293822,GMM
11.985084,-0.41621134,1,0.9785194854066905,GMM
9.929131,5.5757723,0,0.5648713065529554,GMM
11.707411,11.339027,0,0.9997139803041034,GMM
8.489152,8.871335,0,0.8645330386113123,GMM
9.304463,5.9495683,0,0.8887256449203076,GMM
10.9113455,-0.39246997,1,0.9929953969402082,GMM
9.455576,6.669185,0,0.9644981331746013,GMM
7.9054217,9.714964,0,0.8160409915586683,GMM
9.835821,10.592961,0,0.9987575026892389,GMM
11.7635145,6.594172,0,0.5722721587087753,GMM
8.758102,2.4321196,1,0.9960367806827942,GMM
9.274311,9.42668,0,0.9926542509905444,GMM
10.891297,8.232427,0,0.9369126862042814,GMM
10.965968,12.879742,0,0.9998740640166782,GMM
13.355936,13.005208,0,0.9871455118901009,GMM
8.89811,8.589558,0,0.9984834089311839,GMM
8.991905,8.472355,2,0.9635229249653121,GMM
12.438225,0.3909033,1,0.7892082042682484,GMM
10.075304,4.154903,0,0.6334781573630207,GMM
9.78016,5.2620797,1,0.8579413655309236,GMM
9.363688,3.8748894,1,0.9704725209527211,GMM
12.149696,7.33035,0,0.9540298327805545,GMM
11.600612,11.965855,0,0.9949168399760588,GMM
11.582213,6.4490075,0,0.9430937257503225,GMM
10.110582,11.227524,0,0.9998042720469258,GMM
7.5956573,8.53504,0,0.9927201775285726,GMM
11.161328,8.977711,0,0.9973153203827521,GMM
8.974526,0.22856705,1,0.560517830316475,GMM
8.697848,9.199547,0,0.8987945308597539,GMM
12.804666,0.2948602,1,0.5817001338448409,GMM
10.348786,1.1042892,1,0.9962329517521373,GMM
10.1978035,5.8478794,0,0.9926283393081375,GMM
12.554255,1.326461,1,0.85459302466236,GMM
9.670885,9.409102,0,0.9996848913875737,GMM
6.659513,9.259548,0,0.9987796990122336,GMM
9.849607,5.570494,0,0.9854206574833471,GMM
11.410732,0.087967336,1,0.9944968984537724,GMM
12.65485,7.93314,0,0.8110601461635808,GMM
10.996692,0.042979248,1,0.9229933356847869,GMM
11.990075,2.046625,1,0.9025804048975502,GMM
8.25436,7.889901,0,0.9413843731925227,GMM
11.420435,11.584433,0,0.9997571532789252,GMM
11.752274,1.9883872,1,0.998093060295798,GMM
11.941281,6.831758,0,0.7756783754220019,GMM
10.238585,-0.12416065,1,0.9142380745337464,GMM
9.077194,4.387627,1,0.8918448586754937,GMM
7.9728622,9.270785,0,0.9497021159937085,GMM
8.971901,8.307042,0,0.9809142420685938,GMM
8.886836,6.9832125,0,0.9649735149916111,GMM
10.157982,11.631936,0,0.8000072895102296,GMM
10.298522,11.244885,0,0.9999012918591766,GMM
9.818706,11.688606,0,0.9993522219839958,GMM
12.761534,10.033037,0,0.9683389311279206,GMM
10.254777,0.52328175,1,0.9986201806239576,GMM
9.322826,8.281159,0,0.9985641974454675,GMM
11.417182,0.9734148,1,0.9985552679459418,GMM
12.010563,-0.895007,3,0.9999999999999609,GMM
9.734364,7.837344,0,0.9864405993467357,GMM
6.0607343,2.5509367,2,1.0,GMM
9.716314,3.9176328,1,0.8040843058371131,GMM
8.04091,7.9465175,0,0.9138531623224196,GMM
9.10083,9.2131605,1,0.796671322163097,GMM
11.185201,12.590617,0,0.9996723485524991,GMM
9.756624,6.552821,0,0.9981086582589307,GMM
12.188332,13.690915,0,0.9998341123704093,GMM
10.622646,10.916017,0,0.9911067439753091,GMM
8.910007,-0.42687505,1,0.9323216091269854,GMM
10.605388,7.4608383,0,0.9855133679666997,GMM
8.249733,6.3887043,0,0.9577079659245185,GMM
11.327329,10.158862,0,0.9957029333170472,GMM
11.213379,-0.09348705,1,0.5606609108655499,GMM
9.139902,5.9093795,0,0.9532235590877346,GMM
10.015974,3.2213564,1,0.9796125453006126,GMM
7.6033683,10.268247,0,0.9471544987852457,GMM
10.904538,8.7853565,0,0.9949487352900438,GMM
12.212395,12.180512,0,0.9954359074555471,GMM
8.929409,8.199533,0,0.9961795295127975,GMM
13.431183,14.06597,0,0.9983642370710736,GMM
10.542846,2.7927005,1,0.9717973896293466,GMM
10.580147,9.978641,0,0.9993504669743739,GMM
8.559785,5.593401,0,0.6998757216045854,GMM
9.5259695,1.7826062,1,0.9967014876283895,GMM
10.43374,1.1830028,1,0.9973457914592851,GMM
10.00716,3.2197335,1,0.9769085653842536,GMM
10.752181,8.703964,0,0.9959615616911339,GMM
12.125346,6.6745567,0,0.6383444401005008,GMM
9.063982,6.515706,0,0.9773724814215532,GMM
12.47922,11.845717,1,0.4701239513322422,GMM
11.503541,1.241922,1,0.997568548634611,GMM
12.023294,7.132309,1,0.5241414890003124,GMM
10.080565,10.020952,0,0.9986461949718615,GMM
8.634343,-0.7462931,2,0.597198417094546,GMM
13.36397,14.071546,0,0.9983009216472316,GMM
11.168734,10.432891,0,0.999463229578327,GMM
12.713954,13.21237,0,0.9971758482903695,GMM
11.2112,-0.36142442,1,0.9486028108528404,GMM
8.840699,7.4173007,0,0.9493955162295196,GMM
6.6721272,9.864303,0,0.9999730944192878,GMM
9.942237,4.30362,0,0.7081620453791587,GMM
12.271768,2.4425716,1,0.8462758389369869,GMM
9.369488,0.76723146,1,0.6350759186336498,GMM
10.100565,8.107111,0,0.9531097788302757,GMM
10.713628,8.593934,0,0.9849178786774941,GMM
11.448412,2.2728713,1,0.9802175585961305,GMM
7.274508,8.699684,0,0.7605412635695611,GMM
9.686177,4.977599,2,0.9747294941395199,GMM
7.264209,9.1310835,0,0.9973123585626563,GMM
12.08042,1.9384627,1,0.9450608059196329,GMM
11.059811,12.5707035,0,0.9998862100782805,GMM
11.883964,10.364953,0,0.9509306507647395,GMM
9.053736,6.0250163,0,0.8845606192601766,GMM
12.392007,12.069547,0,0.9993732578010303,GMM
9.96763,2.489597,2,0.8599857922193332,GMM
10.046011,2.6338592,1,0.9935759028534897,GMM
10.124012,4.469222,1,0.977779296607631,GMM
10.337688,1.6901709,1,0.9976203283910737,GMM
7.5534143,8.035495,0,0.9929253205853077,GMM
11.512474,6.8046045,0,0.867739753753983,GMM
9.699935,2.1256156,1,0.8965406773382023,GMM
9.2970915,11.673331,0,0.9996695988989136,GMM
10.040278,8.726546,0,0.9952566947555015,GMM
10.385277,9.606647,0,0.9995007333667216,GMM
6.926228,9.946179,0,0.9997929021875882,GMM
11.546709,10.207961,0,0.7895253316088643,GMM
11.035482,1.888865,1,0.9921876502677682,GMM
9.964616,-0.06616548,1,0.9558717541358698,GMM
9.348774,11.679946,0,0.999785313449335,GMM
7.391672,8.234939,0,0.980046396840179,GMM
12.072056,13.096565,0,0.999235174486884,GMM
9.856353,10.614157,0,0.9606161146323341,GMM
13.28603,13.504069,0,0.9965921326562963,GMM
11.936384,-0.12783806,1,0.5077804790411566,GMM
9.916952,3.1899498,1,0.9831646653703671,GMM
13.0876875,12.119467,0,0.9973882355653648,GMM
6.6567025,2.9948127,2,1.0,GMM
9.058787,1.036846,1,0.830543242389933,GMM
11.906237,3.1652849,1,0.964098359709361,GMM
8.610634,3.234002,1,0.980708663210082,GMM
10.524698,0.83148295,1,0.995237838460125,GMM
12.249866,0.17587478,3,0.9999227852006783,GMM
10.231856,7.63371,0,0.9992032316013416,GMM
10.346878,12.038585,0,0.9994581543513954,GMM
11.8417,11.760251,0,0.991669224949662,GMM
11.441045,2.3758276,1,0.9768816487809381,GMM
10.013363,8.596581,0,0.9829702394852882,GMM
9.6515,9.761581,0,0.9997837779579429,GMM
10.552456,5.4166455,1,0.5576888108478748,GMM
7.5978103,6.481853,0,0.9792923850227045,GMM
13.065277,11.46671,0,0.9203673237867062,GMM
12.743868,-0.55800474,3,0.9999899031708254,GMM
11.633946,5.104713,0,0.7208214777798028,GMM
10.632334,0.8122874,1,0.99149756073578,GMM
10.161838,2.8695426,1,0.9828231282001029,GMM
10.790047,12.5544815,0,0.9998271462405345,GMM
12.42391,10.67938,0,0.9978056983457851,GMM
10.28531,6.382056,0,0.9993845389216002,GMM
9.3938465,0.7784934,3,0.8007587568120462,GMM
9.150218,7.237489,0,0.9918512500588398,GMM
11.628659,2.85038,1,0.6889487361945434,GMM
8.40582,11.467645,0,0.9994240316835122,GMM
11.5583,11.9034605,0,0.9999385253473511,GMM
10.797822,6.4077644,1,0.5305817855668326,GMM
10.519887,10.44583,0,0.9565988236212437,GMM
10.643608,5.492031,0,0.9221073117713012,GMM
9.662624,-0.77103,1,0.9931106724672676,GMM
9.819156,5.5502343,0,0.9104939475213051,GMM
10.004649,-0.33566833,1,0.714336840578782,GMM
7.7447042,5.163763,1,0.9482106453093011,GMM
11.040831,10.925941,0,0.9999394468420135,GMM
9.222861,1.9111427,1,0.9958898989588392,GMM
11.401856,2.5409381,1,0.9820680542145662,GMM
8.756567,8.917827,0,0.5938353048440141,GMM
11.4546385,2.806248,1,0.9851846687825476,GMM
8.8226,7.9453235,0,0.9446589138137071,GMM
8.875565,8.63216,0,0.9070354234226188,GMM
11.657562,0.5344906,1,0.9697170904058162,GMM
10.220005,3.3451552,1,0.8398188371430473,GMM
7.055614,8.619597,0,0.9904324646288449,GMM
11.665022,2.9526513,0,0.644007011068788,GMM
11.99805,8.905482,0,0.9511002523587939,GMM
9.562413,10.610268,0,0.9655275500351771,GMM
10.405047,-1.0286415,1,0.6122681636699749,GMM
10.691721,12.504592,0,0.9999529732925089,GMM
9.283924,9.85351,0,0.9793800604067648,GMM
9.632483,1.3780676,1,0.9857050065534118,GMM
11.68676,2.5608504,3,0.9995640062001129,GMM
10.245181,11.180736,0,0.9998146731316341,GMM
8.077318,10.043708,0,0.9782018108201475,GMM
10.082107,0.35421905,1,0.9972072308358715,GMM
10.955171,8.125008,0,0.9198417579044231,GMM
9.761958,9.793491,0,0.999014020634267,GMM
12.268227,12.123345,0,0.9996910546173265,GMM
8.679206,2.0685344,1,0.9729495077690401,GMM
10.226851,3.2476013,1,0.8797283758583339,GMM
10.987592,4.8687057,0,0.6735674234506881,GMM
9.863144,-0.876945,1,0.9668612626973269,GMM
7.773113,5.277177,0,0.8445467210433375,GMM
10.310124,5.6181436,0,0.9914377894750126,GMM
10.860161,2.0359516,1,0.9910217989520667,GMM
11.978186,0.60677874,1,0.968919152814139,GMM
11.283144,1.0377862,1,0.9949770870107821,GMM
9.061132,1.4380648,1,0.9810015736840303,GMM
10.86431,9.270409,0,0.9982088218252997,GMM
9.12655,1.8393455,1,0.9919684225517648,GMM
12.097058,7.7151666,0,0.8619575464330584,GMM
7.076306,10.131895,0,0.999001105489733,GMM
11.956001,12.385804,0,0.9998290649623676,GMM
9.216806,2.284007,2,0.5285817642104225,GMM
11.900291,10.517717,0,0.9716092431760451,GMM
10.850152,6.1567245,0,0.9975210226279058,GMM
10.864399,1.1024846,1,0.9492279066853362,GMM
11.982442,12.831364,0,0.9995973889396931,GMM
9.009007,0.37011302,1,0.9630592718446388,GMM
10.179293,4.063274,1,0.7393372487300254,GMM
11.250049,2.4661038,1,0.9930453547973654,GMM
11.575398,10.423202,0,0.9997554696252101,GMM
13.326598,12.726033,3,0.9758327017882802,GMM
12.490702,13.282884,0,0.9982172661527327,GMM
8.664084,5.8025007,1,0.5795461348761636,GMM
9.847581,3.5584145,1,0.99125091692287,GMM
9.03306,2.3577685,1,0.9967621218128317,GMM
10.11025,6.0233426,0,0.9531879563439895,GMM
13.045295,12.794694,0,0.997009029513114,GMM
10.034032,6.601016,0,0.8895934654902775,GMM
9.41018,-0.34745944,1,0.9142181197705054,GMM
11.631335,9.48908,0,0.989969135568109,GMM
10.630854,4.2324967,1,0.8927332568718246,GMM
10.744672,1.9927868,1,0.9961330962230617,GMM
13.042804,13.75931,0,0.9990240947662813,GMM
11.9893875,0.6794646,1,0.9954284127344858,GMM
12.374173,0.074394286,3,0.7793189144664788,GMM
7.673653,8.429327,0,0.9911882913154322,GMM
8.251496,9.699491,0,0.9965753197498621,GMM
9.526468,-0.13505964,1,0.9338484101968775,GMM
8.229639,6.4465866,0,0.9002220219487185,GMM
8.667165,7.189414,0,0.9934328260600604,GMM
10.970816,1.5921184,1,0.9978546460228844,GMM
7.1129355,9.384432,0,0.978957609475963,GMM
9.767161,7.74055,2,0.6500758926455192,GMM
8.879966,0.19726829,2,0.5089275142296961,GMM
10.34907,11.634833,0,0.9993462778840739,GMM
12.594031,10.478986,1,0.8801122925213005,GMM
11.482501,7.4402003,0,0.9577270864372619,GMM
12.548571,1.1202339,1,0.9934018510510451,GMM
5.4068184,2.588436,2,1.0,GMM
8.642471,8.2116785,0,0.9976365414906482,GMM
12.50128,13.869987,0,0.9998816513315965,GMM
9.669094,6.217367,0,0.9742550513841947,GMM
11.309764,11.055177,0,0.9992807824462477,GMM
11.354039,11.776076,0,0.9973184784134317,GMM
7.9426694,10.492256,0,0.9974214457288233,GMM
12.755745,10.678206,0,0.994554965784223,GMM
8.6276045,10.645202,0,0.9999137160251846,GMM
8.804077,7.226034,2,0.9960662136543599,GMM
10.537695,0.29441547,1,0.9911942930511468,GMM
12.759923,10.264642,0,0.9943317242493425,GMM
12.13503,9.053284,0,0.9761784957353214,GMM
7.671387,10.19685,0,0.9941497118876395,GMM
10.151224,6.3598742,0,0.9583255604253764,GMM
8.960126,5.076935,1,0.7134373613940581,GMM
10.596767,11.589695,0,0.999008997259021,GMM
13.137792,14.048993,0,0.9968842854390434,GMM
7.6304607,8.542083,0,0.9856178690430812,GMM
11.22629,0.043204535,3,0.760161552015634,GMM
10.210802,7.3094406,0,0.9265163734169147,GMM
10.804952,11.555877,0,0.9998264972322083,GMM
9.661181,11.769092,0,0.9997713371390441,GMM
9.995374,6.2384434,0,0.9185330764454555,GMM
13.031168,11.047015,1,0.7938827372685794,GMM
10.680444,0.41531003,1,0.42980156678498954,GMM
9.350873,8.37434,0,0.9988706633102371,GMM
11.797829,9.580685,0,0.9967114051894673,GMM
7.3770466,8.303168,0,0.9868623664671412,GMM
10.367626,4.010983,1,0.8566322772949709,GMM
10.631868,9.149156,0,0.9998276982427171,GMM
10.806975,11.780053,0,0.9997073702324257,GMM
8.959225,6.9798307,0,0.8653575542482137,GMM
9.198574,7.7485623,0,0.9409014424474862,GMM
6.0266323,2.577434,2,1.0,GMM
11.673297,11.151064,0,0.9995586198661228,GMM
10.911164,10.947577,0,0.9938155090964945,GMM
10.312221,9.309698,0,0.9981198693945974,GMM
12.483957,0.53987294,1,0.7285009672866729,GMM
10.35692,3.7005064,1,0.935046316359224,GMM
8.849801,2.5458033,1,0.950433631350736,GMM
10.366704,0.28158692,1,0.9974025743458595,GMM
10.353078,5.8860636,1,0.5454144982418283,GMM
13.666264,13.870366,0,0.7907305179850107,GMM
10.005955,12.244732,0,0.9999454517829465,GMM
10.241273,2.4980052,1,0.9957275347840773,GMM
10.484127,11.586115,0,0.9992518011857636,GMM
11.667532,5.2731347,0,0.7599661246460809,GMM
11.224906,11.272032,0,0.9959597918138544,GMM
9.651972,8.922528,0,0.9962731695519618,GMM
8.66782,8.831974,0,0.9848598174666222,GMM
9.456226,7.3457527,0,0.7336249077592237,GMM
11.20765,7.7781267,0,0.9636070789905606,GMM
11.807775,6.47895,1,0.5334943399120494,GMM
8.2336035,6.842367,0,0.8806092491973929,GMM
9.768221,4.856312,1,0.9427001236182347,GMM
9.717479,0.034776993,1,0.9901997177776211,GMM
10.609729,3.7920783,1,0.9470812109815115,GMM
10.468424,9.233115,0,0.9988337584295818,GMM
10.176605,5.3253903,1,0.6508659514223747,GMM
10.081056,9.284451,0,0.9993217096949587,GMM
10.635198,6.0331273,0,0.9963054134598944,GMM
13.263562,13.4649935,3,0.8904960298438477,GMM
11.163031,11.354876,0,0.999581532834935,GMM
8.268741,7.060965,0,0.9791682009694584,GMM
12.72985,10.783323,0,0.9950046213423848,GMM
12.222231,11.9260025,0,0.9996870380348283,GMM
11.979092,10.951833,0,0.9985712576402408,GMM
13.314297,12.534659,0,0.6980231405855449,GMM
11.690588,4.3805766,0,0.688520854315093,GMM
9.465269,1.3664293,1,0.9926349544826021,GMM
11.175205,0.046394974,1,0.9421233701970024,GMM
10.147726,6.694302,0,0.9274159871865856,GMM
11.201047,8.025034,0,0.5173279961290423,GMM
10.967663,0.56774205,1,0.8262410942645066,GMM
13.10694,13.283128,0,0.9973554994066058,GMM
13.085131,12.706033,0,0.9916027721998968,GMM
10.878639,11.363451,0,0.9951296900245226,GMM
9.961836,7.41123,0,0.9994065446570154,GMM
7.5808225,8.938595,2,0.9999550400998389,GMM
9.784297,9.351756,0,0.8881138890657713,GMM
10.335445,11.8171,0,0.9971059947410433,GMM
4.3677015,2.3051472,2,1.0,GMM
7.6014295,9.159497,2,0.9991935110932103,GMM
7.9798045,5.1133184,1,0.9926666010496399,GMM
11.8227,7.2504597,0,0.7898525337930165,GMM
11.020159,8.566824,0,0.9901770049717489,GMM
8.235708,10.885635,0,0.9971596226188992,GMM
9.212425,7.4677753,0,0.9898465269435563,GMM
11.615525,0.89274967,1,0.9956341808517949,GMM
9.012319,2.0147307,1,0.9662466340229497,GMM
7.272365,9.955463,0,0.992745691866984,GMM
11.976883,10.773776,0,0.9959283793936953,GMM
11.144003,6.159264,0,0.9245025899849688,GMM
8.528453,5.8681827,0,0.8552327407233814,GMM
7.8305607,8.411365,0,0.989846041389797,GMM
9.514181,9.211071,0,0.9990509346743974,GMM
11.848603,7.297216,0,0.8574699442884712,GMM
9.344648,9.758893,0,0.998687919013619,GMM
12.947176,12.432675,0,0.9822713798783116,GMM
6.4863877,9.776728,0,0.9999978087720143,GMM
10.851605,6.25486,0,0.9992332253170363,GMM
11.166112,2.4583428,1,0.9797531222102317,GMM
10.005603,5.0660486,1,0.5194172730985235,GMM
9.534471,2.9440162,3,0.5183651224801598,GMM
11.302617,6.525651,0,0.9353018013829697,GMM
10.122266,2.7883563,1,0.9838365283807751,GMM
10.19065,2.716384,1,0.9789708138946027,GMM
7.99787,6.951141,0,0.9914098507482428,GMM
10.055636,4.4589276,1,0.5007259883492151,GMM
11.452659,13.148454,0,0.9997722404182057,GMM
10.937096,3.1900518,1,0.720589422428506,GMM
10.022337,8.519547,0,0.9808305314019047,GMM
8.378537,6.7392187,0,0.9956997956761865,GMM
7.792039,6.2416778,0,0.9414998637650007,GMM
12.285908,0.770886,1,0.8934006989809052,GMM
11.008007,10.890244,0,0.9997924140009322,GMM
7.812122,11.033811,0,0.9998386775536305,GMM
9.727528,4.9029055,1,0.6744861584103267,GMM
10.418124,0.16075854,3,0.5847827333529964,GMM
9.944454,5.542716,1,0.5327309404917305,GMM
9.600645,0.024938533,1,0.9954971557429401,GMM
10.032718,6.3170667,0,0.9985203414208504,GMM
11.961939,1.1950363,1,0.9916970013283466,GMM
9.171632,5.5213394,0,0.9720274296577763,GMM
12.796874,13.188903,0,0.9980117528898506,GMM
6.676182,2.6857219,2,1.0,GMM
8.893832,8.81754,0,0.9985984114802721,GMM
11.536157,3.19036,1,0.9762835229247254,GMM
9.240238,1.933665,1,0.6559232490081898,GMM
10.096304,2.7234282,1,0.994395875172359,GMM
12.058235,6.8818197,0,0.9009690143233118,GMM
9.119288,9.420683,0,0.9956216406730012,GMM
10.288996,11.449823,0,0.999786736502806,GMM
7.6844206,6.950239,1,0.9191984613511973,GMM
9.711349,1.1971104,1,0.9867445560230961,GMM
9.036286,9.984756,0,0.9977373551186633,GMM
8.060239,6.799248,0,0.9812819739305801,GMM
12.647559,1.4929206,1,0.9128188483606899,GMM
8.62224,2.5687761,1,0.9760805822613137,GMM
9.879096,10.617584,0,0.9975716450893414,GMM
8.124701,10.300246,0,0.9829217272397549,GMM
11.64211,1.258332,1,0.9846980088060233,GMM
9.878947,-0.20546938,3,0.999999999475321,GMM
10.990347,9.824878,0,0.9564007518016572,GMM
11.5906925,9.372538,0,0.925418885653243,GMM
12.051657,13.628369,0,0.9999196143577596,GMM
10.281351,8.909968,0,0.9922520283522496,GMM
8.150965,11.043924,0,0.9978678391990845,GMM
12.056524,0.16765305,1,0.9810285483091354,GMM
10.893381,7.056479,0,0.5482538230020255,GMM
12.357334,0.61839235,1,0.9806002936604885,GMM
12.450053,2.2066472,1,0.5159710222859013,GMM
5.6514077,2.6419199,2,1.0,GMM
9.987866,3.0359514,1,0.8586865419490254,GMM
9.626761,8.959474,0,0.9921714074391066,GMM
9.626311,7.076912,0,0.9679405368684222,GMM
9.876019,9.542389,0,0.9987135410310373,GMM
5.647978,2.6280818,2,1.0,GMM
10.303546,5.9554167,0,0.9359375290661343,GMM
10.67285,10.8033905,0,0.9999012706549492,GMM
10.648588,3.9682915,1,0.7219520739572388,GMM
13.533562,13.960981,0,0.809389243164328,GMM
12.082627,9.752837,0,0.9793392404960787,GMM
12.642929,0.9275968,3,0.9999240968607791,GMM
10.748454,11.388347,0,0.9993272319572344,GMM
10.064278,6.7081275,0,0.9746367575809424,GMM
10.299817,4.741297,1,0.5473135248693384,GMM
10.151321,5.603755,0,0.5517020902925803,GMM
9.624545,5.535136,0,0.9581898275622429,GMM
12.185714,0.0634655,1,0.627356055301832,GMM
10.15317,2.679022,1,0.9779376538808795,GMM
12.310611,2.92394,3,0.6914128859770599,GMM
12.81848,13.356588,0,0.9995070718204668,GMM
9.640537,5.7816753,1,0.5962873410481265,GMM
12.671523,13.788923,0,0.9999151251025273,GMM
6.599909,3.0366914,2,0.9999999999998614,GMM
10.612527,6.7223268,0,0.9619540494514702,GMM
8.69282,4.577145,2,0.9994769282404334,GMM
9.362991,1.4162953,1,0.9951113617072684,GMM
9.910891,6.8961253,0,0.9709315279389564,GMM
10.67869,4.7716093,1,0.8942124854799595,GMM
10.412874,8.913555,0,0.9676697388102812,GMM
10.790518,10.590123,0,0.998758370638962,GMM
10.132742,10.765704,0,0.9989466757791273,GMM
9.411953,7.449996,0,0.9958936301158926,GMM
10.453992,10.879209,0,0.9993291126693056,GMM
9.912897,8.181896,0,0.9863081656763872,GMM
9.832591,8.350653,1,0.6687965329135089,GMM
11.373517,2.01952,1,0.9791992574239301,GMM
10.504964,11.117806,0,0.9933380787409879,GMM
9.614459,8.435043,0,0.9315892115287632,GMM
10.472173,2.13472,1,0.99779244801639,GMM
12.306797,1.1723356,1,0.9767277047220062,GMM
9.916138,-0.69550705,1,0.9601771674043114,GMM
9.778351,9.078352,0,0.9996540774927338,GMM
10.955191,8.864971,0,0.991085662649105,GMM
10.3772135,2.0772505,1,0.991866860347672,GMM
10.342535,-0.30658165,1,0.9880701591535932,GMM
8.512131,1.8768414,1,0.8467277230396604,GMM
7.9973288,8.905369,0,0.9861096259551355,GMM
12.823751,9.9837885,0,0.8361660401747784,GMM
10.170259,9.6616745,0,0.9990048665609619,GMM
10.264358,7.430356,0,0.9436737230645422,GMM
12.165731,0.4779376,1,0.9277992633196026,GMM
11.998641,-0.85367936,3,0.999839603362121,GMM
9.133878,2.4209023,1,0.9937010810742563,GMM
7.721568,10.5519285,0,0.9994684797230318,GMM
8.867409,1.1917917,1,0.9815598692980929,GMM
12.539854,1.4776491,1,0.9814005702591182,GMM
8.106183,6.757415,1,0.9246412339613242,GMM
10.738847,9.725695,0,0.9989057427759798,GMM
11.984813,10.0233965,0,0.9867790207981842,GMM
11.483606,11.549906,0,0.9970511278457533,GMM
9.35146,1.726398,1,0.9740550517292105,GMM
9.254829,4.027613,1,0.9670893741906866,GMM
9.215353,0.5304321,1,0.9674150642187153,GMM
9.443728,8.834595,0,0.9940781470997462,GMM
12.2369,12.28708,0,0.9991419644325878,GMM
11.334565,1.4653469,1,0.9967469443883801,GMM
10.22874,10.440541,0,0.9992878944939391,GMM
9.264506,12.062551,0,0.9999927187148644,GMM
4.8925204,2.4608266,2,1.0,GMM
10.533152,7.6597357,0,0.9975816344849432,GMM
11.097698,12.317973,0,0.9999423944569129,GMM
10.623012,7.7479377,0,0.9947162630620022,GMM
8.525639,-0.3249111,2,0.8421037074240347,GMM
13.601743,13.480142,0,0.8162025459251683,GMM
8.711678,-0.93557143,2,0.9997450537677178,GMM
8.178682,6.9195294,0,0.9871808465253088,GMM
9.237327,6.528729,0,0.9966403124731155,GMM
12.642734,-0.055826742,3,0.6013576308125993,GMM
9.788198,7.5725307,0,0.9994275377178666,GMM
8.358944,4.0617585,1,0.9927115335818366,GMM
12.448015,10.496593,1,0.8604153176266657,GMM
11.982974,9.847232,0,0.9814304133278294,GMM
9.972873,10.854366,0,0.931939464988593,GMM
11.713052,1.0649912,2,0.9999995531797786,GMM
10.106387,7.1896105,0,0.9254655058377877,GMM
10.677124,11.286048,0,0.9998485431422652,GMM
7.6897264,9.66358,0,0.9982170607524584,GMM
9.201335,0.7602876,1,0.9095091724554295,GMM
8.160974,9.231115,0,0.9930744982542523,GMM
9.32557,11.814229,0,0.9957339643140212,GMM
7.9050684,3.3259153,2,0.9982055945772949,GMM
11.6564865,11.297013,0,0.9951467890665654,GMM
7.8913946,6.826955,0,0.6362016434879441,GMM
12.087838,12.894394,0,0.9991111935579252,GMM
12.03226,1.3797829,1,0.9755829725284257,GMM
10.291705,3.2446132,1,0.9738613509892329,GMM
8.385553,3.9472601,1,0.9864343162228487,GMM
10.594077,12.681087,0,0.9999510221270707,GMM
8.987441,10.545288,0,0.9996983708169709,GMM
12.577592,2.9298685,0,0.6313728276144006,GMM
9.531107,11.722095,0,0.9996467550452844,GMM
12.012772,8.080823,0,0.9285846987549753,GMM
9.55056,3.860409,1,0.8698701744821535,GMM
12.323274,11.159956,0,0.9555283486749561,GMM
8.536192,2.0541527,2,0.6737923904608779,GMM
10.340628,4.5052238,0,0.7119078954115786,GMM
9.46714,4.7386265,1,0.571286056666784,GMM
10.966603,9.569301,0,0.9991830572094617,GMM
9.25462,1.3255564,1,0.6258276500657687,GMM
12.081133,9.549282,0,0.9577802497700334,GMM
9.475546,1.045794,1,0.994562689087895,GMM
7.52674,6.4291344,0,0.9699639052733812,GMM
8.096694,7.699494,0,0.9019582690182905,GMM
8.768086,3.052142,1,0.995369973790522,GMM
9.557107,7.4777393,0,0.9982327274602472,GMM
12.315499,-0.7143021,3,0.997342395351015,GMM
12.054542,0.053662267,3,0.9913473275767459,GMM
12.924044,12.598228,0,0.9784777674086443,GMM
7.722479,5.300487,0,0.9544369190965071,GMM
12.982398,12.531084,0,0.5323233304284686,GMM
7.8214445,6.493216,0,0.9351997438566189,GMM
11.181084,12.783432,0,0.9998972818366944,GMM
8.295561,7.229721,0,0.9624862003644258,GMM
10.123071,5.5051055,0,0.9169334907159188,GMM
10.086963,5.318894,1,0.845819755945702,GMM
9.490914,-0.20132893,1,0.9925828928187368,GMM
12.7652645,10.845509,0,0.9972306515607519,GMM
7.782669,6.9789057,0,0.9880828669914105,GMM
11.533891,10.850871,0,0.9592740077521335,GMM
9.756626,7.4673896,0,0.9991463682391831,GMM
10.403905,11.74225,0,0.9998855817089445,GMM
8.975347,10.527274,0,0.9998467172770144,GMM
11.624925,11.9011755,0,0.9999590534034195,GMM
9.183565,5.265815,0,0.5566222960166154,GMM
9.569924,11.446022,0,0.999119578639373,GMM
10.293288,0.7364123,1,0.9948248326417698,GMM
9.502254,11.789173,0,0.9997922489374934,GMM
9.896833,12.009619,0,0.9998953794423994,GMM
12.167473,3.940637,0,0.9329291280722019,GMM
8.5019655,5.8580055,0,0.9453961747037736,GMM
8.8183,7.046323,0,0.8404489809692633,GMM
12.311559,10.641628,0,0.9509146235589364,GMM
9.41501,0.16249923,1,0.9802971245132686,GMM
9.963171,1.1475698,1,0.9917850105467187,GMM
10.859173,6.184451,0,0.9994867126268004,GMM
8.46006,5.050071,1,0.9890578950843402,GMM
10.636672,6.7275715,0,0.8582327702895196,GMM
9.304086,3.15038,1,0.9798583458317398,GMM
11.895061,-0.510732,3,0.967286753213957,GMM
9.337838,0.4313657,1,0.953519202457918,GMM
12.912543,13.909579,0,0.9995994015939657,GMM
9.063998,8.897146,2,0.9994530170050966,GMM
9.335067,5.145544,0,0.7586751190482609,GMM
10.705929,9.643787,0,0.9974094304513852,GMM
8.316902,8.76986,0,0.9976914478888155,GMM
12.40148,13.372338,0,0.9979413407187906,GMM
8.963878,-0.70916617,2,0.9902423693448672,GMM
9.135394,1.1937981,3,0.6074376208003911,GMM
9.427082,-0.66392285,2,0.43808372401449763,GMM
11.46582,12.039813,0,0.9997481404433124,GMM
6.978801,8.663659,0,0.780167837326317,GMM
10.751412,9.813731,0,0.9992982760306839,GMM
11.43787,5.521095,0,0.703925417181536,GMM
8.733691,0.12276111,1,0.6133587477160274,GMM
10.514737,11.528196,0,0.9982730308566113,GMM
11.726091,11.839993,0,0.9988550669880417,GMM
12.003471,1.8384315,1,0.9917938353868954,GMM
11.272362,8.645325,0,0.9447200470645778,GMM
12.875161,14.000058,0,0.9997350076567484,GMM
9.711883,5.612488,0,0.9161432883255348,GMM
10.380499,11.223009,0,0.9998134763512344,GMM
12.468336,2.8601112,3,0.7680740225369884,GMM
10.181181,2.2443454,1,0.9609377580009899,GMM
8.638562,10.065348,0,0.9526015452333154,GMM
12.250626,9.048251,0,0.9934975538141436,GMM
10.909902,3.4161336,1,0.8407216177118756,GMM
8.955114,4.175826,1,0.8000879139492244,GMM
10.553052,1.4391999,1,0.9970173685421901,GMM
10.526964,9.47743,0,0.9751698767499105,GMM
9.766675,4.8309784,1,0.9918824150393637,GMM
12.138017,13.624584,0,0.9999115543338296,GMM
10.869151,11.515614,0,0.9998839779996377,GMM
7.364812,3.1657212,2,0.9999774768811595,GMM
12.167181,2.6823287,0,0.8659944804635269,GMM
10.144903,8.124653,0,0.9263119819879899,GMM
9.343034,5.872242,1,0.6013565062838717,GMM
10.452706,-0.485247,1,0.9936405855162397,GMM
10.467524,7.4513674,0,0.9938535718904152,GMM
10.514539,-0.24158542,2,0.9826349097925351,GMM
6.3046947,2.7604752,2,1.0,GMM
10.342927,9.785599,0,0.9954082014330499,GMM
9.400989,6.3835254,0,0.9457867521924097,GMM
12.486635,1.1605245,3,0.9530669393923652,GMM
10.926815,5.9216194,0,0.8471454034044712,GMM
9.828986,7.2902308,0,0.9991488004039571,GMM
9.689632,4.1512704,1,0.9642967326226586,GMM
11.850586,1.1827531,1,0.9930281394921092,GMM
12.458174,11.312494,0,0.9351072750095673,GMM
11.455971,2.2277217,1,0.994592245831392,GMM
12.626173,-0.37841797,3,0.6016933530005971,GMM
8.786044,0.60868293,1,0.9733440855368916,GMM
11.141723,6.298076,0,0.781654013100251,GMM
12.258919,11.492106,0,0.9988912569212762,GMM
9.659051,5.9870825,2,0.8733906941755585,GMM
11.918537,9.764462,0,0.995632509061864,GMM
10.388485,10.524185,0,0.9943620825004188,GMM
9.570816,0.4496011,2,0.8560140169410733,GMM
11.879376,10.496625,0,0.9991244712076078,GMM
10.955743,11.50196,0,0.9992943957712935,GMM
9.526233,10.159019,0,0.9250994814602423,GMM
11.1494055,1.0687016,1,0.9718200576319824,GMM
8.615396,7.6324058,0,0.9760126152258662,GMM
10.4404545,6.5014,0,0.9970881510414649,GMM
9.924676,4.2050557,1,0.756450795789405,GMM
10.615949,11.914187,0,0.9997793863403873,GMM
11.1969385,2.4834936,1,0.9205423424799221,GMM
12.301343,12.012413,0,0.9961854924510677,GMM
7.994748,8.420741,1,0.7155333688492046,GMM
10.420172,10.844879,0,0.999516247997559,GMM
8.625539,4.245772,1,0.937752344182541,GMM
10.521771,10.992583,0,0.9996715834831565,GMM
10.732407,2.3926554,1,0.9895508234646251,GMM
12.423616,13.540142,0,0.9993360598314502,GMM
12.122395,12.651866,0,0.9982290739301183,GMM
9.694791,8.197437,0,0.9705182001322997,GMM
10.535731,11.683368,0,0.9997901563604263,GMM
10.282999,3.2240446,1,0.838789332396512,GMM
8.888128,1.0814964,3,0.8966129252365098,GMM
12.137075,3.2029603,0,0.8279269813480229,GMM
10.022862,9.643306,0,0.9971113447648949,GMM
6.4717493,2.839607,2,1.0,GMM
10.509957,10.273832,0,0.9716424068025619,GMM
10.757457,2.6420538,1,0.8894266790225823,GMM
11.064518,12.087499,0,0.9999539265005111,GMM
12.242238,1.8222731,1,0.9860996933640431,GMM
9.760173,4.0888944,1,0.903659636402044,GMM
11.051167,3.5719452,1,0.864950217796762,GMM
9.520261,8.433512,0,0.9758860460469312,GMM
10.153046,-0.44802564,3,0.6474902764641288,GMM
5.1874356,2.4700322,2,1.0,GMM
10.80536,3.6042392,1,0.982836890437923,GMM
10.316987,5.2953277,0,0.5450386504730824,GMM
6.8303704,10.08558,0,0.9999374942463477,GMM
12.180755,12.658244,0,0.9971690996361651,GMM
10.929119,0.5733734,1,0.5613900482661768,GMM
8.505002,6.906028,0,0.9875266961630522,GMM
10.068901,0.014223532,1,0.9965007898918269,GMM
10.595458,10.669142,0,0.9990746846908541,GMM
10.6213875,-0.50621676,1,0.8357321372871643,GMM
8.079312,4.8680143,1,0.5096338415600307,GMM
10.394885,8.693938,0,0.9650017494259349,GMM
10.037245,11.287898,0,0.9998565499313198,GMM
8.585332,11.195972,0,0.9931316358535314,GMM
12.423212,10.089826,1,0.837732363576033,GMM
9.462066,9.503283,0,0.999628796571951,GMM
10.770064,6.163517,0,0.9664608236340297,GMM
10.9320545,1.7419336,1,0.9942970948793094,GMM
11.758933,4.7550993,0,0.9358425871285911,GMM
11.058178,6.3562064,0,0.7367888694284381,GMM
9.180543,6.6345844,0,0.9425190942603938,GMM
13.555767,13.479848,0,0.5456362317367115,GMM
8.741524,5.5482373,0,0.7899378071457406,GMM
9.6362095,4.0971103,1,0.9897307927148635,GMM
9.536083,1.6178604,1,0.9938737376581683,GMM
8.019708,8.21707,0,0.9761005052904296,GMM
10.12152,1.6575295,1,0.9842370201216867,GMM
10.383281,1.0387884,1,0.9810802889690105,GMM
11.007691,11.633772,0,0.9997467033418153,GMM
10.204258,6.1293683,0,0.9981647445044138,GMM
10.49087,4.27119,0,0.5716093514648866,GMM
7.279221,8.157057,0,0.997948462832549,GMM
10.714802,9.8249655,0,0.9992421974837976,GMM
10.484767,5.071662,0,0.616068646843094,GMM
10.512384,10.948607,0,0.9966292867389518,GMM
10.0438595,11.230791,0,0.9994789903048863,GMM
8.275621,9.792477,0,0.9961502976683064,GMM
11.57813,6.216181,1,0.7680675840783437,GMM
8.911999,6.948096,0,0.996517777177474,GMM
11.422215,9.706226,0,0.8841815248628115,GMM
9.456485,3.7206354,1,0.9421463046883419,GMM
10.159896,10.974448,0,0.9998335852085901,GMM
8.331099,8.092679,0,0.9805432282687873,GMM
8.776974,-0.38207173,1,0.8660534500559323,GMM
11.075243,11.840562,0,0.9753185372231539,GMM
10.184758,3.8966591,1,0.7122038340744896,GMM
11.446296,7.973784,0,0.9860770406232331,GMM
9.76456,3.5204773,1,0.9083620784768549,GMM
7.130895,9.496348,0,0.9994606043799686,GMM
12.508569,1.839264,1,0.9372471253013867,GMM
9.444952,10.0300665,0,0.9098431455082262,GMM
11.244007,2.555745,1,0.974253357252558,GMM
5.7385297,2.6702006,2,1.0,GMM
10.2415695,2.0969875,1,0.9668447860112692,GMM
10.019054,6.500421,0,0.999316705086802,GMM
12.898758,13.322628,0,0.9990064744617283,GMM
8.40698,10.102416,0,0.9986786746479608,GMM
10.868333,8.142195,0,0.9313270115393814,GMM
8.277585,7.8407063,0,0.8705859151295918,GMM
10.340353,6.2813263,0,0.8026188175181801,GMM
11.748408,13.232992,0,0.9996557513538262,GMM
12.528049,13.47226,0,0.9974501630228289,GMM
10.106102,3.4005282,1,0.9647273990388588,GMM
11.648648,1.3445312,1,0.9336784554160299,GMM
9.006915,7.1056504,0,0.9970769106351671,GMM
10.226641,0.6971341,1,0.9208901364034966,GMM
8.208394,7.8775325,0,0.9906397051356302,GMM
11.928297,2.3650873,1,0.8833418497085875,GMM
10.476385,1.1114044,1,0.8676403239474022,GMM
8.861274,9.899975,1,0.9723093850194773,GMM
9.191702,2.6095634,1,0.9918031596473489,GMM
10.799376,4.204276,1,0.5165109427397497,GMM
11.054594,2.9190524,1,0.9850376981163596,GMM
11.306316,11.203578,0,0.9996768372470596,GMM
12.566369,13.701113,0,0.9968116880145678,GMM
10.127484,0.91061497,1,0.9937160002826927,GMM
11.039367,9.231884,0,0.9988732303473431,GMM
9.011864,4.0542455,1,0.9808540424695962,GMM
8.932742,1.2743578,1,0.8846803526589279,GMM
11.438859,8.434229,0,0.5978354220140689,GMM
11.69729,6.1208587,0,0.8601973445122033,GMM
9.658244,0.4459329,1,0.9909757764642704,GMM
9.570515,6.566618,0,0.9622854680618577,GMM
12.004096,12.993898,0,0.9998577128254412,GMM
11.544979,2.9433284,1,0.8747322501218063,GMM
10.701149,2.2598357,1,0.9827508853376422,GMM
9.030699,6.628378,0,0.7355469974874514,GMM
10.709426,0.052172054,3,0.9612948849571938,GMM
10.610697,10.638823,0,0.9997846602757099,GMM
11.499967,10.42392,0,0.9964803836251905,GMM
10.711869,2.2805605,1,0.9969479588420761,GMM
11.799637,0.24971367,1,0.894037619309816,GMM
9.902921,9.297075,2,0.7188943142342887,GMM
11.62912,11.222669,0,0.9967966714147579,GMM
9.506922,0.85080063,1,0.9912423911204029,GMM
8.707805,0.3941386,2,0.697208636511021,GMM
10.030574,7.072809,0,0.9956668330983546,GMM
10.169748,5.1404586,0,0.6092139534726329,GMM
8.019589,5.6633515,0,0.8843059468150692,GMM
10.144476,6.9756794,0,0.995344451503758,GMM
8.77368,9.250494,0,0.9490460910797877,GMM
9.354626,3.7639878,1,0.9159296417204758,GMM
8.493415,1.417488,1,0.96675211405103,GMM
12.941704,9.901384,0,0.9905861141207126,GMM
9.495477,4.046189,1,0.761830541935673,GMM
9.198088,9.690877,0,0.9993319760702449,GMM
9.810001,5.8428154,0,0.974925864976265,GMM
9.303834,5.8776007,0,0.9806054214873922,GMM
11.025035,2.7300286,1,0.9676788478000858,GMM
10.36946,0.44065258,1,0.998366909206319,GMM
10.473129,2.7564178,1,0.9857660725973567,GMM
12.5816765,1.2337492,3,0.9175640143943432,GMM
10.29034,2.8086412,1,0.9965578866158752,GMM
12.123597,13.695668,0,0.9998215648590527,GMM
12.619448,2.7059734,3,0.5308667222818937,GMM
7.752478,7.457945,1,0.5855027108288756,GMM
10.94347,10.308522,0,0.9987034900445009,GMM
9.739081,8.480217,0,0.9909531686616524,GMM
9.340442,0.98071796,1,0.9919321412997072,GMM
13.042686,13.972362,0,0.9995992022767676,GMM
10.488945,11.786758,0,0.9998893727235122,GMM
9.379697,7.3981586,0,0.9978006161523185,GMM
8.647531,4.980957,0,0.6001349140106322,GMM
11.386994,9.311827,0,0.8368860954902763,GMM
9.22419,6.5136843,0,0.9814924446727751,GMM
9.575854,10.208441,0,0.9272331365807824,GMM
10.453457,10.85224,0,0.9993345928353307,GMM
8.362981,7.261574,0,0.866709956810974,GMM
9.791672,6.4860454,0,0.8937819809248384,GMM
12.186691,0.6730206,1,0.7836768759560999,GMM
8.484872,3.334817,1,0.973080948155717,GMM
5.371928,2.5353076,2,1.0,GMM
10.690413,9.225382,0,0.9961902192853417,GMM
9.122459,0.38464954,2,0.5752847513348536,GMM
9.170138,11.708437,0,0.9999832112390348,GMM
9.039099,6.0716047,1,0.6413258112082358,GMM
10.692046,8.730593,0,0.9992077495930289,GMM
9.197063,2.6236672,3,0.8792518507221386,GMM
10.356454,5.234498,1,0.9053404631180251,GMM
10.384744,5.882519,0,0.9942537883020545,GMM
9.747407,8.904389,0,0.9936042710925368,GMM
7.494732,9.81948,0,0.9706639445591567,GMM
10.205463,8.979678,0,0.9996650191851761,GMM
11.946949,3.7272186,0,0.6929984789633007,GMM
11.272342,1.9334774,1,0.9969979286669812,GMM
12.101761,13.16822,0,0.9998238696351197,GMM
10.100246,12.324166,0,0.9999666414269903,GMM
11.343847,12.519119,0,0.9994511403474481,GMM
8.668022,9.002158,0,0.9995069926378108,GMM
9.4157915,6.640307,1,0.9763999019418232,GMM
10.42413,11.176176,0,0.99863559545669,GMM
10.887371,4.9456363,1,0.8080399420274224,GMM
10.068783,5.9985094,0,0.881362384881426,GMM
10.28628,11.1911,0,0.9986600641869632,GMM
10.506821,10.871364,0,0.9993092945348717,GMM
10.338937,6.5376515,0,0.9973859994029081,GMM
9.056193,5.1576195,1,0.9047519796945904,GMM
10.718956,11.373597,0,0.9920333602235901,GMM
11.480057,-0.22743711,1,0.9722781558676615,GMM
11.466304,4.6293025,0,0.8086433822368206,GMM
11.731189,2.686105,1,0.9358362765479689,GMM
12.073242,3.4324954,1,0.8552618804089014,GMM
11.332606,7.2984176,0,0.9451563002635543,GMM
11.853637,12.798926,0,0.9997603463871522,GMM
9.956377,4.289424,1,0.5559861302156379,GMM
7.8179455,6.2121134,1,0.5445025589347092,GMM
8.972719,2.7269874,1,0.9533413448936685,GMM
12.798703,10.330026,0,0.9751812516866686,GMM
9.296814,5.761278,0,0.6041418619199899,GMM
11.316972,-0.65101326,3,0.9834083296938934,GMM
10.195489,11.192365,0,0.999872017078659,GMM
10.967782,9.943008,0,0.999344428084534,GMM
11.957931,7.0045333,0,0.6786014788676604,GMM
11.3493395,2.3239522,1,0.9897977301356772,GMM
8.982742,7.6740317,0,0.9964278111009479,GMM
10.6237755,7.2921777,0,0.9797071198890472,GMM
11.624916,7.6320515,0,0.9222538288829272,GMM
10.479468,0.43805626,1,0.9843640687832541,GMM
12.644317,12.609942,0,0.9963990110548471,GMM
10.793326,10.982544,0,0.9996593398349114,GMM
11.430912,11.260799,0,0.9998011444661998,GMM
11.989188,3.0718791,1,0.7256462492350425,GMM
10.637604,2.1468337,1,0.968843845681454,GMM
9.1158495,2.4292178,1,0.9696082349961586,GMM
10.26301,5.0427547,0,0.7889735382185155,GMM
8.769285,8.844506,2,0.9895303760135822,GMM
10.159579,7.415738,0,0.9976230382962306,GMM
11.170372,12.13172,0,0.9806384592007519,GMM
12.748049,-0.39783576,3,0.9834987932273667,GMM
11.354057,12.959227,0,0.9997696433013853,GMM
10.002268,12.456841,0,0.9999023855215649,GMM
10.25212,9.306577,0,0.9996800700431665,GMM
10.260188,9.550853,0,0.9986589764659265,GMM
11.694478,2.5676122,1,0.9733038390548393,GMM
11.551876,-0.72898155,3,1.0,GMM
8.31563,5.2542276,1,0.9877037973531719,GMM
9.041124,11.586323,0,0.9991752329060328,GMM
7.652979,6.441559,0,0.9715646047664019,GMM
9.697007,1.2888628,1,0.9781036844718634,GMM
9.053393,8.404864,1,0.9135893742902005,GMM
10.288031,11.896467,0,0.9998272917919173,GMM
10.383752,8.379249,0,0.9989101025209126,GMM
7.8249025,9.758396,2,0.5322862754994706,GMM
8.994023,2.4926033,1,0.9923141889659258,GMM
10.252366,6.3028994,0,0.9754073686902255,GMM
10.7091055,6.452819,0,0.9706423507669518,GMM
10.726034,1.80007,1,0.995984598851747,GMM
12.714862,0.8099027,1,0.720810557078978,GMM
11.389249,3.8437438,1,0.8875034842106715,GMM
8.565501,10.997108,0,0.9982350971139694,GMM
9.142634,-0.059455097,2,0.9999860254067211,GMM
6.744491,9.639531,0,0.9695521655627083,GMM
7.5599833,10.319072,0,0.9663702854784473,GMM
8.947116,-0.62067926,2,0.966375097346958,GMM
11.777395,13.148767,0,0.9998652446663431,GMM
11.933052,6.964277,0,0.81558145670667,GMM
9.499858,4.526498,1,0.6349279342582097,GMM
8.52716,9.867028,0,0.9981920121446843,GMM
8.7417145,7.3576975,0,0.8933729711351468,GMM
11.140569,5.669899,0,0.834380765424427,GMM
9.335609,7.6310086,0,0.9963869024320987,GMM
11.836618,1.3970548,1,0.9912547542261895,GMM
9.477974,3.0010667,1,0.3808118275187276,GMM
9.182058,0.8740358,1,0.7951282465801695,GMM
9.736363,8.665913,0,0.998215693967381,GMM
10.543536,2.9469235,3,0.5503722091628932,GMM
10.2904625,8.4489355,0,0.9947237052577544,GMM
5.2077255,2.5234528,2,1.0,GMM
8.441144,9.746444,2,0.5965784724402995,GMM
11.80167,0.09645356,3,0.9929942023267336,GMM
12.072336,3.4547253,0,0.5474876437739806,GMM
10.2008705,4.1590447,0,0.8086349467879232,GMM
11.0698805,6.0067053,0,0.8875544108077561,GMM
8.607891,3.1506076,1,0.9931467027925648,GMM
8.694025,4.2475824,1,0.9586946656675728,GMM
10.445048,2.5025113,1,0.9570828443418593,GMM
11.728611,6.8689575,0,0.9494620511647566,GMM
8.404146,3.4052649,1,0.9893707832213315,GMM
13.302218,13.969991,0,0.9983519729761844,GMM
9.385935,10.255704,0,0.9742529280543227,GMM
11.185125,12.000544,0,0.9999491150377852,GMM
10.69605,4.0827174,0,0.8103819332396353,GMM
11.340498,1.9762129,1,0.9472774199022979,GMM
10.054068,8.186522,0,0.9816752994223791,GMM
10.846234,6.0857244,0,0.9957863967394563,GMM
10.545426,1.4206735,1,0.99540057892794,GMM
9.535843,9.258992,0,0.9843777836038297,GMM
8.262938,5.419826,1,0.9484181944733252,GMM
10.060172,1.4938946,1,0.9964216909581357,GMM
11.61014,1.1536318,1,0.9981172962249235,GMM
8.433987,3.5748398,1,0.9709785906445721,GMM
8.498294,7.849533,0,0.9921129764733224,GMM
10.251619,7.8724117,0,0.8977265377953328,GMM
11.569423,9.427312,0,0.9896795155216339,GMM
10.670032,1.4829986,1,0.9959724958598659,GMM
9.221567,5.3084316,1,0.947865339411381,GMM
10.919926,8.035761,1,0.6135333293015299,GMM
9.660546,4.5559554,1,0.773938836266127,GMM
8.460054,4.7560377,1,0.7091215748216979,GMM
11.093568,4.387741,1,0.9616665978336923,GMM
8.895797,0.34594765,2,0.6558198571462346,GMM
10.532502,6.13121,0,0.9897075435747217,GMM
10.196722,9.301925,0,0.99959137803551,GMM
12.37324,10.325076,0,0.5688097809270598,GMM
9.519703,7.5307975,0,0.9673781126049399,GMM
12.002752,12.685278,0,0.9993443184693231,GMM
11.912331,1.6837617,1,0.9917238035805895,GMM
10.558811,8.367251,0,0.984970044530908,GMM
8.297185,8.04359,0,0.9955666371211905,GMM
7.5740824,9.448848,0,0.9899840650011427,GMM
12.087602,9.006024,0,0.981149020917231,GMM
9.7495365,6.113349,0,0.9957554829447297,GMM
10.922542,7.9849653,0,0.998964977628875,GMM
10.141217,7.199047,0,0.9914945382211952,GMM
10.878615,0.51080644,1,0.920838825175265,GMM
9.106017,6.016662,0,0.985475920860204,GMM
10.906878,3.3620253,0,0.7679725591364881,GMM
11.5071,9.394,0,0.8746025802081165,GMM
10.1686325,6.384792,0,0.7694264407722097,GMM
8.533012,8.368811,0,0.9990496899209366,GMM
9.061679,-0.09840648,1,0.8344465970974331,GMM
12.851827,9.822487,1,0.4936812926034187,GMM
9.633064,6.515023,0,0.9984783668479408,GMM
11.613527,10.077843,0,0.9947265637652735,GMM
11.202239,8.52711,0,0.9231622159325562,GMM
10.152689,8.595958,0,0.9957067734753224,GMM
10.04433,0.9356488,1,0.9976583547395023,GMM
10.000954,3.41747,1,0.9344070378467114,GMM
8.296194,9.671755,0,0.9758903225503172,GMM
11.602332,1.324232,1,0.995765408964616,GMM
8.790209,8.348938,0,0.9396945442137644,GMM
10.546595,4.944893,0,0.7211080850503614,GMM
9.239638,1.2931279,1,0.9660252904804078,GMM
12.952129,9.616389,0,0.9373832264185487,GMM
7.1258492,8.910646,0,0.9659210736683905,GMM
12.362231,13.1136,0,0.9998023750458445,GMM
10.409575,11.573897,0,0.9752785653136746,GMM
10.487811,4.205078,0,0.5030844060956349,GMM
10.153757,3.512622,1,0.9898119855950654,GMM
12.698707,10.6659975,0,0.9944432180583358,GMM
9.356974,8.561789,0,0.9628767921893346,GMM
10.267777,11.942591,0,0.9999383519547418,GMM
7.474579,2.561687,2,0.9992079845842421,GMM
10.393843,8.234625,0,0.9887596115877572,GMM
10.315206,3.0565856,1,0.9814592194154897,GMM
11.207834,-0.8918736,3,0.9160052989067389,GMM
11.5523205,11.264675,0,0.9990981097897151,GMM
7.0930305,3.3278253,2,0.9589619779940627,GMM
11.542337,8.209745,0,0.5517242747233795,GMM
8.050753,4.8840475,1,0.9543692908354795,GMM
8.489017,2.4040937,1,0.964462519098528,GMM
12.366464,1.879946,1,0.9860888184900322,GMM
11.604903,4.784349,1,0.8188771568043314,GMM
8.545723,2.700162,1,0.9710623337730706,GMM
10.280854,6.3055215,0,0.6201854195592782,GMM
9.838741,0.8971553,1,0.9930642738287695,GMM
10.907147,10.400847,0,0.9999711066402481,GMM
9.54186,1.3742118,1,0.9902535110719416,GMM
11.968207,2.4145124,1,0.9981472090265167,GMM
8.396558,7.7647195,0,0.9807454044273344,GMM
10.173301,0.8595432,1,0.9975088500981374,GMM
13.061312,10.210249,0,0.9705123723137506,GMM
6.449571,2.4359887,2,1.0,GMM
8.400954,4.8546515,1,0.9963590592961445,GMM
10.185288,5.8786907,0,0.9791602370431617,GMM
11.126767,10.401604,0,0.9989537559281675,GMM
11.640278,-0.72602767,3,0.9996064623951526,GMM
9.723185,7.808989,0,0.9779472031509432,GMM
5.3970637,2.5220482,2,1.0,GMM
8.720181,0.86993796,3,0.9903620741845861,GMM
11.263506,9.429627,0,0.9945113969632742,GMM
11.931113,2.7812207,1,0.8129834723668828,GMM
11.534456,9.725801,0,0.9928015792024006,GMM
8.007926,9.100126,0,0.9696908497632728,GMM
10.483517,-0.40379775,1,0.9220911220085333,GMM
8.613205,2.2461717,1,0.9744715243442247,GMM
12.441118,13.493558,0,0.999625693878442,GMM
8.6628065,4.7656927,1,0.9868398661639447,GMM
10.688013,12.327013,0,0.99898537368509,GMM
12.013136,11.193267,3,0.7142390313756164,GMM
11.769898,3.929997,1,0.694592058960939,GMM
9.207748,11.665471,0,0.9999051022448928,GMM
10.299506,11.844676,0,0.9998833199716158,GMM
11.182753,8.427205,0,0.9669226259904437,GMM
10.3121605,11.097008,0,0.9968523121973748,GMM
8.878805,10.932361,0,0.9395437631439155,GMM
13.453035,13.473106,0,0.9799658288333368,GMM
8.773323,8.599919,0,0.9981166464933313,GMM
9.527376,5.5841746,0,0.8570220362194275,GMM
9.7572775,10.257101,0,0.9984234972763824,GMM
11.637988,1.519296,1,0.9385664180008751,GMM
12.378899,9.481006,0,0.637804057899056,GMM
10.684345,8.774679,0,0.9907547461638824,GMM
7.400895,9.565854,0,0.9941330963861129,GMM
9.647171,8.128076,0,0.9828427729118745,GMM
8.444725,7.611673,0,0.9610066867394489,GMM
10.513733,11.212444,0,0.9994811865369224,GMM
11.891369,9.585195,0,0.9939076762963847,GMM
8.866228,1.861031,1,0.9862658417650771,GMM
9.012498,4.0552297,1,0.859853789581484,GMM
10.475022,3.4408214,1,0.8828055207447493,GMM
10.454349,8.206709,0,0.999806905420101,GMM
10.143436,7.230218,0,0.8945381146043727,GMM
12.763224,11.090128,0,0.9821147970457945,GMM
12.514115,2.1935012,1,0.6565299676478911,GMM
10.639406,2.37673,1,0.996414527451213,GMM
11.641258,-0.3569823,1,0.7491092267095819,GMM
11.122902,4.3859906,0,0.7293314409668612,GMM
12.695975,2.2953954,1,0.9664690750730811,GMM
10.49948,3.5740497,1,0.9924823944989396,GMM
11.327202,5.493343,1,0.6781197452082187,GMM
10.52544,0.1662075,1,0.951048277172546,GMM
10.359861,-0.18221168,1,0.9941807379462014,GMM
10.368,11.381593,0,0.9980137996544014,GMM
8.602342,2.3937185,1,0.9076247081856677,GMM
9.422876,3.0495162,1,0.9750020160610025,GMM
8.176932,10.968007,0,0.999130385477659,GMM
13.1109705,13.480684,0,0.9969956892065059,GMM
8.480141,8.521587,0,0.995344317419029,GMM
10.454531,4.1183553,0,0.8471437730899383,GMM
8.852036,5.590698,0,0.900347318935289,GMM
10.610841,4.4490724,1,0.8281584403568748,GMM
9.122717,2.3094406,1,0.989961438060693,GMM
10.452251,12.341685,0,0.9995443128317354,GMM
10.710417,12.248346,0,0.9987054971475909,GMM
9.070247,9.86587,0,0.998471327308814,GMM
9.411795,10.727352,0,0.9977683696213829,GMM
12.419956,7.0604606,0,0.8668156337411511,GMM
11.947357,10.413771,0,0.5621843379603768,GMM
12.233779,13.009606,0,0.9993379549042078,GMM
7.5900755,8.513264,0,0.9889595216330787,GMM
9.766113,7.527318,0,0.9957076094417915,GMM
8.860288,1.1197903,2,0.9707855862431071,GMM
9.2900715,7.7060018,0,0.9912098735675203,GMM
10.049356,12.5566025,0,0.9999836518255651,GMM
9.048451,10.095838,0,0.9997900743417236,GMM
10.939323,2.2225044,3,0.4911655500720339,GMM
7.8424835,8.964888,0,0.987853401219509,GMM
7.24615,10.498261,0,0.9998192869814743,GMM
11.322068,7.2148128,0,0.8720567428408045,GMM
12.273657,7.01,1,0.514332577584163,GMM
9.46859,5.2606964,0,0.7585119273050788,GMM
11.517413,-0.22721657,1,0.9843630731542586,GMM
9.517424,10.316731,0,0.9947070132114617,GMM
9.33552,2.9294019,1,0.9070369481876821,GMM
11.483294,12.861216,0,0.9999014718107427,GMM
9.584069,7.5804534,0,0.9914709310783121,GMM
9.709553,10.031121,0,0.9891028104665679,GMM
10.707318,5.6192956,0,0.7367792591080699,GMM
10.264677,9.891211,0,0.9993955968341572,GMM
11.158226,3.4055479,1,0.9639104236546773,GMM
10.012772,3.8516252,1,0.9072445297981481,GMM
11.671036,-0.7804193,3,0.9994310438867486,GMM
12.258324,-0.20405386,3,0.9999285397361762,GMM
11.069803,1.958571,1,0.9967066348801862,GMM
7.6765795,5.8695498,1,0.7657217069139214,GMM
10.646617,6.857899,0,0.9434614058918563,GMM
11.377447,12.622823,0,0.9998541636821928,GMM
8.239973,10.8275585,0,0.9886706431076875,GMM
11.312622,5.028684,1,0.9403771450497828,GMM
9.588898,11.058456,0,0.9977299333227195,GMM
10.496733,1.4792967,1,0.931969696128737,GMM
9.759694,3.0235572,1,0.9954791015861564,GMM
10.888265,1.3522882,1,0.9980055546361428,GMM
11.1174345,8.839787,0,0.9849832084509863,GMM
10.206086,4.729724,1,0.5098795344844947,GMM
8.835715,7.953663,0,0.908691577148514,GMM
11.93909,12.886135,0,0.9999143678676004,GMM
10.832246,3.4013803,1,0.8654700966944217,GMM
9.2357235,3.8365982,1,0.9319230001510175,GMM
7.598747,8.762336,0,0.9313723952853401,GMM
10.595618,6.059912,0,0.9852876582958989,GMM
11.058776,12.104674,0,0.9996900453370361,GMM
8.547946,10.105749,1,0.980028568299008,GMM
10.482568,2.547024,1,0.9873225174939406,GMM
9.152555,8.91268,0,0.9830982637593263,GMM
8.764732,0.90251863,2,0.5828410847833561,GMM
12.248004,10.6771,0,0.9987337103735705,GMM
9.396281,7.4228873,0,0.9892218436049633,GMM
8.993777,10.834819,0,0.996523029229288,GMM
9.571083,8.591534,0,0.934156206623726,GMM
7.787215,9.981679,0,0.9467134330860707,GMM
7.4485188,10.11705,0,0.9986828861905225,GMM
8.43675,7.8403153,0,0.9861949364079606,GMM
12.36623,11.286477,0,0.9959597342224042,GMM
9.584397,2.8249314,1,0.9714548640737003,GMM
9.88903,8.129451,0,0.9118265820445156,GMM
8.654112,8.626811,0,0.9985022279872835,GMM
12.56115,9.048336,1,0.5733137817785908,GMM
5.7435474,2.6351228,2,1.0,GMM
9.557136,5.494835,0,0.8425258924051565,GMM
11.323152,7.5999603,0,0.971135851651087,GMM
8.369489,9.980084,0,0.9996560337661039,GMM
11.861659,12.60395,0,0.9995362590617332,GMM
9.140777,11.995964,0,0.9999894488188137,GMM
11.602155,11.947034,0,0.9997477854753396,GMM
9.449336,4.6434402,1,0.9710515680737237,GMM
11.05057,11.820029,0,0.9999318813312327,GMM
10.289029,7.4861984,0,0.9554486878680164,GMM
12.633342,10.077925,1,0.5924811030790699,GMM
12.505813,-0.013060595,3,0.9995071698586528,GMM
9.493009,8.787223,0,0.9970206203133327,GMM
8.339863,4.3660774,1,0.6239113102800832,GMM
12.304292,9.885076,0,0.9897946427598013,GMM
11.040814,8.946783,0,0.9968999173334895,GMM
8.405211,3.4190784,1,0.7466191938290471,GMM
8.720737,10.020668,0,0.9993029266867662,GMM
10.703581,5.6211753,0,0.8446619644087248,GMM
8.711028,7.782763,0,0.9674921020506264,GMM
7.6744504,9.440981,0,0.9843936902418486,GMM
7.487807,9.367943,0,0.9867140506762927,GMM
7.6059947,9.96216,0,0.9869139251790083,GMM
9.578592,7.7954516,0,0.9639639931309837,GMM
11.396793,12.235815,0,0.9999240020474987,GMM
9.6019,7.900877,0,0.9835970603632265,GMM
10.196613,9.266248,1,0.7652870226928858,GMM
12.503953,0.058960967,3,0.7264768803844485,GMM
10.5437355,0.8497328,1,0.996385375147572,GMM
12.20807,13.275794,0,0.9999601957464113,GMM
5.4088993,2.5509434,2,1.0,GMM
9.139419,2.214404,1,0.964146497453374,GMM
8.542637,3.7316468,1,0.9889743281172617,GMM
10.819717,9.123273,0,0.9991175107876955,GMM
12.957884,13.947791,0,0.9985339196256825,GMM
9.514633,6.1378927,0,0.8751232841356776,GMM
12.790325,-0.67314166,3,0.9999999235538255,GMM
10.327438,5.707173,0,0.98828107508859,GMM
9.823367,6.063987,0,0.9129636286479934,GMM
9.437901,10.412091,0,0.9996216888811201,GMM
8.913517,5.9029913,0,0.6632265648731817,GMM
10.879536,10.48637,0,0.9996144902865537,GMM
10.102976,10.992228,0,0.9914157006777637,GMM
12.040057,4.493441,0,0.5961635996995035,GMM
9.976885,11.611172,0,0.9998196689569233,GMM
8.6428795,8.282594,0,0.9670648804578467,GMM
12.200785,12.960468,0,0.9979001463599387,GMM
9.883514,7.488644,0,0.9979238477817606,GMM
10.354079,11.950669,0,0.9992143608650572,GMM
8.858319,0.8828999,2,0.5971242587773882,GMM
9.114475,1.8382452,1,0.7584765713092315,GMM
8.367482,4.2445197,1,0.9869400033088732,GMM
9.729156,5.318888,0,0.6412402941031942,GMM
9.084156,0.8866764,1,0.9818554239083459,GMM
12.5800705,13.40354,0,0.9987356343206402,GMM
12.4265995,12.018748,0,0.9987623717662566,GMM
11.075996,8.002739,2,0.9998153063591848,GMM
10.823841,12.579807,0,0.9997198877847435,GMM
11.587178,2.9043338,1,0.9444374228216231,GMM
8.710612,2.1817832,1,0.9707268291558635,GMM
10.1764765,10.922823,0,0.9997344214466359,GMM
9.668094,0.15181753,1,0.7911924667393126,GMM
8.478272,7.857752,0,0.9870757057858633,GMM
9.747893,10.253723,0,0.9965221246020805,GMM
12.230738,12.313283,0,0.9989691324143025,GMM
11.171595,3.1725225,1,0.8531442993250561,GMM
8.832503,1.1274464,1,0.9749334715893613,GMM
12.769141,1.5175891,1,0.9429754273778019,GMM
11.483667,9.459365,0,0.9987193237269013,GMM
8.63069,9.117602,0,0.9961552516543892,GMM
7.9056664,8.682263,1,0.7094724301468252,GMM
10.366134,0.38350838,1,0.826234394377454,GMM
10.779991,3.9708247,1,0.967918147370906,GMM
11.833304,-0.537273,1,0.6663664661222134,GMM
9.938369,10.692673,0,0.9994149503781906,GMM
9.788007,-0.10914627,1,0.9952093042318545,GMM
10.72609,5.8913755,0,0.95687159373065,GMM
12.201518,11.7417345,0,0.9994295760776427,GMM
10.592988,4.6504555,0,0.8030049865010864,GMM
6.5971303,9.291657,0,0.9993281538695502,GMM
8.167214,8.824616,0,0.9946657490442322,GMM
11.179096,10.117013,0,0.9827406178623171,GMM
10.562143,9.913875,0,0.9870411353916817,GMM
9.5067625,9.567558,0,0.9896060999384926,GMM
12.051776,1.2686546,1,0.9859557633210899,GMM
12.032407,2.3773096,1,0.9703550747575268,GMM
10.227357,5.2360253,2,0.8040571328907847,GMM
10.940379,0.62637895,1,0.9411373556485155,GMM
11.333441,8.731674,0,0.9714963614083408,GMM
9.59951,7.334422,0,0.9985173420211121,GMM
6.711422,9.066213,0,0.9972361705695222,GMM
9.946718,0.42944163,1,0.8965184756625133,GMM
10.5805645,7.0056496,0,0.9339737118706999,GMM
8.267783,7.5471764,0,0.9727468836640804,GMM
11.581433,2.180101,1,0.9963901483965476,GMM
10.122488,3.3834405,2,0.8885342633592429,GMM
11.721331,9.570532,0,0.9925642244521248,GMM
8.983651,3.5527782,1,0.9863267311479986,GMM
10.418163,6.796889,0,0.8882331193762001,GMM
12.177547,2.8859766,1,0.8027391589691049,GMM
9.1772,9.333669,0,0.996316177116139,GMM
10.372998,8.347556,0,0.9992346793016361,GMM
12.28134,11.5241165,0,0.971122070060721,GMM
10.288456,7.465658,0,0.9277178144961169,GMM
9.664742,10.698919,1,0.8039447856472453,GMM
8.236626,10.706569,0,0.9798925509253229,GMM
9.151025,2.25111,1,0.970939223207804,GMM
9.842396,5.9979305,0,0.6472506950727359,GMM
9.250802,0.21874511,2,0.8700672483215902,GMM
10.119317,4.4996347,1,0.9604701368534434,GMM
8.857677,8.588978,0,0.9980245398059644,GMM
11.755278,2.97059,0,0.70243580932488,GMM
8.715089,0.4830572,1,0.9512729809721978,GMM
9.801701,6.03556,0,0.9990623035788244,GMM
10.031736,7.5889254,0,0.9997052542680316,GMM
12.610229,10.901468,0,0.9932550131951885,GMM
9.233537,9.060568,2,0.9999999999984084,GMM
11.870292,1.5122888,1,0.9583517360602457,GMM
9.91204,7.7424355,0,0.7462594638729101,GMM
8.979601,6.3630195,0,0.9613452084973968,GMM
11.311054,10.197458,0,0.9972537297726431,GMM
9.063201,3.630952,1,0.955306332467047,GMM
10.749282,0.6628932,1,0.9924998273094037,GMM
8.972378,7.334046,0,0.9989564452642231,GMM
10.851218,2.0205593,1,0.9896071805137293,GMM
12.253626,10.923622,0,0.9866497989459584,GMM
12.771274,13.489145,0,0.998640234925614,GMM
7.9586554,8.270011,0,0.7391530563111096,GMM
10.141452,9.907934,0,0.9437867338267958,GMM
10.15271,0.63722736,1,0.9935719746284255,GMM
11.978739,8.397555,1,0.6175405384151381,GMM
11.882567,12.944206,0,0.997683757108364,GMM
12.282283,3.4033325,0,0.705662456863504,GMM
10.705342,10.271978,0,0.9990940197636445,GMM
9.133591,2.4755137,1,0.9066090419220832,GMM
11.496987,8.615599,0,0.994195071743331,GMM
9.706885,0.5591154,1,0.9834939232610027,GMM
8.390817,5.483646,0,0.6737855987146941,GMM
9.571616,9.699316,0,0.9987375592058522,GMM
9.15903,4.9246545,1,0.8528997130873975,GMM
12.563318,11.804073,0,0.9995414681634471,GMM
10.000473,5.595654,0,0.9299891265182699,GMM
10.7229,7.1209364,0,0.9674869190101005,GMM
10.721122,4.6659646,0,0.6344237857360604,GMM
12.683248,11.511447,0,0.9976868766147259,GMM
9.899223,9.699327,0,0.989642249767041,GMM
11.900284,6.7151017,1,0.7543230652435369,GMM
11.401396,8.651777,0,0.8889366324599625,GMM
11.443914,13.062979,0,0.999138103072509,GMM
10.739318,10.208525,0,0.9989199027012351,GMM
11.205343,4.4882264,0,0.6739231049878257,GMM
9.457029,-0.77975893,1,0.9576519279757465,GMM
8.878411,-0.54747736,2,0.8873242830621302,GMM
8.648415,-0.042359125,2,0.9929326446893852,GMM
8.618049,2.27759,1,0.9956834906114546,GMM
9.401233,6.7578216,0,0.9980879615891716,GMM
10.350695,5.417215,2,0.9883363895665419,GMM
13.004617,10.070229,0,0.7665794580318113,GMM
8.654507,-0.84269637,2,0.9887021605131348,GMM
10.341286,10.492885,0,0.9915005850980068,GMM
10.843174,5.648118,0,0.9555707106526287,GMM
10.104213,9.841428,0,0.9986908681451022,GMM
11.587042,12.672322,0,0.9857774323380369,GMM
11.921245,3.8461928,0,0.7902551306831636,GMM
12.447321,12.215241,0,0.9993394939104212,GMM
9.557567,9.962632,0,0.9965129546572696,GMM
12.219547,7.1844845,0,0.798346620181365,GMM
9.386948,6.2000504,0,0.9948926325335244,GMM
11.524883,-0.11097974,3,0.6383962199670236,GMM
7.7939916,11.139581,0,0.9999508085476684,GMM
9.153402,7.2884254,0,0.8954784485719236,GMM
8.69061,0.47037524,1,0.9789731237440699,GMM
9.847452,1.564319,1,0.9957824707295496,GMM
9.253231,11.357782,0,0.9993941127138607,GMM
9.333913,0.11557805,1,0.9904501563292266,GMM
9.776393,4.1354256,1,0.8926798093568441,GMM
11.874754,12.777126,0,0.9997160358459634,GMM
9.414568,6.832747,0,0.9976894265095635,GMM
10.523181,4.443226,0,0.7639723812423528,GMM
10.606194,9.261993,0,0.9013831346269727,GMM
10.6777525,5.623364,0,0.9912857175113591,GMM
9.160993,2.6992793,1,0.9946128978399178,GMM
10.703485,8.777318,0,0.8172138554243678,GMM
10.489783,11.96176,0,0.9999250024561172,GMM
12.344112,13.784194,0,0.9994651383195085,GMM
10.945162,0.29363906,1,0.9785209474901827,GMM
9.901366,5.4019656,1,0.9442697503530977,GMM
8.093068,8.062246,0,0.8960568278950836,GMM
6.8601403,8.820698,1,0.6680780531289524,GMM
11.476874,2.4045954,1,0.8890842780069147,GMM
11.079185,1.889848,1,0.995383228277989,GMM
9.822225,7.4185905,0,0.9877464696562572,GMM
8.341576,3.7190745,1,0.6442390786789414,GMM
8.152192,6.043119,0,0.9595206016690101,GMM
10.146486,6.0634418,0,0.9871165431598041,GMM
12.7593,7.549591,0,0.9097123121868317,GMM
7.973441,9.056938,0,0.8644026948314654,GMM
9.469891,-0.16843416,1,0.9835139075555064,GMM
8.70893,10.238214,0,0.9963266509661872,GMM
8.538455,8.923387,0,0.9780313432958188,GMM
10.037413,3.679485,0,0.6692889976988005,GMM
10.040554,11.637127,0,0.9994934526401877,GMM
11.163133,-0.72357255,3,0.9826280270429363,GMM
11.311615,4.470527,1,0.9813751512200963,GMM
11.276677,-0.4754167,1,0.9783753842098732,GMM
11.343833,3.2663183,1,0.6855941565935768,GMM
7.7682757,6.01606,1,0.6815863787946678,GMM
12.7725935,1.5668857,1,0.9652651313817447,GMM
9.201233,-0.6234606,3,0.652976416474926,GMM
9.306989,2.508395,1,0.9704004696141671,GMM
9.912909,9.4420185,0,0.9777097924182564,GMM
9.912496,-0.39159015,1,0.9305623076270824,GMM
9.566057,1.6203132,1,0.9955144020928489,GMM
9.443039,1.515417,1,0.90505569108325,GMM
9.046747,-0.028854987,1,0.9706615466437466,GMM
10.632444,11.177344,0,0.999007672195397,GMM
9.257745,7.7996445,0,0.9974894093653219,GMM
13.279358,10.384957,0,0.6254144575603087,GMM
9.348849,4.9193254,1,0.7177768327812949,GMM
9.9517565,10.838551,0,0.8269639158863695,GMM
9.069023,1.0919703,1,0.6571783690846984,GMM
12.130919,0.39745894,1,0.8520160427990227,GMM
9.39764,7.3272853,0,0.9970085223959095,GMM
8.439987,-0.44791082,2,0.9701212025119962,GMM
10.670326,10.100748,0,0.9941475574466907,GMM
6.323117,2.8423693,2,1.0,GMM
9.325995,11.171872,0,0.9422301309635186,GMM
9.879935,6.9827952,0,0.9996023374643374,GMM
9.355409,10.092832,0,0.834334775260572,GMM
10.420379,5.297725,0,0.5303452548790216,GMM
9.632484,3.754314,1,0.7494641625784384,GMM
10.988311,2.1194043,1,0.979409005536229,GMM
9.786707,2.3690588,2,0.795963318629185,GMM
8.2711525,4.3343873,1,0.9612521623329814,GMM
9.617757,-0.4689339,1,0.9054228969304577,GMM
11.221504,4.507222,1,0.9747916906796945,GMM
10.350671,11.505244,0,0.9983771229494326,GMM
9.1984215,6.1257596,0,0.6333443283142232,GMM
10.003946,8.077379,0,0.9980082708666381,GMM
8.765597,8.22395,0,0.9981203200606249,GMM
12.33829,7.449114,0,0.5299889925269269,GMM
9.378981,7.881156,0,0.9931949364369055,GMM
10.085185,8.023115,0,0.9922322739351812,GMM
10.031624,2.0580702,1,0.9923414060439162,GMM
11.000346,11.563053,0,0.9997555674641097,GMM
12.606844,1.4273679,1,0.7954173791893498,GMM
8.818754,9.253311,0,0.9992330166168975,GMM
9.091405,5.5331373,1,0.633818832185498,GMM
10.684601,4.081419,0,0.6655263419124825,GMM
12.23305,13.64406,0,0.9997113575691131,GMM
11.741898,2.231517,1,0.9910697123780938,GMM
10.920745,4.5161676,1,0.8457932813711978,GMM
9.979693,11.029063,0,0.9982978417142618,GMM
9.228771,4.2780414,1,0.5693653350523533,GMM
9.878152,2.9458232,1,0.9467236153060937,GMM
13.121578,11.74334,0,0.9817086196177732,GMM
10.635147,12.346851,0,0.9999474055741046,GMM
9.044769,7.5236096,0,0.9888254500003241,GMM
8.075858,7.7816486,0,0.978113106747458,GMM
7.616061,9.940432,0,0.9537159662957798,GMM
10.700384,5.2916136,0,0.9403929662723887,GMM
9.289073,12.04549,0,0.9999904177106358,GMM
9.142642,7.9180536,0,0.9792667547780476,GMM
11.800463,7.112392,0,0.9346502426467975,GMM
8.713444,-0.71991414,2,0.7368314970471683,GMM
10.693602,7.2292724,0,0.9903173401637783,GMM
9.798897,3.2532406,1,0.995191129762124,GMM
10.98435,0.25065804,1,0.9037339168535085,GMM
9.966144,7.1569552,0,0.9291665776319281,GMM
10.099631,9.77468,0,0.9944108408692371,GMM
11.318064,12.533374,0,0.9994632122310111,GMM
10.952525,4.6781507,1,0.5726488565994021,GMM
12.07959,13.449031,0,0.9998980421772193,GMM
7.7158504,6.031739,1,0.9796352375751508,GMM
10.415388,0.8782286,3,0.6104429836471578,GMM
10.510055,8.923285,0,0.9047607665435722,GMM
9.187164,4.3296943,2,0.839449797945265,GMM
12.92809,10.565247,0,0.900641264534628,GMM
11.594518,9.945034,0,0.9989478706422398,GMM
12.586027,13.839819,0,0.9996626054861184,GMM
11.542278,2.7176626,1,0.9839529279091913,GMM
8.604131,3.0431867,1,0.9928170804281735,GMM
9.086726,6.592673,0,0.9663624767867016,GMM
11.8955555,3.5532386,0,0.6708839617242511,GMM
12.391529,0.767481,1,0.8360366231398408,GMM
11.738264,-0.6489729,3,0.9963584950003019,GMM
8.757241,5.667647,0,0.6947271824064389,GMM
12.463987,13.798011,0,0.999220308687856,GMM
8.87566,5.647307,0,0.7990914490378579,GMM
11.350686,-0.13724063,3,0.8222044642059946,GMM
9.770237,4.385001,0,0.6402527287810504,GMM
10.389048,7.0241895,0,0.9928822354479706,GMM
9.936882,3.6566687,1,0.9630464684240289,GMM
10.494898,5.9379973,0,0.9940343018066544,GMM
8.670579,6.997387,0,0.9957693475417077,GMM
12.293142,12.37667,0,0.999728585826016,GMM
11.461196,6.922852,0,0.702213183825255,GMM
12.093146,4.3982735,0,0.7029515442013736,GMM
12.303643,12.258599,0,0.9995521049594186,GMM
12.457238,0.17682844,3,0.9999999245790268,GMM
4.832911,2.4498136,2,1.0,GMM
7.438968,9.259479,0,0.9502634580951266,GMM
9.623588,11.698149,0,0.9996376706088349,GMM
8.007545,11.111077,0,0.9999558235174194,GMM
9.078144,4.6413155,2,0.431999997027276,GMM
11.177068,4.4609075,0,0.5000665913577567,GMM
9.010673,5.674908,1,0.9127661002307915,GMM
9.702018,5.4401517,0,0.9519638227598666,GMM
7.22457,8.661018,0,0.9932177738742446,GMM
12.16966,3.1901996,1,0.82398348111261,GMM
7.998268,8.216255,0,0.9469481279894099,GMM
9.03587,11.369539,0,0.9992856484729951,GMM
8.435393,6.48276,2,0.9994474685236193,GMM
9.850465,-0.90123737,1,0.9909440227388376,GMM
9.26985,3.1131043,1,0.9761405252501621,GMM
7.226205,7.816245,1,0.9935201316758013,GMM
6.977266,10.070673,0,0.9957357716390536,GMM
8.966522,8.20803,0,0.843865961508357,GMM
11.742093,2.299198,1,0.9692911373702634,GMM
10.567045,-0.07111693,1,0.984668184868469,GMM
11.788588,6.9906363,0,0.890432698607045,GMM
10.485084,8.344456,0,0.9955651727424377,GMM
10.911435,3.7517912,0,0.7905319362451148,GMM
9.240719,0.660794,2,0.5316463523528752,GMM
11.480289,12.758649,0,0.9995075114690936,GMM
10.977874,12.000957,0,0.9996863657128335,GMM
8.944288,3.0538068,1,0.9934021970400665,GMM
12.42463,8.449805,0,0.7209856053531684,GMM
6.821687,9.829077,0,0.9995950320365561,GMM
7.241445,9.442428,0,0.7654526368717569,GMM
9.631918,7.805426,0,0.9253215732033168,GMM
8.601429,0.34677947,1,0.7180352519860869,GMM
13.143636,13.592712,0,0.6960100600715903,GMM
10.713392,10.899929,0,0.9993337243132268,GMM
8.041905,8.810221,0,0.9696452416006929,GMM
7.4783487,10.023223,0,0.9978017440296802,GMM
8.85992,8.125737,0,0.9978332268557232,GMM
12.381112,1.7870547,1,0.972767462754868,GMM
9.879151,1.6586345,1,0.9834180492793193,GMM
11.840901,2.0766516,1,0.8153208303638653,GMM
12.178029,2.1854389,1,0.6550723134044729,GMM
11.13292,0.8974687,1,0.9810728993889417,GMM
12.376302,-0.4297777,3,0.9999934860124331,GMM
12.712754,10.9219,0,0.9784981180322007,GMM
11.098581,-0.07961434,1,0.9350968782621905,GMM
6.5156097,9.679066,0,0.9999318898564507,GMM
10.361296,8.972791,0,0.9946364658610105,GMM
12.791257,1.3854072,1,0.7170182907615977,GMM
12.963744,10.313576,0,0.9748174404209163,GMM
8.5280285,10.800636,0,0.9988064976807537,GMM
11.105972,0.013129968,1,0.5777796261420733,GMM
10.502378,2.3677142,1,0.9942739967697668,GMM
8.365761,11.31868,0,0.9983012259109831,GMM
9.534726,1.8009814,1,0.9943682549595463,GMM
10.257965,5.294267,0,0.9239148056212205,GMM
9.208455,4.8470306,1,0.9497475117309364,GMM
11.102151,-0.06214777,3,0.5301106674437,GMM
10.518963,10.966341,0,0.9992168962804006,GMM
10.366099,-0.48858193,1,0.6781372208933115,GMM
8.8564415,1.6219081,2,0.6985797728459199,GMM
10.256903,10.74707,0,0.9969340792273782,GMM
5.42915,2.594118,2,1.0,GMM
8.57012,10.8586645,0,0.9935807006395526,GMM
9.704983,3.334863,1,0.9300677819579284,GMM
7.0183487,9.365338,0,0.9979511131113731,GMM
11.866821,13.051782,0,0.9991166026130667,GMM
11.570262,10.385832,0,0.9307197675002398,GMM
9.357028,10.644127,0,0.997765563900373,GMM
10.823994,5.3497653,0,0.6733020063108947,GMM
10.020649,8.859423,0,0.9700844008319666,GMM
8.501081,7.703976,0,0.9977980064328775,GMM
11.381616,2.8993366,1,0.9320564467008985,GMM
7.7299256,9.757762,0,0.7220561499491996,GMM
10.230146,2.7272224,1,0.9387521173605277,GMM
9.957304,1.2531719,3,0.7384427903522383,GMM
13.143286,11.380092,1,0.8925619820449855,GMM
10.282833,-0.91832817,1,0.9687780476184588,GMM
12.586161,-0.61715317,3,0.9942437935587818,GMM
12.606747,2.840858,1,0.6316458538056111,GMM
9.513315,9.922267,0,0.9627394894434229,GMM
10.008089,5.8239336,0,0.9729723875859099,GMM
11.342446,5.4205875,0,0.8357218817222152,GMM
10.330249,7.537208,0,0.8370911670646708,GMM
9.75827,3.9715278,1,0.9183796206937673,GMM
10.782229,3.5692453,1,0.8993937935683399,GMM
11.461185,2.1819158,1,0.9933399763971238,GMM
11.979791,2.557962,3,0.6718371591262966,GMM
11.714094,-0.58737075,1,0.9835454635832518,GMM
8.659187,9.963258,0,0.9959156178054294,GMM
12.917092,11.071797,0,0.506408502039738,GMM
10.774851,8.798597,0,0.9997580324958711,GMM
7.817786,5.6706853,0,0.5696792548401637,GMM
13.257983,11.235068,0,0.9892074727970346,GMM
12.186258,2.3527105,1,0.8321761288924288,GMM
9.136034,6.4025536,2,0.9917563788862203,GMM
12.103365,1.1951065,1,0.9794253786652378,GMM
10.405196,7.691039,1,0.8185485802408022,GMM
11.166203,4.140678,0,0.5196765688434314,GMM
8.639774,6.019241,1,0.9376638753593072,GMM
8.7759075,10.311459,0,0.9996979297392744,GMM
9.683751,6.135121,0,0.98887453914772,GMM
8.352458,7.1947517,0,0.9942855116872868,GMM
9.744136,7.791818,0,0.9943656807563332,GMM
8.485887,0.034822717,1,0.6318764182594028,GMM
9.298428,-0.57548517,1,0.8953580924288158,GMM
10.972065,0.26310864,1,0.9685178242469514,GMM
10.671002,2.3310323,1,0.9942293321531646,GMM
9.252677,3.2933276,1,0.9078785317356212,GMM
7.8009605,5.8052506,0,0.8396228654353874,GMM
8.325363,6.903143,0,0.980725169252558,GMM
10.186261,0.74148697,1,0.9917103051101487,GMM
9.944041,11.27669,0,0.995114485265553,GMM
10.37592,1.2941755,1,0.9933174505262133,GMM
10.535089,3.0090845,1,0.9461890407161813,GMM
12.726997,12.67369,0,0.6629521726950001,GMM
10.402896,6.915015,0,0.9790084913794682,GMM
9.3785095,-0.4023704,1,0.98142233639172,GMM
11.585922,9.896219,1,0.9187148216739914,GMM
9.018618,5.3438134,0,0.6496462566038899,GMM
10.749129,11.235302,0,0.99942132902165,GMM
12.399574,13.665744,0,0.9997676088433054,GMM
8.74271,9.846227,0,0.9975884948877333,GMM
7.6751246,11.210269,0,0.9999356214806836,GMM
8.378457,4.910049,0,0.7831874573730592,GMM
7.5660863,8.178803,0,0.9869523611402752,GMM
9.0366535,6.173514,0,0.7450532856036917,GMM
8.201021,8.810805,1,0.6934131577243978,GMM
12.17454,7.21495,1,0.6288563666568584,GMM
11.899258,6.687923,0,0.9015948901300744,GMM
10.737908,3.4115906,1,0.7286347680220755,GMM
8.56711,2.490607,1,0.9849632940314784,GMM
7.854796,8.047957,0,0.9331130199778209,GMM
10.162297,8.099705,0,0.992345514158584,GMM
11.475395,11.129961,0,0.9994675079118379,GMM
11.216229,3.6403034,0,0.601442311865079,GMM
12.616109,2.8039246,3,1.0,GMM
9.180263,10.771477,0,0.9986231938892799,GMM
10.024382,-0.10944757,1,0.9941869860519877,GMM
8.510368,10.409194,0,0.9922784113901358,GMM
8.007918,3.0578463,2,1.0,GMM
11.618891,3.191277,1,0.9298520028380858,GMM
13.283688,12.741967,3,0.5175103377928121,GMM
11.991845,9.480399,0,0.9892831492027339,GMM
13.029189,10.0499735,0,0.9814046057440213,GMM
13.082992,13.203869,0,0.997525391150508,GMM
8.068509,6.328535,0,0.7737457700534586,GMM
9.339674,9.9164715,0,0.9987813270096279,GMM
10.608059,-0.8306923,3,0.5813370728450663,GMM
8.736875,10.707089,0,0.9996253128823722,GMM
10.314677,9.573624,0,0.9992426102068956,GMM
8.674121,9.662374,0,0.9980414299723906,GMM
8.551294,9.046068,0,0.988698866212667,GMM
11.845242,2.3035674,1,0.9556178173938308,GMM
8.156748,6.187023,0,0.9406919007999439,GMM
10.674809,8.749515,0,0.969145256649661,GMM
10.933674,-0.6145076,1,0.8384465192477742,GMM
9.583928,8.844364,0,0.9939498422151567,GMM
13.242558,13.636978,0,0.9969758522393002,GMM
10.695142,6.4236097,0,0.9997077288393592,GMM
11.172966,12.1061945,0,0.9994692449985378,GMM
9.801307,-0.52510405,1,0.5153533227238933,GMM
12.194653,2.0241625,1,0.9749676126671978,GMM
11.799464,11.643711,0,0.998948234112972,GMM
8.73489,3.014629,1,0.981845572128335,GMM
8.686109,11.886374,0,0.99995905120736,GMM
8.812707,-0.52684045,2,0.8998900510474446,GMM
8.286105,11.2692,0,0.9988740986279994,GMM
8.146562,8.070419,0,0.7757289900351478,GMM
9.980577,9.6816025,0,0.9947724159137461,GMM
8.412333,5.851544,1,0.5134092562921335,GMM
10.263069,-1.0481048,1,0.9767980140588971,GMM
11.745227,2.1074529,1,0.9729271764653469,GMM
8.570298,0.35311204,1,0.9061126794167386,GMM
9.028055,10.051318,0,0.9994212918621338,GMM
11.208309,6.1453013,0,0.7851369080664863,GMM
12.728352,9.889757,0,0.5969746802890284,GMM
11.832209,1.1004028,3,0.9999999997227462,GMM
10.87815,7.2997108,0,0.9912962311913008,GMM
8.493355,10.789316,0,0.9999415083501836,GMM
11.822745,2.3529243,1,0.9708985642679916,GMM
9.754747,5.608937,0,0.8519277555682109,GMM
7.6427007,11.119692,0,0.9999927976574301,GMM
11.706789,6.0995054,1,0.520907747703948,GMM
8.284238,10.47165,0,0.9740540373176327,GMM
10.85007,8.582976,0,0.9347955803043317,GMM
12.107558,10.123243,0,0.9941234551932678,GMM
8.836079,9.110017,0,0.9900607708875464,GMM
9.83047,5.054038,2,0.9717001746570876,GMM
8.143283,8.870382,0,0.9777389676307743,GMM
11.116801,6.6242914,0,0.9069862545309683,GMM
9.371664,11.815871,0,0.9998811905734397,GMM
11.027377,9.977449,0,0.9789899336676188,GMM
11.635935,7.446402,1,0.5408596914886583,GMM
10.474625,3.0319452,1,0.8661633755745215,GMM
9.718838,4.804159,1,0.9087708120486643,GMM
10.036826,5.3825173,0,0.9669201713534741,GMM
10.347306,10.059307,0,0.9782394300511111,GMM
8.179359,7.5997906,0,0.9180702076062033,GMM
10.904507,2.3878908,1,0.9807022494573537,GMM
12.737857,1.1009737,1,0.9643222553506903,GMM
11.0599165,8.248068,0,0.8267852670279174,GMM
7.1815925,9.574883,0,0.9961893315873683,GMM
11.542996,3.7968698,1,0.7561797531706944,GMM
9.419044,2.3945205,1,0.9822416021695612,GMM
10.155594,11.652235,0,0.999861103706537,GMM
9.3288,4.2653856,3,0.3726635304757474,GMM
11.814722,13.085294,0,0.9999558242514003,GMM
10.138146,0.35145,1,0.8710067898041407,GMM
9.862216,7.6178436,0,0.9664008788483511,GMM
9.427162,-0.20425603,1,0.940493239548961,GMM
9.587126,9.547925,0,0.9940778485642949,GMM
8.671617,6.3810577,0,0.9887915240837809,GMM
10.624023,8.503037,0,0.9985964268298714,GMM
9.092821,9.772713,0,0.9996136615079552,GMM
10.069305,-0.26279828,1,0.9810910184884775,GMM
10.5619,3.969008,1,0.5518916419251576,GMM
10.74909,9.524617,0,0.9999109360470597,GMM
10.744417,5.736142,1,0.36469475257664113,GMM
7.467238,7.952665,0,0.9735479560144772,GMM
12.010869,0.6697655,3,0.5012895954716826,GMM
8.219468,10.332225,0,0.9938893508974294,GMM
8.117929,8.792922,3,1.0,GMM
7.2673426,9.4678335,0,0.9815133222306789,GMM
10.456579,0.8999117,1,0.9974503419124156,GMM
10.8981695,2.2297006,1,0.9942191816694382,GMM
10.075448,9.857009,0,0.9956289760704831,GMM
8.602223,11.920109,0,0.9999863535230844,GMM
10.462311,9.611371,0,0.9928006966520178,GMM
10.2190275,1.5314299,1,0.990466028310614,GMM
8.176176,8.879687,0,0.9881567016977905,GMM
11.231597,2.5923617,1,0.9930274526612867,GMM
11.435021,13.128968,0,0.9998805450422534,GMM
10.5106535,5.0444303,1,0.9388279498442927,GMM
10.877827,5.011834,0,0.6366392537154396,GMM
10.276633,7.987397,0,0.9988921840097755,GMM
9.806857,3.5047112,1,0.9830803491665172,GMM
11.346031,10.708561,0,0.9942765882542531,GMM
10.203813,6.831944,0,0.9914111345375478,GMM
10.115219,11.725193,0,0.9997908100433707,GMM
9.724593,1.403369,1,0.9731796419993808,GMM
10.687304,4.2049294,1,0.9506771362802352,GMM
12.228628,10.202459,1,0.7470000599151234,GMM
6.960123,9.943305,1,0.5850299096414083,GMM
11.889917,0.31714487,3,0.6548554980736664,GMM
6.574423,9.549464,0,0.9992335661155426,GMM
12.81649,11.083274,0,0.994348053625356,GMM
10.562648,5.4484444,0,0.9707114262992114,GMM
8.738708,1.1403323,3,0.9711272804558025,GMM
9.809499,8.394692,0,0.9714070753732758,GMM
8.969133,2.54772,1,0.9853434348350241,GMM
8.078456,7.143698,0,0.9412445100921869,GMM
9.790169,9.870517,0,0.995914588332131,GMM
11.118218,12.49347,0,0.99932075580818,GMM
11.008045,12.208374,0,0.9998926942644724,GMM
9.165759,10.116352,0,0.856773221848216,GMM
10.513752,11.792098,0,0.9998557711288966,GMM
7.276589,10.381085,0,0.9976492603880601,GMM
12.261126,1.6172059,1,0.9810058917455214,GMM
10.339331,2.1146708,1,0.5334401381373423,GMM
11.136788,9.027229,0,0.9806684922885914,GMM
10.707572,5.3973103,0,0.9192182267147295,GMM
10.196309,4.7018805,1,0.8269355742451584,GMM
8.344489,7.221021,0,0.9936814629678162,GMM
12.5857935,7.975525,0,0.9118412420968535,GMM
12.070802,-0.41851076,1,0.9013970646960174,GMM
10.14916,2.4474206,1,0.992333748839448,GMM
10.166967,8.146754,0,0.6284238251521994,GMM
8.700465,5.9007454,0,0.8069650462006213,GMM
12.061752,10.098586,0,0.9888291270003586,GMM
9.148224,0.9577307,1,0.9532616162810231,GMM
7.635847,8.555082,0,0.9899963473781587,GMM
12.918159,0.5283297,3,0.6224852445887954,GMM
11.06584,9.463932,0,0.9997979204888313,GMM
10.524634,11.613516,0,0.9991390876282455,GMM
10.606469,10.507928,0,0.9980474198510113,GMM
9.512889,0.32882395,1,0.9902723634832353,GMM
9.201345,9.801097,0,0.9941139819338081,GMM
8.900839,0.41746667,1,0.9919056452697078,GMM
9.770674,11.061126,0,0.9995077617544009,GMM
12.119864,7.399128,0,0.8285162248801459,GMM
11.6442795,10.047344,0,0.9983675757708125,GMM
9.42247,2.8727849,1,0.9769267268837427,GMM
8.600723,4.4834714,1,0.9760402933130555,GMM
13.508675,12.428127,0,0.9327493088927092,GMM
12.167104,-0.098103024,1,0.799835527267515,GMM
9.139754,11.872836,0,0.9998785945100915,GMM
11.629286,2.1576698,1,0.9787054522869347,GMM
12.435706,7.8682785,0,0.5478326370722063,GMM
13.295459,13.063096,3,0.9996940419728104,GMM
8.722518,10.117482,0,0.9329226129216606,GMM
10.6347475,0.63975835,1,0.9928339597905105,GMM
10.063068,5.1004333,1,0.5099456187184721,GMM
9.696864,11.219126,0,0.9947746827093444,GMM
10.552262,5.6484184,1,0.5615953154419768,GMM
10.722965,10.177966,0,0.9626985187807177,GMM
7.728272,10.169767,0,0.9751410112555913,GMM
9.798836,-0.2127042,1,0.9043520730032125,GMM
10.915588,2.707137,1,0.9789722843425392,GMM
11.284623,1.1859176,1,0.9988903089205879,GMM
7.9559917,5.690209,1,0.7100366813210818,GMM
11.046375,-0.096883416,1,0.6710980679432232,GMM
10.037548,7.206402,0,0.9982609557130641,GMM
10.295046,1.1250001,1,0.8690383797843894,GMM
6.9084806,9.870549,0,0.9991908304395327,GMM
10.862952,2.8546553,1,0.9548358071366737,GMM
7.2429924,8.753311,0,0.9842672902849982,GMM
9.658231,9.077353,0,0.9988432657469101,GMM
10.601418,11.212374,0,0.9985880240302812,GMM
9.769954,-0.29349536,1,0.7152646892417694,GMM
12.248901,6.7697268,0,0.7570447701487648,GMM
10.574418,3.4964907,1,0.9771949144461601,GMM
12.867558,12.234166,0,0.9945669782484483,GMM
10.690439,4.662001,0,0.8252506356998354,GMM
10.224621,-0.057501066,2,0.9880388594835858,GMM
11.563458,-0.5621121,1,0.5507104880503331,GMM
11.099298,1.1040078,1,0.9922089052351926,GMM
10.003979,9.690193,0,0.989434005063928,GMM
12.1153145,2.7854471,1,0.9797887101429016,GMM
12.466528,-0.22665998,1,0.6860740068602681,GMM
12.454237,0.76581365,1,0.9657705720898114,GMM
9.337107,7.7722154,0,0.956780726161223,GMM
10.210337,2.638518,1,0.9561838680221777,GMM
10.097727,6.247035,0,0.9904162217958953,GMM
8.635429,0.23385336,1,0.8384794093044973,GMM
12.072372,0.83059347,1,0.9775791189521247,GMM
10.492194,-0.94956577,1,0.9868633466704139,GMM
9.49699,4.1565986,1,0.8542131347942863,GMM
9.194793,11.098748,0,0.9991560631766419,GMM
11.136254,11.011023,3,0.9999999999852207,GMM
10.091093,-0.30147222,3,0.7518194961423819,GMM
10.546562,6.397999,0,0.9981693007897445,GMM
12.919263,1.133159,1,0.7790103819545277,GMM
12.851668,10.921812,0,0.9945513279034199,GMM
11.693625,6.0595927,1,0.7668483112003402,GMM
12.054123,2.8531601,0,0.5586020101654979,GMM
6.918814,3.309506,2,0.998204416336806,GMM
11.506356,13.076169,0,0.9997072625522077,GMM
12.649612,0.94289374,1,0.7504813294476751,GMM
11.441128,1.5034662,1,0.9964599435828116,GMM
10.573664,7.277102,1,0.5326217156016368,GMM
10.568861,11.626605,0,0.9997436149292048,GMM
9.185866,7.1712413,0,0.9587786006278946,GMM
8.572625,-0.15901954,2,0.8673730433408339,GMM
9.338141,1.2353548,1,0.9854435092520176,GMM
7.7024403,10.991664,0,0.9997898256708845,GMM
9.100076,-0.5722395,1,0.5993893133978763,GMM
9.253402,10.587358,0,0.9988910725974482,GMM
5.693015,2.5588892,2,1.0,GMM
11.690642,8.779051,0,0.9835394966617268,GMM
11.206437,8.980712,0,0.9663486416844791,GMM
10.895453,5.7552576,0,0.7965023024721837,GMM
13.290777,14.03443,0,0.999841113859644,GMM
13.50769,13.798999,3,0.9828630419970255,GMM
11.822507,3.7983074,1,0.8820238465361946,GMM
10.872142,3.8080957,1,0.5049868372561166,GMM
12.049415,9.4361925,0,0.9891301150105769,GMM
10.329325,5.274023,0,0.5143076842508392,GMM
8.6652565,7.6885614,0,0.9060262964222388,GMM
12.183029,2.8671312,1,0.9261285743357333,GMM
11.46469,13.1044855,0,0.9997179985371244,GMM
10.477999,8.232471,0,0.9996188798612269,GMM
12.934417,13.863034,0,0.9899565122489917,GMM
9.188888,0.2784318,1,0.9265010802197672,GMM
12.533227,1.2032717,1,0.7502944129772195,GMM
11.893404,13.010729,0,0.9998684054345094,GMM
12.096318,11.853838,0,0.9983118440453782,GMM
9.684989,7.8189955,0,0.9770938787346547,GMM
11.527308,-0.39042255,3,0.5169419421654763,GMM
8.116774,10.27915,0,0.8787847121614003,GMM
10.554117,5.1468625,0,0.9466008439623445,GMM
10.565634,8.479864,0,0.9530744236072374,GMM
8.881956,0.9356237,1,0.9805248845253612,GMM
9.445928,8.33167,0,0.9560278339994001,GMM
12.301532,6.3860545,0,0.7752979276057645,GMM
7.2203116,8.88243,1,0.9168329828798104,GMM
11.702006,7.6636825,0,0.7912408727309002,GMM
8.967853,10.598476,0,0.9998634455313187,GMM
7.8118386,10.623629,0,0.8988220856409317,GMM
9.112924,4.1961064,1,0.9542406755379862,GMM
10.98607,12.335733,0,0.9998511475527418,GMM
11.996177,12.476212,0,0.9992226214591663,GMM
12.822415,12.490143,0,0.9985661583236258,GMM
10.733649,6.186745,0,0.9982486930465089,GMM
11.667777,6.041791,0,0.8742343106119078,GMM
11.273822,8.809409,0,0.9754522851614479,GMM
11.042194,4.7601786,1,0.6117689756853635,GMM
11.424649,1.8947221,1,0.9967472115514818,GMM
12.959199,10.88587,0,0.9861277525935782,GMM
7.041808,10.486581,0,0.9999925970671357,GMM
8.327295,11.1414795,0,0.9976520973485038,GMM
9.872457,8.156582,0,0.9967982135886261,GMM
11.102575,11.105224,0,0.9993755794692651,GMM
11.968553,11.942384,0,0.9997526628110294,GMM
10.733858,1.798313,1,0.8431921680591858,GMM
12.720368,1.9395697,0,0.7265211077846802,GMM
9.247332,8.480581,0,0.999002212342274,GMM
10.258293,0.42945275,1,0.9960873584217121,GMM
10.204962,6.3621182,0,0.9491890813667953,GMM
7.6473536,3.3096771,2,0.9989886550662282,GMM
10.354423,1.8308866,1,0.9601244161780252,GMM
9.49832,4.67445,1,0.7275847678822722,GMM
9.403883,11.689628,0,0.9999107269916553,GMM
12.335823,9.849852,0,0.9780157740492438,GMM
12.543044,10.664639,0,0.9943430923100223,GMM
10.964869,3.9094386,0,0.9161878278256576,GMM
9.78005,0.28356215,1,0.5728712719657393,GMM
10.072497,11.531235,0,0.9996037849737363,GMM
7.8941927,9.014235,0,0.9750199556026122,GMM
9.109855,0.058140714,1,0.8550363219895087,GMM
7.3394113,10.403153,0,0.9993822847771694,GMM
10.374461,1.1274812,1,0.9948609609440456,GMM
8.42456,6.272753,1,0.9512594589325333,GMM
7.335773,9.47323,0,0.965129384613172,GMM
10.043799,8.845688,0,0.9727710535566375,GMM
9.194378,4.3376865,1,0.9568446846247103,GMM
8.394594,4.751939,1,0.9242882069068541,GMM
10.476125,0.79666823,1,0.8610700480574258,GMM
10.457317,8.061842,0,0.9776652333781997,GMM
10.110365,5.508205,0,0.9719120922917154,GMM
10.599775,-0.70102096,1,0.9711497430627738,GMM
5.1293406,2.5153298,2,1.0,GMM
10.243214,1.2399582,1,0.9958896661352963,GMM
10.584445,8.942066,0,0.9876167684461381,GMM
10.762323,5.836728,0,0.9907316429108712,GMM
11.586236,-0.60744214,3,0.9964831062353214,GMM
8.480302,2.219172,2,0.999995768688069,GMM
11.379136,0.061865713,1,0.9837448878180374,GMM
12.360458,2.336255,0,0.6416827225440781,GMM
11.404638,12.29875,0,0.9998607854605269,GMM
10.179743,0.11439786,1,0.9573452355021378,GMM
11.916922,1.3627189,1,0.9678704102757566,GMM
11.043949,0.27392238,3,0.6167852720819976,GMM
11.524952,10.644831,0,0.9862390934362825,GMM
11.175619,10.04008,0,0.9993219962875982,GMM
11.574479,4.8697143,0,0.6569798646863316,GMM
8.760562,8.175468,0,0.9970213860594946,GMM
6.663692,3.1061573,2,0.9999999999997531,GMM
10.331028,0.03690784,1,0.9879360931010827,GMM
9.686151,-0.21712008,1,0.9437437213448674,GMM
11.32799,12.612728,0,0.9998601553264878,GMM
10.97958,11.4077215,0,0.9984371378711241,GMM
9.629682,2.192602,1,0.9949264030534894,GMM
9.422857,8.445586,0,0.9584000876347609,GMM
12.477686,9.50966,0,0.9059892343129928,GMM
11.101034,1.243159,1,0.9964031218896728,GMM
9.407935,9.012845,0,0.9981462124886169,GMM
10.733598,8.682915,2,0.7691050529092495,GMM
10.951202,7.0856414,1,0.6586285759976465,GMM
12.870182,13.981637,0,0.9986919281259208,GMM
10.952746,10.970773,0,0.9998834568806294,GMM
7.507419,10.411957,0,0.8501460842948715,GMM
10.082857,9.857825,0,0.9973184872830653,GMM
12.151708,9.009043,1,0.6826465710230865,GMM
7.930961,4.9252496,1,0.9979595722864819,GMM
9.76071,10.36374,0,0.9997389579176594,GMM
8.183585,5.608716,1,0.8505827720419195,GMM
10.3891,8.560979,0,0.9996128855885101,GMM
12.057672,2.3056157,1,0.9694863500614388,GMM
12.9036045,0.518562,1,0.6082558188941309,GMM
13.720488,13.70704,3,0.9894450854976805,GMM
12.804178,0.89932716,1,0.7574452543279714,GMM
11.74654,6.1205187,0,0.8032465400814252,GMM
9.732082,6.0431333,0,0.8149497471957716,GMM
9.657779,1.4993916,1,0.9659792589701414,GMM
10.136349,0.33904174,1,0.9851233764033556,GMM
10.75171,5.727359,0,0.9617078820701686,GMM
9.3312435,6.554424,0,0.8794740059646651,GMM
8.853209,9.3412075,0,0.9991625997932596,GMM
11.787753,0.6203349,1,0.8743281389891921,GMM
7.1122637,7.697544,1,0.9943880693217141,GMM
8.580031,-0.5686952,2,0.8511608196008844,GMM
9.603338,10.13871,0,0.9921551447714517,GMM
10.500326,5.507598,0,0.8840423644627041,GMM
8.079586,9.320019,0,0.9697046681177536,GMM
11.66701,12.8322,0,0.9999418666837265,GMM
7.8371754,9.749487,0,0.9642036169571704,GMM
10.182026,5.1737413,1,0.6551217433978479,GMM
11.416557,3.3262289,1,0.7083787813822384,GMM
12.933629,0.7401583,3,0.9991379744587903,GMM
10.644472,5.3312593,0,0.8271429589795153,GMM
7.6561685,6.032773,1,0.9716750835823605,GMM
11.306382,1.0141675,1,0.9941111392470083,GMM
10.3196125,9.415857,0,0.9998549038011997,GMM
10.088737,9.216468,0,0.9996648914347666,GMM
9.850439,2.500893,1,0.9962612127483719,GMM
8.306427,4.060781,1,0.99643405133142,GMM
8.553095,7.172782,0,0.759657469464573,GMM
11.256437,9.211922,0,0.9854646675718127,GMM
9.552876,7.173826,0,0.8439809090255004,GMM
10.877488,11.9273615,0,0.9993578064177976,GMM
12.922965,0.3206217,3,0.9500561701368457,GMM
9.551371,7.8205714,0,0.9892215000681823,GMM
9.05612,5.156929,1,0.803171487997823,GMM
9.491754,3.2475696,1,0.9269499394542615,GMM
11.106655,6.011885,0,0.9264610699348018,GMM
9.958354,8.679292,0,0.9752963685453894,GMM
9.721424,10.499436,0,0.9996029140984887,GMM
11.052783,8.45009,0,0.9961637640724834,GMM
10.165751,12.183124,0,0.9983314306916792,GMM
6.0365067,2.7306814,2,1.0,GMM
11.066766,-0.058718435,1,0.9356439014690225,GMM
9.404684,6.059676,0,0.9628829691671358,GMM
11.564362,9.018171,0,0.8784555546457997,GMM
9.090402,8.184604,0,0.9658213839745701,GMM
9.862769,2.893972,1,0.9932700631666259,GMM
8.069425,9.837067,1,0.6582718358600118,GMM
9.027589,11.872484,0,0.9999736324494655,GMM
12.093413,10.155975,0,0.9822331940994903,GMM
12.372682,13.149036,0,0.9995907269465505,GMM
10.965692,12.800064,0,0.9997032623853771,GMM
12.213112,9.762471,0,0.9919584829081528,GMM
10.722595,12.625464,0,0.9997363497675283,GMM
10.422497,0.29886454,1,0.976750536900139,GMM
8.477428,4.5388417,1,0.9719777354076001,GMM
10.079175,11.813456,0,0.9999313093591158,GMM
11.993761,-0.91253006,3,1.0,GMM
10.2692995,6.7631307,0,0.9665942394032788,GMM
12.566669,3.0571687,1,0.8405178094924531,GMM
10.241786,9.132668,0,0.9965850969407812,GMM
7.9599423,9.729223,0,0.981061864733603,GMM
12.372587,13.367859,0,0.9996803203272461,GMM
11.874711,6.987181,0,0.8568012972159068,GMM
11.307454,9.102347,0,0.9951281254685324,GMM
8.634539,0.2523254,2,0.5036212884625195,GMM
12.4375,13.387442,0,0.9997644976425857,GMM
7.607245,6.1200333,0,0.8480468884120692,GMM
11.97741,3.0302649,1,0.8937385299785388,GMM
11.119383,9.798532,0,0.9336880696148686,GMM
9.146954,0.4924341,2,0.6252849627211565,GMM
12.420407,7.1492243,0,0.9116875648299706,GMM
13.195916,13.734824,0,0.9962314755492934,GMM
9.03743,7.1579185,0,0.930680721438607,GMM
10.400642,10.072394,0,0.9945968199761651,GMM
10.135957,-0.6803968,1,0.9874787876718569,GMM
8.122389,10.736166,0,0.9982955836098517,GMM
10.969028,10.253957,0,0.9916203954796088,GMM
10.530336,0.033299685,1,0.9454180449615611,GMM
6.9908366,10.042612,0,0.9997886297741759,GMM
10.778191,4.1648383,1,0.7350356482376806,GMM
8.884665,-0.39002967,2,0.7094351088810896,GMM
9.039589,0.19991711,2,0.9146737276065614,GMM
9.819387,5.586606,0,0.936598511756375,GMM
8.541114,2.4606953,1,0.9941888029458655,GMM
13.1567745,11.751631,0,0.9893606634680876,GMM
13.093495,11.443296,1,0.8428063623336027,GMM
10.831567,0.15981683,1,0.9961875832436302,GMM
8.484844,5.722937,2,0.5963433248318535,GMM
10.331023,0.71264315,1,0.9753856759119172,GMM
9.907522,9.132257,0,0.9890955021680533,GMM
11.281734,11.396083,0,0.9963563303819123,GMM
11.465694,12.569547,0,0.9997789668271134,GMM
8.401142,8.774129,0,0.9869614445405868,GMM
7.795422,8.479429,0,0.6356952176232396,GMM
12.583228,9.904999,1,0.6069168731101556,GMM
12.634662,1.355366,1,0.9748753346469062,GMM
11.688386,2.1303337,1,0.8725019460662158,GMM
10.740508,8.883444,0,0.9991345842197373,GMM
9.939643,5.0583577,0,0.6221929362560418,GMM
10.505264,-0.98213583,1,0.7811149721822199,GMM
11.4516945,5.984857,0,0.9277066314926552,GMM
11.450836,7.502273,0,0.7612549893227575,GMM
8.395167,7.2819552,0,0.9951532404453923,GMM
10.453648,1.3156208,1,0.9346578981228697,GMM
12.219446,12.868828,0,0.998063232003636,GMM
9.315204,3.3190732,1,0.9944258239141774,GMM
12.702999,-0.31215984,3,0.9850532630428672,GMM
12.231772,12.646833,0,0.9686761123568495,GMM
11.654789,4.7137074,1,0.9766166246176248,GMM
10.978675,2.40005,1,0.9620530481384435,GMM
9.3147545,1.6152558,1,0.9952341989165983,GMM
12.7289915,9.907772,1,0.8340686790591026,GMM
8.949979,9.349948,0,0.993237628946975,GMM
7.8244743,9.086127,0,0.9197421122759861,GMM
11.029525,12.33418,0,0.9996837904290948,GMM
10.671087,12.634867,0,0.9996874447197063,GMM
11.03262,1.5993383,1,0.9862473867712029,GMM
9.338671,6.4262576,0,0.9329585981830213,GMM
13.29976,11.320676,0,0.8822857481228948,GMM
10.0258875,8.580782,0,0.9783782866311203,GMM
10.494273,1.492384,1,0.9819387823218851,GMM
7.9169493,7.0196905,0,0.9313519282711596,GMM
11.101392,-0.71421075,3,0.9993468983388811,GMM
10.261195,11.683743,0,0.999836120759402,GMM
6.7577124,2.9408026,2,1.0,GMM
8.400053,5.4783916,1,0.5559324183298574,GMM
11.883765,12.756276,0,0.999774234114255,GMM
8.96989,1.901619,1,0.9580714590935073,GMM
10.067722,8.078302,0,0.9953813286401028,GMM
11.434114,4.8302445,1,0.7250740975918735,GMM
10.884269,0.7797243,1,0.9461983600034901,GMM
10.284597,6.6466594,0,0.3900967645030889,GMM
10.682117,11.905926,0,0.9975105940098383,GMM
12.5987625,2.1993396,0,0.9101375475224996,GMM
9.858543,5.929172,0,0.8532253321413287,GMM
13.090685,13.929808,0,0.9973124941152679,GMM
9.357189,1.8363167,1,0.9645355842815543,GMM
12.587578,1.2520341,1,0.9035344829018473,GMM
7.3791385,7.767657,1,0.8092079627201859,GMM
6.975056,9.824301,0,0.9993457474356756,GMM
9.247892,6.2486343,0,0.9957704606860369,GMM
9.524864,11.521343,0,0.9998589717531448,GMM
11.351947,4.0201287,0,0.7421829013463767,GMM
13.048557,12.907827,3,0.9494269610473073,GMM
12.449354,2.6133628,0,0.8006524016741621,GMM
6.041519,2.821079,2,1.0,GMM
10.529536,8.031937,0,0.9071245392468172,GMM
12.6408615,2.0849686,1,0.9703915375002888,GMM
12.272664,8.475345,0,0.9672086287897906,GMM
11.760493,9.292771,0,0.9893457189245257,GMM
9.73174,7.472054,0,0.999752658696166,GMM
8.621636,9.051699,0,0.9929808964082371,GMM
9.21903,7.9064984,0,0.9719963850793987,GMM
11.573588,11.294972,0,0.998351936946046,GMM
13.232912,12.530591,0,0.9955302424914552,GMM
12.58999,10.891012,0,0.9872079322714038,GMM
8.631644,-0.10704162,1,0.8850371494555909,GMM
4.9587893,2.4725103,2,1.0,GMM
12.972455,11.615005,0,0.9957606530305334,GMM
10.802434,6.0714917,0,0.9289337691500582,GMM
10.631533,8.635565,0,0.9971521371019659,GMM
8.155816,9.274923,0,0.9904193959548502,GMM
9.153937,3.0367532,2,0.9041956015194886,GMM
10.094904,6.5668683,0,0.9402717342390766,GMM
9.034866,6.667212,0,0.7763230543721016,GMM
4.4570255,2.3472433,2,1.0,GMM
8.776984,9.7814045,0,0.9995543439432558,GMM
8.620443,-0.11539206,1,0.9181481215947167,GMM
11.617871,9.50217,0,0.9955057438499519,GMM
12.843115,10.566378,0,0.9921216272205854,GMM
10.329961,5.6208024,0,0.6179566508657994,GMM
11.373278,8.853964,0,0.9596616415661771,GMM
10.114221,2.9022624,1,0.9929209541231601,GMM
7.2394767,8.003289,1,0.6804834470254311,GMM
9.112719,7.290597,0,0.9852158490751548,GMM
11.876497,7.6673484,1,0.5097834734633394,GMM
10.355537,11.346191,0,0.9998794237632377,GMM
10.069439,7.7073836,2,0.47827036511811977,GMM
11.148694,10.086899,0,0.9894828788698257,GMM
8.285289,5.8387494,1,0.9134636488729596,GMM
10.555749,2.547433,1,0.9921567890224499,GMM
8.780141,10.555094,0,0.9996956838573109,GMM
9.515451,4.344759,1,0.7002731137609188,GMM
9.919626,1.0356169,1,0.9958381102752504,GMM
12.959466,11.387586,0,0.7376800864525858,GMM
8.7853985,10.280704,0,0.9984550084348975,GMM
10.105775,2.9028971,1,0.9960551217896753,GMM
11.129384,3.6213593,1,0.9267409939393924,GMM
10.3356,12.067697,0,0.9999338396751916,GMM
9.9543705,2.7451243,1,0.9910161504938834,GMM
9.778565,10.080149,0,0.9674476351156909,GMM
9.675883,7.674306,0,0.9988433225276429,GMM
10.557839,10.430049,0,0.998264786185283,GMM
8.319317,8.546912,2,0.9993016242071054,GMM
11.820686,7.118964,0,0.91360128746895,GMM
8.691132,5.9153886,0,0.9976949839406019,GMM
12.46882,11.0666895,0,0.9935306260888355,GMM
6.018143,2.571966,2,1.0,GMM
8.417914,5.0802417,1,0.904402942825787,GMM
10.337224,4.5406275,0,0.5558085386134222,GMM
9.453226,11.002424,0,0.9238482499291494,GMM
8.660395,0.32252064,1,0.979049106938334,GMM
10.492727,1.8622004,1,0.9889606489003985,GMM
10.997412,1.807225,1,0.9942987963602911,GMM
7.8647146,7.57657,0,0.9605448826113391,GMM
7.930647,9.380567,0,0.9339462158378069,GMM
8.4204,5.1319275,1,0.9791473655498808,GMM
10.935405,2.8663526,1,0.9042271203988762,GMM
12.283522,0.5704677,1,0.9791330777433291,GMM
8.866459,4.16036,1,0.9930149124169302,GMM
9.795225,10.868968,0,0.9953187253014311,GMM
10.780896,7.7705817,0,0.9992388937370179,GMM
8.492364,3.5371592,1,0.9331467442355271,GMM
10.586758,0.8384823,1,0.9976069973486165,GMM
11.414431,10.750729,0,0.775910637585278,GMM
9.900861,3.9990199,1,0.6925520876452287,GMM
10.156984,5.1514263,2,0.7153096775595393,GMM
11.944965,10.134005,0,0.7752056586832952,GMM
13.389963,13.495904,0,0.9891733975011595,GMM
9.6478405,2.5063543,1,0.9661421159997109,GMM
8.561158,-0.81525344,2,0.9999998506182278,GMM
9.95773,0.24292976,1,0.8333102758295836,GMM
10.424217,8.344113,0,0.9911067262436748,GMM
9.181579,8.572782,0,0.9814413062755569,GMM
10.561803,4.938122,1,0.8450627145443006,GMM
11.755237,2.2261944,1,0.962970341736177,GMM
10.229509,3.062553,1,0.8866490683677493,GMM
8.014633,6.8141775,0,0.9549699586984165,GMM
11.220016,10.2947235,0,0.9991939049963414,GMM
10.927259,8.970054,0,0.9980090928840979,GMM
9.088634,2.9194853,1,0.9710497752428365,GMM
11.113734,2.558941,1,0.9795860082535345,GMM
7.2247314,10.082229,0,0.9995261711172256,GMM
10.810726,1.4857022,1,0.9886222667204368,GMM
10.376937,1.4488777,1,0.9937424714662974,GMM
12.8880005,0.72110796,1,0.8036780728162417,GMM
11.850786,12.105537,0,0.9997148404731079,GMM
10.148742,11.176256,0,0.9999447135998242,GMM
11.964498,9.183751,0,0.9947799790753645,GMM
10.602816,5.596746,0,0.6027822759370209,GMM
10.96794,7.139276,0,0.9080013468357843,GMM
12.037816,3.1615777,0,0.6711382182308513,GMM
9.698669,1.6730161,1,0.9543665487730398,GMM
10.448231,11.362163,0,0.9987655795831293,GMM
12.445815,12.447665,0,0.9994233079404405,GMM
12.207769,3.0334377,1,0.733016412783134,GMM
9.677818,8.674306,0,0.9343896131109456,GMM
10.687577,3.8943071,1,0.9400294570109031,GMM
11.949518,7.434598,0,0.946512558002389,GMM
11.128046,10.285369,0,0.8761912778637431,GMM
10.711213,2.1534536,1,0.9946297242126592,GMM
8.63651,5.6207952,1,0.9726628185634331,GMM
9.249207,11.590615,0,0.9999026458517574,GMM
12.228401,9.999164,0,0.9939111159226848,GMM
12.384213,1.1714501,1,0.9279684239921828,GMM
10.273274,5.2451034,2,0.8070936511181575,GMM
10.031433,6.048102,0,0.9976784314854658,GMM
9.841594,7.445936,0,0.8859255797403216,GMM
12.948416,10.704047,0,0.8016164566451139,GMM
9.593952,4.9886537,1,0.9896883105271727,GMM
13.132346,11.452947,0,0.9446506247481756,GMM
9.9632845,0.88326555,1,0.8391154908594468,GMM
9.121123,7.242723,0,0.9602543255017988,GMM
8.977088,4.8765955,0,0.5921309370420182,GMM
13.087686,11.548839,0,0.891050099165244,GMM
8.725654,-0.8464777,2,0.8077134189740306,GMM
10.565731,12.383265,0,0.9989185853605265,GMM
10.473866,0.67045134,1,0.9976731127461513,GMM
10.248807,3.9341967,1,0.5776125802608651,GMM
11.676948,13.106669,0,0.9997775804537714,GMM
7.7972074,11.000936,0,0.9994163679289326,GMM
11.9375725,0.67606556,1,0.9469650607299643,GMM
9.333752,11.470974,0,0.9929110472708371,GMM
10.914231,8.391132,0,0.8089058281291505,GMM
8.712262,10.239393,0,0.9978194956301196,GMM
9.164815,11.263038,0,0.9993406046038762,GMM
10.667292,-0.7477492,1,0.5479913332016824,GMM
11.130564,3.2409716,1,0.9058943603551103,GMM
11.46338,11.497587,0,0.9999084740126897,GMM
11.02374,5.0252585,0,0.5998888612523842,GMM
10.596496,-0.25085846,1,0.9913958406912673,GMM
11.904003,3.0695226,0,0.8062819041686669,GMM
9.006464,8.894667,0,0.9776597966528789,GMM
11.757941,6.7136397,0,0.8781753633561503,GMM
9.399803,11.452979,0,0.9997848644596439,GMM
9.912715,9.609281,0,0.9969433293132731,GMM
9.733731,7.5150886,0,0.9964369126047101,GMM
8.621488,10.38425,0,0.9980948574170366,GMM
11.189546,11.51476,0,0.9987468456418492,GMM
9.799774,5.555185,0,0.8433067164037662,GMM
9.262988,8.59648,2,0.9972398469390522,GMM
7.1623282,8.547792,0,0.9471199572287136,GMM
10.432117,10.374866,0,0.9984181107824479,GMM
10.938968,9.280676,0,0.9814032525872651,GMM
9.810053,3.348176,1,0.9166746205179573,GMM
11.047115,3.2934167,1,0.8804154104609102,GMM
9.554463,9.079675,0,0.9974206885600199,GMM
8.825613,8.922323,0,0.9539066926081514,GMM
10.248958,2.8604462,1,0.987641429807209,GMM
11.04073,9.0458555,0,0.5788181989642553,GMM
9.904417,1.0241979,1,0.981903276864105,GMM
8.266107,10.444373,0,0.9940942416327598,GMM
11.528708,11.5559635,0,0.9999643814847219,GMM
9.902907,9.32383,0,0.999737919161081,GMM
10.413083,8.272229,0,0.9987121604741109,GMM
8.9389515,9.588593,0,0.9989698254165432,GMM
10.800508,9.135226,0,0.9978272314018948,GMM
11.42673,2.7468708,1,0.9627783607953514,GMM
12.770576,1.0112593,1,0.9029422700334575,GMM
10.307351,8.550727,0,0.9994827733169076,GMM
10.230606,4.2980204,0,0.9401666285386528,GMM
4.9951715,2.4764376,2,1.0,GMM
9.119246,9.013056,0,0.9955197998381439,GMM
8.9236145,10.654455,0,0.9988073585177598,GMM
7.3435383,9.82215,0,0.9989340351911681,GMM
11.733339,0.06454998,1,0.6363253313040456,GMM
9.8162,10.390739,0,0.9993205161047958,GMM
10.924716,10.71391,0,0.9997905904462471,GMM
12.111598,1.7112586,1,0.9704788194120814,GMM
12.361885,3.4832811,1,0.9534528508467511,GMM
8.483392,7.4260035,1,0.8897864429032128,GMM
9.689081,1.4983721,1,0.9395946096410535,GMM
9.530365,9.65396,0,0.995831083026528,GMM
13.276829,13.044531,0,0.9974017648295043,GMM
12.743497,1.3133812,1,0.8837643203335424,GMM
10.035089,8.138681,0,0.9846287058933988,GMM
11.124977,9.517918,0,0.9981876719716406,GMM
10.162576,7.201837,0,0.9949415161859131,GMM
10.553936,5.0610523,1,0.919880011100541,GMM
11.580324,2.2163396,1,0.9931838237649199,GMM
9.360433,3.5330954,1,0.94943955640029,GMM
10.711157,1.6296244,1,0.98523106146225,GMM
11.405255,2.107622,1,0.9915861374030046,GMM
8.601074,8.862982,0,0.9972522327507397,GMM
8.559614,8.822743,0,0.9957276559099454,GMM
7.1892185,10.274547,0,0.9994995652654587,GMM
11.801199,12.2514305,0,0.9989659269162098,GMM
12.869236,12.846701,0,0.5590740456665031,GMM
10.611442,12.483968,0,0.999856241570062,GMM
9.547395,6.011778,1,0.9533356194664923,GMM
10.301479,8.533171,0,0.9991496931061955,GMM
12.844297,12.343951,0,0.9906815250785888,GMM
10.28271,6.599236,0,0.9950014617138817,GMM
10.075772,7.767419,0,0.9573325232935637,GMM
13.43706,11.614694,0,0.9663232662125755,GMM
10.152417,5.2097406,0,0.849239222352993,GMM
7.852069,9.368389,0,0.9497072267796263,GMM
10.442415,3.2929306,1,0.8506198002281096,GMM
9.732861,9.846846,0,0.996444462167434,GMM
12.861482,11.220947,0,0.9952008874938476,GMM
10.887315,4.189567,0,0.6120582229474503,GMM
11.126298,2.1467445,1,0.9930515625150714,GMM
11.963192,2.3261187,1,0.9861508828730277,GMM
8.553916,4.515787,1,0.729507328613198,GMM
11.41076,11.5482025,0,0.9992707802165799,GMM
8.802048,-0.08942977,1,0.9497767543196145,GMM
8.95802,6.4239855,0,0.885979715731537,GMM
10.19003,4.0596423,1,0.5957254218298578,GMM
8.134928,9.227342,0,0.9925438211170057,GMM
8.625414,0.23632336,2,0.9044924759345657,GMM
11.781201,5.80664,0,0.7804497007896802,GMM
10.01783,0.44363832,2,0.7311787276751366,GMM
12.130501,2.0796964,1,0.9934111518995451,GMM
10.931245,7.3520956,0,0.8864148164975659,GMM
12.46301,0.79256237,1,0.9751257436471192,GMM
12.093216,13.532293,0,0.9997448262984917,GMM
8.498817,4.590921,1,0.9897033174257661,GMM
8.280211,7.2678976,0,0.9968182933588886,GMM
10.465952,6.1830373,0,0.998761330120884,GMM
9.017822,5.711657,0,0.6049960105477971,GMM
9.711785,7.2934113,0,0.6920827622441929,GMM
10.421545,4.021785,1,0.8386122547911437,GMM
7.1335106,10.197138,0,0.9994882600842309,GMM
9.766966,9.498368,0,0.9866680700021335,GMM
10.835958,5.5166645,0,0.6677871184211185,GMM
9.505038,7.8976183,0,0.9983237632654057,GMM
9.869248,3.2220075,1,0.9959214744095015,GMM
10.033639,6.634679,0,0.958845863931464,GMM
10.061421,10.060058,0,0.9987759012573306,GMM
9.62497,5.649738,0,0.9115871137390942,GMM
10.28597,2.5023632,1,0.9901064300382773,GMM
8.981124,2.4511442,1,0.9635906191061536,GMM
6.519189,9.702608,0,0.9999723944496096,GMM
9.5388155,8.471901,0,0.9934018181787492,GMM
9.3784685,11.28295,0,0.9985439915126296,GMM
8.264846,11.196598,0,0.9846146470923143,GMM
11.187459,5.246522,0,0.83777023673139,GMM
8.529424,4.1048055,1,0.9892329902021355,GMM
11.986957,12.30905,0,0.9991200456289986,GMM
9.267618,4.2255607,1,0.9574101187410191,GMM
12.83305,0.20992476,1,0.6498225163410143,GMM
11.782468,11.11431,0,0.9974505836212513,GMM
10.619351,4.770714,0,0.53199603160535,GMM
9.334235,-0.64657265,2,0.7645509160218297,GMM
8.8103485,1.3918219,1,0.8433570803925898,GMM
11.765632,0.1172588,1,0.9828142440039662,GMM
10.580795,0.4302733,1,0.9867484307957045,GMM
10.436039,1.0870137,1,0.7293770852393072,GMM
10.03362,4.3940845,1,0.8317385917697196,GMM
12.726751,13.28145,0,0.9985857924672018,GMM
5.8825674,2.6351311,2,1.0,GMM
8.800897,-0.5318322,2,0.6602961049407419,GMM
11.271148,12.698989,0,0.9788620600042812,GMM
10.852663,4.130064,1,0.6832281052037417,GMM
9.160861,2.6784372,1,0.9915471256155932,GMM
11.312329,12.513579,0,0.9999440412706285,GMM
11.83653,2.588744,3,0.9018905932132358,GMM
12.27444,11.499344,0,0.9989722803093153,GMM
11.542334,12.448783,0,0.9997741957915036,GMM
8.074068,11.150956,0,0.9987510895246282,GMM
11.97683,7.3468246,0,0.9590177692603783,GMM
12.03536,3.917776,0,0.714940581419054,GMM
9.795235,6.716001,0,0.9990131515095663,GMM
9.701518,0.023423066,1,0.9765328823147573,GMM
11.680851,4.256241,1,0.9445409421260096,GMM
10.285898,2.9637275,1,0.9843456264063102,GMM
10.755146,2.3481355,1,0.9933232906372205,GMM
7.522759,11.036106,0,0.9999419933710498,GMM
8.992869,7.5031433,0,0.9974697158552494,GMM
11.372367,12.594191,0,0.9997110841661683,GMM
9.6046915,4.153361,1,0.8628024486591146,GMM
12.582114,0.35244128,1,0.6724716417128634,GMM
11.200368,11.731973,0,0.9998957716604676,GMM
9.680002,3.288449,1,0.5163979032779185,GMM
10.95679,0.91746116,1,0.9978073348223608,GMM
10.596968,5.656652,0,0.9711504712004325,GMM
7.3981037,7.953273,1,0.9273524930763052,GMM
11.370446,7.1189227,0,0.9176976602958035,GMM
8.33349,9.943359,0,0.9940285177895877,GMM
9.890771,1.5963846,1,0.9966227453474552,GMM
12.127979,8.248352,0,0.9584313005628982,GMM
9.22062,7.9946175,0,0.9959043980949991,GMM
7.8741703,11.150599,0,0.9992827195686792,GMM
10.812857,0.47433773,1,0.9866688796310347,GMM
11.93091,8.17933,0,0.8620905411505746,GMM
12.878893,10.134906,0,0.8388794351090061,GMM
9.220526,7.045034,0,0.9424540606607468,GMM
9.518026,4.990098,1,0.9814249736943388,GMM
12.438389,2.3666573,1,0.735861977163278,GMM
9.216619,5.369898,1,0.5848921589649098,GMM
11.176616,4.1124883,1,0.5752949807433883,GMM
9.52401,1.260119,1,0.9271505558729796,GMM
9.482369,11.460965,0,0.9968433858621318,GMM
11.872855,2.0306165,1,0.9855204715297454,GMM
11.303553,7.7935996,0,0.6239791350838146,GMM
8.383976,9.631552,1,0.9739199036429294,GMM
12.236574,10.758874,0,0.980674289375346,GMM
11.652993,2.4158955,1,0.9701751585164204,GMM
8.332869,8.675799,0,0.9712975383484816,GMM
10.500603,1.02647,1,0.9025999766978111,GMM
10.232948,5.246799,0,0.8948509444771193,GMM
10.3484,10.227706,0,0.9998212735758513,GMM
10.506084,1.0130831,1,0.9861752486922629,GMM
9.493531,5.6166105,0,0.8211872371018112,GMM
10.546876,2.7729535,1,0.9950816581332875,GMM
13.156947,13.463342,0,0.928759817827806,GMM
10.250762,11.0056505,0,0.9998012372185121,GMM
10.497471,11.296006,0,0.9998003446191808,GMM
8.890933,5.361348,0,0.737522020401879,GMM
10.504691,7.5716925,0,0.9941706841111432,GMM
12.467021,13.229221,0,0.999564815806897,GMM
8.878253,6.528752,0,0.9006529626064315,GMM
9.148567,2.0123532,1,0.9351024373302185,GMM
11.954441,-0.86507154,3,0.9997349231969542,GMM
12.426426,0.42623904,1,0.8868975665319717,GMM
12.69041,1.4591886,1,0.6353046117201727,GMM
10.3477125,7.620665,0,0.9701013736979374,GMM
11.234052,2.4740324,1,0.9923733706579855,GMM
8.635907,4.0807424,3,0.9688031776849807,GMM
11.759153,13.444672,0,0.9998943950567053,GMM
9.123448,7.9850163,0,0.9505049047796278,GMM
11.642705,2.1534698,1,0.9821791667052318,GMM
10.064025,5.3606873,0,0.8486083416697808,GMM
8.402378,5.3717732,0,0.6519587231979644,GMM
10.687771,2.6196823,1,0.9847012472123002,GMM
10.188718,11.139478,0,0.9983326711404877,GMM
10.723206,10.2443075,0,0.9974663120566953,GMM
11.526228,7.4926176,0,0.8557904804932109,GMM
10.979333,0.41696525,1,0.9786291628834554,GMM
11.222569,3.1105103,1,0.7536349138932789,GMM
9.826385,3.2833896,1,0.97198706130657,GMM
9.542234,8.871611,0,0.9966240950900425,GMM
7.6087847,6.8216615,0,0.8315124735053726,GMM
12.585767,9.414181,0,0.9358550941136414,GMM
11.190744,12.564733,0,0.9995579074958615,GMM
11.236897,2.5560746,1,0.9246165971590943,GMM
10.101871,0.5300404,1,0.9523238467684602,GMM
12.412704,2.829877,1,0.8930382124149676,GMM
11.958713,9.487807,0,0.9942211117951586,GMM
12.388095,2.1338072,1,0.9923358539282061,GMM
8.594121,5.757611,1,0.5471302735191217,GMM
12.981542,0.7345071,3,0.8508353683187719,GMM
12.140343,2.8613722,1,0.9882538087989698,GMM
8.570575,-0.1811064,1,0.6112620493872832,GMM
9.901091,5.3341994,2,0.5014503990771723,GMM
9.55173,11.231105,0,0.9990959367752063,GMM
11.90654,2.7022588,1,0.9932164822958873,GMM
9.810158,4.208333,1,0.8966416357093636,GMM
9.264863,2.6086051,1,0.9812140826709632,GMM
10.140411,6.8505054,0,0.9978696420613099,GMM
8.217046,10.95183,0,0.987785465999111,GMM
11.918915,3.8471353,0,0.8226973393789428,GMM
12.408362,8.023938,0,0.8108949359209627,GMM
9.264963,8.354699,2,0.9987188313779198,GMM
9.919878,6.0106387,0,0.9236274944810396,GMM
4.9595833,2.4750924,2,1.0,GMM
12.52145,10.01924,0,0.9972156732876857,GMM
11.320455,10.92201,0,0.9926077220583638,GMM
10.144014,7.2813187,0,0.9761058227606435,GMM
12.576541,10.635006,0,0.9972602382902881,GMM
12.020284,0.79308045,1,0.9551329322146629,GMM
11.489006,5.4127126,0,0.6248050389676151,GMM
9.904633,1.0114636,1,0.9918286863390655,GMM
8.338769,7.737909,0,0.9854554863246002,GMM
11.313222,2.3213146,1,0.975404423113877,GMM
11.456764,12.693398,0,0.9998353813027493,GMM
10.920432,6.1328278,2,0.9994552608475213,GMM
9.962851,4.681797,0,0.612914196132044,GMM
11.2230835,9.283084,0,0.974918152663155,GMM
9.265561,4.694663,1,0.9632453046011813,GMM
11.425363,10.53188,0,0.7584511148896104,GMM
9.369512,3.9697552,1,0.9535223443970697,GMM
10.835297,7.721085,0,0.9479903077260015,GMM
10.419494,3.4129047,1,0.9668352516475051,GMM
8.807319,8.456876,0,0.9590036393102519,GMM
12.134529,1.4173399,3,0.9983600820176071,GMM
10.216351,11.424116,0,0.9998329055248517,GMM
8.261185,9.17253,0,0.9885459450443316,GMM
9.391185,10.611516,0,0.9854842265135936,GMM
12.321359,2.1395128,1,0.9576486063615972,GMM
11.455221,7.63135,0,0.8384957014345862,GMM
11.406881,11.020944,0,0.99965030737261,GMM
9.165506,4.8917847,0,0.7000549896519093,GMM
11.987113,-0.24633595,1,0.8867919660755552,GMM
10.674731,5.4913383,1,0.585125460531084,GMM
9.583401,3.6692083,1,0.97652697283693,GMM
7.644377,10.1862,0,0.877239608185425,GMM
12.200821,6.7809634,0,0.886700965196319,GMM
13.067272,12.012883,0,0.9969342279400732,GMM
9.339071,8.490594,0,0.9745277252482286,GMM
8.602478,2.6611106,1,0.9899290093393707,GMM
6.4428234,9.798182,0,0.9999994922743457,GMM
10.743103,8.185421,0,0.965439714187919,GMM
11.312052,5.5218587,0,0.8677068118775152,GMM
12.939505,1.1583182,1,0.790034231244645,GMM
11.396034,0.55915254,1,0.9898170865017756,GMM
11.526794,-0.33929834,1,0.9236419301029978,GMM
10.752144,-0.042586856,1,0.9961551083553534,GMM
12.159981,-0.8654333,3,1.0,GMM
12.787392,7.6742563,0,0.9786646379017413,GMM
11.353926,-0.23049332,1,0.9615843836051818,GMM
9.446429,10.263613,0,0.9991503482266613,GMM
9.636465,5.1949472,0,0.5812038175806471,GMM
9.064472,5.4784656,0,0.6151904589862235,GMM
12.497135,1.967426,1,0.7952612771264499,GMM
7.834753,11.025742,0,0.9954715559837894,GMM
10.691147,1.6639491,1,0.9951257911597111,GMM
8.303952,9.250837,0,0.9955548986697851,GMM
10.54917,-0.63251054,3,0.701474654630455,GMM
9.815714,-0.44332677,1,0.9941040359605774,GMM
5.7338696,2.670119,2,1.0,GMM
13.186063,11.468605,1,0.5268457090022428,GMM
12.288683,1.3744279,1,0.9704247411131428,GMM
12.455999,12.262941,0,0.9982975565942456,GMM
7.8169703,11.074751,0,0.999683380189914,GMM
7.949441,6.0346375,0,0.8581488427212622,GMM
10.812988,8.676113,0,0.9969621694683106,GMM
11.593054,0.99558586,1,0.815658273516646,GMM
9.116955,7.9059134,0,0.9722743744231661,GMM
13.276506,12.0957365,3,0.6637615241991959,GMM
8.057487,5.5469594,0,0.7201945767938074,GMM
12.603681,7.8949823,3,0.5608205024723387,GMM
9.651894,5.8783875,0,0.9091488032838796,GMM
7.647442,10.92497,1,0.9872580663111962,GMM
11.00526,11.261462,0,0.9992434506283443,GMM
10.031141,8.611808,0,0.9962582482120506,GMM
11.446819,2.198584,1,0.9965058767115259,GMM
12.056676,13.151657,0,0.9998676348351346,GMM
7.952206,5.4776325,1,0.6156001825129833,GMM
11.36459,12.83623,0,0.9988605342425396,GMM
8.673624,0.15106384,1,0.7782001582426907,GMM
12.2104645,4.158311,0,0.9070926805904579,GMM
8.044444,8.625596,0,0.8172052719420053,GMM
8.70673,3.9811318,1,0.9879777510665059,GMM
9.363987,-0.48762077,1,0.8503500821416912,GMM
8.755812,9.596208,0,0.9983165236920947,GMM
9.944921,4.8658113,0,0.51891285946664,GMM
7.663051,8.556629,0,0.9939438033196455,GMM
8.716012,5.806081,0,0.9880781320646947,GMM
10.850828,10.620182,0,0.9988475294615605,GMM
10.345615,11.835917,0,0.9997273725692437,GMM
8.166315,10.004571,0,0.9916580389057758,GMM
8.3225765,11.365882,0,0.9999707251611399,GMM
10.421481,0.14412582,1,0.9964164541275745,GMM
8.392946,7.460452,0,0.9758738451829847,GMM
10.748485,4.594335,1,0.9701322606487727,GMM
11.000105,11.169219,0,0.9992971866360072,GMM
11.674268,11.176815,0,0.9993793646082568,GMM
9.70187,7.699589,0,0.9695110734612498,GMM
9.980584,5.0990195,1,0.5335491559569882,GMM
11.88583,12.845311,0,0.9992558688482599,GMM
12.376402,0.14687002,1,0.9012312863808266,GMM
7.9360795,8.284612,0,0.9937088818301141,GMM
11.621023,8.4690485,0,0.9530406543079698,GMM
11.277338,3.6266818,0,0.5608614465013184,GMM
7.561441,11.033987,0,0.9999714070733138,GMM
13.133743,13.785892,0,0.9979280213714599,GMM
8.072969,8.999759,0,0.986721748236087,GMM
7.2771373,3.1762059,2,0.9999491763120375,GMM
12.976244,12.739782,0,0.9689624087170614,GMM
11.073219,3.2231102,1,0.9463764231698749,GMM
12.09302,13.235834,0,0.9997054724386302,GMM
10.166628,10.291559,0,0.9963112531817575,GMM
13.661421,13.878207,0,0.6765173499234741,GMM
9.997041,10.088339,0,0.9971278575269766,GMM
8.668462,10.361147,0,0.9325881950950725,GMM
8.958082,4.225827,1,0.981989558552352,GMM
10.226888,-0.31059444,1,0.9650074904946293,GMM
12.535526,13.323574,0,0.9992756236970954,GMM
12.265642,0.9058424,1,0.987661043117413,GMM
8.464684,8.101643,0,0.9642473473463743,GMM
11.850387,12.876007,0,0.9997164763917233,GMM
11.772243,11.330953,0,0.9900843147369516,GMM
11.423228,3.4250522,0,0.5087349437946681,GMM
4.366166,2.2964766,2,1.0,GMM
11.451296,1.6715258,1,0.9738638828464582,GMM
8.33926,11.151302,0,0.8925466647025709,GMM
9.357017,6.5238643,0,0.9332997363656234,GMM
11.474514,8.195229,0,0.990669087606133,GMM
12.588508,11.373124,0,0.9978883905649699,GMM
12.597375,10.353088,0,0.7724433180694258,GMM
9.91852,7.7249885,0,0.9420880020699492,GMM
9.268155,1.8365178,3,0.9998614531714147,GMM
9.970005,10.927425,0,0.9997873441434382,GMM
12.187209,-0.15591943,3,0.9184495673771621,GMM
12.181897,7.011764,0,0.9253068884747008,GMM
10.150071,4.2045093,1,0.8963123183411622,GMM
8.717777,2.8060386,1,0.9461060101605491,GMM
9.123686,0.7306853,1,0.9690001302804407,GMM
12.012971,9.359419,0,0.9885608674287271,GMM
8.883951,0.89200675,1,0.9440521309335324,GMM
10.892168,8.067814,0,0.9517207101144742,GMM
8.536264,5.581878,0,0.7510846382337258,GMM
11.142545,5.8816824,0,0.8767158269324709,GMM
9.188048,0.27046624,1,0.9810696486622746,GMM
9.552195,2.7035263,1,0.8672291222271518,GMM
11.405351,11.569943,0,0.9999781646926986,GMM
12.560102,0.9785305,3,1.0,GMM
4.4683065,2.35592,2,1.0,GMM
8.313431,10.530138,0,0.9930143126598838,GMM
9.908528,9.533837,0,0.9976325320533161,GMM
7.7481804,5.8431826,0,0.9370164941325739,GMM
12.802649,0.8824324,1,0.8973589192620092,GMM
9.934393,2.6861331,1,0.635112943358259,GMM
12.625843,9.690009,0,0.734170485260827,GMM
10.546126,8.837726,0,0.9517533034716901,GMM
9.706006,-0.852139,1,0.9489115779191505,GMM
9.927341,5.739397,0,0.939122671058094,GMM
10.870909,11.957126,0,0.9992980120811573,GMM
8.8246765,10.963452,0,0.9987114986483228,GMM
7.9412775,5.675327,1,0.9510087184224163,GMM
8.129489,6.9449897,0,0.9034874713425727,GMM
12.234648,12.045483,0,0.998098858258386,GMM
7.749564,6.8667274,0,0.8347324462884906,GMM
10.711757,3.0263515,1,0.9946617819523966,GMM
11.351452,6.385764,1,0.7355770913660039,GMM
8.91761,9.239396,0,0.9961958422689028,GMM
6.463448,3.0311403,2,0.9999999999999982,GMM
12.525133,2.0003645,1,0.900003263616298,GMM
8.238133,5.8275867,0,0.8433094507549085,GMM
9.236946,11.553544,0,0.9997501393117881,GMM
11.1314,0.18883932,1,0.5823880801180795,GMM
11.549905,1.8016654,1,0.9915584172575982,GMM
10.076013,10.731032,0,0.9984723803602202,GMM
7.792062,6.0085416,0,0.9826525812806498,GMM
9.687095,7.659349,0,0.9870650739759856,GMM
13.031772,10.122869,0,0.9636886038958952,GMM
8.013593,5.771832,0,0.619973476467367,GMM
9.918234,3.9870315,1,0.9886498147415431,GMM
11.549985,9.902142,0,0.986546743685609,GMM
9.518001,7.632093,0,0.8199210731466269,GMM
11.543005,-0.060493708,1,0.966314205952255,GMM
9.520205,-0.11561403,1,0.9847762824502824,GMM
8.881566,6.319426,0,0.8676063221119181,GMM
13.433665,14.068223,0,0.9988656456913688,GMM
10.497314,0.2966113,1,0.9740612211514486,GMM
7.8821826,5.298312,0,0.5350337618226559,GMM
5.042058,2.4957297,2,1.0,GMM
7.653987,9.810823,1,0.9428919484197746,GMM
9.505246,5.435278,0,0.7091920412855698,GMM
10.449017,8.875693,0,0.9955286139767701,GMM
9.001757,1.4309105,2,0.9713551309992745,GMM
9.676645,4.24387,1,0.6369017458684806,GMM
11.85739,7.5085917,0,0.771786645168636,GMM
12.210496,7.6825476,0,0.9531361327791633,GMM
11.086904,1.8859155,1,0.9981925366520253,GMM
10.732361,12.521016,0,0.9997024676563288,GMM
8.979478,10.836195,0,0.9947320545335527,GMM
10.390186,6.4616933,1,0.6183403040128876,GMM
5.805561,2.6804707,2,1.0,GMM
8.140865,10.803658,0,0.9843698522290586,GMM
10.1212015,4.0336137,0,0.5410183084220126,GMM
8.51264,0.13518773,1,0.884715484521783,GMM
11.211956,1.3398242,1,0.9909445149189435,GMM
8.423581,5.581825,0,0.8737071607863663,GMM
8.630101,0.09233786,1,0.5450824606639887,GMM
11.365665,1.2944902,1,0.9867070318442833,GMM
12.722905,11.106014,0,0.8873916532456486,GMM
12.153907,9.816905,0,0.9773595588936357,GMM
9.729413,2.695067,1,0.9944082383473748,GMM
9.459521,1.2443082,1,0.9643666621866064,GMM
8.531355,0.28876173,1,0.7778536128562265,GMM
6.7594357,9.618144,0,0.9986660343053307,GMM
8.188103,6.305191,0,0.6380222902060365,GMM
9.305231,6.2951207,0,0.7997324424252977,GMM
10.850468,10.247017,0,0.999725328516861,GMM
11.988154,1.6610351,1,0.9930726031392364,GMM
9.680055,7.492481,0,0.9763763189741553,GMM
9.230459,11.180605,0,0.997601158682149,GMM
11.3502655,12.740742,0,0.9998168450844127,GMM
11.874807,13.3373,0,0.9984001000655757,GMM
8.148387,9.234078,0,0.9973846234723261,GMM
11.92329,10.108691,0,0.9625177666128393,GMM
10.822352,-0.08098928,1,0.9003427398244522,GMM
9.01648,1.1744821,1,0.9912823523877144,GMM
11.919485,2.0192454,1,0.7266596878163349,GMM
10.873193,9.87803,0,0.998730336211169,GMM
10.111972,3.7690873,1,0.5704147070004786,GMM
8.182265,6.232129,1,0.979716371142535,GMM
8.845226,6.04849,0,0.8106694776032957,GMM
8.469182,3.0070589,1,0.9924563556379912,GMM
11.360667,8.458749,0,0.9746639838846402,GMM
10.552857,5.3781066,2,0.989777736382178,GMM
9.000846,0.42981175,1,0.8558057592645981,GMM
11.0247345,9.06335,0,0.9932593852255617,GMM
11.1272745,10.323358,0,0.7123400641098087,GMM
7.715228,9.162215,0,0.9971013484520058,GMM
10.109021,7.1262803,0,0.9959027865646949,GMM
7.419075,8.0117655,0,0.9908506705896458,GMM
7.3178124,9.956523,0,0.9997914461784092,GMM
8.559371,-0.06782065,1,0.9401911673622375,GMM
8.348918,10.902853,0,0.9991106761465358,GMM
8.884314,5.9318767,0,0.7961606999634878,GMM
10.078402,5.4889874,1,0.8169176643543217,GMM
9.210797,1.3589609,1,0.9917208491681976,GMM
10.657969,8.65688,0,0.9659542982182024,GMM
6.5813622,9.889217,0,0.999999332940297,GMM
7.905713,5.485639,1,0.975305710459075,GMM
10.540615,7.512829,0,0.9590177959982972,GMM
9.013812,2.881849,1,0.9777638253309038,GMM
10.520633,1.0463908,1,0.9944205166207788,GMM
7.2120457,8.156265,0,0.9767075580912599,GMM
11.99208,12.956799,0,0.9998997037588365,GMM
11.973492,7.4191585,0,0.9809865182419844,GMM
13.079257,10.041564,0,0.919176013804316,GMM
9.403072,7.685254,0,0.95590574263716,GMM
8.144514,4.3929973,1,0.9311340658035154,GMM
11.414,9.54428,0,0.9478431464290411,GMM
10.1385145,8.11625,0,0.9949667993696167,GMM
7.9709177,10.36408,0,0.7946370571527321,GMM
10.32058,2.9755623,1,0.9743550581871608,GMM
10.193504,8.81935,0,0.9989245925190935,GMM
13.197947,12.893989,0,0.996694885769861,GMM
11.417969,10.766232,0,0.9821333619702406,GMM
9.542551,1.3697054,1,0.994265570279427,GMM
7.5924673,8.702322,0,0.9816561622674268,GMM
10.125446,0.7451964,1,0.9943526731164148,GMM
10.326473,0.14463717,1,0.8857315867526396,GMM
8.755288,1.8630092,3,0.9589935799022296,GMM
9.229016,10.288189,1,0.9520300099957402,GMM
10.550406,12.344851,0,0.9997613605063959,GMM
9.487636,10.13814,0,0.9129765858430009,GMM
11.175619,2.1538095,1,0.995502961099172,GMM
10.945982,10.891365,0,0.9944647512308978,GMM
8.717884,6.590144,2,0.9994715718771563,GMM
8.25443,7.0975733,0,0.9403742531370611,GMM
12.488289,-0.103533044,1,0.76353205399214,GMM
9.704595,7.9223614,0,0.987719282328754,GMM
12.94985,12.238972,0,0.9988978298270267,GMM
12.682872,1.5139031,1,0.8731729022070777,GMM
10.971251,1.2592236,1,0.9980413231262725,GMM
12.0696745,8.67749,0,0.9486899930488278,GMM
10.334148,0.34078968,1,0.6853299061153145,GMM
11.145981,-0.18061163,1,0.9854454232791082,GMM
11.672147,7.235638,0,0.8679759586556229,GMM
11.250901,2.496918,1,0.9907605109407421,GMM
11.514607,7.5378404,0,0.922393430711384,GMM
7.279179,7.983234,0,0.9523051032129731,GMM
10.359679,6.013465,1,0.7286580835553287,GMM
8.0017395,4.950663,1,0.8090746967389416,GMM
8.782626,1.2069646,1,0.9448582484570174,GMM
10.40481,-0.83772475,1,0.9840854468572819,GMM
12.671266,12.422836,0,0.9766794930449516,GMM
9.528229,4.720548,0,0.5352060693588201,GMM
4.3544517,2.3060155,2,1.0,GMM
9.316394,10.187609,0,0.965987757136582,GMM
11.098801,12.051851,0,0.9999457687681984,GMM
11.492188,7.6134243,0,0.9213358512484504,GMM
10.565708,6.3842807,0,0.9998329771834151,GMM
8.953487,5.471295,0,0.8436879112617262,GMM
9.59729,10.959179,0,0.9995636066348319,GMM
9.564259,-0.31452537,1,0.8722444218388314,GMM
10.235439,6.3840237,0,0.9958075791272633,GMM
11.9384165,12.58616,0,0.9987105547373303,GMM
9.437721,4.041472,1,0.9574698215916063,GMM
11.254142,11.3763895,0,0.9998705708965004,GMM
7.938786,9.723675,0,0.9993275176428759,GMM
10.494211,3.418526,1,0.8790208410196892,GMM
10.341495,5.521137,0,0.614223082459924,GMM
10.49598,2.4659088,2,0.999999999998959,GMM
10.756508,0.72767276,1,0.9864818629160969,GMM
10.456077,0.8573118,1,0.9710904860437145,GMM
11.4526415,7.4546676,0,0.9733281954985111,GMM
9.683214,2.8833807,1,0.9957466211885706,GMM
11.218945,12.555371,0,0.9978376805156687,GMM
13.280967,11.424791,0,0.6113005135661549,GMM
10.16317,3.3082488,1,0.5490154490280373,GMM
7.0260105,9.545186,0,0.9947122007447207,GMM
8.805926,-0.48379484,2,0.8611099304395119,GMM
12.005091,3.0824542,1,0.6634856189652235,GMM
7.97775,9.0439825,0,0.9913561910948331,GMM
10.90739,4.806268,0,0.7516995243214377,GMM
9.00027,2.671527,1,0.9956519294790457,GMM
11.513112,-0.1996824,1,0.970436345766334,GMM
11.25631,2.7987578,1,0.9927852791060219,GMM
10.192978,6.059644,0,0.795079514433515,GMM
9.341871,9.952921,0,0.7563412526781944,GMM
10.507349,2.8857636,1,0.9922613794598172,GMM
8.9602165,8.801288,0,0.9395860300826836,GMM
10.533944,11.172242,0,0.9999151004079715,GMM
7.028845,2.8536532,2,0.9999999999996199,GMM
13.659535,13.38938,3,0.9997843165982967,GMM
10.668931,12.247326,0,0.9998954115975142,GMM
10.505831,9.648825,0,0.9982567548884427,GMM
7.8714347,10.006586,0,0.9991254766444397,GMM
9.481199,1.0243467,1,0.9837454375078838,GMM
7.5583816,8.963992,2,0.9998407206344399,GMM
11.770888,11.49869,0,0.9992397672944017,GMM
11.377341,10.453164,0,0.8965897202265004,GMM
10.2966795,12.067705,0,0.9994228658951105,GMM
9.25715,9.488472,0,0.9910049932395845,GMM
11.85831,1.4901597,1,0.7173283338280808,GMM
12.626469,11.88421,0,0.9993307641562018,GMM
12.501779,12.8883095,0,0.9964834041213457,GMM
11.290924,4.6250467,1,0.6557372416189986,GMM
7.8793583,11.221824,0,0.999871158692874,GMM
8.883585,4.010072,1,0.9861997823841911,GMM
10.198451,4.9285173,0,0.5312412094899314,GMM
9.055987,5.7130804,0,0.9243483219096947,GMM
12.746107,-0.47251612,3,0.9971095141584357,GMM
9.268708,11.608548,0,0.9993477678276197,GMM
9.152122,1.9053525,2,0.9639203850260998,GMM
8.935857,9.041805,0,0.9958692941741237,GMM
4.5346413,2.372537,2,1.0,GMM
10.897133,1.1081442,1,0.985610923969816,GMM
10.356514,9.402558,0,0.9979360803915256,GMM
10.839503,9.865715,0,0.9999650346099451,GMM
10.252838,1.8514093,1,0.9961367837469712,GMM
9.406994,4.1444316,1,0.9107762249712528,GMM
8.135324,10.956249,0,0.9997100855970497,GMM
7.4240384,3.2806966,2,0.9149766890832823,GMM
10.47384,2.9403508,1,0.8528198075437243,GMM
12.407227,1.868203,1,0.718618061430908,GMM
9.743057,7.8248982,0,0.999638871438365,GMM
11.546905,9.46709,0,0.991489880417367,GMM
11.318791,10.575203,0,0.998856449001314,GMM
7.202542,3.1222928,2,0.9999999953272027,GMM
10.084701,5.5546536,0,0.8399098525471792,GMM
11.169562,-0.44612443,1,0.5907954288692381,GMM
11.304779,0.29500523,1,0.9948692294715649,GMM
8.264521,9.249,0,0.9938773846741765,GMM
8.08497,8.880134,3,0.9999994904186044,GMM
6.606187,2.930203,2,1.0,GMM
9.418473,9.064272,0,0.9921491419451465,GMM
13.678572,13.789251,0,0.8317956856679124,GMM
10.449053,11.559179,0,0.999622796047513,GMM
8.948247,2.0460637,2,0.9999673426299788,GMM
10.244968,7.590381,0,0.9985982670343954,GMM
12.475514,1.5969402,1,0.8333410659046486,GMM
10.800156,8.536216,0,0.9363259422249279,GMM
10.558469,6.700686,0,0.9749343706473939,GMM
8.72926,2.3527555,1,0.9881872532776353,GMM
11.37603,-0.6177025,3,0.9999936564793858,GMM
10.921202,6.776439,0,0.5410015458880836,GMM
10.613111,1.895129,1,0.9667237890814195,GMM
12.263732,13.672929,0,0.9996064725901361,GMM
12.859469,13.864194,0,0.9987613399345439,GMM
9.851994,9.75377,0,0.9941796969797073,GMM
7.474724,8.214639,0,0.9962538808896186,GMM
10.464304,9.615464,0,0.9919840168810099,GMM
8.720623,1.4714725,1,0.8473588665188052,GMM
7.7128034,8.460095,0,0.9817557313127125,GMM
9.896992,6.1444087,0,0.9920337478287582,GMM
8.619104,4.555582,1,0.9881298161677909,GMM
9.39746,9.997733,0,0.9997125355830309,GMM
9.366135,5.1005554,1,0.5802365913796849,GMM
9.339004,11.832057,0,0.9997927389595265,GMM
12.702591,2.9166393,1,0.906052546820981,GMM
7.712662,8.535406,0,0.8818246836039231,GMM
10.638444,2.533833,1,0.997168783405118,GMM
10.977097,9.881379,0,0.9986380346764829,GMM
8.981906,6.860444,0,0.9989954691589894,GMM
12.655287,0.5446171,3,0.9682590777812351,GMM
10.857646,4.0324364,0,0.9133368314866004,GMM
10.913708,1.3133019,1,0.9491643432842884,GMM
10.648102,5.5308533,0,0.9680646845394377,GMM
9.546549,2.629867,3,0.9999999999999982,GMM
10.837839,8.088908,0,0.95025284221713,GMM
13.3446,12.953173,0,0.9877651509248084,GMM
10.102688,3.1835465,1,0.9479628852276071,GMM
11.532366,1.6294867,1,0.9805712048977492,GMM
10.273525,12.228354,0,0.9999672968863997,GMM
9.816465,7.4443207,0,0.9214722797150255,GMM
10.85789,4.767718,0,0.5918375050493322,GMM
8.850708,2.1098542,2,0.9315980671680651,GMM
10.292496,5.921512,2,0.5275018074873103,GMM
9.2994585,10.000884,0,0.9969996080002821,GMM
9.659481,1.2747017,1,0.9867815365636756,GMM
9.022749,10.409291,0,0.9786285559640702,GMM
8.442904,10.533528,0,0.9995626697250114,GMM
12.661979,11.422528,0,0.998910016659806,GMM
11.017443,-0.367025,3,0.8700681732529,GMM
8.880523,4.976784,0,0.6915850542462533,GMM
12.250496,0.79430157,1,0.8717109507192945,GMM
11.599015,-0.18233751,1,0.9761002350559473,GMM
12.323011,7.200749,0,0.7154038078759354,GMM
9.199496,4.3052487,1,0.8896351132788658,GMM
10.2120905,5.0981994,0,0.8525213122288441,GMM
10.426758,0.06435361,1,0.997528389621459,GMM
9.743636,0.39555404,1,0.9580927867759014,GMM
9.19426,3.4422686,1,0.9250848537476836,GMM
12.192942,6.7325196,0,0.8908207930644814,GMM
12.83035,11.807384,0,0.9647165580225625,GMM
12.09029,12.665178,0,0.9977181887646392,GMM
10.910953,6.1049824,0,0.7614533135598072,GMM
8.80023,5.644611,1,0.9754310667528245,GMM
10.954742,1.3298272,1,0.9978239589600953,GMM
10.226985,6.5268545,0,0.8020840457005728,GMM
10.034279,2.9412172,1,0.9830148794656032,GMM
8.8918295,7.451474,0,0.9883098186864683,GMM
11.585894,1.5687816,1,0.6631370289654593,GMM
11.587408,11.472132,0,0.9984992898476244,GMM
9.476349,10.521374,0,0.9906905365473948,GMM
9.918027,3.8353539,1,0.8396068684612187,GMM
10.170077,10.86675,0,0.9982782598266835,GMM
8.72227,7.518564,2,0.7030392550042751,GMM
10.884865,9.512682,0,0.9302334378393075,GMM
12.221234,12.757327,0,0.9995836023700481,GMM
10.598015,11.260786,0,0.9988946283338088,GMM
12.562016,13.453843,0,0.9995087656794657,GMM
8.471642,10.620642,0,0.9719157959981876,GMM
10.101651,6.6817994,0,0.9994920771008103,GMM
11.770317,1.1717039,1,0.9523718733623282,GMM
10.9051695,7.8859315,0,0.9947049712823808,GMM
8.259272,5.1531463,1,0.8953061175643976,GMM
10.316875,5.9241285,2,0.45386325434173624,GMM
9.832513,5.997753,0,0.800869836936576,GMM
9.770005,3.5822582,1,0.9934526762959213,GMM
9.135347,9.026596,0,0.9952660769367879,GMM
9.490664,7.645777,0,0.9990427938514314,GMM
7.9829493,8.795449,0,0.9987932624318931,GMM
8.55463,-0.7982772,2,0.9999662011569646,GMM
9.140474,9.755549,0,0.9989262526147562,GMM
8.778835,11.545813,0,0.9998629370131056,GMM
10.786235,10.561594,0,0.9908191332847255,GMM
12.928524,12.35927,0,0.9853510147211677,GMM
7.8555245,8.072924,0,0.9093056610736214,GMM
10.453763,6.5780435,0,0.9982156066411041,GMM
7.8578606,8.3887415,1,0.9596167545455986,GMM
7.810477,5.4838395,1,0.9256849730565222,GMM
9.889634,6.6599984,0,0.9977690175548033,GMM
10.447838,4.0237575,3,0.9999999615059963,GMM
8.007558,9.432142,0,0.9797902562724887,GMM
8.21904,5.3638506,1,0.9313139796500255,GMM
9.266841,7.578679,0,0.883665827256219,GMM
7.3436413,8.117742,0,0.5902935534664143,GMM
9.48204,4.552803,1,0.9489783627282926,GMM
8.391622,5.7876225,1,0.9333218817733858,GMM
7.4082856,9.838421,0,0.9953850728181898,GMM
12.489523,1.8722132,1,0.9647690565061716,GMM
13.073033,12.992254,0,0.9985182122290459,GMM
9.938063,2.134817,1,0.9840056361134902,GMM
11.65157,-0.49243185,3,0.996197982355464,GMM
9.541958,2.0437357,1,0.9973343319439772,GMM
9.520713,9.869575,0,0.9138767876488657,GMM
9.005233,-0.47806868,2,0.9999978426977059,GMM
10.39098,5.421065,0,0.5192701404313009,GMM
9.815277,11.429511,0,0.9991250401323797,GMM
7.856738,9.77827,0,0.4568410208204039,GMM
10.858246,9.707885,0,0.9914968815103706,GMM
5.9996696,2.7795951,2,1.0,GMM
10.4436865,3.2090757,1,0.948097988421442,GMM
11.124793,11.848951,0,0.9987699417742995,GMM
7.8792987,5.5686283,0,0.8067221831145078,GMM
12.158939,11.083146,0,0.9806858527715019,GMM
5.695227,2.6053305,2,1.0,GMM
10.683312,5.38827,0,0.6878875359619504,GMM
11.382826,0.5735326,1,0.9964330165814282,GMM
11.457753,10.722342,0,0.9634492413689073,GMM
10.236984,11.714767,0,0.9998557174703633,GMM
10.206479,11.634726,0,0.9999174248768649,GMM
9.249067,3.2805262,1,0.9849469120774902,GMM
8.2579975,4.4666195,1,0.9977380727051093,GMM
6.472155,2.9263506,2,0.999993487784254,GMM
13.430517,13.057587,3,0.9876725187474007,GMM
9.736386,10.775136,1,0.636534315204709,GMM
10.74547,4.6675005,0,0.5717722974171956,GMM
10.87334,4.521964,1,0.9365777430121525,GMM
9.776636,6.281399,2,0.7142439290560728,GMM
11.5699625,4.4775906,1,0.9811873233123557,GMM
10.177328,6.5925794,0,0.9928022202826952,GMM
8.505459,8.959688,0,0.992657309574759,GMM
8.914194,4.300105,1,0.6133435375519235,GMM
9.352734,7.1303024,0,0.991977015376014,GMM
10.275024,7.9627457,0,0.9982864202726995,GMM
10.060396,4.3703375,1,0.9049093338667958,GMM
9.829947,4.7025166,1,0.6280794502067067,GMM
11.646517,12.128579,0,0.9995282403928238,GMM
9.287551,1.3427463,1,0.9380296173507665,GMM
11.029638,9.535687,0,0.9487636574117868,GMM
10.066008,8.048488,0,0.9996420195580099,GMM
10.981873,9.584376,0,0.9250007499172573,GMM
12.000726,7.2486567,0,0.7905886580042837,GMM
7.767069,5.6499033,1,0.7181850036357713,GMM
10.843452,7.993291,0,0.9992765192337418,GMM
8.870307,4.2875013,1,0.5415984137101271,GMM
12.3092985,11.428451,0,0.994375833976722,GMM
12.065944,2.490674,1,0.9782625477638943,GMM
11.221283,10.56211,0,0.9996197506120791,GMM
11.539284,2.0959926,1,0.7713711356659533,GMM
10.954782,2.0432508,1,0.9892920393415002,GMM
9.191633,5.8316393,0,0.9114110020750096,GMM
10.314935,0.1225521,1,0.9973397696302779,GMM
11.829796,10.943662,0,0.996067437516344,GMM
11.03467,-0.48460606,1,0.8975153509186398,GMM
9.027509,11.719113,0,0.9999132637488921,GMM
5.374378,2.5141346,2,1.0,GMM
11.525466,8.391774,0,0.965950611758785,GMM
10.516734,10.615437,0,0.9974029027894192,GMM
12.403861,1.9272996,1,0.8640485516527423,GMM
9.911701,1.4158479,1,0.9645328076062908,GMM
9.565651,10.304803,0,0.9955068170081166,GMM
11.181175,1.152557,1,0.997338844529727,GMM
9.124276,-0.5952734,2,0.6881827822963339,GMM
8.091831,7.505956,1,0.8833537282710956,GMM
8.952775,2.9831948,1,0.9881812398765852,GMM
10.220859,7.4547763,0,0.9233395421284136,GMM
11.082324,1.0369084,1,0.9635179939271652,GMM
10.677896,10.511238,0,0.998671861825072,GMM
13.493725,12.176553,3,0.5074945901540964,GMM
4.584271,2.388805,2,1.0,GMM
10.333057,7.4946675,0,0.9891065302871066,GMM
11.770218,3.526381,1,0.7203044967221945,GMM
8.800563,7.452334,0,0.941256764855618,GMM
9.840742,7.4879684,0,0.9995013508364465,GMM
12.653379,12.231159,0,0.5065039286744246,GMM
12.411949,2.691515,1,0.9838812239025829,GMM
8.227118,8.786349,0,0.9503118821584267,GMM
11.999934,12.334526,0,0.9997003765815613,GMM
8.046469,9.483616,0,0.9797339831222516,GMM
12.000113,13.306547,0,0.9998747928216819,GMM
10.033931,8.336965,0,0.9891642336310122,GMM
10.175456,9.550352,0,0.9964575513616721,GMM
13.002683,12.497099,3,0.5927386790269044,GMM
9.996137,3.2766283,1,0.9462914931733495,GMM
9.590117,2.014477,2,0.989981303782123,GMM
8.524538,10.707069,0,0.9904890947998745,GMM
8.52121,9.764646,0,0.9890658107961922,GMM
12.260461,10.854492,0,0.9981310502543929,GMM
10.185627,5.4382234,0,0.7574607770828977,GMM
12.125751,-0.3356068,1,0.9042717092374494,GMM
11.805401,12.618328,0,0.9998490993848775,GMM
13.161825,12.660004,0,0.9968487769759086,GMM
9.7516,10.590225,0,0.856579427594677,GMM
12.213142,2.2261326,1,0.9948552420310696,GMM
11.756785,-0.68007445,3,0.9740126444669395,GMM
11.902737,0.72750515,1,0.9233961124181467,GMM
7.9538164,3.1083274,2,0.960417115328492,GMM
9.817451,5.9878664,0,0.9883947399141955,GMM
12.570854,13.034238,0,0.9992002246429295,GMM
10.041354,1.4017451,1,0.977328075017683,GMM
8.586442,2.4795096,1,0.9814815453791469,GMM
12.506439,-0.029496614,3,0.7853144707864445,GMM
10.456839,7.67101,0,0.8454157995655104,GMM
10.275625,-0.9996955,1,0.9933797924564003,GMM
11.6666565,8.913897,0,0.8906911549717633,GMM
9.471339,1.081819,1,0.9048286812819928,GMM
9.611387,0.9172676,1,0.7456472669414826,GMM
7.8044724,8.640367,0,0.8851451160664918,GMM
12.010242,11.062103,0,0.997126990178176,GMM
11.325729,0.29497764,1,0.9954884731591817,GMM
9.204344,4.773822,1,0.6636289617357343,GMM
9.539517,6.8278484,0,0.9983914394765945,GMM
11.855682,7.477481,0,0.9525395391821331,GMM
12.140719,12.152897,0,0.9994117707556269,GMM
10.990724,9.377508,0,0.8364855618354144,GMM
9.944155,9.203928,0,0.9986212743534681,GMM
8.983295,2.1494024,2,0.9221979026904789,GMM
9.899219,5.455736,0,0.9306141587974796,GMM
8.754588,4.293618,1,0.9759403807805982,GMM
11.67383,12.665792,0,0.9998893168705396,GMM
11.439879,5.1955576,0,0.5231079702807379,GMM
10.693001,5.541794,0,0.8711877506747446,GMM
12.71942,12.53952,0,0.9993087116471997,GMM
11.839628,11.548145,0,0.996971607490529,GMM
9.588504,9.255918,0,0.9992804948803571,GMM
9.025269,1.3432562,1,0.9349527450921454,GMM
10.633766,6.468748,0,0.9993931182385891,GMM
10.967186,10.721127,0,0.9938138522069172,GMM
8.014764,7.9067273,0,0.7831794111610836,GMM
12.709152,1.2353652,1,0.6706322379125511,GMM
11.119855,-0.40032613,1,0.9904793633509003,GMM
11.0906925,11.374561,0,0.9975511693137787,GMM
10.606775,2.1061337,1,0.9736189147370155,GMM
11.6805525,11.437379,0,0.9988704624673341,GMM
8.167465,8.110823,0,0.9889368777522033,GMM
10.704943,8.571882,0,0.6789952931878221,GMM
9.915357,6.4845057,0,0.8776764340857938,GMM
8.151348,10.15751,0,0.6606177094541603,GMM
9.385064,5.8782587,0,0.9171783365558522,GMM
9.7764635,9.358689,0,0.9997084388444367,GMM
11.509657,3.5404825,1,0.9843646571463875,GMM
8.818346,1.8798212,1,0.9890308570616209,GMM
9.459989,5.051949,1,0.9686646766769059,GMM
8.603681,5.4423227,0,0.5155034493734697,GMM
11.542303,12.894493,0,0.9998779365847013,GMM
8.337737,10.293792,0,0.9918383127961706,GMM
11.928895,1.2317115,1,0.9472146999319832,GMM
11.765257,1.3323584,3,0.5212479769731984,GMM
10.138198,7.7725005,0,0.9830095416200205,GMM
9.631118,7.872578,0,0.9700549163451451,GMM
9.731372,8.665023,0,0.9477649229576268,GMM
10.08504,10.520726,0,0.9974632077861424,GMM
9.249865,5.3822894,0,0.7689413582338926,GMM
9.965258,0.9165036,1,0.9973474748562339,GMM
10.070383,3.7548692,1,0.9733838997645343,GMM
12.884535,13.416036,0,0.998575959158858,GMM
8.67539,6.7272396,0,0.9224579713323929,GMM
9.783674,9.726494,0,0.998389257272146,GMM
8.475343,7.5911446,0,0.9580123509742382,GMM
12.27,9.640541,0,0.9359978538757124,GMM
9.09463,1.7320163,1,0.8982513142231325,GMM
12.639005,-0.44061473,3,0.9978627827826573,GMM
8.072618,9.327817,0,0.9876413589757155,GMM
8.518654,2.0014727,1,0.9172829597882335,GMM
11.813377,3.0490425,0,0.8663128045896419,GMM
12.2070875,3.12326,0,0.9342930407175546,GMM
11.856289,11.615174,0,0.9987918161765679,GMM
8.542435,1.1690356,3,0.9999999038186236,GMM
9.281988,4.644604,1,0.6077155694971704,GMM
11.511289,-0.5098931,2,0.866993216904592,GMM
9.60641,-0.58519626,1,0.8692875933569637,GMM
11.469148,4.3720856,0,0.5492143518740173,GMM
10.636079,2.5019948,1,0.9766051092942564,GMM
9.080588,11.44281,0,0.9996648899316187,GMM
8.513868,0.22185434,2,0.7524495180009593,GMM
10.929996,8.941907,0,0.9893327495038459,GMM
9.762283,3.4771118,1,0.9931549708697398,GMM
11.464267,10.287414,0,0.9922684720901473,GMM
10.084382,6.82842,0,0.9988736438669756,GMM
10.0915985,7.6314363,0,0.9956256710164009,GMM
10.447347,11.312327,0,0.9999484589631512,GMM
11.980389,12.0149555,0,0.999244503552812,GMM
9.730634,6.943933,0,0.945889792065506,GMM
9.248555,7.8039107,0,0.9675062536505199,GMM
10.805692,11.625782,0,0.5680966597671078,GMM
11.697753,0.615891,1,0.4116313899407291,GMM
12.920707,13.188868,0,0.994902342178338,GMM
9.682381,0.93886554,1,0.9538633558108138,GMM
8.7053175,-0.8396524,2,0.9964991217109701,GMM
8.090529,8.553311,0,0.9610541605040883,GMM
8.850778,5.3334355,1,0.9676282300966832,GMM
10.930558,1.6067802,1,0.9862034717916024,GMM
12.642178,2.1874654,3,0.6031622010144515,GMM
12.670812,7.50374,0,0.8877035444187295,GMM
7.3015513,3.006273,2,0.9999998708377168,GMM
12.135786,0.68936676,1,0.9845769033718426,GMM
7.7896023,8.693483,0,0.9628309978437087,GMM
9.301963,0.34998205,2,0.5351200857608032,GMM
10.476522,11.0807085,0,0.9969110544818262,GMM
7.9528236,9.063557,0,0.9903236762605283,GMM
10.137818,0.14371537,1,0.9901038862797538,GMM
11.564532,10.728583,1,0.7634887242819579,GMM
9.028553,3.930779,1,0.9859833693019833,GMM
10.583627,3.1339998,1,0.9899783849475726,GMM
12.749661,11.63888,0,0.9910600155865953,GMM
7.568806,7.9089704,0,0.7145515964191557,GMM
10.052739,12.080319,0,0.9999685579114097,GMM
9.467045,-0.03228197,1,0.9389866481557522,GMM
12.6076565,2.0125203,1,0.5681870558229294,GMM
9.069122,2.9212,1,0.9936633562052636,GMM
8.907143,4.884757,1,0.5943042449754807,GMM
9.660105,3.5856466,1,0.8739353496089881,GMM
10.457395,4.3968,0,0.6448235049377656,GMM
10.651535,5.6889777,0,0.9576563114388535,GMM
11.43989,6.503106,1,0.5037382637652564,GMM
9.861281,12.098932,0,0.999394587547025,GMM
10.304127,6.6605372,0,0.8349117615529552,GMM
10.912379,7.9986467,0,0.9734280262309718,GMM
8.735509,1.3883339,2,0.961192278418355,GMM
10.059838,10.249125,0,0.9985829880551617,GMM
9.839172,10.318229,1,0.6303400186652302,GMM
11.601656,3.653369,1,0.8246254290727818,GMM
8.000878,8.807783,0,0.9370124858280585,GMM
13.256872,13.558772,3,0.9879239859949791,GMM
10.010948,4.9953575,1,0.5145901651426202,GMM
8.543074,9.099955,0,0.9882102618418992,GMM
11.464582,10.328138,0,0.9845414013699985,GMM
9.107859,5.1494446,1,0.5328977579596085,GMM
10.660077,3.898135,1,0.6639941496802454,GMM
10.259491,6.43705,0,0.9881514627057815,GMM
10.744847,5.4440374,0,0.9049927614274021,GMM
8.124945,6.265826,0,0.971385588993606,GMM
9.331591,8.930174,0,0.9741932564937724,GMM
11.206545,8.716541,0,0.9673515164330734,GMM
12.080536,3.0012066,1,0.9936345290302674,GMM
10.208819,1.340228,1,0.9969014944805048,GMM
11.216589,4.5631447,0,0.5081844134857186,GMM
10.165729,0.5931699,1,0.9664321353461026,GMM
10.767235,5.168141,0,0.7047449534744008,GMM
10.762905,3.255725,1,0.7745445560287046,GMM
8.1246395,6.8749304,0,0.8932233431639856,GMM
10.647641,5.420206,0,0.8219118574213083,GMM
12.69855,1.0277162,1,0.7977259048317725,GMM
8.450037,9.712437,0,0.9494661486222102,GMM
10.793043,0.8796909,1,0.9953423874874903,GMM
11.569562,10.8930025,0,0.9996160296663761,GMM
10.242122,10.829797,0,0.9939994298749464,GMM
11.632269,4.118971,1,0.9866475326270043,GMM
11.586845,3.39444,1,0.9407681962258764,GMM
12.674923,10.954653,0,0.8481365177037659,GMM
9.087841,-0.79252344,1,0.7555392473013585,GMM
8.257394,7.069137,0,0.9338342068117577,GMM
12.151122,2.0316663,3,0.599965813360118,GMM
11.734744,11.541386,0,0.9988046068759541,GMM
9.3497095,3.3550875,1,0.9653389985415765,GMM
9.152074,4.9458847,1,0.7284230643072592,GMM
10.136342,8.293432,0,0.9892434397715268,GMM
10.674944,12.075585,0,0.9963299674665103,GMM
9.349034,11.75491,0,0.9990524596011882,GMM
6.564299,9.473184,0,0.9988185646091811,GMM
11.133434,1.6952212,1,0.987537044441207,GMM
10.767019,8.164385,0,0.7140370121704203,GMM
11.558345,8.17795,0,0.9205205672528212,GMM
9.030967,8.361946,0,0.9965952654513942,GMM
11.515487,13.147649,0,0.9998305754515465,GMM
10.84443,7.4094844,0,0.9343993603057138,GMM
7.8596396,5.285553,1,0.8164665703680898,GMM
8.628253,2.86305,1,0.9957756246560407,GMM
9.676387,10.536571,0,0.984783245098945,GMM
6.399253,2.9201767,2,1.0,GMM
8.2769785,7.063761,0,0.9922821956637374,GMM
8.977879,9.325281,0,0.998198228820164,GMM
8.789288,7.3950644,0,0.9855505993618033,GMM
11.000047,9.597119,0,0.9888280465070639,GMM
11.321035,-0.51170814,1,0.7405048776995354,GMM
9.904374,0.6504384,1,0.9896321205435129,GMM
9.649209,8.536856,0,0.9018120146216411,GMM
8.541022,11.578764,0,0.9999870537981841,GMM
10.295282,8.163537,0,0.9990101500643883,GMM
11.843032,12.538064,0,0.9999552653261117,GMM
12.476932,8.466241,0,0.9462783870206064,GMM
11.151076,3.965094,1,0.9492627611741854,GMM
9.53948,-0.19490449,1,0.9851570708342104,GMM
11.979847,1.9227604,1,0.9895172216781702,GMM
9.810391,9.943512,0,0.9973331496311371,GMM
10.484826,3.4876204,1,0.8009996987291296,GMM
8.5073185,4.040924,3,0.38091738391687463,GMM
8.853198,-0.04333918,1,0.885854042628332,GMM
12.59689,8.107755,0,0.9417485593757015,GMM
10.232904,6.564742,0,0.9959178853352897,GMM
8.857712,9.247298,0,0.9973019813960142,GMM
11.320877,3.5221736,0,0.8974691281353674,GMM
11.198759,8.512604,1,0.5493285923639631,GMM
11.15666,8.673006,0,0.9859962282362922,GMM
9.508931,2.2012088,1,0.9272354313129217,GMM
9.643,5.8646507,0,0.726845619054823,GMM
10.222609,6.47914,0,0.9104539446253699,GMM
10.09999,9.96413,0,0.9969563564083656,GMM
11.631331,12.865181,0,0.9999540544675443,GMM
10.867696,11.792658,0,0.9993046482776623,GMM
12.13711,3.0803738,1,0.9429455311331352,GMM
9.521584,7.180436,0,0.5538064882237779,GMM
8.781872,8.524169,0,0.9093641490175258,GMM
4.4518366,2.3438306,2,1.0,GMM
6.4837646,9.797977,0,0.9999884099583883,GMM
10.930276,10.270429,0,0.9988955067440998,GMM
9.916032,4.0469627,1,0.8948420708474293,GMM
9.43847,5.8716097,0,0.9533540187744926,GMM
12.623136,1.8090826,1,0.7102320370782033,GMM
9.442859,3.7503235,1,0.9838722266795942,GMM
9.621948,10.606795,0,0.9731301395693097,GMM
11.948328,11.92927,0,0.9946725568898632,GMM
11.545106,12.653807,0,0.9998819081197502,GMM
9.14107,10.107437,0,0.9961837390550649,GMM
7.77625,8.775011,1,0.9119733359939911,GMM
9.660812,-0.9102437,1,0.8652519563885015,GMM
4.78433,2.4337611,2,1.0,GMM
7.5112996,9.614356,0,0.9392519051296143,GMM
10.539847,8.151018,0,0.9982758614381259,GMM
7.806891,9.651637,2,0.827521502229903,GMM
8.506803,9.362443,3,0.6990708596630757,GMM
10.373468,10.742192,0,0.9945196932375625,GMM
9.756679,0.38386822,1,0.9921664096722649,GMM
9.834452,2.8904414,1,0.9543069484300527,GMM
9.505665,11.128328,0,0.9744495014831606,GMM
8.798133,9.46614,0,0.9986205442600808,GMM
9.692399,7.67854,0,0.9965056536633928,GMM
11.729076,3.7728503,1,0.6374045308027274,GMM
8.168584,8.624839,0,0.9955644577970453,GMM
8.9077215,10.469592,0,0.9963241427929683,GMM
10.422485,10.167242,0,0.9999150975338641,GMM
9.047214,0.6809963,1,0.47617579677323485,GMM
10.527167,2.5666652,1,0.9581671946415368,GMM
10.078226,4.02962,1,0.5310989815872749,GMM
9.139042,2.3098073,1,0.9879769010264514,GMM
12.211529,11.124896,0,0.9949687815394993,GMM
11.968449,2.572017,1,0.5523563151603074,GMM
11.056551,2.379521,1,0.990258123839871,GMM
9.069265,2.0931146,1,0.9956172333239777,GMM
9.047615,11.524183,0,0.9997319819919718,GMM
9.942296,7.250997,0,0.9990644002846514,GMM
9.991092,3.3110356,1,0.961054388943574,GMM
9.040425,5.932087,1,0.6091019974517207,GMM
9.348099,7.8751497,0,0.9949461573777485,GMM
10.752899,5.6632757,0,0.8565187799888492,GMM
10.241352,11.933413,0,0.9998515484972751,GMM
10.185206,0.44717714,1,0.9974976296397136,GMM
8.685442,9.797984,0,0.8161502576429058,GMM
8.996746,10.29308,0,0.9993062335601206,GMM
11.658423,8.278603,0,0.8929343299824678,GMM
12.221124,13.550595,0,0.9998700282486929,GMM
8.868636,9.525963,0,0.9997040962017388,GMM
8.09675,8.26285,0,0.9973011112995349,GMM
9.84459,6.947036,0,0.9682320948187425,GMM
9.252908,3.9776564,1,0.9888406010749822,GMM
13.51226,12.372805,0,0.8577746590897557,GMM
7.339213,9.4410715,0,0.979471905059845,GMM
13.1867895,13.139085,0,0.9993253239667351,GMM
12.715244,0.9470408,1,0.8654671184991837,GMM
13.009417,1.28763,1,0.9004604316742396,GMM
8.009811,11.076371,0,0.9994838215542649,GMM
9.2747755,7.0475874,0,0.9959817283864021,GMM
11.1797,1.0084124,1,0.974106198085399,GMM
10.294344,12.28616,0,0.9991674075799111,GMM
9.44712,10.248224,0,0.9992269540960149,GMM
12.408047,2.1365063,1,0.7370761841616486,GMM
9.49427,4.7754645,1,0.7456180256156328,GMM
9.83487,4.276013,1,0.7806115126735345,GMM
12.068142,13.355443,0,0.9977904775619718,GMM
10.549706,11.28162,0,0.9998265383616699,GMM
9.77326,7.52602,0,0.9986093775057157,GMM
10.403739,2.9594345,1,0.8521191224036061,GMM
6.9606457,10.21906,0,0.9983545245668325,GMM
9.926987,3.2342489,1,0.9839704649719498,GMM
12.12318,12.293807,0,0.9985025463010073,GMM
11.399735,11.437225,0,0.9999718399772022,GMM
12.422587,7.1430063,0,0.7878867918861834,GMM
5.434172,2.5256305,2,1.0,GMM
10.996856,8.201631,0,0.9483167429009041,GMM
5.4411545,2.6049013,2,1.0,GMM
10.480225,6.4219275,0,0.9990762997774773,GMM
10.085039,-0.36153963,3,0.7122556703267443,GMM
6.742676,9.528197,0,0.9925021000365426,GMM
8.583562,0.0030599334,1,0.9608529047561499,GMM
9.157089,7.1639695,0,0.7255815824044168,GMM
9.594808,6.380477,0,0.597285720559604,GMM
11.118866,12.392652,0,0.9998896584008846,GMM
11.789175,4.087406,0,0.7318903046063705,GMM
9.963473,7.0756297,0,0.9988445899989985,GMM
10.383566,5.3717284,1,0.9305547206465533,GMM
11.429509,4.4003725,0,0.540435656765695,GMM
10.354214,11.521625,0,0.9998408234838456,GMM
12.549748,-0.69982386,3,0.999827458233366,GMM
10.657313,8.765535,0,0.9996265970737852,GMM
11.128387,4.018586,1,0.8403576517729211,GMM
7.8026543,9.034128,0,0.989915061295423,GMM
12.055548,2.7097487,0,0.8292462287969132,GMM
10.439677,3.0612493,1,0.9870790084303017,GMM
9.102853,3.4123652,1,0.9740720824356718,GMM
9.38819,10.498029,1,0.958127121256513,GMM
11.250986,2.2706013,1,0.9936023560555856,GMM
11.3050585,9.996858,0,0.9994758844513939,GMM
4.6631107,2.4125438,2,1.0,GMM
11.031379,4.9158473,0,0.5412039702514843,GMM
11.513787,2.0716813,1,0.9853986960340626,GMM
9.226308,10.897799,0,0.9890266364346293,GMM
6.97986,9.70744,0,0.9994619627645888,GMM
10.126509,6.327471,0,0.9686499327221176,GMM
12.134431,1.9994185,3,0.589085213940884,GMM
11.264929,5.953356,0,0.9164575011593696,GMM
10.550327,12.062229,0,0.9998659719774181,GMM
10.012591,0.42053595,3,0.49624824360652353,GMM
10.413162,5.9579067,0,0.9970805672734134,GMM
9.716912,9.148233,0,0.989546391918483,GMM
11.305803,5.3031716,1,0.7068933783922163,GMM
9.766646,10.203187,0,0.9978355310754987,GMM
8.850766,0.510316,1,0.9323746176850222,GMM
8.5042,6.911622,0,0.9953458930311313,GMM
10.729429,-0.14510836,1,0.960047366859948,GMM
9.252428,10.38008,0,0.9976627169411271,GMM
9.470255,5.4684052,0,0.5955346396644875,GMM
10.38639,11.366492,0,0.9995910302235779,GMM
11.11345,12.601591,0,0.9998879476117195,GMM
7.575353,10.97313,0,0.9999939521154806,GMM
10.842566,9.77747,0,0.9978210519240333,GMM
10.818835,4.4426374,1,0.603328415421933,GMM
10.781262,11.276298,0,0.9980336385062049,GMM
12.527932,12.638566,0,0.9977313414314757,GMM
12.521545,9.79811,0,0.8539241832599326,GMM
12.193703,1.4540122,1,0.5649466425415797,GMM
9.800201,8.806095,0,0.9882131769165806,GMM
12.639527,9.688138,0,0.9203576942029665,GMM
11.260503,11.005574,0,0.9999286669660246,GMM
10.21334,11.402474,0,0.9992835896134359,GMM
9.843813,10.78455,0,0.9995231768223101,GMM
9.189506,-0.65677685,2,0.9999997865160296,GMM
9.383502,2.2958288,1,0.9824753746100389,GMM
10.47883,0.71593755,1,0.985980303350864,GMM
9.726914,6.5501995,0,0.8608301650003851,GMM
8.72144,2.6945088,1,0.9916666766407974,GMM
12.30685,10.04778,0,0.9867067809155443,GMM
7.396981,9.688901,0,0.9384280363018844,GMM
10.679033,8.7625,0,0.9721846107476434,GMM
8.107566,10.50895,0,0.9701668543704096,GMM
10.857171,-0.30337787,1,0.9937777478775206,GMM
9.03084,3.6162186,1,0.9868314719671816,GMM
10.448754,8.551645,0,0.99693756962153,GMM
9.009811,4.4745746,1,0.821986802948382,GMM
10.43016,1.1668605,1,0.9947513937626915,GMM
11.432893,-0.33040646,1,0.9585678921074251,GMM
10.5273285,1.2197932,1,0.9964367499794196,GMM
8.52926,10.072238,0,0.9984199001295735,GMM
10.683801,6.3282585,0,0.6534332463018777,GMM
8.5661,-0.2219488,2,0.9534861773821175,GMM
9.821278,5.0744405,1,0.9353837054930894,GMM
10.681873,5.7550735,0,0.9908512428454066,GMM
12.227994,9.964738,0,0.9919776782748067,GMM
12.08302,9.795308,0,0.9768441533523844,GMM
10.815001,4.9588914,0,0.8658229586901635,GMM
7.686331,11.058515,0,0.9999281315002811,GMM
11.20089,11.260551,0,0.9999028158280696,GMM
9.211612,7.026645,0,0.9927018963890949,GMM
8.944411,5.8814206,1,0.9226555748822571,GMM
10.557761,12.107118,0,0.9995481730155231,GMM
6.5477905,9.544907,0,0.9902110526811789,GMM
8.390322,9.5479555,0,0.9994671933821587,GMM
8.247229,7.9031672,0,0.9349752675021415,GMM
13.451223,13.207597,0,0.9808819442984784,GMM
11.159699,10.889651,0,0.9948944889041919,GMM
6.591486,9.285185,0,0.9989618592768166,GMM
11.036778,9.760124,0,0.9904148854373829,GMM
11.166347,8.351368,0,0.8566129592228221,GMM
9.358771,2.8302765,1,0.9615611806470998,GMM
11.719726,3.9725122,1,0.7907071724910818,GMM
10.645171,8.327868,0,0.9999520269163006,GMM
9.60922,9.1817875,0,0.9993421482604592,GMM
9.230883,2.4122837,1,0.9872259549842597,GMM
12.9755945,13.989395,0,0.99946243856395,GMM
10.306341,0.6855034,1,0.9945296452301968,GMM
11.074687,11.549389,0,0.9984815230593249,GMM
12.737151,-0.2643079,3,0.7788934816626206,GMM
11.613089,12.292709,0,0.99983548258088,GMM
7.2895947,9.162822,0,0.9972535083043166,GMM
9.971896,6.6626263,0,0.9326845859141287,GMM
6.1382723,2.7789605,2,1.0,GMM
8.415364,10.5916,0,0.9771296725850598,GMM
10.279565,7.2683415,0,0.9675211635918362,GMM
10.653406,7.841255,0,0.9971234174846813,GMM
9.372881,4.955712,1,0.6620962755411819,GMM
10.319498,11.032577,0,0.9990518904396298,GMM
11.257332,9.7295885,0,0.9941860051625295,GMM
12.4769945,10.775549,0,0.9887346372454132,GMM
7.791265,10.973098,3,0.994820504309186,GMM
10.658992,10.73005,0,0.9995265159629115,GMM
10.9425125,5.1280737,0,0.7795316357474821,GMM
7.4848804,10.219704,0,0.9956704164430338,GMM
12.093752,11.111865,0,0.9982528519121353,GMM
11.753489,-0.21583071,1,0.6216970995039359,GMM
10.592663,3.8090215,1,0.8761317784361992,GMM
9.557537,12.177125,0,0.9994078442909912,GMM
9.162195,4.592875,1,0.7977939316004117,GMM
13.664839,13.923521,3,0.9904762371036896,GMM
10.093256,6.9320936,0,0.997458504252382,GMM
9.456636,2.7176392,1,0.9914984675290569,GMM
11.82297,1.5726832,1,0.7834114861408604,GMM
10.549609,9.633508,0,0.9999512123676398,GMM
11.189641,8.856584,0,0.9927982551035727,GMM
12.19387,9.819735,0,0.9817799608675051,GMM
8.885739,7.601216,0,0.8521231470504302,GMM
9.307288,10.135079,0,0.999681540662854,GMM
10.682785,11.207862,0,0.9991292946343328,GMM
11.629582,5.0636387,1,0.7125629077050041,GMM
10.423704,10.392554,0,0.9125813549371553,GMM
9.41401,7.727444,0,0.8207450492400248,GMM
11.529946,9.068108,0,0.8938503495054153,GMM
10.05326,11.132177,1,0.535608394880329,GMM
9.169736,8.914311,0,0.9935854646903322,GMM
12.539242,11.012119,0,0.9996375193136109,GMM
10.579224,2.3709722,1,0.9931674893274228,GMM
8.927606,9.462677,0,0.9978848693250957,GMM
11.093611,9.258828,1,0.5673609373633319,GMM
8.968839,4.09079,1,0.9694970944243324,GMM
8.798054,-0.58009195,2,0.7248675178378041,GMM
9.7163315,7.3211665,0,0.994701176289919,GMM
8.989502,7.2423563,0,0.8259796417250574,GMM
12.541886,11.00754,0,0.9985999984739078,GMM
10.167226,11.323711,0,0.9995020158472229,GMM
12.4765835,7.643065,0,0.7755476060011015,GMM
8.502542,0.8613282,1,0.9757241897864732,GMM
10.06991,5.091798,1,0.6901836603031042,GMM
10.8374,6.2280116,0,0.9990200422455169,GMM
8.675086,5.07172,1,0.9662494736583175,GMM
10.629591,0.6599433,1,0.9872923921887331,GMM
13.004038,12.560247,0,0.9842084369428128,GMM
9.546618,9.234693,3,0.8453694415165158,GMM
10.10521,11.939527,0,0.9986752181866251,GMM
12.122196,-0.29345998,1,0.9180151543664725,GMM
11.398314,5.518419,0,0.5842075849077627,GMM
9.865175,3.4052258,1,0.9894229066066624,GMM
11.614822,3.0869074,0,0.5758441473963559,GMM
11.500341,9.97433,0,0.9963966947671196,GMM
10.271936,12.152991,0,0.9999730996510855,GMM
10.882149,0.5027288,3,0.578123357344902,GMM
10.755413,7.601033,0,0.9908623074211873,GMM
11.784147,1.5048294,1,0.9684480374323728,GMM
10.685181,5.6049695,0,0.850438613855298,GMM
9.547318,5.319034,1,0.8439145340218467,GMM
10.325624,2.006801,1,0.9936846673702083,GMM
12.095081,6.77424,0,0.8336261192794043,GMM
9.365474,11.302237,0,0.9840370695962914,GMM
11.523737,7.3780165,0,0.9789726547010298,GMM
10.474909,5.1010003,1,0.9369038795644209,GMM
7.921389,7.1424847,0,0.9720066212318216,GMM
9.210225,2.157603,2,0.6631711655927075,GMM
11.045608,9.780371,0,0.9911777702555034,GMM
9.471838,7.771395,0,0.8154680259787997,GMM
9.514476,8.804338,0,0.9991042776703081,GMM
7.7916613,6.170241,1,0.5131932573222296,GMM
13.118426,13.936173,0,0.9977894027456575,GMM
12.331505,0.08297985,1,0.9128872667469436,GMM
10.651369,1.0304512,1,0.9937917707817778,GMM
12.825672,-0.22093062,3,0.9683083225370487,GMM
9.767489,5.5893183,1,0.9256406768837749,GMM
9.692397,10.130932,0,0.9576160477441477,GMM
10.631275,-0.39706558,1,0.9974933872061413,GMM
11.793247,2.3447528,1,0.9903504408507469,GMM
11.263647,1.0678453,1,0.9900302178400868,GMM
11.459893,13.125366,0,0.9999095606198265,GMM
10.956302,6.68703,0,0.7695108287841258,GMM
11.47153,11.066235,0,0.9968459442446255,GMM
8.481391,4.9291058,0,0.850560252822492,GMM
11.551643,9.580556,0,0.9852711502985672,GMM
9.02362,-0.8410348,2,0.9754967560491038,GMM
9.004453,10.066334,0,0.9995692852654524,GMM
7.4497557,8.980736,1,0.7174889891332612,GMM
10.437251,1.5910475,1,0.997151171842189,GMM
11.414704,-0.74839413,3,0.9790629546764171,GMM
12.761958,11.410506,0,0.9874485242745973,GMM
11.217225,5.936669,0,0.786339512049415,GMM
12.289118,9.083389,0,0.9896262622085227,GMM
12.012049,3.1051078,1,0.6733036132524479,GMM
7.988915,10.278906,0,0.9991415394504185,GMM
10.208654,4.9454966,0,0.6262793836458576,GMM
9.919116,2.462489,1,0.9962703102281572,GMM
9.990212,1.2011591,1,0.9693374691280351,GMM
11.397889,12.786954,0,0.9997913656202513,GMM
8.787614,1.8769157,1,0.9236215513616449,GMM
8.658177,1.6846884,1,0.9252516080138549,GMM
9.715431,9.94554,3,0.9936390150266539,GMM
8.806859,-0.42910993,2,0.9986425335840644,GMM
9.800128,6.869042,0,0.658341928593665,GMM
12.244729,0.008718956,1,0.937590421628072,GMM
7.9271803,11.1041975,0,0.9993119383182372,GMM
11.731678,0.21883088,1,0.9746569510438314,GMM
9.553488,5.7183266,0,0.9425033223901251,GMM
13.111655,13.9009905,0,0.9951010056641625,GMM
7.511448,9.053022,0,0.9380240581735607,GMM
11.308601,9.010352,0,0.9903984084475478,GMM
12.408338,12.126449,3,0.7170606118220751,GMM
11.74141,-0.5004078,1,0.7799253889607536,GMM
7.775535,6.0458856,0,0.9840700688825254,GMM
10.930533,2.1712904,1,0.9847845541016514,GMM
8.635999,-0.659719,2,0.9960907777096735,GMM
12.205885,13.30229,3,0.5849648847572513,GMM
9.586113,10.061755,0,0.9932063799708113,GMM
8.132299,8.764813,0,0.8973125910606758,GMM
10.398206,7.3732066,0,0.9605187923017655,GMM
9.564951,11.157744,1,0.5842114625464675,GMM
12.267209,11.943891,0,0.9985659812146824,GMM
8.6641,6.5549307,0,0.8551260462698776,GMM
9.744105,0.46726415,1,0.9981001664037358,GMM
6.876791,2.9639256,2,0.9999998891622653,GMM
6.9001393,3.1267622,2,0.9999999998722977,GMM
13.476447,14.058545,0,0.9898494707086212,GMM
11.806579,2.9955707,1,0.9508226446791099,GMM
9.883964,5.373561,1,0.9272046930629482,GMM
9.830737,0.34943247,2,0.9566983584396909,GMM
9.7642975,7.2697654,0,0.9978620998607315,GMM
9.22459,11.413936,0,0.9996108348454933,GMM
10.334847,10.005184,0,0.9997671047168027,GMM
11.302553,9.079439,0,0.9711816692120023,GMM
10.467722,2.9274309,1,0.9935389214929096,GMM
8.742278,1.5216312,2,0.9999999986807637,GMM
8.630657,8.733622,0,0.9972055829137085,GMM
9.432996,12.109041,0,0.9999832196044843,GMM
10.493865,6.558185,0,0.9974651811541079,GMM
10.3656,-0.4766602,1,0.9920466196601236,GMM
10.057723,2.8854315,1,0.9628105350853613,GMM
12.2107525,3.0979006,1,0.9155392161107635,GMM
10.133464,0.4169958,1,0.9024533041866344,GMM
10.985408,1.1212838,1,0.9975830350127767,GMM
12.208338,0.7943594,1,0.9605897330834158,GMM
13.755384,13.663178,3,0.9999928056419056,GMM
10.928001,4.7678227,0,0.7480467770337769,GMM
12.455875,2.9162004,1,0.9851614464061828,GMM
9.492713,5.8544936,0,0.8445238787465449,GMM
8.90802,8.597345,0,0.9991722753574279,GMM
7.558035,8.870402,1,0.7126660225604554,GMM
7.1507096,8.185264,0,0.9858220313761857,GMM
10.212994,7.528279,0,0.9852303451522775,GMM
10.78497,5.826938,0,0.9938833965885563,GMM
11.406602,0.8438119,1,0.9301277752751016,GMM
10.5688305,3.0739906,1,0.9793640556492257,GMM
5.132739,2.5075705,2,1.0,GMM
11.271139,10.078854,0,0.9805502608138082,GMM
11.976061,-0.9084723,3,0.9999999999934417,GMM
7.039509,10.49569,0,0.9999970514247302,GMM
10.440716,5.5124235,0,0.9110424671245223,GMM
11.019757,7.12179,0,0.9580398346291978,GMM
9.486446,8.1998005,0,0.9820080742640852,GMM
10.494118,3.139076,1,0.9820938644471331,GMM
9.432054,3.911008,1,0.9562149803401881,GMM
10.009994,4.069509,1,0.8999920035233788,GMM
11.44479,12.011432,0,0.9983846692461579,GMM
10.87712,0.0717508,1,0.9947343054123796,GMM
10.914607,10.141347,0,0.9985741528337337,GMM
11.059949,10.206403,0,0.9994385242026916,GMM
11.621313,3.8862796,1,0.9402861875010806,GMM
13.028048,12.756898,0,0.9970707270776655,GMM
12.581469,11.240232,0,0.9940869255988003,GMM
11.0253315,9.121143,0,0.9988895566050761,GMM
12.751046,10.375566,0,0.9877970472237018,GMM
8.912583,-0.42037025,2,0.8844474783067584,GMM
10.853326,7.6957407,0,0.9955655335387813,GMM
9.534232,4.906533,2,0.8345893407259543,GMM
9.991922,4.3902264,0,0.646553330856753,GMM
12.064801,7.7834067,0,0.9085675124223611,GMM
10.813798,10.519277,0,0.9998165009642227,GMM
8.330134,7.285748,0,0.996158003793774,GMM
12.00904,12.640988,0,0.9997096995531425,GMM
10.344327,2.0263906,1,0.9964853258444498,GMM
10.123345,9.470932,0,0.925089839445003,GMM
10.678945,-0.7047664,3,0.6645550284420491,GMM
12.572434,7.9091206,0,0.8939921949532557,GMM
9.221748,7.914006,0,0.9992636932914735,GMM
12.796737,1.1118284,1,0.7565827920669449,GMM
8.978304,6.4516287,0,0.9769971805283818,GMM
11.809706,3.4793108,1,0.9784945762463504,GMM
10.781174,10.836988,0,0.9996834046133675,GMM
8.529894,11.118969,0,0.9713492124721813,GMM
9.372818,9.091918,0,0.9876699899407695,GMM
10.444946,11.064759,0,0.9942529614833027,GMM
8.58936,6.568106,0,0.5018233680800745,GMM
10.680405,5.0497823,0,0.8474567666665017,GMM
8.487645,10.127446,0,0.9943977152288676,GMM
11.577188,6.7757406,0,0.8642826953960175,GMM
10.584367,12.171361,0,0.9995806828241303,GMM
12.762867,7.8301826,0,0.9183548361721484,GMM
8.459794,10.757118,0,0.999456919394256,GMM
8.577133,1.9810205,2,0.9995199211991571,GMM
10.144694,6.1275444,0,0.9854574700992302,GMM
12.098859,11.177934,0,0.9954110415733914,GMM
12.947148,11.223614,0,0.9981788179563519,GMM
12.2297125,3.4048414,1,0.7977781047433575,GMM
11.665395,0.5072229,1,0.9901827315708914,GMM
9.5241995,7.5154815,0,0.9983040293693974,GMM
5.7812243,2.6622703,2,1.0,GMM
11.03471,1.926974,1,0.9735236607190572,GMM
11.140376,-0.8418662,3,0.949592284310366,GMM
11.114275,8.019888,0,0.9947102878579713,GMM
13.267811,12.820608,0,0.988859246347465,GMM
10.60884,10.912327,2,0.974768416594133,GMM
12.67117,9.185598,0,0.9092542773620411,GMM
11.908368,0.6694073,1,0.9875659757026077,GMM
10.340293,9.969653,0,0.9999110588046375,GMM
9.0177555,5.962139,0,0.982138651489116,GMM
12.474268,2.62997,3,0.6294573031488749,GMM
10.61681,0.1847199,1,0.9277179635136092,GMM
10.166771,5.127336,1,0.92889383778076,GMM
7.8858824,10.8082285,0,0.9991967368058767,GMM
5.0476727,2.5003805,2,1.0,GMM
10.112644,5.3980403,0,0.9577790653311766,GMM
10.771225,6.3198447,0,0.9752197978117392,GMM
13.36001,14.0480175,0,0.9973102657106985,GMM
12.878714,12.21105,0,0.9980939784774785,GMM
8.692502,0.46532017,1,0.9065940361784113,GMM
12.332642,2.920054,0,0.8555034588427308,GMM
7.8253803,7.8468556,0,0.7193991047094324,GMM
11.129027,9.685561,0,0.9900701451451333,GMM
12.589115,12.7247,0,0.9479431842009142,GMM
11.519314,1.3814589,1,0.9876282342640222,GMM
13.166687,11.625667,3,0.4604136362909444,GMM
11.357701,-0.55189437,3,0.8713695896497365,GMM
8.290374,5.1624613,1,0.9959497312986981,GMM
9.1009865,0.87712187,1,0.9752766617720381,GMM
10.987475,8.904861,0,0.9991208884101854,GMM
10.256355,5.391964,0,0.9216987622830511,GMM
9.076408,4.093991,1,0.9145386882099408,GMM
9.261338,11.766464,0,0.9998085253502009,GMM
9.391085,-0.5007497,1,0.9606553743083919,GMM
11.791692,2.670497,1,0.8113111463716935,GMM
11.146117,8.111662,0,0.9918514854713849,GMM
8.222939,4.5117927,1,0.5952379566290251,GMM
9.459154,0.009894187,1,0.9823154000856931,GMM
10.401409,10.801847,0,0.9997109958807112,GMM
12.013325,9.916225,0,0.9810169847665495,GMM
10.1420145,3.3085613,1,0.9342234889532032,GMM
9.295818,2.7493236,1,0.9951862680246252,GMM
11.426781,7.863907,0,0.566698536862282,GMM
10.175369,7.76905,0,0.9322248629934617,GMM
8.737094,9.83273,0,0.9996600888805309,GMM
10.154643,-0.42284018,1,0.8907597947306821,GMM
6.8705087,2.9197774,2,0.9999999998321538,GMM
11.297982,2.9817762,1,0.9640788167836107,GMM
12.518476,11.404318,2,0.7275733198212683,GMM
10.79023,7.2800407,0,0.9939026456394747,GMM
11.4573555,11.188451,0,0.9993391238480507,GMM
12.983179,12.383372,0,0.8387791070797836,GMM
10.438369,3.3660576,1,0.9880824524327152,GMM
11.248941,8.468328,0,0.9385694538192005,GMM
9.705127,10.251087,0,0.9990261297601711,GMM
10.938345,3.7656302,1,0.8152572981353436,GMM
12.158819,13.161114,0,0.9999319336688196,GMM
8.231885,4.646597,1,0.9655867041550898,GMM
10.108388,11.15032,0,0.9995091886825055,GMM
9.744921,9.2482605,0,0.9975184446158704,GMM
11.115133,9.24554,0,0.9931354671070275,GMM
11.871265,2.7336993,1,0.9788062750329581,GMM
9.013712,8.906817,2,0.9314911217276354,GMM
4.318935,2.2888656,2,1.0,GMM
8.247845,7.09471,0,0.965133467769791,GMM
11.367647,2.009013,1,0.9844637161961459,GMM
10.001412,-0.20201325,2,0.7394498910922679,GMM
9.902074,5.8758955,0,0.9680341345233592,GMM
10.760674,4.6284895,1,0.7577271643652969,GMM
11.27102,10.040091,0,0.9924081471346036,GMM
12.54918,11.711114,0,0.9954339923498076,GMM
8.606334,9.961778,0,0.8779167326899111,GMM
9.64424,0.17616892,1,0.990296061586439,GMM
8.395587,7.0348463,0,0.9966571773310512,GMM
12.083393,13.396682,0,0.9996457919682196,GMM
10.191744,8.5197115,0,0.9713446947871546,GMM
9.459593,5.3583093,0,0.95418273507064,GMM
8.580162,8.2592,0,0.997696803289898,GMM
13.545349,12.157792,0,0.9665249246391864,GMM
12.655267,-0.24521358,3,0.9723570151683427,GMM
9.641158,1.4788555,1,0.9067283598022744,GMM
8.933155,8.367726,0,0.9960895598306335,GMM
10.551387,0.6509841,1,0.9957974045813996,GMM
9.087023,4.1343584,1,0.9732772508704756,GMM
10.971303,2.731786,1,0.9584703252728423,GMM
10.274261,11.860761,0,0.9999616774616888,GMM
7.876112,10.835434,0,0.9944622454099166,GMM
8.819482,4.519562,1,0.6186082820286726,GMM
10.151079,7.2964697,0,0.9941172311901023,GMM
8.78588,9.927688,0,0.9987829717759188,GMM
11.175349,2.2308543,1,0.9889318738297838,GMM
11.286163,7.2938,0,0.9222447665904462,GMM
9.995848,10.481034,0,0.9993294569435978,GMM
10.269037,2.9861042,1,0.9360084512815746,GMM
10.683305,11.783173,0,0.9998734564664907,GMM
13.281778,10.445263,0,0.905454739596984,GMM
8.862329,0.9675506,1,0.5680908951132929,GMM
11.877459,12.815576,0,0.999769635260642,GMM
8.549425,-0.31343377,2,0.5719312497110212,GMM
10.218122,11.2241335,0,0.9994265759967008,GMM
10.273171,7.926654,0,0.9920292335323329,GMM
10.947087,0.35576183,1,0.9769184565971839,GMM
9.14311,2.424953,1,0.9946768431952691,GMM
12.708873,12.915101,0,0.9939596854356896,GMM
8.231254,6.36133,1,0.5392123071732294,GMM
9.189323,11.670832,0,0.9998528996989706,GMM
11.988132,1.4853388,1,0.9818860068257411,GMM
11.664731,0.87091666,1,0.9752301057050273,GMM
8.830079,3.183976,1,0.9772363530655563,GMM
11.336167,0.9316721,1,0.9389562430891719,GMM
10.431733,4.4605045,1,0.7344571492061521,GMM
12.130148,12.65601,0,0.992195198481257,GMM
9.059427,6.676598,1,0.5693223144972697,GMM
10.25863,10.192823,0,0.9951982896993209,GMM
10.780539,2.7101552,1,0.9892269412194034,GMM
10.122905,8.862066,0,0.9600979507095715,GMM
10.557262,11.723852,0,0.9993632780428505,GMM
11.004465,10.799936,0,0.9994758487421587,GMM
10.002805,7.8367586,0,0.90059805519792,GMM
10.47722,6.292715,0,0.981919630718959,GMM
7.1403694,8.613269,0,0.9535672325096547,GMM
9.70481,11.190317,0,0.9971157417018031,GMM
9.829594,9.785137,0,0.9874076430324987,GMM
10.397393,11.780672,0,0.9998673332721054,GMM
13.481578,14.0135145,0,0.998347171695593,GMM
10.281414,3.6046631,1,0.9740207517417431,GMM
6.9213715,9.500841,0,0.998698854227038,GMM
10.782657,4.6136036,1,0.8587128872232853,GMM
6.933253,9.555355,0,0.9994217151124595,GMM
9.678496,5.444063,1,0.6558364458222711,GMM
9.074705,9.303327,0,0.9854449096222281,GMM
8.517654,-0.8321379,2,0.9999143754669232,GMM
9.563165,9.916395,0,0.9994304215010242,GMM
9.754783,0.034250457,1,0.9232174254149337,GMM
10.170763,5.239426,0,0.9409500566060538,GMM
8.522651,2.2888613,2,0.8506726550760574,GMM
13.161064,11.600513,1,0.647915082040445,GMM
12.809691,11.063268,1,0.6592616807192027,GMM
6.844645,9.426891,0,0.99770477517754,GMM
8.404398,8.410775,0,0.9963263469785206,GMM
11.428275,4.65285,0,0.5568289131977082,GMM
11.557004,10.302386,0,0.9978267465185632,GMM
12.2978325,9.456504,0,0.9794659501983966,GMM
10.408283,2.6612213,1,0.983539387431634,GMM
9.94923,8.616712,0,0.989102835648212,GMM
10.088666,10.121139,0,0.9985919126504813,GMM
8.298463,10.97592,0,0.9968159841177328,GMM
8.2315035,10.239103,0,0.9992554894593675,GMM
10.381911,6.4735174,0,0.8840445139152723,GMM
11.008425,-0.76336116,3,0.9686837176610079,GMM
10.74367,2.9866464,1,0.9149905034084682,GMM
11.404286,11.86827,0,0.999895403640868,GMM
8.747199,8.527755,0,0.9933617579356,GMM
10.289477,7.054599,0,0.9835527636623679,GMM
8.614888,5.606094,1,0.7884255608368572,GMM
10.664362,7.5207543,0,0.9928269664724679,GMM
11.597976,11.660335,0,0.9999603644026233,GMM
8.167148,9.692749,0,0.6513237705032685,GMM
7.081344,10.473319,0,0.9999841891484852,GMM
10.242561,11.033818,0,0.9991762321489318,GMM
7.0663342,2.40879,2,0.9999999810169753,GMM
7.2287965,9.1064,0,0.9937462413486501,GMM
9.134565,-0.321546,2,0.9999945253511987,GMM
8.447284,6.6821194,0,0.907598542263662,GMM
8.335338,4.423659,1,0.8557962084421699,GMM
10.131634,3.4831374,1,0.8994201396200849,GMM
10.84685,6.8714013,1,0.5607581697667389,GMM
10.026965,0.6326355,1,0.9930623493700059,GMM
12.006742,11.469809,0,0.9995863798631496,GMM
9.727789,5.42033,1,0.7509343841453081,GMM
11.5636425,7.2513776,0,0.9145903974381162,GMM
10.4276085,0.72721225,1,0.9803456117708209,GMM
11.791804,11.673879,0,0.99942010241889,GMM
9.368062,0.812261,1,0.9958982296888536,GMM
12.408655,9.633945,1,0.959495264979279,GMM
12.036283,3.469295,1,0.8370704616508243,GMM
9.002378,9.698913,0,0.9980647514931402,GMM
11.716211,4.311192,1,0.581740052504558,GMM
10.511078,8.727084,0,0.989595586189095,GMM
9.463379,9.9502535,0,0.9825985491323921,GMM
9.972252,6.655574,0,0.9992395634661037,GMM
10.690636,10.513758,0,0.9951627019241943,GMM
13.066975,11.553837,0,0.9247776446746303,GMM
11.97303,10.88434,0,0.9985975896736228,GMM
12.020044,4.0034823,1,0.7666306272115584,GMM
13.027241,10.067202,0,0.9899706571477468,GMM
10.46631,4.269703,0,0.6586745121715551,GMM
7.534625,10.178029,0,0.9781378590685871,GMM
9.262891,3.8690066,1,0.9118600018699882,GMM
9.352544,3.918453,1,0.6733658852591163,GMM
10.727647,6.1078672,0,0.9828886616562506,GMM
10.583248,8.815509,0,0.9980949989165709,GMM
11.980467,12.355189,0,0.9997551132500349,GMM
12.116839,13.455759,0,0.9996251847699591,GMM
9.421288,9.194171,0,0.9994985943291731,GMM
10.911503,10.2800455,0,0.995281053520872,GMM
8.23929,6.490466,0,0.9884119346691252,GMM
10.50329,8.453625,0,0.9982198098368487,GMM
11.725727,11.170098,0,0.9994094623660547,GMM
9.214161,7.6656113,0,0.6473803067073596,GMM
12.361456,-0.26366702,1,0.620749633634893,GMM
10.197079,5.0177827,0,0.5652266059283043,GMM
11.112392,11.890872,0,0.9995971449602958,GMM
10.608584,6.9577484,0,0.9981411461925066,GMM
10.661222,11.59761,0,0.9995905575494056,GMM
12.12011,3.4975126,1,0.8632423699735383,GMM
10.150906,6.9188848,0,0.9961236095293345,GMM
10.691202,11.658469,0,0.9999286235969607,GMM
6.939807,2.9446719,2,0.9999894963024983,GMM
11.158534,1.205705,1,0.9935619620568108,GMM
7.42957,3.2939565,2,0.9941608408455447,GMM
12.078344,3.5043502,1,0.8069063727038579,GMM
9.13644,0.92030305,1,0.9370892197778525,GMM
12.420796,7.181732,0,0.8877144045234345,GMM
11.322761,10.395947,0,0.9994893294355246,GMM
8.94929,8.25498,0,0.9985816220556659,GMM
8.761334,2.2342186,1,0.9867018525586015,GMM
8.674624,0.1207122,1,0.6507274961841218,GMM
9.657018,1.0876312,1,0.9919822643469481,GMM
11.7435,-0.6936855,3,0.9920123139911333,GMM
9.9655075,5.653793,0,0.9706936742935495,GMM
9.226126,11.683736,0,0.9999628093071584,GMM
11.325359,-0.5171987,1,0.6669024774535889,GMM
9.061564,5.187857,1,0.5641136517920816,GMM
11.525232,6.6098175,0,0.6028893330326822,GMM
10.622699,5.432764,0,0.6112074422518284,GMM
10.473292,4.436517,0,0.6499170015981299,GMM
11.70039,8.450867,0,0.9000091853267843,GMM
9.367451,7.801972,0,0.9309102819990126,GMM
6.7396626,3.140006,2,0.9999925895834406,GMM
10.798311,5.482431,1,0.6223762627134989,GMM
9.56574,11.836159,0,0.9984899094689974,GMM
10.726775,11.760431,0,0.999818263861136,GMM
11.401207,1.0325363,1,0.9734655879983368,GMM
8.765865,-0.25638285,2,0.9999959635135787,GMM
9.817327,3.659207,1,0.9196089548363817,GMM
12.280714,2.083488,1,0.9916265981613005,GMM
9.876758,6.1770854,0,0.8027249721494498,GMM
10.97898,10.795969,0,0.9692353963965104,GMM
10.572677,2.9591293,1,0.9278042722285469,GMM
11.990828,3.9151323,1,0.5214054178797002,GMM
8.638406,1.6943433,1,0.9895682126736246,GMM
12.032581,0.3810452,1,0.960709716223119,GMM
11.073562,10.118173,0,0.9967318434817637,GMM
9.844401,3.1547945,1,0.9775262733835824,GMM
9.887585,7.338053,0,0.9928179152743589,GMM
10.641654,6.2213182,0,0.9990951130039367,GMM
7.5087876,10.753996,0,0.999878811661758,GMM
11.347776,10.647353,0,0.9991310137547869,GMM
8.531914,3.6749048,1,0.9903720278223889,GMM
9.048294,4.81271,1,0.991725560357548,GMM
10.23477,1.1983218,1,0.9987847895713963,GMM
11.974603,1.8532377,1,0.9976266477851532,GMM
9.863394,0.27636722,1,0.9909516813874117,GMM
6.115705,2.5531254,2,1.0,GMM
10.969959,7.244683,0,0.8850226123575262,GMM
9.708735,9.809206,0,0.9993259555039598,GMM
12.127361,10.735011,0,0.9959299580015925,GMM
7.706444,10.915186,0,0.9996952905092042,GMM
10.166735,2.7126808,1,0.9833121618586923,GMM
11.481272,11.162338,0,0.9996037975682759,GMM
9.37569,6.92125,0,0.9780517580284159,GMM
8.687926,1.8416516,2,0.9925650565453858,GMM
11.444832,12.638557,3,0.9953112566057172,GMM
10.707677,2.8632321,1,0.9620105683136101,GMM
10.517785,8.314275,0,0.999640820613374,GMM
9.875089,9.335548,0,0.9875918152739642,GMM
12.386469,3.1898696,1,0.9879646333351324,GMM
10.0383625,7.0957537,0,0.9978298576693162,GMM
9.699975,10.278641,0,0.9870822986028684,GMM
10.810935,6.245075,0,0.9992521166983066,GMM
9.41433,11.315654,0,0.9841938283809591,GMM
11.505498,12.907283,0,0.999799497067689,GMM
7.003297,3.2239814,2,0.9982599691781677,GMM
7.924127,9.390054,0,0.9982862834745125,GMM
13.043556,10.826645,0,0.7341671409363918,GMM
8.593859,-0.46666354,2,0.7038613951326765,GMM
13.199414,11.681946,0,0.5265437563528325,GMM
10.850448,6.9045196,0,0.9044002728134694,GMM
10.584551,7.2977004,0,0.9700186481361845,GMM
12.28055,1.894663,1,0.6923271561925031,GMM
11.794775,2.693019,1,0.9607629143253987,GMM
12.987839,13.561466,0,0.999062109364285,GMM
10.931671,2.4687927,1,0.9670323581260115,GMM
11.812303,0.54567,1,0.9623003792335577,GMM
10.80866,8.890687,0,0.9663152472161274,GMM
11.486553,2.0483987,1,0.9789600146997536,GMM
10.518281,0.23828965,1,0.9966558324502256,GMM
12.222144,10.806247,0,0.9967673273031695,GMM
9.178868,2.4775553,1,0.9944629377834786,GMM
9.110598,5.28165,0,0.8981517169174349,GMM
8.345317,5.8919296,1,0.9333288577606002,GMM
8.488516,7.042239,0,0.998984355348831,GMM
9.609967,6.500475,0,0.8946610512882374,GMM
12.04467,3.4107568,0,0.5189354309784959,GMM
11.634702,12.845382,0,0.9998896595442495,GMM
12.291941,3.3119998,1,0.8660089138327709,GMM
12.299564,12.535314,0,0.9979204472059598,GMM
9.743936,1.5579437,1,0.8636234189935901,GMM
12.856217,1.0393221,1,0.9516586645737559,GMM
12.342,9.927356,0,0.9894281726447475,GMM
7.397334,9.33504,0,0.9942712042628065,GMM
9.025974,3.786849,1,0.9884122391406869,GMM
8.066693,6.720732,0,0.9330072520535224,GMM
9.333383,2.8500261,1,0.9410453450633411,GMM
12.130175,1.9133402,1,0.989047302772008,GMM
10.036387,3.6347103,0,0.5790684135863468,GMM
7.6279197,10.572061,0,0.9998343005135674,GMM
11.694428,6.6787267,0,0.656899634977873,GMM
10.320531,9.146494,0,0.91562983971704,GMM
9.2147255,4.9643764,0,0.8425200436141592,GMM
11.264707,7.474566,0,0.9336505564177667,GMM
12.997498,10.041233,0,0.984032421590108,GMM
11.620205,6.15881,0,0.82694741439365,GMM
10.930819,1.6488047,1,0.9984269332037295,GMM
11.261816,2.7106378,1,0.9295138250308302,GMM
12.459786,9.264041,0,0.9100012666396846,GMM
8.231629,8.202698,0,0.8401916247102009,GMM
11.276032,9.090832,0,0.9902487933777198,GMM
13.096445,13.9109745,0,0.998200238545261,GMM
9.900027,6.5078955,0,0.909469577977505,GMM
12.334891,7.4450564,0,0.8392625849334623,GMM
9.714496,2.4574304,1,0.9486976452099388,GMM
9.225683,4.7010393,1,0.6644988641718197,GMM
9.597455,0.006960022,1,0.9314388511954941,GMM
10.557679,11.166998,0,0.998674597427367,GMM
9.474246,-0.10264717,1,0.9832109170436971,GMM
7.8759146,6.033851,0,0.9701166774301416,GMM
12.237118,10.067044,0,0.9895976710252601,GMM
12.163196,3.972691,0,0.8766833364115308,GMM
10.705081,6.7302833,0,0.969540385905954,GMM
10.414266,5.156554,0,0.9120276467374703,GMM
11.37199,3.4957633,1,0.6146455516492343,GMM
9.901284,0.8947359,1,0.9976764816593794,GMM
10.086041,11.104071,0,0.9999305964946377,GMM
11.523728,11.279799,0,0.9973153290261907,GMM
11.450167,4.5820513,0,0.8249739604637759,GMM
11.540177,12.038838,0,0.9999776724114234,GMM
12.6933565,1.6460927,1,0.900202284193329,GMM
13.293992,12.823498,0,0.989315545718734,GMM
9.388226,4.375602,1,0.8519480913358309,GMM
9.041602,5.207142,0,0.7095932949488586,GMM
11.386982,2.4286199,1,0.9544645532914684,GMM
10.542624,6.956898,0,0.9728160441078151,GMM
10.694587,5.9548326,0,0.9435870037396664,GMM
8.530375,11.200884,0,0.9975085187877869,GMM
9.497044,3.0975103,1,0.9802678014895062,GMM
10.624081,0.19463265,1,0.9931147479753253,GMM
10.105187,9.74936,0,0.9766940035939704,GMM
12.841651,13.252736,0,0.9962408157159062,GMM
11.325687,7.5846767,0,0.9417434726161213,GMM
12.640388,10.096266,0,0.9790349851714032,GMM
10.230501,7.6929584,0,0.9974044475270877,GMM
8.57711,4.080722,1,0.9067716613600797,GMM
10.735636,5.4135494,2,0.9999789403984188,GMM
4.3312306,2.2994375,2,1.0,GMM
9.735378,5.7199845,0,0.9474120512385137,GMM
9.864249,7.229284,0,0.9108561241614196,GMM
12.179518,1.536037,1,0.9884176750252798,GMM
8.084804,9.175284,0,0.9830326575698666,GMM
7.001562,8.955613,0,0.9940879995480134,GMM
10.0417185,7.0500875,0,0.944451729748557,GMM
9.493153,3.4429576,1,0.9910458186163118,GMM
12.733528,2.4365623,3,0.8456765205946025,GMM
10.417333,9.435758,0,0.9862093945364679,GMM
8.488151,10.187255,0,0.9383505470249878,GMM
11.846648,3.6968634,1,0.5657844879328093,GMM
13.229638,14.014693,0,0.9985445949888103,GMM
8.260717,10.311507,0,0.9991156298898869,GMM
12.308721,6.4861217,0,0.5323774942177824,GMM
8.559432,2.51506,1,0.9964617570210373,GMM
12.669469,-0.32527158,3,0.8664129714117439,GMM
10.582576,-0.026916157,1,0.989989551814873,GMM
11.125265,9.219238,0,0.9475757270093711,GMM
12.096387,2.1446629,3,0.986346589998197,GMM
10.188675,3.597501,1,0.9085703209021546,GMM
10.609141,-0.5841358,1,0.9427793955374333,GMM
9.35209,9.847983,0,0.999676573798003,GMM
11.800347,1.599315,1,0.9674853756625916,GMM
9.959694,3.8772333,1,0.8818473914402548,GMM
10.487633,8.404059,0,0.9940566956789917,GMM
8.785419,7.743994,0,0.8583177205135382,GMM
9.277034,5.73422,0,0.532367699161211,GMM
11.321197,2.375697,1,0.9778823091634407,GMM
10.849606,4.156714,1,0.7329845696952793,GMM
10.887269,5.5896554,0,0.542976546804789,GMM
10.794918,1.7568892,1,0.997054610522749,GMM
13.401502,12.87608,0,0.9573987274085196,GMM
8.047218,8.137799,0,0.9766105106974142,GMM
11.917734,9.284078,1,0.7695229433063056,GMM
11.19319,10.558133,0,0.999116952502862,GMM
9.966945,9.284039,0,0.9981127691619033,GMM
10.869068,0.19892508,1,0.9901049439945516,GMM
9.760228,10.941793,0,0.9998122858037737,GMM
6.789161,9.826293,0,0.9998927636911261,GMM
6.6758475,9.687593,0,0.9978525968286656,GMM
9.244425,1.9079684,1,0.9283681047541604,GMM
11.832084,9.312953,1,0.7732284278112865,GMM
9.832943,8.317708,0,0.9986554876989502,GMM
11.422598,9.717293,0,0.9986213376486769,GMM
10.449041,2.906537,1,0.9869830007168467,GMM
9.696313,11.119755,0,0.9984875567647449,GMM
9.377448,7.634405,0,0.9979108035305639,GMM
12.796558,0.59403545,1,0.5393490579739478,GMM
13.174367,11.132868,0,0.9919913017203033,GMM
9.666995,0.6014775,1,0.9335800859454606,GMM
12.098496,3.0851264,0,0.7478836851246715,GMM
11.072415,3.0010586,1,0.9643559590791304,GMM
11.532256,12.82804,0,0.999907468851417,GMM
8.085193,10.8356695,0,0.8914506961183358,GMM
9.521541,9.66252,0,0.9282046895396856,GMM
12.232973,0.3917198,1,0.8614776097871755,GMM
10.096682,1.7214174,1,0.9836315210111238,GMM
9.56402,8.139395,0,0.9857745887683445,GMM
11.661193,11.803498,0,0.999897721989588,GMM
11.992768,2.6774182,1,0.9970231204401534,GMM
8.033152,9.138142,0,0.8394164535891732,GMM
10.754641,8.602967,0,0.952100350963655,GMM
9.065432,4.1016426,1,0.9917891035718727,GMM
8.4703455,6.5167465,2,0.9999910051390702,GMM
10.591003,8.72393,0,0.9678189592183918,GMM
12.940071,12.723479,3,0.7328691251202526,GMM
12.478561,7.85796,0,0.6256962795710086,GMM
11.88139,3.2812505,0,0.5143787257756945,GMM
10.564502,2.9044838,1,0.910519635850024,GMM
7.805529,5.5304804,1,0.6219623760956913,GMM
10.002737,12.318578,0,0.9998480095975931,GMM
11.762017,7.462246,0,0.7568311566377126,GMM
8.207395,6.128448,1,0.961760833305588,GMM
11.306896,3.2116797,1,0.9735689474654297,GMM
11.37715,1.6617597,1,0.9974450577548594,GMM
6.7317195,10.00207,0,0.9999459160255055,GMM
7.8502717,8.864364,0,0.9963519755293045,GMM
8.6058655,8.065312,0,0.9739856114150218,GMM
12.491593,11.018975,0,0.7843759299074398,GMM
10.567176,9.268968,0,0.9961383486913715,GMM
11.375101,1.6896821,1,0.9992204149781136,GMM
11.646686,6.8549843,0,0.9395194962263339,GMM
8.312103,11.46439,0,0.9998899244483861,GMM
11.734255,12.621537,0,0.9999545447785124,GMM
8.948556,0.6862034,1,0.9821959097807201,GMM
10.731329,5.8631907,0,0.9465496149926776,GMM
11.184173,0.28526348,1,0.7401338137375116,GMM
10.313863,6.0973034,0,0.9948916017204174,GMM
10.365348,2.1210783,1,0.93352232955371,GMM
11.309447,3.2189653,1,0.5357335352849238,GMM
12.223038,10.921981,0,0.9977594445431531,GMM
10.658472,10.704338,0,0.9987836089334738,GMM
10.281835,0.6663864,1,0.8465925962325571,GMM
9.25325,2.4996872,1,0.9805906557529741,GMM
10.200762,2.6085548,1,0.9911626596510544,GMM
10.900198,1.9831287,1,0.9849980645280153,GMM
10.588063,6.5132837,0,0.9280347323852692,GMM
10.930395,12.624047,0,0.9998913279201642,GMM
8.737587,6.018924,0,0.984874772057626,GMM
10.727668,5.9236693,0,0.9946042275284435,GMM
6.779251,10.085853,0,0.9999866603841927,GMM
9.899613,7.864266,0,0.999559725001604,GMM
10.057088,5.776014,0,0.821216802522266,GMM
12.073469,12.280277,0,0.9998335635199629,GMM
10.022026,9.085279,0,0.9978917632740146,GMM
8.827662,4.414929,1,0.889285036158823,GMM
12.175016,3.0485544,0,0.6774682351593714,GMM
9.673017,11.72288,0,0.9997549034253518,GMM
11.966367,12.387989,0,0.9993544837799845,GMM
13.249614,13.837341,0,0.9848065273422512,GMM
11.447166,-0.35685867,3,0.9995355830712193,GMM
11.472397,12.174419,0,0.9999488515847014,GMM
10.242449,2.4179473,1,0.9968392867128761,GMM
9.776446,0.15684645,1,0.9821457372082764,GMM
7.6893954,9.197848,0,0.8738604266161695,GMM
9.614214,4.0923276,1,0.9280363640827638,GMM
9.3533125,9.10152,0,0.9939881995853588,GMM
10.0250225,6.5955772,0,0.9994373143442644,GMM
9.74351,9.846625,0,0.8719644838783142,GMM
9.48009,3.5546312,1,0.9926126335063654,GMM
10.8231735,9.84281,0,0.9995381240696686,GMM
9.754523,5.833656,0,0.9799961475456006,GMM
10.623186,-0.6698565,1,0.7633371149484136,GMM
8.977153,6.9431434,0,0.9524145672667428,GMM
11.372385,7.435856,1,0.7768943450592639,GMM
8.442018,7.35945,0,0.9848586331265659,GMM
8.120556,10.587749,0,0.6891889763460183,GMM
12.669535,2.1963975,0,0.963777676275414,GMM
7.3085537,8.142923,0,0.9928073435639161,GMM
12.375322,1.8246952,1,0.8101593433562728,GMM
10.389087,11.315169,0,0.9916191812981641,GMM
8.436688,7.638512,0,0.9791427535550227,GMM
8.717364,9.201316,0,0.9989384093959254,GMM
12.845447,13.189578,0,0.9950970454778526,GMM
12.77786,13.379776,0,0.9969714569458981,GMM
11.6306305,3.3273897,1,0.6328442679340723,GMM
10.815531,4.645404,1,0.9041333790009013,GMM
9.448975,0.16844165,1,0.9777808271583357,GMM
10.633699,10.181053,0,0.997905191156544,GMM
10.355134,9.869917,0,0.8890678811744629,GMM
8.8249235,0.93390083,2,0.9930880709388674,GMM
10.696825,7.3338375,0,0.9807341864083675,GMM
9.258402,1.2548031,1,0.9672103442158446,GMM
12.321896,1.3435773,1,0.917999667773065,GMM
9.815219,-0.63293576,1,0.9708227251668793,GMM
9.131206,9.628751,0,0.9984255247107465,GMM
10.14812,8.740339,0,0.998971060768845,GMM
10.59616,5.7030067,0,0.7838192785574113,GMM
8.652474,0.1727754,1,0.9609984287686445,GMM
10.776243,6.137992,3,0.9995500820562342,GMM
11.997547,2.261139,1,0.9680170595951069,GMM
10.918473,12.57099,0,0.9998870219137928,GMM
9.421171,6.269984,1,0.6947617603741776,GMM
7.667526,10.768068,0,0.9992231843646007,GMM
8.600092,2.4564362,1,0.984334048076495,GMM
11.925833,13.287424,0,0.9997969942121563,GMM
11.640444,13.014711,0,0.9986464170251284,GMM
12.016865,7.4513226,0,0.7039132499724755,GMM
10.695073,6.09448,0,0.9638356188769188,GMM
10.152112,10.254938,0,0.9991871506900726,GMM
8.481806,8.631515,0,0.989269834763555,GMM
11.366011,11.5371275,0,0.998209595259016,GMM
8.484486,0.069965616,1,0.7654939240504492,GMM
7.4474697,10.481907,0,0.9994366764255896,GMM
8.662313,3.027432,1,0.9911107535405953,GMM
7.166412,8.468328,0,0.7852511874264881,GMM
9.277259,7.42053,0,0.9927085574480548,GMM
12.279257,2.9520166,1,0.9909075913578254,GMM
10.257469,6.771633,0,0.9854911006979572,GMM
12.671309,-0.56018525,3,0.9945817963034053,GMM
9.008953,6.831724,0,0.912428325308108,GMM
9.589275,10.250196,0,0.9995422142576466,GMM
13.394248,14.018641,0,0.9340407330196967,GMM
8.23999,7.7966657,0,0.9739059081207153,GMM
10.098289,4.056581,1,0.8734189349545673,GMM
12.0216,1.1370116,1,0.9867901844043656,GMM
10.61332,12.117791,0,0.9996717918513885,GMM
11.838648,6.1628275,1,0.9825101001952012,GMM
8.89945,1.1926818,1,0.8836274061430833,GMM
8.983957,11.945876,0,0.9999724636835218,GMM
12.940152,11.4172125,0,0.9872774917108443,GMM
8.813974,10.67954,0,0.9987937733643515,GMM
11.01885,7.7153907,0,0.9925213050976106,GMM
11.405953,1.5238655,1,0.9951249867050304,GMM
7.6619577,6.4404774,1,0.9824076707787569,GMM
12.217778,2.7205853,1,0.9900476592337702,GMM
12.216744,13.217254,0,0.999892216855686,GMM
8.777035,-0.96963644,2,0.986420050129358,GMM
10.583657,7.3283362,0,0.9911040741404546,GMM
6.5648737,9.3883095,0,0.9986748295721591,GMM
11.112458,5.8315983,0,0.9663196502867388,GMM
9.637348,4.7252703,1,0.9646622165067025,GMM
10.111234,11.187526,0,0.9998985724554573,GMM
11.920949,13.626079,0,0.9999211691945429,GMM
11.266261,6.5056777,0,0.8425509386783607,GMM
10.447908,7.8246994,0,0.996964340504157,GMM
10.332173,12.16973,0,0.9999081977972643,GMM
12.951576,9.971899,0,0.9695733770117869,GMM
11.356787,4.4824896,1,0.6640713773443278,GMM
8.864046,2.7135906,1,0.9969348944311717,GMM
10.54719,11.645282,0,0.9990554423053019,GMM
11.742424,1.4602914,1,0.9464973725487299,GMM
11.426105,12.261186,0,0.9997350884148919,GMM
10.523608,12.307125,0,0.9996236657476054,GMM
9.326829,-0.62187314,1,0.9682636451437313,GMM
12.366606,9.661977,0,0.9913193315058262,GMM
9.321581,0.34971243,1,0.9716848236748714,GMM
11.23116,2.306114,1,0.9965156342632682,GMM
6.3982196,2.8925693,2,1.0,GMM
12.972925,13.589128,0,0.999390687209674,GMM
11.247693,0.46609735,1,0.9883954840039268,GMM
10.096232,7.4821997,0,0.9825485053424056,GMM
11.323154,0.6921508,1,0.9858705504233596,GMM
9.582167,9.170203,0,0.9974962438011529,GMM
10.114893,9.597641,0,0.9909999902232711,GMM
11.432409,-0.07261195,1,0.5260643008980231,GMM
9.5627575,10.2131405,0,0.9970910185286912,GMM
11.202368,10.633374,0,0.9998691025745544,GMM
11.2578125,9.112892,0,0.994294297633297,GMM
11.882351,9.036748,0,0.9733829609807867,GMM
9.178222,9.089581,0,0.998040409386853,GMM
8.8466015,8.528904,0,0.915386875899862,GMM
11.311452,6.9254885,2,0.6761314776860268,GMM
7.1018677,9.699811,0,0.981181421945645,GMM
10.236311,1.4977368,1,0.9878846732568769,GMM
10.152993,5.885701,0,0.9742610493319523,GMM
8.765313,11.057378,0,0.8036382935464718,GMM
10.878998,8.973354,0,0.9970168745374998,GMM
8.041981,7.9568214,1,0.6713162717803085,GMM
10.389002,-0.60161126,1,0.9816038276077673,GMM
11.527981,9.9304905,0,0.9977691798617175,GMM
10.886947,5.5194464,0,0.8623045897255709,GMM
8.344135,6.8720613,0,0.9893035469225319,GMM
11.083725,11.647205,0,0.9955424404679345,GMM
8.59609,8.789572,0,0.9734762368618745,GMM
11.674805,4.1417155,1,0.9526124409526001,GMM
11.4234295,-0.32051724,1,0.9023636579684385,GMM
10.641954,10.399575,0,0.998820755892116,GMM
10.419341,1.4385103,1,0.9863610504791402,GMM
10.679641,8.942341,0,0.9939575850485769,GMM
7.3235927,9.8730135,0,0.7488358548787629,GMM
10.53094,5.8125787,0,0.9874440006600975,GMM
9.116183,9.594651,3,0.9869402585878816,GMM
10.424414,8.260295,0,0.9896070812018254,GMM
12.777866,1.4131284,1,0.8610338890570288,GMM
10.148409,2.5800045,1,0.98461097502881,GMM
11.34851,11.083144,0,0.999905317843255,GMM
12.246619,11.145301,0,0.99805610563723,GMM
8.361254,8.125777,0,0.9609973958470425,GMM
13.598361,13.35756,3,0.7243923388632374,GMM
10.228042,9.251771,0,0.9998394402284354,GMM
10.12972,-0.10434309,1,0.9924093543502776,GMM
10.563175,11.31926,0,0.9998277935222962,GMM
7.6917267,10.573161,0,0.9875705042723016,GMM
9.115332,1.5652227,1,0.8552786263551251,GMM
9.992613,2.4965043,1,0.9922426457941896,GMM
10.840755,12.155985,0,0.9989566003802879,GMM
9.85034,6.443678,1,0.8257247343909868,GMM
9.88421,4.3092694,1,0.7202677504848685,GMM
11.771349,1.2412243,1,0.9810046908520973,GMM
8.884264,-0.94490457,2,0.9789574088981267,GMM
10.870142,9.247496,0,0.9940676086609137,GMM
13.573807,12.145672,0,0.5333708291736357,GMM
10.194382,9.755657,1,0.6893653704095648,GMM
11.367027,5.7097335,0,0.9068692520940742,GMM
8.935757,2.0334082,1,0.9466984629479708,GMM
11.785281,12.932983,0,0.9998762605572185,GMM
12.037847,13.330674,0,0.9996088895578774,GMM
10.663121,7.188075,0,0.9834135342894004,GMM
8.622659,6.8783445,0,0.9985793334787803,GMM
8.940757,9.165999,0,0.9827314132855051,GMM
13.18669,10.345119,0,0.8964159703395306,GMM
11.91415,-0.73864025,3,0.9826381025004368,GMM
11.445768,1.8335997,3,0.586089009349124,GMM
7.013198,9.925612,0,0.9990494741043611,GMM
10.20162,11.504321,0,0.9999164778374164,GMM
9.169841,0.4679974,2,0.9350509988952551,GMM
11.887676,12.138921,0,0.9992799487103,GMM
9.252581,6.6727443,0,0.9779327094330561,GMM
10.312413,-0.93544537,1,0.9643438714714354,GMM
9.767628,7.9846973,0,0.9950169457248396,GMM
10.1952305,5.2058797,0,0.9328449715452942,GMM
9.696737,2.8432784,1,0.9497194932475327,GMM
11.623937,9.662331,0,0.9907448183083964,GMM
11.943151,2.6801212,1,0.6893805203550454,GMM
12.974106,14.044899,0,0.9960225766593288,GMM
10.103375,3.9838777,1,0.9250326093562405,GMM
10.738834,5.7919836,0,0.9964900514692479,GMM
10.321416,5.9268384,0,0.9967434771597393,GMM
8.981131,6.3897715,0,0.7972638953723656,GMM
8.949925,6.386613,0,0.8422097361739277,GMM
11.578262,-0.32133567,1,0.835246982470053,GMM
9.57593,4.2878175,1,0.6295019713180413,GMM
8.244298,10.5822735,0,0.9825456063505816,GMM
10.363944,1.1733078,1,0.9542876707734748,GMM
10.908774,0.72348374,1,0.9869835439511015,GMM
9.274604,0.13917238,1,0.9144031487421987,GMM
7.813976,11.077337,0,0.9993534485701993,GMM
11.017655,10.159113,0,0.999308662943718,GMM
11.795941,12.630508,0,0.9994206002620887,GMM
10.027528,1.416264,1,0.9781148828727347,GMM
9.615439,8.517156,0,0.9915125767305918,GMM
11.446498,9.313631,0,0.9453868537432586,GMM
11.332525,3.5090196,1,0.974429241329179,GMM
11.870929,4.387257,1,0.5895733675730359,GMM
11.3350725,9.75713,0,0.980641933880962,GMM
8.700965,-0.7374101,2,0.9870134061853248,GMM
10.367064,2.5381458,1,0.9974021626339149,GMM
11.777367,2.7868712,1,0.9211225344284486,GMM
9.350271,9.18396,0,0.984778042179749,GMM
9.71694,4.713774,1,0.8479916150784396,GMM
9.815416,3.4199183,1,0.9857661803578522,GMM
9.02254,11.834832,0,0.9997567556314562,GMM
10.49149,0.39671203,1,0.9960727816131818,GMM
10.704189,0.7534002,1,0.9944530620364502,GMM
8.632643,3.0100636,1,0.9881377480204329,GMM
4.9238687,2.462873,2,1.0,GMM
12.1495,-0.17957702,3,0.9996770192237131,GMM
9.8485365,2.501483,1,0.9930275254309345,GMM
9.454995,2.8409305,1,0.9877639094806895,GMM
8.657003,4.7838745,1,0.9334783405313586,GMM
12.770542,9.725504,0,0.9262261781159071,GMM
12.098673,9.89212,0,0.9826101077553643,GMM
10.1167145,8.33278,0,0.8708025812918382,GMM
12.141538,3.1186316,0,0.9079795046352243,GMM
10.162589,10.260055,0,0.9973295961901569,GMM
10.19253,0.47706592,1,0.629904151170318,GMM
9.329905,3.697774,1,0.940625961913037,GMM
10.324485,9.032178,0,0.9928537510274718,GMM
12.055685,0.24140747,3,0.7321080517075962,GMM
10.129855,6.601833,0,0.9961504349872113,GMM
8.90447,4.6865144,0,0.7036577383542448,GMM
8.806035,10.987168,0,0.9734304614576825,GMM
10.65424,7.280089,0,0.8248943956450496,GMM
8.084576,10.768388,0,0.9977035257129327,GMM
10.264772,4.623707,1,0.8838710763710614,GMM
9.494065,7.2726493,0,0.9918422730917351,GMM
12.198426,1.9276732,3,0.9269678105789124,GMM
12.128324,3.1914234,1,0.9928515414974387,GMM
10.408128,11.395618,0,0.9997681166965493,GMM
10.127536,5.02039,1,0.765853177198929,GMM
9.413556,10.701577,0,0.9998475319757216,GMM
10.1272335,8.661553,0,0.9965570703016873,GMM
8.709,5.796051,1,0.716803075988666,GMM
10.7944355,9.798383,0,0.9994464558694969,GMM
7.7567987,8.89632,0,0.9830019834782615,GMM
12.507108,0.16851714,1,0.5839504372522745,GMM
8.826239,3.1825101,1,0.9978651566123419,GMM
10.674157,9.114353,0,0.7807339995191098,GMM
11.701455,13.1841755,0,0.9993352830740057,GMM
8.962842,1.4506203,1,0.9919785258581565,GMM
10.18075,5.937323,0,0.9902873767582201,GMM
9.203106,1.2693926,1,0.8656622547595526,GMM
12.984708,10.289876,0,0.9167405247499485,GMM
12.65485,0.91981435,1,0.9027675163762199,GMM
8.217374,4.388318,1,0.9679919464110358,GMM
11.339345,13.198947,0,0.9999656767659724,GMM
9.81516,4.4032507,1,0.9794194026613393,GMM
12.327406,13.767675,0,0.999875175167239,GMM
12.830176,12.478557,0,0.9593846311442863,GMM
12.746166,13.384627,0,0.9991658995492374,GMM
12.322408,2.8310797,1,0.9340698847130158,GMM
11.215395,10.80173,0,0.9997421490623482,GMM
11.443734,4.647372,1,0.6741495615716353,GMM
9.919081,4.8576117,1,0.9942815586551024,GMM
12.916662,10.499191,0,0.9676988600881936,GMM
9.601133,5.0689034,1,0.851666824527729,GMM
12.2620535,8.549966,0,0.5441583215278629,GMM
11.253372,10.447328,0,0.9977243483705673,GMM
10.892553,9.7538,0,0.9700544185549085,GMM
9.7170725,6.5985208,1,0.8281626500164053,GMM
7.834111,9.208553,0,0.9685449827936138,GMM
7.3138714,8.007646,1,0.902652987145925,GMM
9.058055,0.9556966,2,0.8873274078545315,GMM
11.132753,4.230931,1,0.7635116607951505,GMM
4.676185,2.4156485,2,1.0,GMM
10.863921,5.6825194,0,0.6921088681753913,GMM
9.210034,4.903495,0,0.638101526908912,GMM
10.419823,10.828734,0,0.9923504961600633,GMM
6.5383434,9.560456,0,0.9999388487775936,GMM
10.000957,5.9310436,0,0.4836545287952524,GMM
8.024917,10.8203945,0,0.9993669313009218,GMM
8.178004,8.222985,0,0.976354729753814,GMM
9.749769,7.58633,0,0.3905486708360271,GMM
10.5409,10.742658,0,0.9998739793288328,GMM
8.546715,0.41022396,1,0.9281828740750957,GMM
11.057541,10.123893,0,0.9971218798782251,GMM
8.883818,9.145577,0,0.9902919796760448,GMM
11.477761,2.9279275,1,0.9893488407471286,GMM
8.576575,0.50976354,1,0.9571009568001767,GMM
9.342258,0.20317791,1,0.9070323973735744,GMM
12.72712,9.841126,0,0.9496461225268812,GMM
8.830434,11.176093,0,0.999110663280793,GMM
9.018351,0.7106038,1,0.9793182977233814,GMM
12.176995,13.319231,0,0.9992022655874198,GMM
8.48257,11.13038,0,0.9889209578283936,GMM
11.214524,2.0486042,3,1.0,GMM
11.758729,1.358649,1,0.9808068265821739,GMM
11.695377,2.9618602,1,0.9679310217642189,GMM
4.661287,2.4151318,2,1.0,GMM
12.76797,11.525146,0,0.8320818370036335,GMM
10.386013,2.1733997,1,0.8474729861089032,GMM
9.584477,-0.6309922,1,0.9938935118723691,GMM
9.656427,10.455427,0,0.9995936299423874,GMM
11.34402,11.265419,0,0.9991241467694112,GMM
10.780664,5.5236273,0,0.7576510444324321,GMM
10.850381,6.6453757,0,0.815261980186737,GMM
10.916783,4.5193963,0,0.6162390356585897,GMM
11.436811,13.085978,0,0.9998451765422001,GMM
9.027863,0.98571426,1,0.8079718010529875,GMM
11.53078,-0.7471092,3,0.6856674220272899,GMM
12.241499,-0.3341075,1,0.8630125273885684,GMM
8.58025,4.0947824,1,0.9863131429663811,GMM
9.081332,2.9330485,1,0.9559934125133637,GMM
10.95812,12.58069,0,0.9990221415516851,GMM
11.966515,1.8685974,1,0.9947543927464448,GMM
11.150297,7.541436,0,0.9732069883265899,GMM
8.355624,10.469,0,0.996088783636198,GMM
10.406144,2.7190368,1,0.9449028709344347,GMM
7.7181153,5.97036,0,0.8331278967918223,GMM
12.361188,12.564773,0,0.9851415798962089,GMM
8.194898,10.7944765,1,0.7713362547371319,GMM
10.209044,-0.88982767,1,0.9979603517739805,GMM
11.973294,12.262918,0,0.996750770333619,GMM
9.133898,9.652478,0,0.9994713336372835,GMM
6.9048605,9.438448,0,0.9959067299812713,GMM
11.392917,7.1579976,0,0.8233331769976607,GMM
10.611042,4.0977316,1,0.5157555365735775,GMM
10.573618,5.4070935,0,0.7452629793706353,GMM
9.358419,11.245282,0,0.9972388591187836,GMM
10.0310335,1.6257429,1,0.9491242077340056,GMM
9.2445345,9.2787075,0,0.9964744550234734,GMM
8.956972,2.513801,1,0.9821566317580673,GMM
11.63351,0.12662052,3,0.5661775526020644,GMM
12.3393545,10.941742,0,0.9988889120575741,GMM
8.944874,7.216868,0,0.9455381859851307,GMM
7.8892403,6.02136,0,0.9981018342152026,GMM
10.330031,11.466467,0,0.9997082099841674,GMM
8.360375,5.929897,0,0.8350417751100154,GMM
12.767875,0.29479942,3,0.5969153784807508,GMM
9.69401,5.9597125,0,0.9903264934545761,GMM
8.9489355,-0.43548614,2,0.6459340784846813,GMM
9.984013,7.126728,0,0.9962416071487956,GMM
8.047653,8.169628,0,0.9839424400358632,GMM
10.411557,6.217232,0,0.9990494637915495,GMM
12.405726,12.732724,0,0.9990325842930015,GMM
7.686639,10.601547,0,0.9985185917280609,GMM
10.639356,9.430748,0,0.983241522743827,GMM
9.754113,6.0480804,0,0.9920815877325277,GMM
10.377022,11.211619,0,0.9815152574026726,GMM
12.759823,12.579861,0,0.8706183680559476,GMM
9.163286,9.465331,0,0.9784341628867737,GMM
13.256539,12.242812,0,0.5811955990278964,GMM
9.308557,8.200976,0,0.88656608432841,GMM
9.925375,10.855438,0,0.9988825105126442,GMM
10.165218,3.4435291,1,0.9854466733009378,GMM
8.867577,9.488533,0,0.9982023584122716,GMM
11.370523,2.1266189,1,0.9809125474098065,GMM
11.795068,2.5190742,0,0.5438483365299106,GMM
12.801916,9.873336,0,0.594810102703511,GMM
10.842649,1.1901188,1,0.9908591965679678,GMM
10.627388,12.825875,0,0.9999210871284806,GMM
8.874807,9.284889,0,0.9326723871721586,GMM
10.0877,0.70819974,1,0.9949707558344426,GMM
7.022678,9.911707,0,0.9995001763370043,GMM
12.16365,12.723632,0,0.9994480045514537,GMM
10.678506,9.065319,0,0.9943439700449457,GMM
10.446718,7.19383,0,0.9534518954738158,GMM
11.569491,0.87877595,1,0.9926517281612475,GMM
12.57034,12.045594,0,0.9965589445755473,GMM
12.7809105,0.6203548,1,0.7376472451909631,GMM
9.377345,1.9674922,1,0.9088764058470231,GMM
13.481095,11.948146,3,0.6513852612165383,GMM
9.610397,3.9219127,1,0.9825722878056403,GMM
8.49842,7.6383333,0,0.9642772202137779,GMM
8.665322,9.092714,0,0.9991438297091791,GMM
10.978991,8.414577,0,0.9973240299095416,GMM
10.148862,9.072301,0,0.9929944977755073,GMM
10.793707,2.1939166,1,0.9368695132046732,GMM
11.491276,13.040469,0,0.9997530970577241,GMM
10.730259,2.8475003,1,0.9931182899407065,GMM
9.587772,1.7292948,1,0.8191237388179411,GMM
8.74152,1.8242931,1,0.9440047358076153,GMM
10.494348,2.5592704,1,0.9819877713985432,GMM
12.423085,-0.30630916,3,0.9996403638964113,GMM
9.581127,1.2072974,1,0.9838127780842814,GMM
10.805681,11.719389,0,0.9999445902399567,GMM
12.355208,12.775389,0,0.9992117427831954,GMM
11.700665,-0.055613667,1,0.9628933318901132,GMM
12.56868,0.17824419,1,0.7977323437195694,GMM
11.594592,9.695846,0,0.9987441126380682,GMM
10.902895,2.2068589,1,0.98483435060575,GMM
8.599476,3.6430469,1,0.9970311602863123,GMM
10.807267,4.3890815,0,0.7205440761190016,GMM
11.62878,4.033725,1,0.8014183734210236,GMM
8.893646,6.7488947,0,0.795601884543103,GMM
12.065496,6.954421,0,0.9213295349297589,GMM
11.257329,1.6397465,1,0.9966278952285504,GMM
4.7598968,2.4270122,2,1.0,GMM
10.955245,2.4831972,1,0.8850011301253609,GMM
9.464519,6.5851817,0,0.9733471538725091,GMM
8.981541,7.560002,0,0.9043412115098716,GMM
10.7745075,-0.4121845,1,0.7807294205723674,GMM
10.268167,3.658796,1,0.9274870337817293,GMM
10.408123,7.701351,0,0.9805178025594852,GMM
12.233817,2.11182,1,0.8879908229768274,GMM
9.706569,7.4475274,0,0.9982950862031271,GMM
13.02242,0.6679631,3,0.9968712693816335,GMM
11.949037,4.246067,1,0.5497852438143391,GMM
9.913283,10.513555,0,0.9996944334484918,GMM
9.641561,6.9676323,0,0.9924248821317243,GMM
10.130175,8.023797,0,0.9828516529004727,GMM
12.120896,9.774395,0,0.7466659395697222,GMM
11.570276,7.7869363,0,0.8970072289651183,GMM
7.5846477,6.392667,0,0.9813843880123272,GMM
9.245577,3.0737002,1,0.9688582803522063,GMM
12.006065,3.1067934,0,0.8521705503149124,GMM
11.627281,3.463215,1,0.9878018936306583,GMM
8.844512,-0.70872647,2,0.8927880181220589,GMM
6.6549234,9.63674,0,0.9996457985946784,GMM
12.682842,9.770269,1,0.9298676140580842,GMM
9.497085,7.395375,0,0.9856929331743121,GMM
10.072901,7.0847225,0,0.9757848049558606,GMM
11.986943,9.363185,0,0.9719992433141291,GMM
13.3697605,12.035139,0,0.4922374608482807,GMM
9.566843,-0.928083,1,0.7623214271554831,GMM
10.059997,-0.37442556,1,0.9838879199464731,GMM
11.325347,2.4484296,1,0.8826490336496068,GMM
9.568762,7.279532,0,0.9957657171261056,GMM
12.976835,11.968734,0,0.9956910799733274,GMM
8.02467,9.48474,0,0.9896614171732475,GMM
9.1500025,4.512487,1,0.9521520932422886,GMM
10.719742,5.5022507,0,0.6749712377830696,GMM
9.628328,5.9019976,0,0.9538863922089792,GMM
10.417404,3.4687834,1,0.9881108582806285,GMM
11.29789,5.4875917,0,0.5323699406189295,GMM
12.022119,2.4019096,1,0.9916879058642355,GMM
9.029868,0.8736585,1,0.8444016212151065,GMM
11.093216,2.6430209,1,0.9913753859083021,GMM
10.424686,-0.36119568,1,0.9368792331522382,GMM
10.774149,6.4617333,3,0.5506905234496183,GMM
10.080492,7.6952167,0,0.9082404149218573,GMM
12.06013,0.74587375,1,0.9301537406496152,GMM
12.4352045,12.155317,0,0.9987514151958096,GMM
7.554842,7.5107055,1,0.889202728127491,GMM
9.65983,3.6845517,1,0.8943103280731668,GMM
10.391577,10.233136,0,0.9998105002241031,GMM
12.501492,11.7033205,0,0.9990856383877473,GMM
10.282278,6.4781237,0,0.992474200897057,GMM
13.140335,11.983248,0,0.9983344806992052,GMM
8.741576,9.314334,0,0.5676765853957498,GMM
9.513606,10.242259,0,0.9250380239667921,GMM
10.588132,0.055973064,2,0.7768862385238219,GMM
11.4287405,4.375068,0,0.511891470857019,GMM
11.333618,-0.1624239,3,0.7925917571143971,GMM
10.702234,10.430149,0,0.9998957465594457,GMM
8.2915,7.0067325,0,0.6909442059173697,GMM
11.521236,5.2905326,0,0.7494481914771273,GMM
10.41138,2.4730704,1,0.9942623261656207,GMM
9.773583,7.824848,0,0.9996246380215753,GMM
8.760656,2.4694803,1,0.9955146242175104,GMM
9.906699,8.240569,0,0.9319413663176506,GMM
12.55271,1.7869744,1,0.9863443899011113,GMM
11.149725,12.6998415,0,0.999929193994391,GMM
10.131187,7.4899035,0,0.9634462719105031,GMM
12.732093,11.738635,0,0.6430855115282623,GMM
12.339753,13.5076885,0,0.999671770445297,GMM
9.00957,9.391346,0,0.9067720971901368,GMM
11.55964,10.507243,1,0.7868684972543731,GMM
11.1032095,2.1841693,1,0.993569911886908,GMM
9.270478,4.5226912,1,0.7678534724734728,GMM
10.185336,6.5302153,0,0.9995066471218869,GMM
10.135561,2.9650517,1,0.9816561018981409,GMM
9.903761,8.090375,0,0.9971423320502718,GMM
12.374622,13.840939,0,0.999921591528175,GMM
10.562599,9.865707,0,0.9996495025609867,GMM
9.238781,7.067057,0,0.5092899856912729,GMM
7.4668164,8.68553,0,0.9878170099294249,GMM
10.100755,-0.5598693,1,0.9342143520473014,GMM
7.947314,4.9843965,1,0.9933336546754918,GMM
9.907687,5.045057,1,0.7750292126261388,GMM
11.222477,3.336436,1,0.6256109658360116,GMM
10.469042,4.9963665,0,0.62191361218539,GMM
12.366759,11.396498,0,0.9988900646806572,GMM
11.100134,11.837097,0,0.9990218499459584,GMM
11.070858,8.761851,0,0.9960814324578895,GMM
9.458478,8.613932,0,0.9939216589535581,GMM
12.345383,10.191105,0,0.973259847509386,GMM
10.963142,4.5417104,0,0.5720461449569936,GMM
10.934142,12.289851,0,0.9996668376193528,GMM
9.070003,-0.44825608,2,0.9488391000906613,GMM
10.750478,6.9681697,0,0.951225976296126,GMM
10.724496,9.149792,0,0.9983160974335569,GMM
10.455149,7.5317335,0,0.9718814201921478,GMM
11.969079,2.0091765,1,0.9931261580520176,GMM
9.814799,-0.31583354,2,0.38155671654523854,GMM
12.043607,11.514761,0,0.9949216434729857,GMM
8.485352,-0.22599646,1,0.681490342036605,GMM
10.587182,9.1250925,0,0.9955002944114728,GMM
10.132834,11.640515,0,0.9993154762916789,GMM
9.217579,3.549761,1,0.9408602265449042,GMM
9.991354,3.5856478,1,0.985486771766774,GMM
10.084463,11.58137,0,0.9994229904375913,GMM
9.755385,10.467739,0,0.9991955352471341,GMM
9.234933,7.1657577,0,0.9939728623478752,GMM
11.571112,5.8115172,0,0.775694951268282,GMM
6.9584107,9.962335,0,0.9998919807574834,GMM
13.402014,13.252264,0,0.9097200435834968,GMM
11.559908,12.326484,0,0.9995962649540515,GMM
12.761264,11.069005,0,0.9949358799216558,GMM
12.315095,10.784078,3,0.5486405502723791,GMM
5.3143315,2.5684474,2,1.0,GMM
9.83949,3.6464574,1,0.9895245325087612,GMM
10.471848,-0.2175865,3,0.4808418162811489,GMM
10.929213,10.587931,0,0.9984900487011326,GMM
9.9215555,2.5419252,2,0.8621793446671066,GMM
8.766443,5.852762,0,0.9076811378559052,GMM
12.129154,1.0197808,1,0.9710300662469332,GMM
9.965951,3.411138,1,0.9764326774814843,GMM
7.7932715,9.585315,0,0.9363443275807983,GMM
11.586502,10.002358,0,0.9963080927624219,GMM
11.260771,12.025868,0,0.999876272684759,GMM
10.892849,4.0393333,1,0.7275992416667539,GMM
8.613011,-0.94025314,2,0.9996522550122495,GMM
9.575906,8.7399435,0,0.9702227244471744,GMM
9.197454,9.292169,1,0.8584389517629001,GMM
10.331754,5.8069787,0,0.8988575571239905,GMM
10.2787075,5.945502,0,0.9927931315400697,GMM
10.573923,2.4115717,1,0.9883381710296658,GMM
11.534136,12.89259,0,0.9998110154640563,GMM
10.861735,10.105908,0,0.9991827090351544,GMM
9.615661,10.568181,0,0.9977062957661681,GMM
11.372533,1.7727665,1,0.9983945713855801,GMM
8.565289,4.9755445,0,0.5138427057658749,GMM
9.941694,7.5041485,0,0.9989550568606802,GMM
9.283152,3.899795,1,0.973286556498818,GMM
9.814353,1.0784036,3,0.8042111257657675,GMM
8.512479,5.3099585,0,0.6866124737226267,GMM
10.479618,-0.4590405,1,0.9766908036041568,GMM
4.4914036,2.3621638,2,1.0,GMM
10.370897,10.271935,0,0.999794445539189,GMM
10.903274,3.4326313,1,0.9545343582135468,GMM
10.330424,0.6786614,1,0.97841047809716,GMM
11.49823,3.8292618,0,0.816713581169192,GMM
9.884834,5.766247,0,0.9396428503259029,GMM
11.041236,2.092608,3,0.8507363043455081,GMM
9.1028595,2.022836,1,0.8807358640222298,GMM
10.9771185,6.262354,0,0.7430043252913962,GMM
10.599172,9.248705,0,0.9975554756977222,GMM
11.83425,9.936142,0,0.9747226768150525,GMM
12.902686,12.270981,0,0.9947777256061865,GMM
8.721451,1.7252449,1,0.9920913263772272,GMM
9.513377,5.8952527,1,0.3573548382402187,GMM
7.7041087,5.605181,1,0.6199935936935171,GMM
8.526721,0.24137345,1,0.6823572754367182,GMM
8.5214,6.393546,0,0.762170432292995,GMM
12.901704,11.165042,0,0.6418068707496427,GMM
10.588913,5.5381484,2,0.9590038232390569,GMM
11.27749,11.157723,0,0.9999313035870445,GMM
10.243735,2.8559573,1,0.9665307380113934,GMM
9.715065,11.444726,0,0.9997175677676885,GMM
10.144655,8.980044,0,0.9951535580285249,GMM
10.016959,11.77141,0,0.9997501988322253,GMM
11.553807,1.4395348,1,0.998731662989438,GMM
10.111143,2.7430456,1,0.9823190629491795,GMM
8.730293,6.7579055,0,0.9927564140696109,GMM
10.414778,10.226098,0,0.9960870019795162,GMM
12.175991,1.1310074,1,0.9732630660062304,GMM
10.718573,9.75094,0,0.9997917963211068,GMM
9.794953,4.596041,0,0.6085596374265538,GMM
9.284159,7.5089474,0,0.9536157948500058,GMM
10.393898,6.2526927,0,0.9997332667052349,GMM
8.389482,3.9210339,1,0.9856327937583875,GMM
9.60645,11.652027,0,0.9990853472691034,GMM
8.190454,7.223629,0,0.9971352862460562,GMM
11.968619,8.904341,0,0.9798335262758906,GMM
12.356408,13.41569,0,0.9994572269659282,GMM
12.547572,1.4086574,1,0.9463598471265018,GMM
9.753672,9.236432,0,0.997984557478111,GMM
11.754927,-0.044713814,1,0.9885878961846539,GMM
12.461527,-0.013362545,3,0.9984920225923853,GMM
7.4172435,7.9644556,0,0.9297853051854391,GMM
10.927254,10.326519,0,0.9975955222157499,GMM
9.982205,6.9821677,0,0.5850870058866627,GMM
8.372986,8.746536,0,0.9023958732954834,GMM
11.403953,3.3515658,1,0.9827945505125963,GMM
13.018862,13.458048,0,0.9878847677126256,GMM
9.723971,5.600141,0,0.7662466573508806,GMM
11.2421055,2.1113617,1,0.9881523099308825,GMM
12.123543,10.090751,0,0.9965994904550438,GMM
8.691229,10.036016,0,0.9973189988288452,GMM
10.173109,5.334057,2,0.9828530824972946,GMM
10.993881,3.4863164,1,0.5697088176816423,GMM
12.70018,2.0415971,1,0.9609871343254132,GMM
7.9177365,8.008712,0,0.89433953715292,GMM
11.183873,7.7615247,1,0.4989500227305896,GMM
12.136005,2.9874132,0,0.7000629527045299,GMM
11.548661,10.933593,0,0.9980231598638153,GMM
8.774627,8.470236,0,0.9951678463068322,GMM
11.464396,7.1109133,0,0.946918995237991,GMM
12.540077,1.1156875,1,0.8535872805417344,GMM
8.528026,2.4690733,1,0.9724395693844079,GMM
8.583319,3.0158138,1,0.9972483786281872,GMM
11.427484,1.4190952,1,0.9940130016423551,GMM
12.296457,9.493121,0,0.8463576104700684,GMM
10.841266,2.1204023,1,0.9974972842289402,GMM
10.599356,2.406478,1,0.9971734654467527,GMM
12.347707,13.81477,0,0.999659972102664,GMM
9.56137,9.176337,0,0.9981724544333688,GMM
10.993873,2.7978745,1,0.9751163796857985,GMM
8.316247,8.229621,0,0.9871512450486758,GMM
8.734683,2.9626513,1,0.9971001618078499,GMM
12.009156,12.923962,0,0.9970095150547659,GMM
7.2831516,9.314905,0,0.9942108025209485,GMM
11.312183,11.737795,0,0.9994832912999364,GMM
13.327498,14.068276,0,0.9986317133438484,GMM
12.3912325,7.844341,0,0.9444833576303261,GMM
11.553906,1.826171,1,0.9927800458927469,GMM
13.50401,11.929177,0,0.479218717439237,GMM
11.905045,8.106375,0,0.934197440405514,GMM
8.906624,9.478038,2,0.8772466136963065,GMM
9.112572,7.483098,0,0.8928960840807857,GMM
10.869555,11.902083,0,0.999800367382375,GMM
10.331198,1.0658084,1,0.9962295796466966,GMM
10.59359,8.177874,0,0.9887205951430384,GMM
10.800058,8.095213,1,0.5782629230393205,GMM
7.5804796,6.334157,0,0.9588623233524901,GMM
10.879374,2.7253437,1,0.9452511326259458,GMM
11.91482,2.7137938,1,0.980008265563534,GMM
12.035912,-0.81002325,3,0.9993592877789712,GMM
10.202517,-0.661935,3,0.60940672434143,GMM
10.011639,6.8661284,0,0.9950575469139995,GMM
10.9753895,7.311766,0,0.9421972469480926,GMM
8.905736,8.113766,0,0.9986888184271153,GMM
12.304643,3.1064997,1,0.7945149749513202,GMM
10.455956,8.417541,0,0.9987441934133303,GMM
11.430245,9.0524845,0,0.9951421446848495,GMM
12.523,1.1702625,3,1.0,GMM
9.961074,6.1803193,0,0.630702889750012,GMM
10.647859,4.2971444,1,0.6783148342116941,GMM
12.888037,12.788747,3,0.8722323790888312,GMM
5.819641,2.6020403,2,1.0,GMM
10.434441,7.711016,0,0.8716416649263901,GMM
10.754007,2.6685953,1,0.9953924756989103,GMM
10.280848,2.802021,2,0.4733882221248944,GMM
9.728508,9.981431,0,0.9398024282110841,GMM
8.957493,3.8419917,1,0.9799849480485735,GMM
9.621389,8.859265,0,0.9930499795930574,GMM
7.705683,10.517164,0,0.9924227925160889,GMM
12.192955,11.130559,0,0.9774700655523147,GMM
11.806575,2.5162516,1,0.9853357194377677,GMM
11.19739,1.8612591,1,0.984328865775299,GMM
11.447385,9.712872,0,0.984579725391333,GMM
7.9129515,10.2187605,0,0.9538537464916962,GMM
10.723595,6.318203,0,0.9992365595867178,GMM
11.4409,9.405286,0,0.9967909314708472,GMM
10.311962,11.177883,0,0.9929768844481602,GMM
10.206181,2.693956,2,0.3552563758566392,GMM
7.1111007,9.327922,0,0.9862664318844895,GMM
10.962359,0.8665943,1,0.9586297465737998,GMM
10.804418,12.243351,0,0.9997511183519995,GMM
7.6497927,9.992059,0,0.9549478442319849,GMM
9.750815,7.64542,0,0.9951686180624459,GMM
12.085235,6.4955053,1,0.6584310078325968,GMM
10.968912,2.1368752,1,0.9934850363078984,GMM
11.542545,9.233966,0,0.9549109943364243,GMM
8.657772,2.3960903,1,0.9899665373709872,GMM
11.272696,-0.03441413,1,0.9934903412211923,GMM
12.72832,13.140125,0,0.9989835729068195,GMM
12.574113,-0.44097024,3,0.9951267159396732,GMM
8.38792,6.862434,0,0.9952082184207296,GMM
12.44159,1.1840869,1,0.9533943022893424,GMM
6.5965548,9.927798,0,0.9999946754132661,GMM
12.874678,11.7455015,0,0.996516320476388,GMM
7.374778,2.5986812,2,0.99999999672972,GMM
11.028042,1.3638082,1,0.9979239135484145,GMM
9.184485,4.1221523,1,0.9179100133495494,GMM
8.248188,8.812784,0,0.9980901344961661,GMM
8.85772,-0.47960308,1,0.9001109621239752,GMM
10.527262,12.022528,0,0.9999496526597766,GMM
13.525555,12.087803,0,0.9128524252918535,GMM
11.176753,12.796532,0,0.9998591507810252,GMM
12.217764,12.276811,0,0.997871498144089,GMM
10.614648,6.3557243,0,0.9999679631265804,GMM
9.1103,-0.033639386,1,0.6420982994703371,GMM
11.2288885,7.974474,0,0.9687405240218953,GMM
11.028362,1.2107278,1,0.9897553147128214,GMM
12.011701,13.701243,0,0.9998359458055617,GMM
11.34735,1.578206,1,0.9962338171787875,GMM
10.026545,7.015634,0,0.990758054596519,GMM
10.767755,6.119723,2,0.9999792663162732,GMM
12.10816,-0.66071194,3,0.9087055547146311,GMM
10.324228,9.37469,0,0.998466318093822,GMM
10.564768,11.45621,0,0.9996596342864481,GMM
9.691675,2.583399,1,0.9856552253193502,GMM
11.807912,7.305471,0,0.9682588608416101,GMM
11.590275,13.037981,0,0.9998724962244794,GMM
12.233464,10.228831,1,0.9589005461544917,GMM
10.391386,1.0867888,1,0.9961094920680811,GMM
9.921964,-0.8963514,1,0.9909946898224482,GMM
9.124312,10.847028,0,0.9966371841476221,GMM
8.197935,8.253014,0,0.9928124118277453,GMM
7.6814632,10.357843,0,0.9428694352292488,GMM
10.72949,-0.59149295,1,0.8664792346562386,GMM
10.19303,7.231448,0,0.9943926964521781,GMM
10.131288,5.9147058,0,0.9978459009365223,GMM
9.276119,-0.74589366,1,0.8166224768375205,GMM
8.442204,8.501837,0,0.9973480454778223,GMM
11.584782,-0.2126035,1,0.9011368375968118,GMM
11.794239,3.7870157,1,0.7824351685582474,GMM
10.479125,8.286797,0,0.9875646409130707,GMM
10.158004,11.25644,0,0.9998242765554239,GMM
9.637071,8.05362,0,0.9880680386449393,GMM
9.786229,1.5770206,1,0.9904993361366764,GMM
9.4492,2.9701471,1,0.9874954121635826,GMM
9.069044,11.792325,0,0.999963939107687,GMM
9.925445,-0.9783914,1,0.5480955947850856,GMM
5.9759016,2.6879842,2,1.0,GMM
9.652538,-0.3892452,2,0.7036372900445488,GMM
8.69799,9.800362,0,0.942242710389085,GMM
8.9988785,5.643254,1,0.817348399262625,GMM
8.747343,-0.590528,1,0.9313244977867956,GMM
8.526858,6.492107,0,0.9431863861018873,GMM
9.947521,5.790674,0,0.959243548868814,GMM
6.6763844,3.2307363,2,0.9999832308851452,GMM
11.237281,12.763784,0,0.9998401725730934,GMM
10.663208,3.278056,1,0.9545473038102418,GMM
11.759198,0.6359873,1,0.9936228181877127,GMM
10.356867,5.8743906,0,0.9355272412728912,GMM
12.181388,0.8449683,1,0.9973651749063168,GMM
7.9590783,6.0458856,0,0.9350409902287595,GMM
10.462262,9.663292,0,0.9995674103135337,GMM
9.396967,11.937752,0,0.9998906377447712,GMM
9.158911,2.643882,2,0.999514310594439,GMM
12.642334,8.30944,0,0.968008599291361,GMM
9.324942,4.6850905,1,0.6823885094513518,GMM
10.318202,-0.18231787,1,0.988337035010973,GMM
12.485376,12.081767,0,0.9994635394367305,GMM
9.172793,8.554523,0,0.993591544622937,GMM
9.946662,5.052606,0,0.6537808073820244,GMM
10.12212,5.24603,0,0.5713124296397122,GMM
7.1073775,9.398566,0,0.9855078180641186,GMM
13.022388,12.410478,3,0.9856663365100775,GMM
11.411228,-0.2920311,1,0.9149114076680125,GMM
8.920077,8.233361,0,0.706043437844427,GMM
11.979453,6.3531,0,0.5225035356603671,GMM
9.338739,7.009934,0,0.8914569695903952,GMM
11.015619,2.8144243,1,0.8936184614648189,GMM
10.27121,5.4846616,2,0.5121717737267522,GMM
9.348211,0.117198765,1,0.8106090053737954,GMM
12.108395,13.375267,0,0.9996234694343871,GMM
9.986294,2.6115067,1,0.9913197923228855,GMM
9.829781,4.3345294,0,0.510597141149045,GMM
12.284163,0.3400477,1,0.9575475400754173,GMM
13.334952,13.398399,3,0.8223755346642041,GMM
8.605503,2.3591814,2,0.7849245077655599,GMM
10.932884,4.444514,0,0.5675983743630364,GMM
9.730847,5.63275,0,0.730259146166254,GMM
10.823211,-0.6439894,1,0.9473121196013743,GMM
9.960505,3.1498923,1,0.9749269837199778,GMM
8.574267,9.531064,0,0.998486177258265,GMM
12.474019,13.726781,0,0.9998884559033655,GMM
9.924105,7.216123,0,0.9903759595723641,GMM
8.464445,5.5073466,1,0.5756188632089336,GMM
8.425909,8.64382,0,0.9958202752779031,GMM
8.935247,11.986495,0,0.9998635788981309,GMM
10.431529,10.341253,0,0.9998676119263783,GMM
12.742405,7.420487,0,0.7583760286631293,GMM
8.361063,10.471347,0,0.9849288064976282,GMM
9.253097,4.138468,1,0.9780806691089186,GMM
9.5823,5.62953,2,0.9998716122819706,GMM
10.432487,2.781755,1,0.9694993898430625,GMM
10.304236,7.8483963,0,0.9996408940366392,GMM
9.953943,8.267123,0,0.9870489115440125,GMM
8.971565,-0.8957813,2,0.9162763161458598,GMM
10.2382,11.191643,0,0.9990934790640629,GMM
9.955,10.741913,1,0.8321394219867737,GMM
10.196081,10.308033,0,0.997492869657587,GMM
10.573551,10.684502,0,0.882152413312701,GMM
5.3307023,2.5728455,2,1.0,GMM
9.485616,11.459985,0,0.9996451311089419,GMM
8.51116,1.5292621,2,0.9999999990940438,GMM
12.701022,1.7801617,2,0.9888850944875788,GMM
10.588405,-0.70745397,1,0.8424694400874595,GMM
10.708392,-0.1830746,1,0.9852238087284798,GMM
10.952604,4.0466156,0,0.926635033399792,GMM
10.839854,6.2521296,0,0.9989264630716295,GMM
12.205538,9.633675,0,0.9842477226469392,GMM
9.244543,11.784675,0,0.9999430385416875,GMM
11.100952,-0.058935285,1,0.8441678998375982,GMM
10.44346,-0.6997925,1,0.8722767943671795,GMM
9.921111,7.49462,0,0.9979096720368664,GMM
10.107371,8.756072,0,0.9964674485975247,GMM
11.831097,12.420738,0,0.9996764293686085,GMM
9.407042,2.2595286,1,0.9934277287379196,GMM
9.065039,4.390427,1,0.893623039171841,GMM
9.028635,6.930981,0,0.9900827969780872,GMM
10.684117,-0.30509108,1,0.9663005786845703,GMM
9.585162,7.4472876,0,0.9976708979864082,GMM
11.727723,7.9419494,0,0.793456578851461,GMM
11.308304,10.43334,0,0.9439554328412328,GMM
9.872595,4.091102,1,0.8414025683294182,GMM
11.80695,2.4413393,1,0.9837924238338,GMM
10.194931,1.0051968,1,0.9934581799841119,GMM
10.885765,10.391885,0,0.9991373042887566,GMM
12.095897,4.2819695,1,0.588731000038397,GMM
8.300476,9.1813545,0,0.988829545426105,GMM
8.778019,-0.44199473,2,0.9812535316879284,GMM
11.968716,8.174366,0,0.9063747036127945,GMM
8.551151,-0.7108744,2,0.9870495630263362,GMM
10.765908,3.3370051,0,0.7357361095250217,GMM
8.832195,0.119080216,1,0.8626129127037113,GMM
8.176843,6.683798,1,0.719277391880059,GMM
7.9743357,8.414577,0,0.9724602966305084,GMM
10.729216,0.55327106,1,0.9898670796093186,GMM
8.636132,4.1614113,1,0.9674839556027858,GMM
10.9284935,11.529341,0,0.9994383691297721,GMM
12.605047,2.8223047,1,0.8703549747845385,GMM
10.848612,11.494699,0,0.9998512917516585,GMM
11.35286,12.064693,0,0.9998590345207282,GMM
11.207262,2.7481964,1,0.9178760742949483,GMM
12.404965,12.225937,0,0.9982932544333527,GMM
9.906858,7.8993864,0,0.9992425596966604,GMM
12.8020115,-0.41377255,3,0.9998558871800969,GMM
8.671471,7.9216404,0,0.9665949484157528,GMM
11.472298,12.391553,0,0.9997645833276618,GMM
11.538863,1.3820107,1,0.9901802105058036,GMM
11.135785,3.327288,1,0.8172092592143557,GMM
12.343303,0.25505346,3,0.6753399156649199,GMM
8.612773,2.2875702,1,0.9616082762132471,GMM
8.538468,10.967084,0,0.9867439018093738,GMM
9.432441,10.57002,0,0.8669448449566796,GMM
9.27753,0.6250659,1,0.9928463051942344,GMM
12.046557,11.873183,0,0.9994626431674861,GMM
10.879922,11.954412,0,0.9983883180450212,GMM
13.360662,14.064085,0,0.9983705905252883,GMM
8.549088,6.0062904,0,0.9761511680023489,GMM
9.380162,8.936565,0,0.9514780905928729,GMM
11.608894,7.658278,0,0.86535673095126,GMM
9.181694,4.366812,2,0.5328202977856336,GMM
13.2726,13.656567,0,0.994744809555269,GMM
11.791048,-0.34259012,3,0.6902524854689822,GMM
12.360805,13.8478565,0,0.999930262542626,GMM
12.431139,12.975995,0,0.9994335144194837,GMM
9.124481,7.79782,0,0.5828923198183347,GMM
10.269886,10.873928,0,0.9952515677592009,GMM
11.419214,9.673812,0,0.5701361629500287,GMM
12.139282,7.4285984,0,0.9839963578174283,GMM
11.542311,10.628737,0,0.9930485089824097,GMM
9.725505,-0.6841708,1,0.9561342898703885,GMM
8.205963,8.418591,0,0.5164375729758554,GMM
10.748314,-0.32108092,1,0.9131822206856213,GMM
8.164089,7.7658644,0,0.9688698177687122,GMM
11.924224,8.389622,0,0.905451307838796,GMM
9.989015,0.5555819,1,0.9929344203830804,GMM
10.669547,8.544385,1,0.9042420001001664,GMM
11.371975,8.366998,1,0.8361402097928472,GMM
8.871288,1.6467319,1,0.9928984119270131,GMM
10.223503,0.1835001,1,0.9962476945810281,GMM
8.818501,-0.9575183,2,0.9594359956947872,GMM
12.6053705,8.727324,0,0.859778112107097,GMM
12.942979,13.079324,0,0.9988892761402033,GMM
12.440687,6.9308953,0,0.8444108563285068,GMM
12.032684,12.555235,0,0.9996045991537268,GMM
12.4574,13.117401,0,0.998732657782851,GMM
8.730843,2.5208695,1,0.9848891732392565,GMM
9.8855715,6.0683427,0,0.9649409336732863,GMM
8.939371,9.495486,0,0.9936236828464995,GMM
11.521217,0.7834909,1,0.9845292806570486,GMM
11.681807,7.816591,0,0.91891124975216,GMM
9.988131,4.4100657,0,0.6233037339355789,GMM
8.042251,10.413109,0,0.9414315261981939,GMM
9.860537,0.4353595,1,0.9955030886097361,GMM
10.559019,5.6935234,0,0.9725122994432905,GMM
11.177684,9.469225,0,0.6433774730104336,GMM
10.254046,2.6839406,1,0.959685869449522,GMM
11.4301815,13.145427,0,0.9997981567993828,GMM
10.319839,10.097887,0,0.9980443211442226,GMM
12.002565,3.0950217,1,0.9927735612140866,GMM
12.288697,10.783961,0,0.9971836760296198,GMM
9.136602,0.87163925,1,0.7581559918564937,GMM
11.371183,-0.21299033,3,0.9975056533445118,GMM
9.628403,11.104328,0,0.9993613254157261,GMM
9.921773,7.3441234,0,0.9639452114192489,GMM
9.151983,4.371845,1,0.9022747207164097,GMM
10.498095,1.3626084,1,0.8119569741651513,GMM
10.288674,0.89294153,1,0.9945899455287252,GMM
8.906247,7.372251,1,0.5672582837151458,GMM
11.830463,10.782963,0,0.9988547618424036,GMM
11.422381,9.575832,0,0.9916479857715153,GMM
11.319914,13.029904,0,0.9997457530604638,GMM
9.915686,6.2805567,1,0.6167795405344131,GMM
10.200977,6.8846006,0,0.9951789198278101,GMM
7.7039833,5.878234,0,0.9749124422919838,GMM
8.027313,10.009203,0,0.9080039495671314,GMM
7.8015313,9.901904,0,0.9995413672042084,GMM
11.1048765,3.590278,1,0.8227255759583973,GMM
10.842659,10.665901,0,0.9998267639977191,GMM
12.677498,9.99149,0,0.991254041822326,GMM
11.459224,12.555587,0,0.9998878346191152,GMM
11.926942,1.2128544,1,0.9889029469437417,GMM
8.3957405,10.312909,0,0.9947706996545399,GMM
12.730449,1.4226007,1,0.9340019970317187,GMM
12.991074,11.038232,0,0.9473823264576877,GMM
9.413489,6.9786444,0,0.9789203680845642,GMM
10.122907,4.689004,1,0.8958948859239643,GMM
10.637626,2.8074477,1,0.9805023213662802,GMM
10.588897,4.8386416,1,0.924615808863115,GMM
7.6294727,9.574745,0,0.9774907109033408,GMM
7.8074746,5.9393024,1,0.4772453127608551,GMM
10.738847,-0.21960512,1,0.9982859857048821,GMM
11.65044,12.103786,0,0.9999378806442184,GMM
8.879002,9.813403,0,0.7564056201246032,GMM
9.939621,5.6267586,0,0.6514195555747524,GMM
9.183135,6.106003,0,0.9940248644402648,GMM
10.629984,10.303102,0,0.9962393668809483,GMM
12.840767,11.119281,0,0.997984095941199,GMM
10.661207,11.140881,0,0.9991386227941551,GMM
12.259111,9.224851,0,0.983932193595657,GMM
11.394998,12.850885,0,0.999707355368852,GMM
7.955429,10.261993,1,0.9234148350141386,GMM
12.028134,3.821978,1,0.9347894046424797,GMM
8.694436,9.369507,0,0.9987852903081681,GMM
10.238754,11.535376,0,0.9998769855986329,GMM
11.159427,11.423643,0,0.9999318897471122,GMM
8.92276,3.7776024,1,0.9898969040713228,GMM
9.683188,-0.58501947,1,0.9691057488864392,GMM
9.332813,8.708676,0,0.9978747595004651,GMM
9.880568,2.7556944,1,0.9254602034027057,GMM
11.513995,2.982337,1,0.587253734866609,GMM
12.703567,11.576052,0,0.9990410094235513,GMM
10.298391,5.9419413,0,0.9939264752147349,GMM
11.685817,9.584508,0,0.9797084406414781,GMM
9.928174,8.80872,0,0.9899224186788383,GMM
7.856198,5.499119,0,0.7696579308201187,GMM
10.558015,5.661237,0,0.8870271803010992,GMM
9.5938635,1.9447436,1,0.9964340031962033,GMM
10.754978,4.6404586,1,0.5555994472028538,GMM
9.118521,0.97318226,1,0.5666363426249869,GMM
9.307325,6.074842,0,0.9880831412607982,GMM
8.400648,3.376467,1,0.9278238083227625,GMM
9.184709,3.1844168,1,0.9971772330793062,GMM
11.757735,5.750875,0,0.8417762903966002,GMM
7.746597,5.4850426,1,0.9381732546980469,GMM
9.49449,9.282938,0,0.9983540049302907,GMM
11.293277,6.18722,0,0.7065604822141193,GMM
9.392394,6.96242,0,0.7549282601837504,GMM
13.619381,13.749212,0,0.948551460873801,GMM
10.358789,7.51468,0,0.9996322487961571,GMM
10.573379,10.7988825,0,0.9956599467949127,GMM
10.134254,5.3519917,0,0.8948783540809744,GMM
8.724879,5.823248,0,0.9404454561629165,GMM
7.684943,2.8945327,2,1.0,GMM
9.8412895,8.089432,0,0.9875646064544366,GMM
12.704295,9.98484,1,0.6964036917253289,GMM
6.862784,10.267213,0,0.999976977793747,GMM
10.802981,6.13093,0,0.9841682423843646,GMM
10.2389,10.2888,0,0.9117493234651527,GMM
4.7625194,2.424372,2,1.0,GMM
9.945054,4.9839773,1,0.7870479363400089,GMM
8.0938835,4.998638,1,0.7420986966173819,GMM
10.654184,0.36928743,1,0.9914480759751706,GMM
9.76138,4.314121,1,0.7614321214847765,GMM
11.091678,3.5880787,1,0.7055975324934693,GMM
10.66387,6.402709,0,0.6782423917822336,GMM
9.265734,10.540966,1,0.9166905639024089,GMM
8.624553,11.908759,0,0.9999959705789048,GMM
9.815762,4.3496375,0,0.6329398485931533,GMM
9.399509,12.113558,0,0.999969400431491,GMM
11.614257,5.5963426,0,0.8176662100838612,GMM
7.4309688,10.458965,0,0.9159204121236838,GMM
13.301949,13.332981,0,0.9940474881695411,GMM
9.236562,3.2301097,1,0.9888611715622764,GMM
9.265299,0.79683316,1,0.745788931390934,GMM
8.100736,8.738324,0,0.9920832216337617,GMM
7.015952,10.07277,0,0.9972196503742538,GMM
10.026595,10.7809725,0,0.9860134245669346,GMM
11.987321,1.7777086,1,0.9911057600837766,GMM
8.035781,8.99578,0,0.9165051216163745,GMM
11.19441,0.21084258,1,0.9941151082966045,GMM
10.374873,5.1610875,0,0.6096548595348016,GMM
10.285597,10.166414,0,0.9997353519246288,GMM
11.898525,13.604613,0,0.9999018610008549,GMM
8.033821,6.3553424,0,0.8645146028274688,GMM
10.434106,4.1152563,1,0.9620081277528633,GMM
11.012218,1.9052005,1,0.9951193437891155,GMM
11.244589,7.2016273,0,0.9899166906628171,GMM
9.016766,0.3235399,2,0.9883313173550458,GMM
10.276082,5.1792827,0,0.92173347797659,GMM
10.820378,0.3910099,1,0.9885165176095724,GMM
11.774641,7.1104164,0,0.8897736833449312,GMM
10.382861,1.3010551,1,0.997251474502005,GMM
10.440365,2.8961446,1,0.9938537142861896,GMM
9.638477,10.392118,0,0.9960802894393841,GMM
10.935223,8.141287,0,0.9863555990600081,GMM
11.433583,4.4889874,0,0.6467313589145639,GMM
11.345893,-0.16235402,3,0.551131778602454,GMM
10.12643,7.502527,0,0.9834306913193406,GMM
11.300711,11.835069,0,0.9997598330141227,GMM
11.120731,13.078871,0,0.9998685469595006,GMM
11.389248,2.1366658,1,0.9881894862869915,GMM
10.093763,0.34791088,1,0.9929211158752806,GMM
10.660424,10.496461,0,0.991172245694195,GMM
10.142716,6.416358,0,0.9997432879795632,GMM
10.847977,4.0659223,1,0.8209091178541876,GMM
7.504427,9.557464,0,0.8210732438107416,GMM
10.40997,7.694138,0,0.9994581661716536,GMM
12.379693,2.7832637,1,0.9349648929206229,GMM
10.015224,-0.86445504,1,0.9287027544013847,GMM
7.1182113,7.7965684,1,0.8734708809227252,GMM
10.370431,1.2211152,2,0.9926569177177104,GMM
7.3138213,10.187975,0,0.9998465419474586,GMM
11.380723,0.13895884,1,0.7652998505848163,GMM
10.082309,6.253869,0,0.9986823565808105,GMM
7.515775,9.633013,0,0.8985802496317122,GMM
8.977956,2.6738436,1,0.8157187549203861,GMM
10.414464,10.923189,0,0.9942838692744473,GMM
11.466448,-0.7226984,3,0.999417053715452,GMM
8.042177,7.9850206,0,0.6875058957503809,GMM
10.781627,4.1457763,1,0.7033260687085641,GMM
11.436824,11.625835,0,0.9999415997667854,GMM
11.580745,2.3322935,1,0.9236533993408057,GMM
5.393106,2.546099,2,1.0,GMM
9.802705,6.08505,0,0.9826372694767923,GMM
12.407383,1.3517439,1,0.9383699114327272,GMM
12.523747,8.167106,0,0.9431949821430383,GMM
12.652625,0.8431206,1,0.9381896406475163,GMM
8.138967,7.67091,0,0.9088616239670645,GMM
11.658958,1.6257262,1,0.9977787088895135,GMM
13.140408,13.895689,0,0.9977397436339154,GMM
9.488232,4.3459706,1,0.9375956929738657,GMM
12.159285,11.220885,0,0.9978982312834415,GMM
6.5531874,2.9838006,2,1.0,GMM
12.514895,0.6268464,3,0.9999996162335599,GMM
10.692945,3.1142886,1,0.9899183761249404,GMM
7.4552765,9.852713,0,0.9644593862820351,GMM
7.6770267,10.864626,0,0.9988911900185863,GMM
8.885892,9.617333,0,0.9968802771222389,GMM
11.9455185,12.478085,0,0.9997862781818357,GMM
12.957199,12.20034,0,0.9964990193114291,GMM
9.242099,7.130784,0,0.9173269796805861,GMM
9.03241,7.318248,0,0.9867510516834344,GMM
10.925095,-0.38918075,1,0.9905476215859881,GMM
10.187497,12.024376,0,0.9964932597652573,GMM
9.809995,9.179112,0,0.9940570173999436,GMM
12.046096,13.049115,0,0.999820606316658,GMM
11.932192,6.3713355,1,0.7699201469818954,GMM
11.645652,13.309118,0,0.9999659453730756,GMM
11.281432,7.1252503,0,0.931284401083168,GMM
8.145427,7.3515596,0,0.6974399130980247,GMM
10.796817,4.7333746,0,0.6494393392239369,GMM
6.5829234,9.755895,0,0.9999290752218345,GMM
4.3274055,2.2925203,2,1.0,GMM
11.368629,1.1794397,1,0.9958194029046283,GMM
9.451571,7.6863837,0,0.9719606602934049,GMM
10.202383,10.874213,0,0.9999117563362356,GMM
10.233439,5.0477495,1,0.9597067075490594,GMM
10.8317175,4.9241486,0,0.665049160878437,GMM
7.1080527,10.386121,0,0.9998864864100339,GMM
9.968079,8.088222,0,0.9968009353279792,GMM
10.417461,3.4036584,1,0.9842735095765768,GMM
9.76338,6.2871637,0,0.8931579078799518,GMM
9.816394,0.3979157,1,0.9937551182627702,GMM
10.141118,6.7616568,2,0.9999998766957767,GMM
10.534595,12.396726,0,0.9983017769777366,GMM
10.418025,4.7977414,1,0.5722068851314291,GMM
8.559278,2.4823651,1,0.9944825340557987,GMM
9.742152,1.1659416,1,0.9715906926875876,GMM
8.246302,5.062889,1,0.9476540782428263,GMM
8.902604,11.504048,0,0.9943339434919116,GMM
12.233682,1.2668908,1,0.9889623448670146,GMM
12.174133,12.444383,0,0.6258222250883059,GMM
11.793242,0.0325561,1,0.9686627260552382,GMM
12.640638,1.3547584,1,0.9524972423271535,GMM
9.341599,7.066547,1,0.6504219828129606,GMM
10.630722,0.9962449,1,0.9971405807085267,GMM
6.782477,9.896145,0,0.9997850618723781,GMM
12.185884,3.703712,1,0.6466518241692859,GMM
12.314525,0.89201546,3,1.0,GMM
8.111369,5.4337654,0,0.7640187832754881,GMM
8.620103,7.8696,1,0.7844462926540229,GMM
8.528632,2.4848993,1,0.9922936669731,GMM
10.387548,1.250109,1,0.985697027226658,GMM
12.028538,7.637427,0,0.8614229934003198,GMM
11.609109,3.2232869,1,0.9650875940291409,GMM
8.706498,8.947797,0,0.9979376104774086,GMM
8.824607,1.0655774,1,0.9046281447416056,GMM
8.27666,9.3205,0,0.8800700609903565,GMM
10.460962,11.156185,0,0.9987924531138125,GMM
10.733557,12.494128,0,0.9997370468882861,GMM
6.7624683,3.1547647,2,0.9999999552046833,GMM
5.9349904,2.7159173,2,1.0,GMM
12.565716,13.519634,0,0.9998017234033233,GMM
12.553232,13.758473,0,0.9995661541781188,GMM
10.642947,3.3357759,1,0.9819943136705116,GMM
7.722491,6.6933694,0,0.9755050491463267,GMM
12.022377,4.076077,0,0.781837710890515,GMM
8.230695,9.505385,0,0.9769403293700625,GMM
9.968732,4.186391,1,0.7859220274457703,GMM
12.033202,2.784695,1,0.9436364669748791,GMM
10.599205,6.127777,0,0.977416370324344,GMM
9.370132,2.717196,1,0.9874632745525392,GMM
9.146477,10.785896,0,0.9997064354413436,GMM
10.787743,1.5997472,1,0.9860517407828773,GMM
10.57618,10.319456,0,0.993099467770058,GMM
9.901948,4.7586646,1,0.9333278052539218,GMM
11.547111,1.020847,1,0.815917563779695,GMM
9.788316,3.85078,1,0.8081468542131962,GMM
10.422289,0.94840103,1,0.9790464279501019,GMM
10.531262,10.215341,0,0.9996183276859549,GMM
11.139922,-0.6255167,1,0.9406275132089434,GMM
8.092222,10.738017,0,0.9733502908313705,GMM
8.643159,7.6770926,0,0.9562748763443037,GMM
12.287273,12.586715,0,0.9993996847998649,GMM
11.219966,4.676638,1,0.6643699887363685,GMM
11.602354,4.5423045,0,0.6379701210685425,GMM
10.485585,4.011705,1,0.9933661208760218,GMM
5.115162,2.5137253,2,1.0,GMM
11.539848,-0.3285443,1,0.983663715956991,GMM
9.855896,9.966284,0,0.9971692093285424,GMM
11.431885,-0.38364452,1,0.8723991510636028,GMM
11.2488165,6.1445465,0,0.9411054554997981,GMM
11.960123,10.213747,0,0.9970886619987592,GMM
9.877553,6.2022114,0,0.9985308403853569,GMM
11.641619,1.322791,1,0.9948091003562958,GMM
12.980819,12.654446,0,0.998466901949869,GMM
8.7998,10.500447,0,0.9994897342627616,GMM
10.148657,8.378961,0,0.9972131228422628,GMM
10.556053,6.5809865,0,0.9997778389464786,GMM
12.150048,4.253062,0,0.8408902704592506,GMM
9.347503,11.238654,0,0.9967414776260539,GMM
11.859026,10.935072,0,0.9994443588905763,GMM
12.1395035,1.6537808,1,0.9801546011589077,GMM
9.752419,7.344643,0,0.8452254972477786,GMM
9.744908,7.3769217,0,0.9983721644947398,GMM
9.484646,3.8100939,1,0.6616004949572503,GMM
8.595274,6.820767,0,0.8764146159753831,GMM
11.528614,4.456227,0,0.7189578964452983,GMM
10.722306,3.5589945,1,0.7910082051289399,GMM
7.856734,8.364235,0,0.70154731614915,GMM
7.900323,7.0961146,1,0.8627756375295573,GMM
8.300051,10.484534,0,0.9678414852378178,GMM
12.410121,6.677142,0,0.9046022132656947,GMM
12.809287,11.586762,0,0.96298554712446,GMM
6.5515633,9.430291,0,0.9995270959286628,GMM
9.098334,4.043815,1,0.9845766723107517,GMM
8.645876,8.845009,0,0.9947071523049585,GMM
7.284571,8.090138,0,0.992175317057168,GMM
11.665627,0.18503127,1,0.9683698920740434,GMM
9.096358,11.378123,0,0.9995049424579281,GMM
10.597555,-0.36074725,1,0.9892851473337869,GMM
11.263996,10.698452,0,0.998602257574107,GMM
9.778343,6.3856263,0,0.9881532545487111,GMM
8.241163,11.186382,0,0.991647218448469,GMM
8.243796,7.9769173,0,0.9796200761631978,GMM
10.317021,3.7734954,1,0.9115635687863326,GMM
10.431972,8.336773,0,0.9947770146652288,GMM
10.171697,4.6294007,1,0.7726095919974006,GMM
9.519729,7.388615,0,0.9953787136530653,GMM
8.924206,9.604743,0,0.9994900365922563,GMM
9.8071995,4.184229,1,0.9736020544252695,GMM
9.7778225,11.125327,0,0.9982921908211041,GMM
9.649227,3.5686233,1,0.8762809460960084,GMM
10.149925,1.4560484,1,0.986219862094104,GMM
8.857133,1.6327229,1,0.9774416899200663,GMM
11.122708,7.2153234,0,0.7477660086238266,GMM
13.611667,13.96577,0,0.9430953627236142,GMM
10.215504,8.6015,0,0.9983745991723719,GMM
9.158499,6.3699527,0,0.9117910193995808,GMM
11.628987,3.8417115,1,0.7496707156855267,GMM
8.833736,2.504495,1,0.9797697996133933,GMM
12.0847645,0.49217653,1,0.9891358288678729,GMM
8.432043,4.117675,3,0.7791147525497332,GMM
12.25949,7.4035,0,0.6989294881369207,GMM
10.934887,10.394506,0,0.9989012283275397,GMM
12.137024,12.940654,0,0.9993898741674405,GMM
10.637335,0.98442245,1,0.9802210101767362,GMM
10.6192465,9.499589,0,0.996388670219382,GMM
12.217548,3.9319892,0,0.6507403573880356,GMM
8.141834,9.822009,0,0.9991011838129601,GMM
10.619643,0.4811488,1,0.9935482110718771,GMM
10.42844,11.484689,0,0.9988255584560444,GMM
9.023752,0.8280556,1,0.9575040174335268,GMM
10.63563,8.882839,0,0.9970355494633278,GMM
8.14614,9.985638,0,0.997101511360185,GMM
9.583162,6.474976,0,0.9969068506680079,GMM
11.834728,10.372631,0,0.9981797854282377,GMM
10.104111,8.402428,0,0.9989479782924017,GMM
9.676714,10.503737,1,0.8960725322713263,GMM
8.7329645,5.831417,1,0.7158675988271183,GMM
10.384125,8.7760105,0,0.9978878389936942,GMM
10.927446,3.4507785,1,0.6955269199083114,GMM
8.664669,-0.44217125,2,0.9765888168650265,GMM
12.9018955,13.426086,0,0.995758029370038,GMM
9.547234,2.3789208,1,0.9969278568165865,GMM
12.577961,7.6118155,0,0.6387338672506436,GMM
10.568781,5.6082788,0,0.9882628572293347,GMM
9.213213,9.060034,0,0.8222172078985085,GMM
9.83336,6.037,0,0.9840770396951541,GMM
12.305298,11.751154,0,0.9994255584836748,GMM
10.78429,8.560439,1,0.5442179342531711,GMM
12.634976,2.3196356,0,0.7627306385695192,GMM
8.189005,9.184271,0,0.9957541137481758,GMM
12.630592,0.3534056,3,0.6258676100833012,GMM
9.31292,5.919119,0,0.9945695632432087,GMM
10.899789,11.789339,0,0.9996657405554364,GMM
8.550111,10.099771,0,0.9965666597655471,GMM
10.691048,8.571554,0,0.9969758080769341,GMM
9.314412,9.999337,0,0.9996440891191513,GMM
12.886319,9.571362,0,0.9402522030242262,GMM
11.432402,4.246447,1,0.9673695556877068,GMM
12.024811,1.3284395,1,0.988890145185163,GMM
11.278078,2.2927177,1,0.9616622804905339,GMM
11.408567,9.96097,0,0.9990179826213846,GMM
11.698485,10.447879,0,0.9986356181931292,GMM
11.948646,13.520527,0,0.9999302081682923,GMM
9.437258,7.5369396,0,0.9715954535020753,GMM
11.195202,11.582633,0,0.999839008257804,GMM
11.247688,7.6577315,0,0.8557622577798114,GMM
9.3411,8.985614,0,0.9781289063973059,GMM
13.448139,12.91026,3,0.9984426578150967,GMM
10.130312,9.007749,0,0.9923545141573373,GMM
9.815484,9.798018,0,0.9966041693118325,GMM
8.850664,-0.9585915,1,0.756382741312098,GMM
10.685751,11.720721,0,0.9997143774795585,GMM
9.819296,2.134928,1,0.9855612124080287,GMM
9.870988,11.14012,0,0.9984795817546638,GMM
10.829271,3.3230577,1,0.9235236621490512,GMM
10.115093,10.785801,0,0.9965895582702413,GMM
8.41359,2.1157615,1,0.9465346525218199,GMM
7.707401,9.364674,1,0.8830641682929644,GMM
9.606036,6.439857,0,0.9282160489522252,GMM
9.925147,8.662925,0,0.9938306780378942,GMM
10.922802,2.5784159,1,0.9969757767146374,GMM
9.511081,6.004587,1,0.49816333532647084,GMM
11.805542,7.036906,0,0.8033103063504548,GMM
10.939096,0.63914025,3,0.9559280354089371,GMM
12.016382,13.050434,0,0.9992059823875142,GMM
8.955347,-0.26567137,1,0.9598200377433239,GMM
9.659859,10.605988,0,0.9977766853561646,GMM
10.366747,10.378206,0,0.999871960872882,GMM
12.083812,2.5632005,1,0.9839999573874357,GMM
9.198674,3.9491627,1,0.986163914181653,GMM
7.858889,10.117211,1,0.9699749314521192,GMM
10.829898,11.793976,0,0.9998940212367172,GMM
8.988758,9.266727,0,0.9979660762081746,GMM
8.874461,0.51262414,1,0.9096247898278813,GMM
13.336419,13.097501,0,0.9934576275486816,GMM
10.556114,11.157701,0,0.9992465161851736,GMM
7.309447,9.642126,0,0.9959279997853102,GMM
9.066382,3.7885525,1,0.9564114899796782,GMM
8.525358,8.776512,0,0.9921638754287051,GMM
10.860285,4.0367475,0,0.7515945332013286,GMM
12.006968,6.813418,0,0.8982596087997088,GMM
12.108529,13.093717,0,0.9996171031469163,GMM
9.620919,10.340728,0,0.9990982853120455,GMM
8.350767,9.331851,0,0.9989000572887505,GMM
9.0543585,2.175757,1,0.9339091927595489,GMM
10.348221,4.176135,1,0.5751445472852097,GMM
10.174834,5.087115,0,0.6693920044046012,GMM
7.397826,9.809899,0,0.9693731122237504,GMM
11.4148035,4.4738245,1,0.6764114512512968,GMM
10.477122,3.272995,1,0.7947850207931794,GMM
12.70319,1.9117573,0,0.8519073300579992,GMM
11.5463505,8.005656,0,0.9739666541214097,GMM
10.081847,3.2570832,1,0.9860593436199424,GMM
10.085852,3.1239884,1,0.888634104609842,GMM
9.088654,1.3450413,1,0.8643293271508476,GMM
11.536962,-0.3253455,1,0.7978539681706486,GMM
10.294101,2.8662505,1,0.9859716810907787,GMM
11.210831,13.058504,0,0.9997618144148168,GMM
12.019957,1.0200166,1,0.975269489458498,GMM
9.683178,0.08604648,1,0.7939596896134052,GMM
9.981048,6.361589,0,0.999204272972702,GMM
13.470348,12.0986595,0,0.980872362403171,GMM
11.542025,12.663755,0,0.9994148002173767,GMM
10.225791,8.951322,0,0.997172656650608,GMM
10.633236,10.188205,0,0.9993296806652603,GMM
11.329051,10.385905,0,0.9793646271227953,GMM
11.642974,8.346684,0,0.9403726676498133,GMM
9.778101,2.5492527,1,0.9854157893104266,GMM
9.397812,1.5976017,1,0.9725870467645431,GMM
9.453748,9.789882,0,0.9995206625565967,GMM
12.171014,1.2709645,1,0.9680233667398093,GMM
12.601393,13.210659,0,0.9986879196560089,GMM
11.772521,-0.78583884,3,0.9999996930739554,GMM
7.888403,3.2153006,2,0.9863398913511289,GMM
10.621315,6.3605347,0,0.9999510194228695,GMM
12.660273,13.771999,0,0.9997609617932276,GMM
12.113147,12.977069,0,0.9996901612788845,GMM
8.799288,3.6651843,1,0.9939535714250632,GMM
12.19926,-0.033124782,3,0.9937679895515508,GMM
9.587953,3.2076564,1,0.6439608068942128,GMM
12.916983,11.508295,0,0.9960176683410752,GMM
13.072666,13.743144,0,0.966019677251811,GMM
8.969593,9.497235,0,0.9991234249426955,GMM
11.060003,5.622533,1,0.7135573733697043,GMM
9.527647,0.3331102,3,0.9645969516814783,GMM
9.192579,4.478845,1,0.9790221530465488,GMM
10.202754,12.21369,0,0.9999708303917986,GMM
11.78086,2.927702,1,0.977594784979687,GMM
10.537681,0.7181963,1,0.9877758719965017,GMM
9.035742,9.366165,0,0.9617110089128478,GMM
9.802222,0.37923342,1,0.9942035664783656,GMM
12.641068,1.726553,0,0.6741931604429807,GMM
10.815758,7.329147,0,0.9833392636837779,GMM
10.193306,7.2170005,0,0.9118969252358926,GMM
9.856571,7.806605,0,0.9355574586836111,GMM
11.277051,7.7258005,0,0.8254300254759808,GMM
11.385663,10.247727,1,0.6492464458310793,GMM
13.306846,10.3975,1,0.6813932266855021,GMM
9.710032,7.421766,0,0.9763317070400102,GMM
10.665052,1.8093204,1,0.994076608163016,GMM
10.663118,1.5085626,1,0.989153433221618,GMM
10.840197,9.689555,0,0.9960325107456339,GMM
9.924771,7.3449974,0,0.9980288666679538,GMM
9.430435,3.9466376,1,0.9537803261927691,GMM
12.216402,10.241179,0,0.9961284835346251,GMM
11.055599,7.7780805,0,0.9930531499859825,GMM
10.001785,11.737784,0,0.9994678668100372,GMM
10.768991,5.5600414,2,0.9831962734090075,GMM
10.76894,3.90413,0,0.7390250412027345,GMM
7.2349515,9.208998,0,0.9931705366584631,GMM
12.926232,0.4775714,3,0.6654716974847996,GMM
8.583597,-0.64297575,2,0.9116599624064609,GMM
11.692386,3.5027635,1,0.7946240224166323,GMM
10.643762,12.61026,0,0.9998458405218049,GMM
11.289416,2.3707707,1,0.9945357975629966,GMM
10.426904,6.7846756,0,0.5251396553415796,GMM
9.994657,5.1501265,2,0.9877884273184809,GMM
10.143438,9.481528,0,0.9982144629932787,GMM
11.63331,6.0942883,0,0.7549036134684307,GMM
9.225125,1.797258,1,0.8283012750893477,GMM
8.565325,0.14955142,1,0.8133735994505964,GMM
10.8164835,5.5952864,2,0.8099413878794053,GMM
8.879389,0.8702452,1,0.9662491147207398,GMM
9.4534235,0.09380981,1,0.6101489184493318,GMM
7.891048,7.3769526,0,0.9872427638998121,GMM
11.302359,7.120692,0,0.9443713679827825,GMM
9.931608,6.398015,0,0.985633453922147,GMM
10.623963,0.59438664,1,0.9892935966568362,GMM
9.550203,9.14458,1,0.9352934941697255,GMM
12.175868,-0.70606834,3,0.999867876354742,GMM
10.771929,5.5502706,3,0.9999391167914701,GMM
10.683796,6.7622113,0,0.886119944134793,GMM
10.04102,5.2240586,0,0.8714667132677109,GMM
12.146973,2.8217227,1,0.9221149852776658,GMM
8.970734,4.227912,1,0.8769307337214195,GMM
11.564935,11.114995,0,0.992752282151787,GMM
8.885598,8.609074,0,0.759879394450691,GMM
10.478452,6.3839207,0,0.8680772963319966,GMM
9.6005535,7.834795,0,0.7603574939088815,GMM
7.308596,10.578575,0,0.9943344842086155,GMM
8.532951,4.9014206,1,0.6652887670019536,GMM
8.88834,0.9516158,1,0.7223895070968562,GMM
12.276184,11.23801,0,0.9764530423646902,GMM
10.055377,3.0854986,1,0.941168065345893,GMM
11.907373,9.438155,0,0.9604746290770059,GMM
11.519919,-0.37100312,1,0.9081561315488836,GMM
10.632652,12.722769,0,0.9999433855620661,GMM
11.57847,4.4848385,1,0.6366702426737448,GMM
7.167252,8.247228,0,0.9980704046971731,GMM
7.689232,9.582536,0,0.9958362671280602,GMM
12.237018,12.960322,0,0.9973985718727608,GMM
6.4113355,2.8328092,2,1.0,GMM
8.6838255,8.024993,0,0.998733872761869,GMM
11.125143,3.3602095,1,0.9489821533591009,GMM
11.403879,0.8614994,1,0.9863678841688855,GMM
11.787803,13.077631,0,0.9977475938303905,GMM
11.022417,3.3011532,1,0.9709984108676426,GMM
11.251537,1.2664714,1,0.988586941575753,GMM
11.23962,2.4924924,1,0.9951323369483212,GMM
9.052224,-0.6930624,1,0.5320730134745021,GMM
6.9964166,10.093341,0,0.9980925321032789,GMM
11.444191,-0.5025032,1,0.883996054468939,GMM
10.297564,6.3815656,0,0.9966660231849073,GMM
10.669453,0.63115567,1,0.998156877226677,GMM
8.596161,3.654513,2,0.9999770530658147,GMM
10.664354,11.172173,0,0.9996414036605112,GMM
10.414548,7.063066,0,0.9852509241631899,GMM
12.497633,2.2257724,1,0.9176702936523281,GMM
10.256778,11.798312,0,0.9996323916653301,GMM
9.259763,0.70089245,1,0.9788129858202754,GMM
10.821892,6.4435744,0,0.7495669441690753,GMM
10.285223,9.035232,3,0.9994929374963943,GMM
11.683777,0.6229374,1,0.9820100229623344,GMM
10.15933,8.975109,0,0.9464448266516963,GMM
10.5572605,5.469412,0,0.9309967119836939,GMM
8.752287,2.3227477,1,0.976632747629546,GMM
13.63854,13.554157,3,0.9056726224822934,GMM
10.30663,6.537884,1,0.7318399600254265,GMM
8.070707,7.5450835,0,0.997932629399009,GMM
13.244732,14.018462,0,0.9993859586739136,GMM
12.424122,10.355319,1,0.5268213258910325,GMM
11.539938,4.128277,1,0.8973598185632444,GMM
10.140305,10.832199,0,0.9999319878380589,GMM
10.593457,-0.7170961,3,0.5104839572535135,GMM
9.059109,5.0906296,0,0.7655066089422071,GMM
9.399316,3.5112822,1,0.7719379951319405,GMM
10.970007,1.05658,1,0.9961180495130146,GMM
9.508592,6.524622,2,0.5287493867699176,GMM
10.935655,1.9040579,1,0.9815263748712442,GMM
9.895437,7.48733,0,0.9973038940556059,GMM
11.168749,10.35294,0,0.7683857604901307,GMM
10.260955,7.781868,0,0.9968094439346902,GMM
10.854893,9.082326,0,0.9969647508398799,GMM
11.573157,3.0811486,1,0.9533446100657187,GMM
9.94215,3.6405885,1,0.955932421244224,GMM
9.081787,0.080329314,2,0.8130246332556855,GMM
9.494333,0.91951144,1,0.9807001098770525,GMM
8.852423,2.4865239,1,0.9771235732101231,GMM
10.393722,10.600422,0,0.8710553039551254,GMM
10.365832,12.431913,0,0.9998441458433698,GMM
8.198966,9.306699,0,0.9634935998641846,GMM
8.285319,6.3367248,0,0.5188588317426694,GMM
11.586407,5.4914675,1,0.8456885390190146,GMM
10.836327,4.6583104,1,0.8464826076754585,GMM
8.944802,2.1295745,1,0.978628555035197,GMM
9.839808,7.1806808,0,0.9966372448339622,GMM
11.76417,-0.6637155,1,0.783789540340557,GMM
10.574626,9.7432575,0,0.9985104894190943,GMM
9.168548,6.799746,0,0.9944035531284844,GMM
11.940772,7.2327027,1,0.8397105439495982,GMM
8.768455,8.228261,0,0.9977443956160013,GMM
12.211367,1.5888408,1,0.9706101711681778,GMM
8.331358,3.925915,1,0.9930698241773651,GMM
11.5127945,0.118790455,2,0.9963837748574366,GMM
12.992951,0.93702286,3,0.5526292533380227,GMM
11.006934,12.658211,0,0.999899483192776,GMM
12.104907,9.065046,1,0.7187248365656732,GMM
9.828186,0.440454,1,0.9099638457018999,GMM
10.907836,12.6588125,0,0.9975609730704126,GMM
9.333733,4.535916,1,0.9874420756852538,GMM
10.958078,3.7596755,1,0.5434961105656759,GMM
10.481778,3.1718893,1,0.9809616610133388,GMM
12.735628,11.646808,0,0.9992951700966706,GMM
11.382868,0.99904424,1,0.9979007160241904,GMM
10.203456,11.789521,0,0.9997610632678653,GMM
12.590578,9.041384,1,0.6836973232100345,GMM
9.837572,7.579205,0,0.9530663283020842,GMM
11.296277,10.179401,0,0.9989662778869429,GMM
10.231103,-0.80679405,1,0.8653273624187909,GMM
8.571706,0.68254906,1,0.7784875889546319,GMM
12.0876465,12.202893,0,0.9997948531082342,GMM
10.977107,3.5366688,1,0.8241818123612296,GMM
11.897469,11.807229,0,0.9997504240981564,GMM
11.536513,6.7635136,0,0.723197688111332,GMM
9.155976,5.037164,0,0.5569186598100321,GMM
12.198392,-0.036214765,3,0.9861839037093941,GMM
12.867785,0.72624457,3,0.9916801673355938,GMM
8.774588,8.78885,0,0.9907640534492583,GMM
8.721603,1.723689,1,0.9736383004147595,GMM
7.121696,9.622456,0,0.9980013890883845,GMM
10.3557005,11.508608,0,0.9991275144767826,GMM
9.70672,2.1930318,1,0.9943895272898226,GMM
10.398782,2.8633046,1,0.9887257292333758,GMM
10.960072,3.8297365,1,0.9686783110954188,GMM
8.806222,1.8006206,1,0.9596026160937032,GMM
10.018497,11.758275,0,0.9953511044380211,GMM
12.623791,10.311629,1,0.876387944553949,GMM
12.566256,12.267273,0,0.9984527227414162,GMM
7.835922,7.186505,0,0.8260522232909429,GMM
13.143557,12.352446,0,0.5527417298438884,GMM
9.245477,5.9810443,2,0.4845279762931107,GMM
10.073404,2.0044663,1,0.9664241790204647,GMM
11.053832,5.736147,0,0.9650889815904724,GMM
12.636213,13.779739,0,0.999845666855437,GMM
9.879204,7.708572,0,0.9989488719733038,GMM
9.024796,6.098864,0,0.982479226980686,GMM
10.483323,0.9105869,1,0.9986349379003593,GMM
12.626914,-0.61973757,3,0.9996626493677643,GMM
10.314886,8.316947,0,0.9698167705244246,GMM
10.831627,5.7216973,0,0.9150478766159413,GMM
7.649021,5.9984846,0,0.927288095207462,GMM
9.3054695,12.099085,0,0.9997970740456431,GMM
9.139788,6.436952,0,0.9860264807442193,GMM
10.977737,7.4201283,0,0.9308329718075958,GMM
12.55017,9.350389,0,0.9441626896507038,GMM
9.265299,6.9529996,0,0.9813700282832866,GMM
11.979692,9.455442,0,0.9920996279264707,GMM
9.806262,7.3815527,0,0.9945598307916715,GMM
11.444211,9.238187,0,0.9935257686491912,GMM
12.154411,1.644133,1,0.9401962286634232,GMM
12.028617,13.574419,0,0.9999453073567743,GMM
8.973057,11.876042,0,0.9999165526742123,GMM
12.104554,11.933864,0,0.9995844692477623,GMM
11.987742,12.797341,0,0.9985053763035671,GMM
4.7722836,2.43391,2,1.0,GMM
11.538882,3.0089843,1,0.9925946952763726,GMM
11.342987,13.094406,0,0.9998460112798967,GMM
10.372318,5.6828938,0,0.9885706845133517,GMM
7.7087126,5.44798,0,0.6204821167293173,GMM
12.558005,0.01576992,1,0.7352849533684749,GMM
11.80095,12.632115,0,0.9997539200904481,GMM
8.990578,8.778714,0,0.9012094016699785,GMM
10.248675,10.865209,0,0.9923025860444443,GMM
10.816868,2.7332768,1,0.847943551116069,GMM
11.72112,13.200877,0,0.9997107963241914,GMM
9.9780855,0.3329945,1,0.9967996863460035,GMM
8.995545,1.3695225,1,0.9925249586163561,GMM
8.923049,12.029256,0,0.9999910657796437,GMM
10.142433,7.5601993,0,0.9593463496923127,GMM
12.902759,10.497316,0,0.963045637174832,GMM
11.274996,10.6879425,0,0.870920999440836,GMM
10.2566,11.45038,0,0.9998713295783898,GMM
13.183117,11.941712,0,0.865542358044383,GMM
11.148597,1.6801896,1,0.9144747547484984,GMM
8.790994,8.938199,0,0.997444883130989,GMM
9.027548,1.3933555,1,0.9961093272337898,GMM
6.3772388,2.9124143,2,1.0,GMM
8.732173,3.351275,1,0.9911706651492511,GMM
8.558791,1.5855826,1,0.9847397855132354,GMM
9.690998,4.033457,1,0.8175617352801415,GMM
8.544855,2.4394257,1,0.9769585306804379,GMM
9.984786,9.025179,0,0.9693653054062463,GMM
7.008923,9.563199,0,0.9975288715492027,GMM
7.0279016,8.441926,0,0.8644875036077675,GMM
9.7434435,7.651345,0,0.9991473211459225,GMM
12.745572,1.7518499,0,0.6211322322384819,GMM
9.795715,10.925304,0,0.9998700098619231,GMM
9.672102,6.429768,0,0.5966314661334591,GMM
10.909749,2.22866,1,0.9962317898835082,GMM
10.085635,11.695285,0,0.9998895250742332,GMM
10.291077,7.492478,0,0.9508407726047139,GMM
11.849538,0.5035189,1,0.7194188412686514,GMM
8.721525,8.237547,0,0.9976165469734127,GMM
12.517575,-0.41158184,3,0.9429727649504194,GMM
9.257133,2.410888,1,0.9844433043105904,GMM
11.039737,8.973762,0,0.9938301964649147,GMM
12.899284,0.95697767,1,0.5624378912342181,GMM
11.237042,3.4540014,2,0.9991746933878126,GMM
5.9213667,2.7315586,2,1.0,GMM
11.968599,1.8886265,1,0.9861994094185039,GMM
9.568587,9.728944,0,0.997572849339876,GMM
10.801011,11.12837,0,0.9999760944445637,GMM
10.449588,7.942128,0,0.9895681817695825,GMM
12.564551,12.893629,0,0.9939691930495046,GMM
9.353931,8.267649,0,0.7685715963679249,GMM
8.620186,6.895608,0,0.8365217354566572,GMM
8.586128,3.6246202,1,0.9976605409860176,GMM
12.925206,9.950382,0,0.9917900781339642,GMM
11.124724,1.9965532,1,0.9888500554656405,GMM
9.054477,4.8604684,1,0.6149899592421155,GMM
7.8329525,11.391335,0,0.9999987142723287,GMM
12.111681,1.6811367,1,0.9860696669750658,GMM
9.642279,1.2220416,1,0.9883390997130471,GMM
9.414405,0.8368636,1,0.9645005682361777,GMM
8.722606,-0.49931198,2,0.9516811531363285,GMM
12.122455,13.298042,0,0.9982809724902016,GMM
11.800933,7.7101088,1,0.7545810943654011,GMM
11.077911,2.513046,3,0.9757745513254976,GMM
10.266943,4.367924,1,0.9306905378356646,GMM
8.331031,7.910075,0,0.9721117379333456,GMM
9.924844,2.8889718,1,0.8172118359957701,GMM
12.272611,7.959013,1,0.5782265509038496,GMM
7.193407,9.46975,0,0.9857570077760003,GMM
8.303201,6.4696264,0,0.5969128205608468,GMM
9.85661,7.21324,0,0.979847084042341,GMM
9.677372,6.817675,0,0.5923519050522712,GMM
11.618492,12.805781,0,0.9976339395167719,GMM
10.84619,5.9403973,0,0.9711077880007365,GMM
12.650067,-0.51265615,3,0.9848603786243552,GMM
11.181923,1.9017336,1,0.9841873306733124,GMM
9.891001,3.1220915,1,0.9905874670284994,GMM
11.536958,3.1512828,1,0.8564691272890806,GMM
10.189155,4.920782,0,0.7475107296485145,GMM
13.130082,12.064479,0,0.9988672882430276,GMM
12.915984,9.90144,0,0.6657119946127461,GMM
8.250481,6.615942,0,0.9984065316566488,GMM
10.373159,1.7275956,1,0.9975826285689396,GMM
8.835421,2.6513731,1,0.9898389332638046,GMM
11.754642,1.4332196,1,0.9880637839092676,GMM
9.976709,6.810993,0,0.9768535228794835,GMM
9.0795145,7.7145677,0,0.870698259414574,GMM
12.443407,10.2072315,0,0.6380162439354087,GMM
9.7492,7.6391883,0,0.9993486238186549,GMM
11.268718,11.819786,0,0.9999742433049494,GMM
10.5642185,-0.73476744,1,0.753392386708153,GMM
12.45764,1.3050027,3,0.920377432434928,GMM
11.661979,3.972311,1,0.8275944744969699,GMM
4.6144133,2.3704057,2,1.0,GMM
11.612833,-0.60884464,3,0.9971125229655304,GMM
7.9186153,8.535554,0,0.8877344038475948,GMM
9.10378,7.9314938,0,0.9748218522299822,GMM
11.186197,6.000034,0,0.8866908856008803,GMM
6.8437486,9.523331,0,0.9982565687885018,GMM
10.868586,6.8547173,0,0.9931474896276257,GMM
12.6092825,2.6316524,1,0.8980588315535625,GMM
8.022209,10.657972,0,0.9990462368793788,GMM
8.632555,0.46429822,1,0.8883700724188708,GMM
11.977695,0.74062634,1,0.9947046797116326,GMM
9.831138,5.798414,0,0.9856669335418563,GMM
12.193337,3.1488242,1,0.7327653604967143,GMM
8.338803,8.957673,0,0.9064657571618685,GMM
10.442589,8.700799,0,0.9982216286223211,GMM
7.842209,5.5629334,0,0.879923375228737,GMM
8.646559,-0.36779433,2,0.5664472553297099,GMM
7.818907,8.454385,1,0.8748365007677444,GMM
8.820406,6.6114593,0,0.9383982926675569,GMM
10.879519,7.0065246,0,0.9323403965244892,GMM
9.296764,10.55306,0,0.9991459798874078,GMM
6.087476,2.7919047,2,1.0,GMM
10.491551,1.2357323,1,0.9955501229405948,GMM
9.755138,0.47462296,1,0.9926770990203531,GMM
11.204613,11.729116,0,0.998097426279687,GMM
10.732323,3.3724039,1,0.986593932505749,GMM
10.199414,4.3345637,1,0.9694591876666028,GMM
9.190296,7.9802246,0,0.9055170031269142,GMM
11.8060465,3.2104518,0,0.8344482055636965,GMM
10.823895,10.834128,0,0.9999308754921016,GMM
8.58439,-0.71279156,2,0.999993745299219,GMM
9.892848,10.730536,1,0.8109541308460206,GMM
10.896964,3.6170628,1,0.7273918195563893,GMM
11.881901,11.583262,0,0.9865892899231561,GMM
11.310425,7.4218574,0,0.7245859584081081,GMM
9.5946,10.388722,0,0.9938499446913174,GMM
10.990574,1.9123548,1,0.9957381114985769,GMM
8.178048,10.687478,0,0.9968553668368233,GMM
10.642425,-0.011292448,1,0.9970926649401108,GMM
11.328302,5.1810603,0,0.8895445116227609,GMM
12.416929,11.617866,0,0.9952819437376069,GMM
11.199046,11.8226795,0,0.9999270192078054,GMM
9.294437,7.941861,0,0.9864498665446214,GMM
12.762833,11.045332,0,0.9978755580951545,GMM
10.330224,4.156166,1,0.7594004880008575,GMM
7.806202,8.428883,0,0.9850936444803571,GMM
11.904104,-0.13400206,1,0.8915730526073276,GMM
9.795232,9.769382,0,0.9961565515299585,GMM
8.701028,10.429522,0,0.9995721625774143,GMM
6.968296,10.268199,0,0.999965206063819,GMM
10.453952,6.292036,2,0.9435029027278395,GMM
8.625181,-0.5173559,2,0.615967258804036,GMM
8.87675,5.646525,0,0.773871734436088,GMM
10.203031,6.919386,0,0.9936674983789823,GMM
13.19794,11.526214,0,0.9829573224145511,GMM
10.9994335,2.3720057,1,0.9961793258183295,GMM
10.661157,11.625614,0,0.9999686442164749,GMM
10.375894,3.1957061,1,0.870661300977528,GMM
10.289663,6.181808,0,0.9984052803737096,GMM
8.282853,11.31826,0,0.9998921717548455,GMM
10.327941,8.707236,0,0.5082981070689384,GMM
13.108332,12.953989,0,0.981155770257304,GMM
12.679461,10.252588,0,0.9809469057295722,GMM
11.352906,11.601092,0,0.9994324821365145,GMM
10.901739,0.86279166,1,0.9849444375767052,GMM
9.697409,2.6511078,2,0.9999948406939215,GMM
11.998847,3.6036396,0,0.6858089190290142,GMM
8.61429,8.294217,0,0.9981491702008352,GMM
12.029051,9.376428,0,0.735390013175216,GMM
11.945458,12.059245,0,0.996190229854985,GMM
12.592076,1.4054766,1,0.9726537654787337,GMM
12.144241,6.938806,0,0.9534249983917532,GMM
10.830397,6.105528,0,0.993962936809444,GMM
8.519541,10.008366,0,0.9779264016899895,GMM
12.292997,13.241188,0,0.9990185905387725,GMM
7.81142,5.400255,1,0.857033281144877,GMM
10.426864,10.230234,0,0.9984093103429307,GMM
11.442303,10.912444,0,0.9964235317031169,GMM
10.449031,1.4051532,1,0.9499582943363828,GMM
8.146419,9.509717,0,0.9938351193581041,GMM
10.313312,1.3131769,1,0.98688721794578,GMM
7.8995447,4.8438864,1,0.9538811449666729,GMM
10.213406,1.5335268,1,0.9810391509084458,GMM
10.67354,7.2356973,0,0.9813427391879423,GMM
13.272074,13.64555,0,0.9556618803599023,GMM
8.405395,5.05363,1,0.9154368355814482,GMM
12.600442,1.0090065,1,0.5427667123470655,GMM
10.810468,1.5415375,1,0.997078320140945,GMM
10.284057,7.7719164,0,0.9839014356681224,GMM
10.378512,1.8339859,1,0.995724433355818,GMM
12.69945,-0.25677204,3,0.8993573666927952,GMM
11.56657,8.174406,0,0.9200109431042053,GMM
11.862918,9.735851,0,0.9238472583681776,GMM
9.9432535,9.340311,0,0.9993325720450821,GMM
8.922195,1.9278516,1,0.972553577811958,GMM
9.098025,1.2667083,1,0.8235020305247146,GMM
10.644897,3.291368,1,0.9928354387316546,GMM
7.03204,10.495583,0,0.9999971325312849,GMM
10.254009,-0.4919037,1,0.9673159258697689,GMM
9.004227,10.244864,0,0.9997605148920579,GMM
11.848309,1.5953699,1,0.958002660918764,GMM
12.251337,7.078203,0,0.5620133578376714,GMM
11.572571,-0.07976005,1,0.8651000912586533,GMM
8.105046,5.769491,1,0.8837261817604913,GMM
12.679865,0.75595784,1,0.6803882798118505,GMM
9.718417,5.38001,1,0.8365533416193931,GMM
9.070161,11.943137,0,0.9942514031887356,GMM
9.729413,7.608596,0,0.9988713613653201,GMM
11.271816,12.410801,0,0.9998839313344606,GMM
7.47886,2.4896967,2,0.99999999999077,GMM
6.8634543,10.018952,0,0.9996864101333207,GMM
10.380551,2.84998,1,0.9904177662367024,GMM
9.317662,9.444113,0,0.997597194494723,GMM
12.143158,4.4264135,0,0.89967465646479,GMM
5.6184254,2.562997,2,1.0,GMM
11.43362,4.447535,1,0.6947148599592915,GMM
8.686865,-0.09731907,2,0.8791784809602131,GMM
9.901049,6.890247,0,0.996540524527915,GMM
9.126342,1.7590449,1,0.9428642261504548,GMM
9.607001,4.1001997,1,0.913147473827855,GMM
5.2260785,2.5462754,2,1.0,GMM
10.098418,8.115955,0,0.9897314048873421,GMM
8.860539,10.09761,0,0.999398210552551,GMM
9.823464,8.938661,0,0.9994845006942407,GMM
9.131759,7.04522,0,0.9597765373376282,GMM
11.836355,12.918168,0,0.9998092086982668,GMM
11.124699,2.4419146,1,0.9526097579270527,GMM
11.618723,11.062056,0,0.9990267362324257,GMM
9.611808,1.363459,1,0.9911880547273259,GMM
11.686395,7.3664274,0,0.8785318606289199,GMM
9.318634,9.223339,0,0.9862236025072934,GMM
9.26217,5.1739006,0,0.5675900297288974,GMM
11.209743,11.168127,0,0.9994780610808108,GMM
8.65251,5.1637793,1,0.7827088566568067,GMM
8.225034,4.725859,0,0.7800327735182531,GMM
8.94945,9.262013,1,0.5455158699604724,GMM
8.96135,8.141281,0,0.996690170074418,GMM
10.11852,12.132394,0,0.9996486342583483,GMM
11.127736,3.996453,1,0.922490515187184,GMM
10.80695,11.805576,0,0.9994420145326823,GMM
9.428872,10.90291,0,0.9995970619744738,GMM
8.261812,6.779382,0,0.9925279496677324,GMM
12.161568,0.9957403,1,0.6070871274846548,GMM
8.7208185,10.125599,0,0.9966341629710015,GMM
9.872342,7.737899,0,0.8765123483016141,GMM
9.968741,10.563798,0,0.9991407770373358,GMM
7.435816,10.23326,0,0.998195977065245,GMM
6.9065485,10.1159315,0,0.9999347578262378,GMM
11.326557,12.906477,0,0.9980309451429796,GMM
8.741308,4.331256,1,0.5833429307462412,GMM
9.807485,7.929965,0,0.9714650729786537,GMM
11.241555,8.747219,0,0.9961172150753992,GMM
10.594292,-0.61385655,3,0.99983916355079,GMM
10.09686,6.138515,0,0.8659179535271544,GMM
7.2187114,9.715044,0,0.9979458541356724,GMM
10.999071,8.353797,0,0.7571444992305483,GMM
11.294001,11.722705,0,0.9999635088656507,GMM
10.217686,7.149128,1,0.7591566048991484,GMM
9.330202,7.7168555,0,0.9899705270588137,GMM
11.188263,12.58205,0,0.9997999883997413,GMM
10.773683,11.777978,0,0.9998366858900589,GMM
8.883898,3.826841,1,0.8581129070230866,GMM
11.88669,12.98331,0,0.9998911537383366,GMM
9.368555,-0.42491055,3,0.9491133607453084,GMM
10.770737,6.616861,0,0.6852318157341545,GMM
8.539037,7.0681915,1,0.8062183863913323,GMM
12.007234,10.042006,0,0.9640531753532634,GMM
9.284522,0.19327492,2,0.6980492642059518,GMM
9.512949,7.2990446,0,0.9874610232033144,GMM
8.913086,-0.4086254,1,0.9418383866778468,GMM
10.672533,5.5710387,0,0.6794739261923382,GMM
8.624759,2.2370446,1,0.9911023342850084,GMM
10.696283,12.209817,0,0.9994858556442587,GMM
11.925312,6.25638,0,0.7543695310416787,GMM
12.551304,11.007417,0,0.8538597787870917,GMM
12.764887,-0.51410884,3,0.9998774729980251,GMM
10.12448,7.6622686,0,0.9758739717712532,GMM
13.124724,10.200552,0,0.9578387927069328,GMM
11.298636,1.1226246,1,0.9888809239965273,GMM
12.411592,-0.42419857,3,0.9950731716742133,GMM
10.82173,0.6186095,1,0.9973005638092457,GMM
9.728111,-0.16814451,1,0.974359447091127,GMM
12.518875,7.6609635,0,0.8399470606113422,GMM
9.900315,7.635154,0,0.9780782159517698,GMM
11.515127,1.5818924,1,0.9851814533843765,GMM
10.903183,4.452008,0,0.8193920625781944,GMM
12.734751,2.8490689,1,0.8767479074838944,GMM
12.38323,13.3324175,0,0.9983121883653288,GMM
12.423224,-0.005315746,1,0.8942031110858525,GMM
10.484283,5.2226067,0,0.8051965078673675,GMM
13.270706,10.420002,1,0.9549204317948883,GMM
11.14646,12.025837,0,0.9997867332269222,GMM
10.71219,11.290942,0,0.9981428011415967,GMM
10.333262,8.394357,0,0.9975061403402434,GMM
12.616211,1.9299965,1,0.9354761710724597,GMM
11.012439,3.0950067,1,0.9702174321576065,GMM
9.889122,6.8534822,0,0.8218851787858835,GMM
10.126302,11.243238,0,0.9998804777152932,GMM
13.624056,13.400597,3,0.9991730076233689,GMM
10.116543,7.478052,0,0.9811183526252563,GMM
12.407449,2.7692041,1,0.6127001563741712,GMM
8.2003975,9.703535,0,0.9962436431352556,GMM
5.787015,2.6482236,2,1.0,GMM
8.59322,7.554771,0,0.9836873854908471,GMM
8.198534,4.3232737,1,0.9945861666070746,GMM
12.004559,-0.3800273,3,0.9057882082814931,GMM
6.8216486,9.900553,0,0.9993856814942548,GMM
7.2191257,3.1476002,2,0.9999344724559526,GMM
5.698985,2.6020513,2,1.0,GMM
13.22838,11.341537,0,0.8582423807173005,GMM
12.462669,0.2461967,1,0.7038431360277105,GMM
12.863802,10.873753,0,0.9918013277039214,GMM
9.969272,1.3544611,1,0.9932955814976542,GMM
8.191791,6.2757444,0,0.9533769827023415,GMM
8.446518,10.680028,0,0.9982563326917455,GMM
11.614494,-0.78319776,3,0.9999999976918588,GMM
10.578665,10.9769535,0,0.9811171513333828,GMM
9.115754,9.887249,0,0.9954779413629815,GMM
9.521508,11.0900955,0,0.9963743823545939,GMM
10.650501,-0.29687595,1,0.994692117181371,GMM
10.202475,1.5256901,1,0.9948722258019762,GMM
10.255374,5.885859,0,0.578175457383625,GMM
8.628218,6.0831203,1,0.6036282747490064,GMM
7.3213134,9.2396145,0,0.5760102368383966,GMM
8.822865,8.2357235,0,0.9966760958617403,GMM
11.634608,9.65945,0,0.9894775999174698,GMM
7.8723044,8.48249,1,0.9046457722250623,GMM
8.110211,6.126651,0,0.7361313362308666,GMM
9.955356,0.37021986,1,0.9969606476179721,GMM
9.411312,4.6948357,1,0.7700187220624011,GMM
9.04163,10.138344,0,0.9975771396841454,GMM
10.244329,10.810212,0,0.9966996816506372,GMM
11.451846,8.672155,0,0.9292043194599199,GMM
10.209222,7.935577,0,0.9971565381008402,GMM
11.233733,4.119905,0,0.5669292909684549,GMM
10.916821,1.7627466,1,0.9952946364163421,GMM
12.378821,3.4143877,1,0.9371187475357308,GMM
11.222748,6.209831,1,0.8000756597270396,GMM
9.992077,8.731198,0,0.9989604355184607,GMM
9.544934,9.805311,1,0.8829060049574504,GMM
11.246484,2.6200325,1,0.9806678215389085,GMM
13.322108,10.753516,0,0.9644997553548198,GMM
11.204847,11.770269,0,0.983259046041887,GMM
12.12967,-0.44627887,3,0.770652318796659,GMM
9.990281,4.8233843,0,0.8787205405348781,GMM
8.317049,10.877525,0,0.9565460297782822,GMM
9.250119,10.100705,0,0.99982703573459,GMM
10.769487,3.53378,1,0.585819866278479,GMM
4.30435,2.2766974,2,1.0,GMM
7.808816,6.33238,1,0.9499502146873019,GMM
12.130437,13.448859,0,0.9997867737078672,GMM
9.217214,4.8455143,1,0.8380571504536605,GMM
11.54414,9.19127,0,0.988452884711621,GMM
11.861966,13.5961275,0,0.9999557469635496,GMM
11.68963,0.14676006,1,0.9100176895872026,GMM
13.115366,12.165322,0,0.9505697282391266,GMM
9.677445,7.041939,0,0.9927791306693057,GMM
11.842816,7.714819,0,0.9147074355816434,GMM
10.94697,0.31353548,1,0.9904006811276098,GMM
12.766184,10.260448,0,0.9831017231940865,GMM
12.37828,10.424004,1,0.94929391317903,GMM
8.829548,5.7107086,0,0.8951898966002001,GMM
7.8031197,8.835218,0,0.9940536777599445,GMM
8.536182,7.7171545,0,0.9914590906069431,GMM
9.364642,5.5771255,0,0.8924993514546924,GMM
10.429712,9.746395,0,0.9997775270414606,GMM
11.506934,9.522315,0,0.997815494432314,GMM
8.317297,7.197817,0,0.9971522849326125,GMM
11.384571,2.3486097,1,0.9624088871315318,GMM
8.05513,8.064624,0,0.934082021285544,GMM
8.679558,8.728446,0,0.9946088760503634,GMM
11.275853,10.276366,0,0.9982228039344659,GMM
9.652162,3.33996,1,0.9550588661408848,GMM
11.900786,1.5437375,1,0.9364004327765786,GMM
9.854395,10.412785,1,0.9569382512980165,GMM
11.663069,9.453385,0,0.9890041024239604,GMM
10.997141,10.170911,0,0.9997319440120355,GMM
13.3212805,13.421816,0,0.9958214630087644,GMM
8.506194,4.5872006,1,0.9264749334849269,GMM
11.403468,0.46605316,1,0.9762330855920945,GMM
8.997909,8.664518,0,0.9988270874545905,GMM
9.850263,8.459974,3,0.9999566298152038,GMM
10.091755,3.4340475,1,0.866829021948665,GMM
8.87867,7.5316167,0,0.9992557432174128,GMM
6.59521,2.6572719,2,0.9999999864720391,GMM
8.498837,5.2106075,0,0.7269620956664818,GMM
7.8961196,10.856818,0,0.9988044159011792,GMM
9.413352,5.9466853,0,0.9779161932416452,GMM
8.496351,2.4096103,1,0.9774450856245868,GMM
10.225961,4.9990697,1,0.7999430215355973,GMM
10.136666,7.892645,0,0.9961313813456358,GMM
9.404471,4.363551,1,0.9346752487433964,GMM
10.64629,-0.04175845,1,0.9976253425041439,GMM
8.164103,11.112289,0,0.9995523759768996,GMM
11.559884,-0.21528049,3,0.9094556789023149,GMM
6.57888,2.9274473,2,0.9999999997151932,GMM
11.9637785,3.2643409,1,0.7943496019487596,GMM
9.710087,0.9062949,1,0.93657302610101,GMM
11.313677,0.27870545,1,0.9890647002057887,GMM
11.458385,11.279364,0,0.9997684234295091,GMM
9.683735,9.268793,0,0.9970798662032379,GMM
8.577775,-0.22561924,2,0.9999460117037359,GMM
11.512728,9.726106,0,0.9877187821194711,GMM
12.376774,1.956224,1,0.5645141445919624,GMM
10.908259,9.814421,0,0.9557812062308751,GMM
8.244979,9.904332,0,0.9956433391578968,GMM
12.146057,1.6538162,1,0.9769450952153407,GMM
9.063462,1.5028144,1,0.9595781035779527,GMM
10.764683,0.40131688,1,0.9515850682320487,GMM
7.272969,10.053646,0,0.9978952512511245,GMM
11.584973,1.9424986,1,0.9929891625443285,GMM
9.028948,6.9193196,0,0.9661572280679678,GMM
7.967609,4.925259,1,0.9338824623417646,GMM
8.768412,-0.78848684,2,0.9839520933514593,GMM
10.481191,3.5820282,1,0.5096578387876702,GMM
10.741819,0.04237281,1,0.9870034945298616,GMM
10.754545,4.0143805,1,0.552636168165837,GMM
9.867029,3.481599,1,0.9650909205210182,GMM
8.946359,-0.9138389,2,0.631019729405749,GMM
11.200918,3.7232022,0,0.5874639877818753,GMM
9.527138,-0.08157005,1,0.9586994144669994,GMM
8.814673,3.5095003,1,0.9839474423408829,GMM
10.1279545,5.967172,2,0.5031479913198253,GMM
12.0537615,3.7322397,0,0.8669163499684973,GMM
9.736027,4.340115,1,0.6946331813067502,GMM
10.202412,11.100555,0,0.9481690855062604,GMM
10.669763,8.676415,0,0.9998216250876957,GMM
11.826404,-0.85188615,3,0.9997240618000734,GMM
9.183182,3.6376202,1,0.6365965832109288,GMM
11.348415,0.12664321,3,0.8974340254326776,GMM
7.1018786,8.44884,1,0.8014230676892958,GMM
13.3140955,12.040567,3,0.9972209359180737,GMM
9.671565,8.855194,0,0.9948169220475194,GMM
10.299667,2.3599021,1,0.9978901351141262,GMM
9.597153,-0.23376688,1,0.9721448957505332,GMM
8.41348,10.671491,0,0.9592203669016178,GMM
8.401728,10.457303,0,0.9993675436179557,GMM
10.677426,4.6242275,1,0.6131189293170751,GMM
12.4760065,13.918907,0,0.9998934645147927,GMM
12.491887,12.499957,0,0.9987739840682227,GMM
10.08078,2.5455518,1,0.9709938558691176,GMM
10.581962,11.66492,0,0.9934731983592933,GMM
11.153521,-0.60181665,1,0.8456831623728359,GMM
12.5081415,12.302657,0,0.9946477053911215,GMM
9.870661,11.103405,0,0.9999109888121652,GMM
9.014214,10.948075,0,0.9937345868678099,GMM
11.267978,12.877085,0,0.9998667677732436,GMM
10.967686,8.107774,0,0.9911252611351569,GMM
8.150696,5.849919,1,0.828903886117017,GMM
11.270991,4.4994774,0,0.5089139809354231,GMM
7.6379104,8.754494,0,0.9881160782108727,GMM
9.83293,2.7113798,1,0.9127939877044231,GMM
8.448993,5.2938805,0,0.8254603536570576,GMM
10.887201,6.1450915,0,0.9988504671133932,GMM
9.198208,5.6142974,1,0.876437765542608,GMM
13.095503,10.659839,0,0.7834923983224704,GMM
9.468393,6.056634,0,0.992144264709194,GMM
9.202926,6.1145806,0,0.5614894495489338,GMM
11.8702135,12.977626,0,0.9990670285890619,GMM
10.723789,5.623123,0,0.8918737031573588,GMM
10.370511,9.606521,0,0.9833939517790811,GMM
9.785371,10.965511,1,0.4650289913639086,GMM
12.020501,1.097943,1,0.9931489934381235,GMM
11.447148,11.616074,0,0.9998809446753393,GMM
11.670718,12.277642,0,0.999884006456493,GMM
11.348894,8.199852,0,0.9758277065680238,GMM
10.246572,10.26377,0,0.9995530553376483,GMM
10.0458,4.16768,1,0.899646652136311,GMM
11.868731,4.473513,1,0.5908263264110537,GMM
10.928666,3.7008557,1,0.5618669405433194,GMM
10.941677,5.979266,0,0.9005465593987683,GMM
9.742635,-0.2159676,1,0.9389097033333098,GMM
11.005785,6.933362,0,0.9822858280299268,GMM
10.726554,5.512094,0,0.9799520461156246,GMM
7.589243,6.064036,0,0.9426554951412668,GMM
12.159328,8.552945,1,0.7545965598200567,GMM
12.2340555,8.025158,1,0.7366581546866239,GMM
11.855829,0.22052144,1,0.9821345528852864,GMM
11.868862,10.733643,1,0.6336218213407966,GMM
7.961595,9.176335,0,0.581233780894113,GMM
11.470808,11.9521265,0,0.974422039196768,GMM
8.034633,11.299424,0,0.9999539006615008,GMM
10.325987,12.286216,0,0.999710754912805,GMM
10.367546,1.8213441,1,0.9967912368027311,GMM
9.540638,5.4930167,0,0.6075003183757303,GMM
9.712313,1.8798627,2,0.5797083585185838,GMM
11.633448,5.6296077,0,0.8157101050315585,GMM
10.701154,9.089453,0,0.9960826732332262,GMM
9.113506,2.1769335,1,0.9827480681796179,GMM
10.370941,6.5912213,1,0.7462399791924845,GMM
12.013259,13.007918,0,0.9999218351742251,GMM
6.9034963,10.156321,0,0.9999833370964853,GMM
11.640912,-0.534285,3,0.9999999669860641,GMM
11.600021,12.636389,0,0.9998232900567084,GMM
6.551212,9.308362,0,0.9992930585591479,GMM
12.129922,7.6376977,0,0.8945710629686321,GMM
6.6047735,9.850733,0,0.9999920258805004,GMM
8.460523,4.744589,1,0.726299752965385,GMM
10.108098,12.241426,0,0.9997385650372166,GMM
12.447552,1.1291361,1,0.9644454059169579,GMM
8.856277,3.7518723,1,0.9890862188527173,GMM
7.89719,5.4961905,1,0.7787959109178257,GMM
9.200919,4.0727105,1,0.9684926451551503,GMM
8.696935,7.983947,2,0.9889903532042932,GMM
7.375882,10.635102,0,0.9997531883213103,GMM
12.895011,9.884742,0,0.9872255267547263,GMM
11.272555,6.809509,0,0.7724550908064642,GMM
11.55812,0.84864473,1,0.9682084593525602,GMM
4.4081187,2.3159194,2,1.0,GMM
10.791416,11.34767,0,0.9987736429101901,GMM
10.56055,7.4670577,0,0.9725416260045923,GMM
10.086065,8.921084,0,0.998666519382581,GMM
9.799055,1.8011775,1,0.9931459081845341,GMM
9.520719,6.2070475,0,0.9268047131033994,GMM
10.568718,3.9305518,1,0.9105053330282191,GMM
8.303975,6.961985,0,0.9885597683647263,GMM
13.028614,12.192252,0,0.9845600425040827,GMM
8.535564,9.069364,0,0.9550729326492993,GMM
8.204197,5.9380407,1,0.7908745656953365,GMM
9.824843,-0.65885067,1,0.9765913179494925,GMM
10.183595,6.0851808,2,0.8807961370457794,GMM
8.456401,8.60065,0,0.9721749684700279,GMM
8.84887,5.499318,1,0.8064430116148469,GMM
13.447476,11.560128,0,0.8947284269892065,GMM
10.472677,8.394525,0,0.9503386387149475,GMM
9.998429,9.179616,0,0.985956217011597,GMM
8.566358,-0.03983447,1,0.8747015324784487,GMM
8.17238,7.365148,0,0.5871040613918124,GMM
9.772807,3.19702,1,0.9877599320345527,GMM
10.11141,6.3394685,0,0.9985371829353253,GMM
10.813005,10.564464,0,0.9999110241526,GMM
11.0334635,10.226599,0,0.9970818729652179,GMM
9.5046425,8.826963,0,0.9958293257434103,GMM
11.264582,10.774259,0,0.6799682267902263,GMM
7.15449,9.172088,0,0.993143712587154,GMM
7.33496,8.001505,0,0.987556254171076,GMM
12.19171,3.8000824,1,0.5443561393437631,GMM
11.588652,8.4335375,0,0.9552530519549738,GMM
8.328375,6.4238515,0,0.5880626252259445,GMM
10.949776,3.5269244,1,0.9012720544028773,GMM
12.514389,-0.63878924,3,0.9998507412120021,GMM
13.284595,12.501643,0,0.8363382752765823,GMM
8.193437,10.641945,0,0.9934068734278398,GMM
10.473151,8.766184,0,0.9560763994735606,GMM
10.342798,1.479291,1,0.9924107163775707,GMM
10.692084,5.5898266,2,0.9999999999999876,GMM
10.529509,9.133045,0,0.9997247208902842,GMM
9.733401,9.813397,0,0.9993540788201317,GMM
10.649367,9.4351,0,0.9840164417445215,GMM
10.535994,11.163392,0,0.9994254234434624,GMM
13.005589,12.885156,3,0.9769060854308307,GMM
10.421876,7.5969977,0,0.991693249808982,GMM
12.214274,3.065523,1,0.9346357123322144,GMM
12.6807165,7.6007357,0,0.956430548593438,GMM
9.932792,8.206251,0,0.9860537818832384,GMM
8.613602,9.626077,1,0.8552756128422827,GMM
9.649975,4.7857995,2,0.8703326595707022,GMM
10.461144,3.4937313,1,0.9111914146021776,GMM
11.341235,4.639507,0,0.7842311585220237,GMM
12.3663845,12.078713,0,0.999493896579641,GMM
11.677132,-0.052044712,3,0.6563857803409198,GMM
12.983598,12.687293,0,0.9964505307350013,GMM
9.885663,3.7858245,1,0.9862612041243134,GMM
11.012742,8.707726,0,0.9968779638266532,GMM
11.05464,11.829274,0,0.9982695266662626,GMM
11.62717,-0.049567018,1,0.9892008727785491,GMM
9.45024,-0.48676494,3,0.9830575637245461,GMM
11.098027,-0.6765136,1,0.8963945661840464,GMM
10.360027,0.69690436,3,0.9969434017025561,GMM
9.770778,7.7941785,0,0.9744301977360362,GMM
9.625477,3.671359,1,0.9737014298113408,GMM
11.981839,2.26308,1,0.9936085039070038,GMM
10.768682,8.3897,0,0.9482399574368359,GMM
12.4930105,0.9187723,1,0.6055756328026756,GMM
9.113076,8.524628,0,0.8836246930442457,GMM
11.00756,1.0494087,1,0.5996170687865094,GMM
8.559362,3.8675838,1,0.9665696831093972,GMM
8.452328,-0.28587377,2,0.6559385912949138,GMM
10.868528,10.830547,0,0.9981251322998198,GMM
11.98097,0.114933856,1,0.9686734297397573,GMM
8.443953,9.825185,0,0.9880984321048335,GMM
13.350777,13.072631,3,0.9683616630366818,GMM
10.458596,7.537763,0,0.9986379981946784,GMM
10.837679,0.61366653,1,0.8965233105158268,GMM
8.681999,9.424865,0,0.9988355245301577,GMM
10.120466,4.9639173,1,0.8944086142585118,GMM
11.132638,6.749287,0,0.916820010690887,GMM
8.381803,4.01151,1,0.8740824355376472,GMM
10.17395,6.556532,0,0.9769707483403222,GMM
11.000876,11.250917,0,0.9983891626122262,GMM
10.431799,8.199009,0,0.9806347967776292,GMM
11.045097,9.317415,0,0.9689326486883464,GMM
11.046906,11.20476,0,0.9995894282309427,GMM
9.538464,7.256045,0,0.9128407279707411,GMM
11.428344,0.6845192,1,0.9944458641160707,GMM
8.37539,9.430031,0,0.9978951313294757,GMM
11.46097,9.155107,0,0.9934197667451515,GMM
7.239562,7.477135,1,0.7855238514592112,GMM
12.985197,13.088368,0,0.9993823291504615,GMM
8.248464,7.104236,0,0.9755166653922916,GMM
9.514987,-0.7786825,1,0.9862125009444795,GMM
12.915827,13.041369,0,0.9990183666988423,GMM
12.840704,10.438065,0,0.9767909685328412,GMM
10.502471,5.536682,0,0.9123147884492032,GMM
9.712029,5.6360226,0,0.664219884038141,GMM
8.605025,7.572103,0,0.9913442080824335,GMM
11.254295,10.0777235,0,0.9988855454272997,GMM
10.781532,-0.21463259,2,0.9075273144693692,GMM
10.685545,5.0466485,0,0.5520260739155913,GMM
9.881993,5.8559327,1,0.7384183178446786,GMM
9.722226,7.0498314,0,0.9933869622303452,GMM
12.406592,10.616277,0,0.997449454513795,GMM
9.240188,3.1172926,1,0.99444267351444,GMM
12.138271,0.007380508,3,0.9559397904842941,GMM
12.042246,2.5211635,1,0.9932477702635595,GMM
9.586786,10.133773,0,0.9974282563042159,GMM
10.254841,3.7729757,1,0.9628265642868389,GMM
8.645557,5.8794427,0,0.9739813927211871,GMM
9.325696,2.1007466,1,0.9904211986478413,GMM
10.910695,8.436528,0,0.9585741661874567,GMM
12.52083,1.0831459,1,0.9558076207965198,GMM
11.71517,12.184105,0,0.9969114007338924,GMM
11.211218,8.143929,0,0.905081706092844,GMM
8.9640665,4.6949954,1,0.8706115807932645,GMM
9.321549,7.7104464,0,0.9934521709624441,GMM
10.365639,3.271976,1,0.9297952564762658,GMM
8.282282,10.449349,0,0.9931907706675505,GMM
9.096006,3.6257157,1,0.9363953517319034,GMM
7.828268,8.772734,0,0.9963374133306913,GMM
13.220178,12.449076,0,0.9909191374785912,GMM
11.583259,11.748938,0,0.9999323845974938,GMM
9.31368,0.4933203,1,0.4381418746360599,GMM
8.5337715,4.5627007,2,0.9254123082263334,GMM
11.10571,0.3798694,1,0.9870477433558575,GMM
11.912663,13.568732,0,0.9998829946331905,GMM
8.099115,7.437116,0,0.9879882287041648,GMM
8.958398,6.6652117,0,0.9066715262588582,GMM
11.608207,12.843739,0,0.9986795102713731,GMM
10.876306,2.9499822,1,0.9113535287366038,GMM
11.3979645,4.7968497,0,0.6299774172029144,GMM
10.780034,4.535063,1,0.846911578286777,GMM
8.222884,7.2353964,0,0.9260864332652552,GMM
12.339501,1.580039,1,0.9831906884690946,GMM
9.38486,9.735106,0,0.9995384006374378,GMM
11.2192545,0.9119474,1,0.9922927326404725,GMM
10.774795,8.674865,1,0.877887912378531,GMM
9.469864,10.001021,0,0.9947166821320506,GMM
10.041369,6.5573583,0,0.9972652215355243,GMM
9.726257,8.322193,0,0.9927566501894465,GMM
11.4018955,1.4640415,1,0.9953300555034719,GMM
8.2811575,9.08312,0,0.9980342053317901,GMM
11.366113,-0.062798984,1,0.9801019192875826,GMM
7.9068513,5.4682636,1,0.994985275690551,GMM
6.263957,2.7979808,2,1.0,GMM
8.445778,5.1580777,2,0.9993939300227331,GMM
9.168056,7.12998,0,0.995419878808682,GMM
11.3820915,2.0457966,1,0.9964757055349941,GMM
12.16631,10.498246,0,0.9931441745707196,GMM
10.060321,9.994193,0,0.9984037799181282,GMM
9.912739,3.025514,2,0.929488400896545,GMM
12.667959,3.0030398,1,0.8329881669616258,GMM
11.2697735,10.206046,0,0.9993992160757319,GMM
8.730854,10.49428,0,0.9997154723379035,GMM
12.265972,1.9639521,1,0.9743761685799587,GMM
11.681923,-0.26608714,1,0.9217640582897374,GMM
11.564617,4.655022,0,0.8387893574323183,GMM
10.495911,5.380212,0,0.9607565358234137,GMM
10.857425,5.127056,0,0.8680854426013946,GMM
8.473652,8.396895,0,0.9716679141456497,GMM
6.9601445,8.866405,0,0.9934953202158532,GMM
12.054521,2.7463503,1,0.9768454954542606,GMM
9.351214,6.1673484,0,0.9796768388427671,GMM
7.433247,8.970397,1,0.9026923759552552,GMM
9.749013,3.4787426,1,0.9237602603579915,GMM
9.911205,5.0226307,1,0.565343875323122,GMM
9.933179,2.6142862,1,0.9923715004034954,GMM
9.426435,8.279889,0,0.9561413113593197,GMM
11.123099,3.360141,1,0.9301143799053281,GMM
11.010558,10.738506,0,0.9999149732378074,GMM
12.534277,-0.3856747,3,0.9963472039296091,GMM
11.883634,11.650122,0,0.9995166626956301,GMM
10.360565,2.7638447,1,0.910268397451783,GMM
9.779039,4.3865385,1,0.6024109101668577,GMM
9.783632,6.850769,0,0.9849768537737985,GMM
11.1386595,-0.42771426,1,0.8419192428656856,GMM
9.990351,4.9800563,0,0.860538974257528,GMM
7.0010304,10.465674,0,0.9999999791106229,GMM
10.6365185,7.762848,0,0.9920984294560234,GMM
9.03216,3.737904,1,0.9928858238395812,GMM
11.680665,4.048972,1,0.6340242385819944,GMM
9.579043,4.7326064,1,0.7531080178655807,GMM
7.9794946,9.286312,0,0.9400078214069951,GMM
10.626026,1.0076145,1,0.9975686254427008,GMM
7.8873262,9.573817,0,0.9811057035884443,GMM
11.787634,9.622601,0,0.9957932525417927,GMM
8.905519,-0.2780731,2,0.8066989291739856,GMM
10.201198,4.958901,2,0.5643455126701017,GMM
11.769263,12.713291,0,0.9999600084892354,GMM
9.121355,0.17637303,2,0.9995826343789591,GMM
10.010879,-0.33509243,3,0.9999908337845184,GMM
11.769311,1.6351007,1,0.9765236814232047,GMM
11.3944025,11.8809185,0,0.9992178648395678,GMM
7.1960993,7.954526,1,0.9854827106080983,GMM
9.297844,4.2297783,1,0.9710918409606467,GMM
11.839531,11.440058,0,0.9956176889529996,GMM
9.147485,0.4893955,2,0.48938028362560415,GMM
9.6963825,9.901188,0,0.9197378523769092,GMM
10.329254,2.9861674,1,0.9294450443932551,GMM
8.80596,2.597317,1,0.987668307813882,GMM
11.406322,10.84214,0,0.947696773986095,GMM
10.464207,8.267698,0,0.9905206365713018,GMM
10.434338,2.9123974,1,0.9261822984403877,GMM
11.569946,1.7092197,1,0.9768698390776932,GMM
11.622368,3.8533974,1,0.9669068526209977,GMM
10.48559,5.5543766,0,0.722402173812893,GMM
10.0076,5.833669,0,0.9936636916533675,GMM
9.444486,-0.42181575,1,0.7504201433469759,GMM
10.270549,11.361102,0,0.9989300704572456,GMM
8.007193,9.172598,0,0.9958790441910866,GMM
9.253454,5.183485,0,0.9116806740464234,GMM
11.254622,3.0758343,1,0.9664066636145144,GMM
8.8563795,2.8432665,1,0.9874520817331939,GMM
8.916143,3.2115653,1,0.987776699228754,GMM
9.134425,7.259261,1,0.7701023683003391,GMM
10.943396,11.272234,0,0.999795911662461,GMM
10.024423,7.0245767,0,0.9743633047452601,GMM
9.78617,7.771509,0,0.9975305832286426,GMM
11.408059,10.663454,0,0.9991239563558234,GMM
12.398311,7.1184144,0,0.7928856803197771,GMM
12.00041,8.159626,0,0.9467962315017131,GMM
11.203644,0.23336217,1,0.8908889032347355,GMM
13.354652,12.835677,0,0.9848270649229008,GMM
8.324041,8.809649,0,0.9648127269116494,GMM
10.75125,0.1719799,1,0.9968880011481026,GMM
8.127283,8.5212145,1,0.710391310556865,GMM
11.434951,12.773611,0,0.9619701422099767,GMM
8.699333,5.7767625,0,0.8973184955487732,GMM
11.272246,11.574752,0,0.9999692665923288,GMM
10.69634,11.450503,0,0.999803291531912,GMM
8.771662,8.975045,0,0.9942548079418809,GMM
9.9493685,9.247213,0,0.9987219536908625,GMM
9.446095,3.6072388,1,0.9880668154777342,GMM
10.452946,0.7904049,1,0.9916189061112498,GMM
11.366045,0.9839513,1,0.9878649282623843,GMM
8.967497,-0.5491317,2,1.0,GMM
11.439862,2.7913465,1,0.9930749266708669,GMM
12.509806,11.568,0,0.9975867566561746,GMM
10.436345,3.7508426,0,0.8372135543191213,GMM
12.346464,12.742624,0,0.9997512565243548,GMM
8.921237,-0.599272,1,0.8482013312306731,GMM
8.345292,8.565176,1,0.8319933007730168,GMM
12.771484,1.0614605,1,0.8120432081531685,GMM
9.204521,5.466436,0,0.9630959061872699,GMM
11.2818575,8.001911,0,0.9821369033967943,GMM
12.435916,1.4701363,3,0.6910475169282306,GMM
11.673354,6.9024134,0,0.9063968694038377,GMM
7.5190177,8.142107,0,0.9878754851650611,GMM
11.397051,9.279239,0,0.9898575769896336,GMM
11.086943,3.1287248,1,0.9792543754593066,GMM
8.725767,4.022705,2,0.681959149428812,GMM
9.133777,4.796874,1,0.9893799788016462,GMM
11.207526,0.0014211335,3,0.6434956178723451,GMM
9.14848,0.97722834,1,0.8920154524494739,GMM
11.162305,1.6433016,1,0.9925044140971707,GMM
8.717954,-0.30852082,1,0.9204977501966827,GMM
10.886229,5.3372574,0,0.7144278369174173,GMM
10.806786,0.9447307,1,0.9917648957484563,GMM
7.9645267,9.645702,0,0.963948787268248,GMM
11.350538,12.607102,0,0.999749780286532,GMM
11.918344,6.1613913,0,0.5867119416442509,GMM
8.806223,9.434898,0,0.9995550321853052,GMM
11.221969,8.953122,2,0.9981086686047564,GMM
8.755785,10.351187,0,0.9994224589711239,GMM
12.197605,9.960321,0,0.9884993920781094,GMM
7.816321,9.76437,0,0.9978118941859032,GMM
9.310581,11.776032,0,0.9995100723839925,GMM
12.464796,10.17202,0,0.9508302728792403,GMM
13.177489,10.730823,0,0.9908982362767027,GMM
8.488163,1.5446084,1,0.9530740601505853,GMM
11.593024,2.3296475,1,0.9297558011560032,GMM
11.92635,0.6868654,1,0.9951831716285405,GMM
8.157987,4.9396567,1,0.995916153202925,GMM
9.321106,4.1994476,1,0.9047028541434715,GMM
10.204758,6.6415315,0,0.9813024306207611,GMM
8.776553,10.668286,0,0.9994946571237125,GMM
10.255995,6.4939857,0,0.9996960759903919,GMM
11.139549,7.230934,0,0.8524093091630496,GMM
12.372575,10.091908,0,0.9931501632640004,GMM
12.504991,-0.70580435,3,0.9999235715833368,GMM
9.1772785,-0.28885922,2,0.9880902830291405,GMM
10.807779,1.5342252,1,0.9979990971519419,GMM
13.078512,11.686001,3,0.8844672469115455,GMM
11.233458,11.3209505,0,0.9999565145807531,GMM
10.507394,9.407608,0,0.990399117359513,GMM
11.493154,0.30833906,1,0.9785359373520339,GMM
7.875625,9.48933,0,0.5670560156178774,GMM
10.380294,4.663681,1,0.9830074773166337,GMM
10.233958,7.248613,0,0.9979978161995924,GMM
10.260068,-0.43125498,3,0.6290097639520733,GMM
9.97958,3.8785496,1,0.5509947524283973,GMM
10.252391,10.146893,0,0.8806329438070882,GMM
12.293532,12.649738,0,0.9971017051847245,GMM
10.726838,0.71426517,1,0.9935219870444977,GMM
10.719731,4.538684,1,0.7431563194628372,GMM
11.054153,7.9652877,0,0.8298399935402603,GMM
11.481383,10.831678,0,0.6751860012975531,GMM
11.986173,1.0035527,1,0.9832364373983316,GMM
13.33664,12.788724,0,0.9958818092916195,GMM
9.293589,0.73225945,2,0.8772433211080966,GMM
12.966946,13.979415,0,0.9984891193702373,GMM
10.008184,0.16366354,1,0.9944381122598114,GMM
9.192424,0.6624979,1,0.9456171720145655,GMM
8.551741,8.7470045,0,0.9910022630967857,GMM
12.420667,13.657491,0,0.9998909009532314,GMM
10.517521,3.9466531,1,0.9174829718788743,GMM
10.11508,8.055833,0,0.9995242972200167,GMM
8.564661,1.9607854,2,1.0,GMM
9.651192,10.145581,0,0.9356488181436353,GMM
9.30205,7.9211,0,0.9945691686994549,GMM
10.3754,4.431815,1,0.6034753618201789,GMM
12.551979,3.0010903,1,0.9585563742139257,GMM
12.249574,1.4155812,1,0.8359671832499531,GMM
10.3589,11.406544,0,0.9992565585215785,GMM
12.191754,10.092046,1,0.7644507955777672,GMM
12.863443,10.203041,0,0.9706449713008778,GMM
12.132907,0.46809697,1,0.5909408144606345,GMM
11.707044,3.5238028,0,0.8433699564778818,GMM
12.414762,11.527198,0,0.9323365566214958,GMM
9.123718,0.40238327,2,0.5727658164132245,GMM
11.124573,-0.0028470524,1,0.8860062351933581,GMM
4.9866114,2.4756346,2,1.0,GMM
11.243624,6.783073,0,0.8532148286377086,GMM
11.352105,11.611163,0,0.9993598321040613,GMM
12.019652,6.732333,1,0.6515481088464063,GMM
11.156821,10.510614,0,0.9848740195992661,GMM
8.954828,2.9625556,1,0.9898116403628182,GMM
12.998464,11.619191,0,0.967086887851125,GMM
12.394005,12.742474,0,0.9966170010348492,GMM
5.922697,2.7224665,2,1.0,GMM
10.241973,-0.5294717,3,0.9679412853177675,GMM
9.228944,0.35402814,2,0.9999898336228947,GMM
10.318619,2.7377155,1,0.9706917258518816,GMM
10.143888,5.5517726,1,0.6659095860324656,GMM
8.661223,-0.80355287,2,0.9814175909592864,GMM
10.887679,11.74858,0,0.9998556288405759,GMM
13.191248,11.411293,0,0.9191961342115301,GMM
10.137526,5.7623863,0,0.9344533601882838,GMM
13.397958,12.641978,0,0.8597288711188154,GMM
13.2515545,10.358573,1,0.6572725846167021,GMM
7.6542873,11.164254,0,0.9997791121568936,GMM
9.659554,7.3897266,0,0.9973805164641185,GMM
12.476922,7.4913387,0,0.9446763432537655,GMM
12.815198,0.75600195,0,0.5474432174870806,GMM
12.35186,6.886694,1,0.9907484893181056,GMM
10.82345,-0.1951895,1,0.9901192170289685,GMM
10.283307,6.0160975,0,0.9967966835431238,GMM
11.333996,10.388615,0,0.9966499339637307,GMM
10.731455,6.4217563,0,0.6952771089034459,GMM
8.635928,8.195827,0,0.9981411463922936,GMM
10.064563,7.5803194,0,0.9732397021969482,GMM
11.1793785,-0.57231957,3,0.6296196085953237,GMM
8.521553,7.857141,2,0.9933312340963252,GMM
10.173213,5.1898494,1,0.6442963373874971,GMM
12.175644,11.10214,0,0.9945950552680123,GMM
10.950714,1.5072883,1,0.9959915597802749,GMM
10.07098,10.589047,0,0.9997204391599452,GMM
12.408287,1.9531235,2,0.5407842879189866,GMM
10.678223,0.18067104,1,0.9969610347507276,GMM
12.877846,12.494179,0,0.9988692154586177,GMM
10.462066,6.074327,0,0.9805620932343226,GMM
10.970155,10.045474,0,0.9998671929126555,GMM
12.8032465,9.151929,0,0.7177407310745806,GMM
10.258826,2.818805,1,0.9826719453005115,GMM
12.282168,10.875238,0,0.9662639857314769,GMM
12.731166,13.016618,0,0.9984544641343319,GMM
9.720341,4.0197196,1,0.9789003843263878,GMM
7.0839553,2.7125082,2,0.99999999999811,GMM
10.3009205,1.419138,2,0.999641801040559,GMM
8.621251,6.9143286,0,0.9954580116258513,GMM
8.137966,9.161894,0,0.9955325960844528,GMM
9.802339,2.7551758,2,0.9393864985183514,GMM
10.531953,5.3655596,1,0.5605736980781862,GMM
11.830076,12.227366,0,0.9992823411994373,GMM
11.456964,10.502085,0,0.9986482081264405,GMM
11.017558,4.1906095,1,0.8489056631785041,GMM
11.809297,2.4171088,1,0.9286551607942201,GMM
12.904412,12.586329,0,0.8142749035085756,GMM
8.34792,3.0917315,1,0.9848954738027139,GMM
11.878401,9.4888,0,0.9886414445929397,GMM
11.234793,-0.3479608,1,0.9912030789992406,GMM
11.418559,3.3684099,1,0.888152222388163,GMM
7.8779507,10.404874,0,0.8428581422366899,GMM
12.478196,12.039568,0,0.9995769567092004,GMM
12.080853,10.861433,0,0.9956017666010325,GMM
9.156027,9.668476,0,0.9940328343371013,GMM
11.116428,4.1338325,0,0.50564830185523,GMM
10.396628,3.2214622,1,0.8718396651231609,GMM
10.799663,0.91739047,1,0.9967989642934992,GMM
9.703715,3.451264,1,0.9945911390147048,GMM
8.819871,7.196833,0,0.8710450718743069,GMM
10.87801,6.207908,0,0.9989244985918312,GMM
10.3476715,1.1619884,1,0.9931358995679516,GMM
10.303208,4.1348763,1,0.8384928545448335,GMM
9.786012,5.4359746,0,0.9384295717538562,GMM
7.5329146,3.1619055,2,0.976341885972594,GMM
10.652412,5.7253966,0,0.7109388560246024,GMM
7.9150343,5.4429746,1,0.8841932258857699,GMM
12.548758,13.909163,0,0.9959614345690954,GMM
9.931397,2.2874029,1,0.9930812008080452,GMM
13.632123,13.285908,3,0.8864047043697717,GMM
8.632095,2.4860504,1,0.9940245026204616,GMM
10.814573,5.360116,0,0.8278338228509301,GMM
10.417269,11.719178,0,0.9995508183318763,GMM
10.496047,0.1763993,1,0.9732272186550173,GMM
10.950344,-0.721128,3,0.7909923283789176,GMM
10.257797,1.5620768,1,0.9663173799462597,GMM
9.18572,5.0943975,0,0.8747638066492288,GMM
9.04519,8.579666,0,0.9775122729475194,GMM
9.598314,5.9356546,1,0.6343732889076616,GMM
9.861472,6.0252867,0,0.5495025554380152,GMM
9.27714,5.987306,0,0.9564379986289802,GMM
8.944775,7.2008743,0,0.5966702459880858,GMM
12.311591,9.092191,0,0.9559607078892342,GMM
8.537231,10.097044,0,0.9977582781692359,GMM
8.715745,4.316688,1,0.8540586330671802,GMM
10.554675,1.1626543,1,0.9955362368555682,GMM
9.03349,5.177815,1,0.8502788576160891,GMM
11.122214,2.8013551,1,0.9932940922801726,GMM
12.244616,2.745702,1,0.8105421681792331,GMM
8.597498,3.8219035,1,0.9942648421675706,GMM
7.833403,6.9708924,0,0.6675231111712758,GMM
8.923325,10.507879,0,0.998441555973709,GMM
9.075532,0.4513529,2,0.9187455697990142,GMM
9.765643,1.2484473,1,0.9783453768731347,GMM
12.641458,13.696703,0,0.9999294171472201,GMM
8.580022,2.1125615,1,0.9777253736490908,GMM
9.238184,10.981892,0,0.9999158318108142,GMM
11.26906,11.827828,0,0.9995424387581036,GMM
10.399424,3.4445531,1,0.9287005566368715,GMM
10.922573,2.3721044,1,0.9815507733483843,GMM
7.012426,10.461361,0,0.9999968223623922,GMM
10.130291,9.7281685,0,0.9949819862098719,GMM
10.15751,6.773003,0,0.9795037581085473,GMM
9.25378,4.979823,1,0.9602036724520613,GMM
8.25182,8.880916,0,0.9891043943203066,GMM
9.967652,3.9933944,1,0.9301692757769011,GMM
10.959403,3.7283838,0,0.5969679560252064,GMM
7.222093,9.5460415,0,0.9990399941157335,GMM
11.812653,6.3019032,0,0.8042004059736065,GMM
7.5629625,7.462715,0,0.966987440359954,GMM
7.4069448,7.6812396,0,0.6025499412189663,GMM
4.463498,2.3477829,2,1.0,GMM
12.542173,12.236886,0,0.9875825910595522,GMM
9.633059,1.5458723,1,0.9739722985544353,GMM
9.000384,3.5163903,1,0.8522163352176603,GMM
11.648967,3.7348888,1,0.9713915341835476,GMM
11.688427,7.2126985,0,0.9140752014897272,GMM
12.001376,4.3581033,1,0.9290796104190974,GMM
11.769324,11.550633,0,0.9965147935274099,GMM
9.571671,4.1549883,0,0.6574796534676829,GMM
11.24861,4.0820503,1,0.7409169903430619,GMM
12.205295,-0.61183983,3,0.9999999998415863,GMM
5.9280996,2.7004912,2,1.0,GMM
11.306886,10.230094,0,0.9902033699566792,GMM
8.416308,7.5246305,0,0.9719270074674436,GMM
9.030921,3.4824286,1,0.5423702575548105,GMM
9.79729,1.3268561,1,0.9590073510246426,GMM
10.709587,6.3430285,0,0.9692094188552407,GMM
12.192498,9.934312,0,0.9942739725139065,GMM
12.751484,7.7141814,0,0.8001170937465052,GMM
10.664909,5.8247714,0,0.9417093068345798,GMM
11.25114,12.012761,0,0.9999616843093428,GMM
11.320055,10.047524,0,0.9992557168859438,GMM
9.497351,1.1304649,1,0.8695465684770347,GMM
8.339432,6.220639,1,0.8771498345750912,GMM
9.739721,11.478578,0,0.9994155543309017,GMM
11.993981,3.1354084,1,0.7335133366442833,GMM
10.3257885,11.893794,0,0.9998077366603965,GMM
8.72411,4.570821,0,0.7788570192299228,GMM
9.497794,4.650012,1,0.8294654009150333,GMM
12.265204,-0.5634824,1,0.602374441358237,GMM
13.113897,12.543376,0,0.9994825072834548,GMM
10.270114,6.459243,0,0.9996101823652316,GMM
10.277689,1.7096555,1,0.9960358655524089,GMM
10.4245205,12.241442,0,0.9992991990231056,GMM
11.145267,12.830959,0,0.9999730276927838,GMM
10.460357,10.852416,0,0.9875493973302366,GMM
8.458441,8.570491,0,0.9932070273205397,GMM
11.093295,12.08374,0,0.9992991479474749,GMM
11.55709,11.653632,0,0.999592248574324,GMM
9.131275,1.8213726,1,0.9836349825635968,GMM
12.043188,-0.15859076,1,0.9688588836449964,GMM
11.434229,8.051485,0,0.9853997841867397,GMM
11.390473,2.1230178,1,0.9898517937892164,GMM
9.970503,3.1499593,3,0.5048486770907624,GMM
8.509582,5.4444466,1,0.9586785179975322,GMM
11.954648,6.016068,0,0.8430145611886886,GMM
9.081962,2.6748617,1,0.9912611969334325,GMM
9.705151,6.979312,0,0.9996068797653508,GMM
9.853401,7.5709743,0,0.9937783796215554,GMM
8.423959,5.989839,0,0.9183960206068118,GMM
10.758527,2.8622477,1,0.9937718210418359,GMM
10.373314,1.2135948,1,0.805748082816833,GMM
8.787489,5.9548907,1,0.8685188669298955,GMM
9.183095,5.219062,0,0.8766512459930115,GMM
8.562393,2.3132858,1,0.597767191562203,GMM
12.0080185,3.3078887,1,0.6898275809256188,GMM
10.449781,6.688063,0,0.9375653759800261,GMM
7.886219,8.864431,0,0.9952500711713251,GMM
11.136196,4.569765,0,0.605492672655882,GMM
12.420964,-0.42793354,3,0.9978472197112259,GMM
8.873072,7.7800007,0,0.9498440720033385,GMM
10.904866,8.830925,1,0.5163365908146458,GMM
11.364209,2.4534645,1,0.9846215583835677,GMM
9.978118,5.116658,1,0.5599608077259172,GMM
12.081352,2.0870874,1,0.9436988691660253,GMM
12.603273,13.234598,0,0.9993217655373557,GMM
8.295171,6.653734,0,0.9603761327107665,GMM
11.919457,6.734586,0,0.6375719579259088,GMM
12.439408,13.302049,0,0.9994587299367894,GMM
11.980678,2.5881321,1,0.9471216291637271,GMM
8.738102,7.2727327,1,0.7712671258871684,GMM
11.019959,5.5449486,0,0.6012482721772995,GMM
11.529594,11.530068,0,0.9891159731645605,GMM
13.310839,13.705043,0,0.9813232163774295,GMM
9.989703,6.3953443,0,0.9987094766976526,GMM
9.418543,11.023954,0,0.9991210381752484,GMM
11.092093,1.738939,1,0.9936904847995985,GMM
10.138629,4.780517,0,0.5462591077685837,GMM
12.029372,3.0357838,1,0.9698572307700467,GMM
9.851395,7.8717084,0,0.9792199357840184,GMM
10.546871,11.271868,0,0.9991154017246153,GMM
11.923659,2.2569008,1,0.9926887416299714,GMM
8.232112,10.218452,0,0.999227125531922,GMM
11.741306,9.791017,0,0.9981407770870108,GMM
9.516238,3.5230992,1,0.9931593176923313,GMM
10.535604,10.716614,0,0.9998402201482814,GMM
8.804289,-0.953521,1,0.6375528948781998,GMM
9.35085,-0.0143720005,1,0.9829288632397368,GMM
11.412573,13.026824,0,0.9999306535512655,GMM
10.084691,-0.25386542,1,0.8219245603636648,GMM
7.6990743,8.537128,0,0.9823438272867436,GMM
7.7704496,10.433476,0,0.7148899902781433,GMM
10.059775,7.979045,0,0.9870143555127037,GMM
8.629906,7.0438433,0,0.9294139310565044,GMM
10.382274,7.3889747,0,0.9900267500871832,GMM
9.298472,6.2769694,1,0.6234169443597771,GMM
9.581034,3.2348917,1,0.9892522161037385,GMM
9.1834545,11.827572,0,0.9997072454234447,GMM
11.351947,11.873702,0,0.9998777915547802,GMM
4.3516884,2.305146,2,1.0,GMM
11.078634,7.8974724,0,0.9891398447503539,GMM
6.8100376,3.250315,2,0.9999936219120212,GMM
11.884763,11.288067,0,0.9882945675975262,GMM
11.920749,11.981005,0,0.9998523571446872,GMM
8.986104,10.312828,0,0.9997867981328784,GMM
9.51723,6.7704306,2,0.9547711109217022,GMM
9.810117,0.9217894,1,0.9954484704560007,GMM
11.836844,6.922438,1,0.9163311455622205,GMM
8.40927,8.707462,0,0.9891135413034277,GMM
7.495259,9.869262,0,0.9978531040197792,GMM
7.9789667,3.5323899,2,0.9999970860000504,GMM
11.685829,1.0434296,1,0.9950410382492318,GMM
12.704491,13.437728,0,0.9989537590681636,GMM
11.521378,4.1071644,1,0.9738207353882926,GMM
9.136481,0.20499115,1,0.8692566199682311,GMM
9.286146,7.409003,0,0.986119132244017,GMM
10.629318,3.6011295,1,0.9740176846597939,GMM
12.29142,1.045459,3,0.5731227360386498,GMM
8.954667,1.1588085,1,0.9921838748801834,GMM
10.91059,3.1075938,1,0.8926920088978613,GMM
8.964694,11.413658,0,0.9999035868267306,GMM
10.392791,12.340382,0,0.999764098196527,GMM
12.802322,13.34841,0,0.9984019706591237,GMM
8.550851,2.7905738,2,0.8933457757995775,GMM
11.788816,3.0622215,1,0.9854248479125575,GMM
10.373301,12.351923,0,0.9998825173952619,GMM
6.7704697,3.1338155,2,0.9999999999996625,GMM
8.730122,0.7544933,1,0.8944533372528716,GMM
11.177163,7.081337,0,0.8521457257044447,GMM
11.385796,10.622341,0,0.8277628881678653,GMM
9.238866,8.639424,0,0.9772431703023126,GMM
7.8081126,10.580414,0,0.9849926463598639,GMM
11.780703,3.700623,1,0.9824289952458598,GMM
10.087837,7.241562,0,0.966172685531234,GMM
9.435284,7.076759,0,0.9971779429092964,GMM
12.033442,1.4618895,1,0.9962560507316802,GMM
11.890059,8.585155,0,0.905340384316207,GMM
9.459818,10.716015,0,0.9892200788961664,GMM
9.683031,8.765271,0,0.9809259939900546,GMM
11.435161,-0.06969219,1,0.8309875667984438,GMM
9.866569,11.7107115,0,0.9997731668059427,GMM
11.508111,1.8663049,1,0.9968197249138938,GMM
11.954049,2.8800356,1,0.5201975681279815,GMM
9.98832,0.941643,1,0.9943696398210077,GMM
9.44585,-0.27469817,1,0.8852487592021179,GMM
10.318473,5.3890057,1,0.5813639205866247,GMM
9.914963,6.112402,0,0.9978409167447706,GMM
11.804066,10.700522,0,0.9883306797924855,GMM
9.00877,0.88900304,1,0.5449636015137209,GMM
9.338042,7.5624166,0,0.9982181100123267,GMM
8.492196,2.5421581,1,0.9371480915089856,GMM
13.125664,13.507476,0,0.9931661379390617,GMM
9.237666,2.5979283,1,0.9851500085861897,GMM
12.260464,3.7344184,0,0.8545986570217743,GMM
8.419762,9.572743,0,0.9871086662506121,GMM
12.1022625,10.206916,0,0.9963574241998152,GMM
11.3694515,0.9854386,1,0.9988411189571609,GMM
9.798362,-0.23193057,1,0.965779072617021,GMM
10.64835,8.442706,0,0.9959310979986309,GMM
8.523597,6.5397673,0,0.892076213322556,GMM
10.688359,0.3444027,1,0.9731757589035905,GMM
9.52817,10.970912,0,0.996933293590391,GMM
10.682169,10.458375,0,0.9997092382011592,GMM
10.727184,1.88994,1,0.9962700500015743,GMM
8.635168,5.722851,1,0.8700806312481344,GMM
12.101568,13.38598,0,0.999921766085496,GMM
12.516422,1.4291947,1,0.585970185479994,GMM
12.172126,1.4183472,1,0.9764501084301869,GMM
9.018422,0.60626394,1,0.9774772706187337,GMM
10.500316,10.535779,0,0.9922743660859052,GMM
10.36901,9.936166,0,0.9982576102561812,GMM
9.956355,9.94949,0,0.8286657345420677,GMM
10.277417,4.7735567,1,0.827538928186404,GMM
9.098919,8.959299,0,0.9949789226463411,GMM
11.973354,12.58159,0,0.99827916313778,GMM
12.127144,12.276348,0,0.9990660616598889,GMM
10.834647,3.5219479,1,0.917019795209508,GMM
12.017795,10.639599,0,0.9986479168312354,GMM
13.329649,12.937215,0,0.9886891692929555,GMM
11.916764,7.0667973,0,0.9032308496087069,GMM
10.521776,9.426798,0,0.9990512451944714,GMM
12.059422,4.456956,0,0.7701014996867966,GMM
9.96174,6.280344,0,0.9710692378394564,GMM
10.788771,5.8441567,0,0.9795456918379515,GMM
11.3054085,0.86738265,1,0.9750453923968513,GMM
8.742829,2.244712,1,0.9638841159941626,GMM
12.8583975,12.461249,0,0.9971192145431342,GMM
8.938201,-0.3796599,2,0.9999401157731098,GMM
10.839151,3.157151,1,0.908978550575898,GMM
9.819117,4.8310714,1,0.5008039120728881,GMM
9.275525,3.9427247,1,0.9892531940027194,GMM
8.5724125,4.9331174,0,0.728331799479817,GMM
12.766049,9.390592,0,0.8904492704881274,GMM
9.8156395,7.409315,0,0.9936936700608842,GMM
11.140603,-0.6759523,3,0.9552521042294649,GMM
9.46149,10.502171,0,0.9992742823499084,GMM
9.213567,7.757684,0,0.8503843965895922,GMM
12.018119,3.1685362,1,0.5260667424779758,GMM
12.175209,2.1114717,1,0.9763792920596487,GMM
11.45737,7.016538,0,0.9381147078835987,GMM
8.756361,7.889828,0,0.9871929793691515,GMM
9.564191,-0.18093652,1,0.5587261316024459,GMM
9.666884,3.301426,1,0.9756327490822186,GMM
9.239614,9.133205,0,0.9966682880196464,GMM
12.342028,10.426801,1,0.7310608507468775,GMM
10.443742,9.877773,0,0.9997854281999313,GMM
8.832805,7.560714,0,0.9008393730167812,GMM
9.754794,6.318472,0,0.9557781358605613,GMM
11.373943,10.075407,0,0.7610094493211277,GMM
10.623634,7.776762,0,0.9971644762845869,GMM
10.805328,0.7266661,1,0.9858361375443914,GMM
6.3730707,2.7745857,2,1.0,GMM
11.466981,10.956296,0,0.9991322925713322,GMM
8.148916,11.085839,0,0.9861402569698806,GMM
9.690921,0.019809037,1,0.9376600042642167,GMM
9.238185,4.2181106,1,0.9399910954565569,GMM
12.025591,12.829657,0,0.9999557716867788,GMM
11.305641,11.750774,0,0.9997387771961245,GMM
11.912213,1.5198878,1,0.9761042249144039,GMM
10.448434,11.220023,0,0.9988138184612322,GMM
8.7573595,8.916171,0,0.9927649044858975,GMM
8.565011,4.2543373,1,0.9661054709677804,GMM
9.065603,6.713796,0,0.9961065586741641,GMM
9.764085,1.2855436,1,0.9926829493512729,GMM
11.59967,12.754574,0,0.999683605996623,GMM
11.531415,11.771789,0,0.9990766126223274,GMM
11.852023,12.612277,0,0.9993937314279798,GMM
12.056346,2.801135,0,0.6735562662505293,GMM
9.72915,7.2228193,0,0.9880313448202225,GMM
12.896761,11.872927,0,0.9428992952640874,GMM
7.9222846,8.546276,1,0.5044253047924467,GMM
11.358595,8.914029,0,0.9592842200421117,GMM
10.215579,11.925877,0,0.999879628889007,GMM
9.832016,11.678335,0,0.9994809079530309,GMM
9.369545,10.815981,0,0.996938342169661,GMM
8.500096,0.17150675,1,0.6872598439996201,GMM
10.41543,5.9737654,0,0.9986987613224,GMM
10.797239,8.169234,0,0.9945946178109617,GMM
11.486332,8.512574,0,0.977668746991848,GMM
11.06869,12.16371,0,0.9998271425201476,GMM
9.171868,0.5980079,2,0.996869967051217,GMM
9.13359,7.5003157,0,0.522143134205639,GMM
10.5848055,1.4312437,1,0.9963701818381002,GMM
7.832064,9.237794,0,0.9988515633152995,GMM
10.754216,6.0640283,1,0.940832192953189,GMM
12.8618765,12.3502,0,0.9902277536096448,GMM
7.439933,9.59596,0,0.9816704369135139,GMM
12.334247,3.501288,0,0.7293362520420595,GMM
11.718064,0.7966056,1,0.708905594981826,GMM
10.920209,9.180406,0,0.999673532224641,GMM
7.508206,8.487596,0,0.9940247904889381,GMM
10.980869,2.580527,1,0.9856443839051677,GMM
13.423402,12.147179,3,0.808862919801838,GMM
10.866837,12.209656,0,0.9909316708786702,GMM
11.604908,1.7958474,1,0.9928066808346354,GMM
12.3830595,2.4930346,3,0.8347231690075669,GMM
8.14942,5.3534594,2,0.9732670884596435,GMM
10.595529,12.160579,0,0.9996069645678154,GMM
10.689671,11.629821,0,0.999626156245132,GMM
12.629423,11.761758,0,0.9546390786232696,GMM
9.721409,10.607986,0,0.9993269001235193,GMM
9.627069,6.569085,0,0.9984849509890836,GMM
10.658697,4.932325,1,0.7539651524324026,GMM
9.068579,6.862609,0,0.9576451665399355,GMM
9.797254,6.876804,0,0.9858772980714143,GMM
8.742464,-0.085754044,1,0.9363753497417695,GMM
7.778649,5.148765,1,0.9947759207352279,GMM
9.346164,5.167869,1,0.6929410773364648,GMM
9.275535,1.9143201,1,0.9228477785152084,GMM
11.70718,10.40862,0,0.9388085580891208,GMM
11.375637,10.535127,1,0.83800369499261,GMM
12.931792,13.997902,0,0.9983761917243094,GMM
11.501066,4.474318,1,0.5967577165971527,GMM
11.377886,4.781189,1,0.9159369773537948,GMM
10.732128,8.664291,0,0.9987501990117057,GMM
10.284604,3.981046,1,0.926710845851382,GMM
8.984124,4.1137633,1,0.7295902653558074,GMM
9.562528,1.5499412,1,0.9838889898193933,GMM
11.982163,11.309499,0,0.9857285606630571,GMM
8.867714,5.8768997,0,0.8300331824898428,GMM
10.280244,7.70119,0,0.9888923652575871,GMM
10.026634,5.840366,0,0.9751523714422126,GMM
10.156739,1.2411493,1,0.8145449021934699,GMM
8.220393,10.831571,0,0.9501681743211056,GMM
11.041364,1.656645,1,0.9947857016997237,GMM
10.702324,3.093924,1,0.8926825483529266,GMM
10.220668,3.280092,1,0.9814108320996512,GMM
12.343031,7.268094,0,0.8671555279206625,GMM
12.347267,7.4182596,0,0.5816320594779167,GMM
8.481641,4.244596,1,0.9932519893970302,GMM
10.005626,6.121554,0,0.8761695380483693,GMM
11.1205435,9.535191,0,0.8727712411369047,GMM
11.831234,12.202701,0,0.9993414863643588,GMM
10.546391,10.81175,0,0.9996578775895224,GMM
13.649706,13.594499,0,0.9136043676755833,GMM
8.446134,10.358624,0,0.9981379435731217,GMM
8.588967,9.932006,0,0.4501159340216822,GMM
9.988119,2.5616274,1,0.9816528238441891,GMM
12.077104,1.3193564,1,0.9844567717432037,GMM
10.115252,0.27607703,1,0.868606216331826,GMM
10.287185,5.9224052,1,0.9671862608089498,GMM
9.106825,4.981694,1,0.7157308786578077,GMM
8.84792,2.6376908,1,0.8729733005782558,GMM
10.638539,2.3348858,1,0.9929442323581684,GMM
11.226197,7.455576,0,0.9228304354955438,GMM
10.880963,5.0168595,1,0.560009076803897,GMM
10.032782,5.9039416,0,0.9828973372918816,GMM
10.713581,4.1797314,1,0.9589380134162235,GMM
7.4352,10.031813,0,0.9993106086062767,GMM
10.469598,2.1008718,1,0.9960239634604593,GMM
9.757369,-0.45565304,1,0.9968012089212112,GMM
9.128339,-0.78316504,2,0.7829629388944119,GMM
11.415633,4.696369,1,0.9561356432736572,GMM
8.844671,6.408865,2,0.99993977935308,GMM
11.245019,10.462094,0,0.9981211163588383,GMM
7.971315,6.2933927,0,0.9550298888390716,GMM
10.6835575,1.0367492,1,0.9953517926331474,GMM
9.035283,4.1992917,1,0.9491797679134422,GMM
8.98867,1.0855052,1,0.8036604624619843,GMM
10.727946,5.08983,0,0.638530806572929,GMM
11.035692,4.1459603,1,0.8422056820007092,GMM
8.667895,6.6235666,0,0.947440425463818,GMM
10.597856,5.5882354,0,0.9127937402032545,GMM
10.171973,3.1079187,1,0.979576164241809,GMM
10.612802,10.1722975,0,0.9987930041465584,GMM
12.785737,7.7455196,0,0.9089961648729405,GMM
8.845706,3.8643212,1,0.9813306693780428,GMM
9.319556,4.566709,1,0.9587414685340192,GMM
8.929155,9.606282,0,0.9881906452115123,GMM
10.310579,9.37539,0,0.9776060171849227,GMM
11.117312,12.992006,0,0.9999570322827823,GMM
11.149021,7.628706,0,0.9599835711480514,GMM
10.876736,11.000089,0,0.9984897389445654,GMM
8.97833,2.455903,1,0.9702755753691304,GMM
9.80485,4.4684644,0,0.9589916624054924,GMM
10.199161,5.5300403,0,0.899129268199128,GMM
7.604149,8.37735,0,0.9868888185354462,GMM
8.73488,1.8038338,1,0.9589279788281707,GMM
10.669044,5.144922,0,0.6968516860139413,GMM
9.329881,7.1284037,0,0.9973827791182204,GMM
9.948046,6.6163287,0,0.9983749692696269,GMM
9.159754,11.840929,0,0.9999569497962167,GMM
12.160341,13.733594,0,0.9999059455103346,GMM
12.00065,11.374226,0,0.9988303026990697,GMM
11.514248,12.406651,0,0.999606958955298,GMM
8.607127,11.900784,0,0.999939805834449,GMM
9.921964,1.7847173,1,0.919134716975549,GMM
9.558165,2.239673,1,0.9908426489520883,GMM
12.366859,3.633242,0,0.7928060591445276,GMM
9.427596,0.43987852,1,0.826445108577669,GMM
10.133416,6.7422237,0,0.9762597282806746,GMM
11.649171,3.209121,1,0.733498198260149,GMM
13.121109,13.707786,0,0.9312841218016262,GMM
11.355925,12.792999,0,0.9997522586731217,GMM
6.6793447,9.501341,0,0.9994067296546467,GMM
8.826088,2.5025744,1,0.9587347594420613,GMM
11.619978,9.410293,0,0.9747899781268017,GMM
8.552192,11.5273485,0,0.9998340541817357,GMM
9.354157,5.389935,0,0.8443175358822228,GMM
10.496384,-0.3546052,1,0.985549513444255,GMM
10.800875,7.4918485,0,0.7429771005048676,GMM
10.173605,8.039954,0,0.7529779831107625,GMM
13.140529,13.384334,0,0.9952521161753914,GMM
10.567028,5.5664616,0,0.9810494606815271,GMM
12.662524,-0.47820848,3,0.9553467314745234,GMM
10.371721,9.141191,0,0.992794971690378,GMM
11.11794,7.94114,0,0.9900038822116622,GMM
10.604323,3.5687091,1,0.9757326622113616,GMM
9.640811,12.055548,0,0.9996972410156758,GMM
9.2567,-0.52164346,1,0.7905496959745791,GMM
10.258899,5.189506,0,0.8617992844347099,GMM
7.873526,5.9683,0,0.9960546574729492,GMM
8.713586,9.173256,0,0.9719273480959876,GMM
10.408354,11.087242,0,0.9990639679590144,GMM
11.31708,12.26024,0,0.9928287909759257,GMM
7.942927,9.821558,0,0.9873815181849743,GMM
8.514319,2.9248612,1,0.6959848539765734,GMM
6.6607165,2.890181,2,0.999999982218693,GMM
9.326834,6.8647633,0,0.9864889726491131,GMM
9.702102,6.0521436,0,0.9965278421174909,GMM
6.5205956,9.517779,0,0.9993624976333013,GMM
8.462282,10.945258,0,0.9984772010059934,GMM
11.039969,5.417931,0,0.8286855077844378,GMM
12.739882,13.966016,3,0.9979738766242721,GMM
8.672316,5.7649856,0,0.9619622610240872,GMM
12.238027,13.761077,0,0.9999390359286351,GMM
11.003215,1.2095933,1,0.9975507537668494,GMM
8.292046,4.2097216,1,0.9726196489840532,GMM
8.4066725,5.10213,1,0.9056485750124247,GMM
12.460495,-0.3327343,3,0.9966041603749927,GMM
9.903149,10.625541,1,0.6527410932021364,GMM
12.860143,11.712135,0,0.9989311949501587,GMM
8.125858,8.798292,0,0.9853534957625311,GMM
11.227057,1.4784725,1,0.9970073101705382,GMM
7.7901464,11.140895,0,0.9999293922948266,GMM
10.777968,1.4674413,1,0.9822096415173972,GMM
9.270409,7.982812,0,0.9816711737650481,GMM
9.6390085,0.47060907,3,0.7672229143358879,GMM
11.100771,4.2340593,0,0.639340297199715,GMM
13.14463,13.552043,0,0.9193370938498774,GMM
12.426616,1.1773642,3,0.9999814059244501,GMM
11.105702,12.570688,0,0.9999417619869382,GMM
10.769332,3.8754988,1,0.5688075109342169,GMM
10.107945,6.824407,0,0.9961413427372634,GMM
9.908019,0.65318525,1,0.9958395514131878,GMM
7.36082,9.748635,0,0.9902941717868109,GMM
11.122767,0.18741764,1,0.9964177023668707,GMM
8.535235,3.3723564,1,0.9863070535257292,GMM
11.768036,3.4058774,1,0.7084332213104263,GMM
9.7788925,11.182743,0,0.9995785667853485,GMM
9.540256,6.731317,0,0.9961028717493388,GMM
8.86472,4.728561,1,0.9526486440475753,GMM
12.649262,2.7469232,1,0.5050984580939232,GMM
9.404354,11.748839,0,0.999768455792592,GMM
9.825715,5.3424063,0,0.539690671623927,GMM
8.739503,4.6444874,1,0.982731656072521,GMM
10.277477,6.126557,0,0.9858812866809014,GMM
8.439953,-0.05478802,2,0.5531334795921163,GMM
12.445984,7.7465477,0,0.9417613948916065,GMM
8.66641,-0.023046179,2,0.6307613308291957,GMM
9.045648,1.9783822,1,0.9225381463327922,GMM
11.497652,0.62725025,1,0.9883788524554338,GMM
12.362629,10.36194,3,0.8183697609885838,GMM
6.7621417,9.945363,0,0.999883199867626,GMM
10.484892,5.7242527,0,0.8149583968566293,GMM
8.121106,5.2127123,0,0.8460631328017681,GMM
7.412392,7.919686,0,0.9350180305616984,GMM
11.227134,6.1484513,0,0.7866011507413938,GMM
9.945053,7.003279,0,0.9990112890821398,GMM
8.743794,9.710007,0,0.9984320296175544,GMM
7.613565,9.798727,0,0.7181813565842845,GMM
7.81033,6.762046,1,0.5027038660644529,GMM
13.294359,10.803316,0,0.8812364387446304,GMM
11.178714,10.513653,0,0.9996680408190288,GMM
10.970375,8.617523,0,0.9479702490708345,GMM
10.252442,6.720098,0,0.9055582563986587,GMM
12.305824,13.223018,0,0.999593744380352,GMM
6.946456,9.428389,1,0.8761452962330009,GMM
12.286167,13.60521,0,0.9991755420905486,GMM
13.309863,12.8445215,0,0.5410597302607653,GMM
11.017872,3.3358505,1,0.791872622860024,GMM
10.984207,3.8200064,1,0.5879724367753385,GMM
9.85791,9.657286,0,0.9994761498129584,GMM
12.372158,13.622664,0,0.998509160555377,GMM
10.336317,11.063826,0,0.9975147081478913,GMM
12.272555,13.597146,0,0.9999092664147246,GMM
9.704941,11.534596,0,0.9985791872021162,GMM
9.194765,9.558928,0,0.9995475210077133,GMM
9.700167,9.0674715,0,0.9990931902629804,GMM
10.265926,2.0334253,1,0.9946532684666489,GMM
9.823423,6.968892,0,0.9831993403224927,GMM
10.254942,11.958672,0,0.9999084945251057,GMM
8.916117,11.734919,0,0.9998560491153806,GMM
12.332833,9.032145,0,0.9949256356143575,GMM
9.398365,-0.012197928,1,0.9928777158247122,GMM
8.138776,9.19973,1,0.9589885060247034,GMM
10.050512,0.49196115,1,0.9967816801514775,GMM
12.366268,8.322001,1,0.8490502746714266,GMM
13.51554,11.9446945,3,0.525644816687223,GMM
11.307986,2.8867226,1,0.9536723378604223,GMM
9.306572,5.12616,2,0.8507716799351617,GMM
10.233137,8.976349,0,0.9874371429965415,GMM
9.591833,5.2674627,1,0.5693561640864241,GMM
11.286543,12.227244,0,0.9985785614169579,GMM
10.27961,10.709884,0,0.9999149150019432,GMM
8.837512,3.6722755,1,0.9855884047988717,GMM
10.3745,3.9059467,1,0.8918932819151958,GMM
10.8064995,-0.24322194,1,0.9935309502476827,GMM
12.575619,2.0626285,0,0.9261423554387449,GMM
10.401915,6.8207088,0,0.9865528754821258,GMM
10.468393,-0.6147823,3,0.9991516141670088,GMM
10.17538,11.716928,0,0.9992717968838621,GMM
7.6477203,7.777498,1,0.6073885958862002,GMM
10.626373,3.172805,1,0.9442139602003989,GMM
9.651038,-0.13716435,1,0.9934685685353353,GMM
8.950016,3.299835,1,0.9611315053646965,GMM
13.0895815,12.779309,0,0.7622622245200562,GMM
10.095136,9.302991,0,0.9976864573306372,GMM
8.36082,7.4041076,0,0.9721062146640272,GMM
8.827692,4.534292,1,0.9854461191738472,GMM
13.040332,13.193271,0,0.997343652125322,GMM
8.896433,6.251196,0,0.9899639066886562,GMM
9.634528,9.964132,0,0.8745664491902495,GMM
11.90564,1.6209903,1,0.9257754298212978,GMM
9.104019,8.97454,0,0.9981793543217092,GMM
9.938639,11.006672,0,0.9844201249654926,GMM
11.100561,1.383888,1,0.9958696733454804,GMM
10.619465,12.176501,0,0.9995869836370027,GMM
11.108049,9.990689,1,0.5153292076376224,GMM
11.684646,9.034421,0,0.979339730352252,GMM
9.471129,8.116881,0,0.9922363071501635,GMM
12.504931,10.049087,0,0.9902654202613713,GMM
11.844952,13.256135,0,0.9998302920293956,GMM
10.737454,9.861865,0,0.9997918137246335,GMM
9.007388,4.151229,1,0.9799005687428576,GMM
9.704509,3.5101013,1,0.9914241701354971,GMM
9.111718,4.422613,1,0.9511223952956456,GMM
11.298752,10.263571,0,0.9901644894454856,GMM
12.643128,12.979424,0,0.9980755681776835,GMM
9.847924,1.2807441,1,0.9882101080479178,GMM
11.888927,10.711001,0,0.9960856001381092,GMM
10.262736,9.112477,0,0.9817037221589567,GMM
10.148932,1.2271705,1,0.9820794166943083,GMM
10.901711,6.567032,0,0.7263731326847626,GMM
10.430462,3.7605305,1,0.7012442503968164,GMM
10.483615,6.2854934,0,0.9558409152624912,GMM
7.9083195,10.672261,0,0.9992846228630237,GMM
11.238258,6.023441,0,0.9729293578796805,GMM
12.52535,-0.1053225,1,0.5961486014832308,GMM
8.467591,7.95577,0,0.8431240172189769,GMM
8.409914,8.304681,0,0.7668394506715605,GMM
10.130687,10.472696,0,0.9990723653156927,GMM
9.149572,0.95291597,1,0.9776718380220888,GMM
9.405221,6.373544,2,0.8855944092754647,GMM
9.138025,6.841716,0,0.9927604619265745,GMM
9.369495,7.6491723,0,0.697862043022841,GMM
9.603187,10.476001,0,0.8959310552385995,GMM
10.834896,1.141458,1,0.9899373951473692,GMM
9.886932,4.6942515,1,0.7087141223706084,GMM
9.944292,1.2875718,1,0.9521696508175347,GMM
12.7314825,12.616476,3,0.812914042822802,GMM
10.957772,7.4107585,0,0.9443128706306843,GMM
10.613761,0.4702756,1,0.9959625875870194,GMM
9.307388,10.038053,0,0.9996914990485667,GMM
12.957644,9.686056,0,0.9006200049261647,GMM
12.742482,0.89063907,1,0.8911006265684872,GMM
7.965282,8.7704315,0,0.9858140897755255,GMM
10.858173,2.7840412,1,0.9782350957273046,GMM
8.739805,10.685878,0,0.9975163584779573,GMM
10.773475,5.463257,0,0.9057243387492034,GMM
4.5640836,2.3895113,2,1.0,GMM
10.007169,10.759507,0,0.9997358873431798,GMM
12.313578,11.649961,0,0.9970883301219301,GMM
8.8390465,8.97354,0,0.999241755334937,GMM
9.734785,2.0724738,1,0.9827371762838671,GMM
12.749277,12.909206,0,0.996488409147207,GMM
8.431869,1.5068091,2,0.9999848487597768,GMM
9.582114,0.049701486,1,0.9558944845404954,GMM
6.3708572,2.8418217,2,1.0,GMM
10.85383,8.607028,0,0.9583160414333751,GMM
10.96385,-0.65753335,3,0.9951858425926221,GMM
10.923925,4.298486,1,0.7966298392761781,GMM
9.838498,6.091027,0,0.9133354770933491,GMM
8.090423,4.7908983,1,0.9329389819665551,GMM
10.194134,8.527149,0,0.9962747024036936,GMM
11.234805,3.0804763,1,0.9485231147139969,GMM
12.31622,7.268072,0,0.9489467863061645,GMM
11.967625,7.793199,0,0.9713041836291972,GMM
8.3917,5.783551,0,0.8782787027530748,GMM
10.554316,6.2913384,0,0.9991516490694645,GMM
8.9901285,7.716352,0,0.9910519699450957,GMM
9.691685,9.256591,0,0.9953545484972195,GMM
9.067859,10.25215,0,0.9993401241643779,GMM
9.850902,-0.17606746,1,0.979488061138707,GMM
9.810637,9.838522,0,0.9964070251242986,GMM
8.176298,7.606359,1,0.6961544484209286,GMM
7.791676,3.3297486,2,1.0,GMM
10.53573,5.387467,0,0.9365486673799581,GMM
8.376855,9.647853,0,0.9876137617822301,GMM
6.959417,10.271259,0,0.9986297032993435,GMM
10.848649,6.917465,1,0.5451225101313025,GMM
12.073925,10.868653,0,0.9988744332945445,GMM
9.932153,3.4982157,1,0.9923207693395663,GMM
12.140101,12.892713,0,0.9982592649065392,GMM
11.189181,4.424948,0,0.5054060028373116,GMM
11.949129,6.82958,0,0.9278535521379299,GMM
10.524143,7.609823,0,0.9932082413411594,GMM
7.718943,6.0269046,0,0.9386525689834156,GMM
9.991493,6.3400846,0,0.9985272986110756,GMM
7.3139215,9.990268,0,0.9928194206618514,GMM
11.14747,5.828381,0,0.8917074206446312,GMM
10.168977,11.330855,0,0.998239145735298,GMM
11.677221,11.759877,0,0.9998233956624122,GMM
8.398288,5.232183,0,0.7828116894424255,GMM
7.3940234,7.948945,1,0.9876990296661385,GMM
9.512321,10.147286,0,0.9979610366526268,GMM
9.754822,12.308577,0,0.9999815783829262,GMM
9.834513,7.1144967,0,0.9964398156304365,GMM
8.064027,7.7495666,0,0.9151766366455746,GMM
10.711218,9.005216,0,0.9990856973393567,GMM
9.155256,-0.8842714,2,0.8732209786682001,GMM
11.631854,-0.32386795,3,0.9943882518880464,GMM
8.951771,5.4413524,1,0.5884365079288127,GMM
12.368003,12.5684805,0,0.9990586036582135,GMM
11.480018,7.7402306,0,0.8497094066757748,GMM
9.998483,5.004633,2,0.776458348109209,GMM
8.583673,10.006078,0,0.9974676868152902,GMM
10.171347,7.209565,0,0.9972118995827512,GMM
8.897356,6.1225066,1,0.5830594246892185,GMM
10.20163,11.6053915,0,0.9998690346421335,GMM
11.648377,0.9453626,1,0.9921070102502606,GMM
9.919546,5.824,0,0.9042652058180937,GMM
10.091229,10.527759,0,0.999350569213222,GMM
7.944364,7.6115603,0,0.9643913385663675,GMM
10.765003,4.8204913,0,0.6804535384817183,GMM
8.751705,2.2890394,1,0.9942144625039906,GMM
10.480632,11.859166,0,0.9982064323231657,GMM
9.532114,7.012552,0,0.9979669500874757,GMM
8.486979,10.743621,0,0.9859049167866445,GMM
11.0653305,10.359393,0,0.9998463394247471,GMM
10.865911,6.6355886,0,0.6988665003109439,GMM
10.018037,6.021137,0,0.7149135051600944,GMM
10.540771,11.6741495,0,0.9995562868220513,GMM
11.675646,9.770957,0,0.9445783150166405,GMM
10.1581545,11.280477,0,0.999554623893696,GMM
12.096002,0.532459,1,0.8170864300920236,GMM
10.131836,8.472642,0,0.9498031043467406,GMM
10.903938,1.596887,1,0.9894818360003056,GMM
9.700348,7.327817,0,0.9993630310456753,GMM
10.813969,12.231224,0,0.9998909870781243,GMM
12.04243,9.945527,0,0.9966095139027352,GMM
9.500927,3.5804145,1,0.9267863670400713,GMM
8.998371,0.8556631,1,0.9627120672743988,GMM
10.123628,-0.14831305,1,0.9834745803602613,GMM
9.627834,11.259485,0,0.9997749216117707,GMM
9.089942,7.068001,0,0.98082604955035,GMM
9.910345,1.296613,1,0.9346792871329603,GMM
9.604475,-0.9041729,2,0.7852651018782796,GMM
7.753413,9.902009,0,0.9998568616289111,GMM
8.346549,4.8167167,1,0.9544930001298791,GMM
8.006832,6.5124702,0,0.9910961906292735,GMM
9.814815,7.180537,0,0.9964607628670991,GMM
7.7508664,6.087423,1,0.9401690929653894,GMM
9.123904,6.188367,0,0.8873378888141684,GMM
8.8636265,2.9187744,1,0.9909094398857163,GMM
10.199977,10.441313,0,0.9999012862788489,GMM
10.671313,9.157213,0,0.9998664572410776,GMM
9.86456,2.8514178,1,0.97126868664266,GMM
10.749931,5.19925,0,0.8089902238353234,GMM
8.6126995,10.330978,0,0.9997099067518795,GMM
9.091862,0.6496498,3,0.9989814758072967,GMM
8.350164,9.966665,0,0.9956018464712305,GMM
11.981469,0.15500359,3,0.999902096219845,GMM
10.31365,8.562934,0,0.9247582214859567,GMM
11.599879,8.246439,0,0.8000455284389532,GMM
9.523586,-0.4803646,1,0.852255620001151,GMM
12.046736,4.2373815,0,0.6535167974920839,GMM
12.956296,10.228746,1,0.6810016634062724,GMM
9.494712,4.3363495,1,0.9299529454936857,GMM
12.284386,7.392938,0,0.9556356113250246,GMM
5.4310875,2.5087888,2,1.0,GMM
10.408045,8.033036,0,0.9515530564110627,GMM
10.735686,6.386795,3,0.9999919417262466,GMM
9.116987,0.7292847,1,0.8248162127660658,GMM
12.620984,9.179325,1,0.7454465944265468,GMM
12.472813,8.388296,0,0.9436341358718296,GMM
7.8687873,5.8769445,1,0.9728078068999193,GMM
10.956778,10.125143,0,0.9995535327831214,GMM
8.326641,11.411757,0,0.9997923976898745,GMM
10.910517,3.6622279,1,0.9320207113102021,GMM
11.759315,11.563447,0,0.9954879281610239,GMM
7.9880896,11.016902,0,0.9999101986672527,GMM
7.577552,8.213563,0,0.7238771472138248,GMM
12.368214,9.89707,0,0.9871286363866744,GMM
12.26366,10.067815,0,0.9906635525344508,GMM
12.3304205,7.4035726,0,0.5189611973938238,GMM
10.786259,5.982068,0,0.9455593405093787,GMM
11.058533,3.6827347,0,0.6973852591842034,GMM
10.266611,10.902594,0,0.9928066951009376,GMM
10.870794,8.678943,0,0.951758424885242,GMM
11.564437,-0.8202028,3,0.9992988896478754,GMM
12.166889,11.835787,0,0.9996871918719071,GMM
10.042682,2.545899,1,0.9782191795032676,GMM
9.669529,7.0389647,0,0.5849881719128001,GMM
8.894004,5.7061095,1,0.9569231268944468,GMM
8.286691,6.5508246,0,0.9376098128847039,GMM
11.812911,11.40758,0,0.9975559708798621,GMM
9.764705,5.9644017,0,0.9957598961764442,GMM
9.055527,7.7710986,0,0.9311456406692599,GMM
6.0124435,2.7057548,2,1.0,GMM
11.614107,9.45891,0,0.7269298134671484,GMM
13.3814945,12.807178,0,0.9972498800192855,GMM
10.865865,11.128924,0,0.9983065291852791,GMM
8.265354,7.7481856,0,0.9850252694342085,GMM
12.711974,0.43186587,1,0.8019405306192563,GMM
8.188594,6.495353,0,0.9068129392806693,GMM
12.3461275,0.17653391,1,0.5281323594011618,GMM
10.314339,8.709518,0,0.9869969472362711,GMM
8.94361,-0.42157748,2,0.9507491981761157,GMM
12.054224,7.5939083,0,0.9609476142241601,GMM
11.9222975,13.618842,0,0.9999796054299688,GMM
11.362152,11.24109,0,0.9999607055188814,GMM
12.392073,2.0225313,3,0.44266646609886756,GMM
12.583968,0.58362424,1,0.9366850439429276,GMM
8.277741,10.209429,0,0.9961580646950869,GMM
9.740229,10.913855,0,0.9962472246017616,GMM
10.247224,0.35660303,1,0.9979446174683063,GMM
8.267839,4.589304,1,0.962843709363082,GMM
10.506919,1.1395558,1,0.9922988130354968,GMM
10.138399,1.263134,1,0.994048741363383,GMM
9.294216,8.143543,0,0.9797069826450054,GMM
12.380549,12.5995035,0,0.9978960605719546,GMM
9.241192,10.722434,0,0.9988201855911774,GMM
11.261185,7.370628,0,0.9031808767287383,GMM
13.361064,13.33851,0,0.9924097269218326,GMM
13.400083,13.770043,0,0.9514423280388924,GMM
11.743457,13.117915,0,0.99983094518315,GMM
10.766695,4.261852,1,0.552970234410854,GMM
10.546753,8.816338,0,0.9779940358297173,GMM
7.441636,9.880363,0,0.9669345010340811,GMM
8.953435,0.85275704,1,0.8258552253758649,GMM
9.105414,5.1379333,1,0.9090822445677483,GMM
11.304359,5.587415,0,0.6618195689162777,GMM
9.950336,10.446779,0,0.9984475492654282,GMM
8.471497,2.3947432,1,0.9787628586847016,GMM
7.578199,6.0918145,1,0.8525576870787194,GMM
9.067991,8.567708,1,0.8849224240239967,GMM
11.342546,7.8534927,1,0.664360475783897,GMM
7.0972047,9.231238,0,0.9949984137919211,GMM
10.321521,5.282496,0,0.9603906916265866,GMM
11.870397,3.821827,1,0.8934014868067407,GMM
10.70624,6.4029794,0,0.9998006537226347,GMM
10.042929,3.642854,1,0.7197332542797799,GMM
11.625545,0.059982717,1,0.9559358433546097,GMM
10.22097,9.44514,0,0.5026087619111554,GMM
12.226429,7.8195696,1,0.7482179061926704,GMM
6.7916255,2.7922425,2,0.9999999999997513,GMM
12.861988,11.28293,0,0.9814131802814692,GMM
9.347282,10.120906,0,0.9987684314425249,GMM
11.69412,8.306796,0,0.9096837159450866,GMM
11.137289,0.12404098,1,0.9938530005927866,GMM
10.532251,10.248393,0,0.9182040417869579,GMM
10.378676,7.820597,0,0.9512022954269855,GMM
9.100005,7.0385823,0,0.9932687638603194,GMM
12.859971,11.509418,2,0.9726811552968323,GMM
12.077133,2.2769737,1,0.994684559781949,GMM
7.792651,10.535543,0,0.9296003137103942,GMM
12.5912895,9.439509,1,0.5036390367147126,GMM
11.711074,10.093558,0,0.9335734053250333,GMM
12.874681,12.933924,3,0.9999894143684466,GMM
6.6067176,9.429475,0,0.9751130035863256,GMM
11.718895,1.0714221,1,0.8379238343166852,GMM
12.45064,3.1266057,1,0.5973581049647629,GMM
10.567581,5.066262,0,0.9354188324713596,GMM
11.377863,12.116239,0,0.999868031077126,GMM
8.590527,4.004047,1,0.9586840347532044,GMM
8.248568,11.277563,0,0.40861972719911605,GMM
12.623935,8.430783,0,0.547855066791408,GMM
9.861196,0.92272484,1,0.9911011070170017,GMM
8.833857,0.8005133,1,0.9772764061318373,GMM
12.722292,7.3709707,0,0.9342905104480695,GMM
10.275494,7.2979693,0,0.9997063188268961,GMM
6.467565,9.639716,0,0.999999923023576,GMM
10.112758,3.303206,1,0.9937203880421489,GMM
8.992136,1.1775626,1,0.9553017678505621,GMM
11.421911,4.3266125,1,0.5608584175401214,GMM
12.749896,-0.35344616,3,0.9732163088185716,GMM
7.7004123,6.4499226,1,0.8196904371725782,GMM
10.795818,9.786994,0,0.999220254058473,GMM
11.830478,1.0397137,1,0.9884107764649623,GMM
11.870763,13.005501,0,0.9987926172970073,GMM
7.792878,8.379582,0,0.9902501778112562,GMM
11.485169,3.9016032,1,0.615505098243138,GMM
8.935385,2.061908,1,0.9916003472972564,GMM
10.285807,4.2192817,1,0.953978477746493,GMM
11.753759,1.644592,1,0.9896031171674732,GMM
9.696997,7.489961,0,0.999107784135435,GMM
12.927105,11.309368,0,0.9783049330354929,GMM
9.391661,1.825456,1,0.7137818870699946,GMM
8.773252,-0.21946114,2,0.9978757657001242,GMM
9.482208,8.741583,0,0.9753951941012459,GMM
8.055772,8.237693,0,0.9902816401019442,GMM
12.148241,-0.15175624,3,0.9259606894094542,GMM
10.317662,8.110113,0,0.9981077532248479,GMM
9.174693,5.199598,0,0.8759701175134198,GMM
7.262846,8.208479,0,0.9721522512105504,GMM
9.234907,10.065816,0,0.9994092823520402,GMM
7.2473946,9.894309,0,0.994725894330053,GMM
10.697751,2.1345372,1,0.996949129488744,GMM
7.1730447,10.44847,0,0.9987301555637613,GMM
10.546972,4.1069016,1,0.9582842683461509,GMM
8.001167,11.119677,0,0.9963301893299861,GMM
8.452913,9.778639,0,0.6922356869874949,GMM
10.245552,8.668001,0,0.9760570630215837,GMM
11.356329,13.051871,0,0.9996789742644757,GMM
12.123827,13.289433,0,0.9997113399798235,GMM
9.589681,0.7696822,1,0.5317815092881473,GMM
11.957343,11.2122555,0,0.9921428015064859,GMM
12.581971,1.1933519,1,0.9243900739446953,GMM
11.064225,2.6041703,1,0.9690937451731605,GMM
8.52274,10.069488,0,0.9872527253347788,GMM
11.132336,9.320237,0,0.9959314208792709,GMM
10.806448,8.117502,0,0.9789678851497463,GMM
10.537361,2.4639318,1,0.9862043116733568,GMM
11.372,8.221472,0,0.9841218176479444,GMM
11.670115,4.9393086,0,0.6487372942805418,GMM
8.682433,2.3986259,1,0.9845445148759895,GMM
8.052784,10.634874,0,0.9971166114006297,GMM
11.572861,-0.23561606,1,0.6046493158754473,GMM
10.831998,10.751604,0,0.9999423303033619,GMM
10.26423,11.295258,0,0.9998317633841292,GMM
13.28629,11.9909725,0,0.9854383056993791,GMM
11.837764,2.792314,1,0.6396456750062774,GMM
10.854619,1.0878596,1,0.9910223093923115,GMM
8.830868,1.4245684,2,0.9999602791372056,GMM
7.98856,7.2238197,0,0.982135297651039,GMM
11.789765,10.776941,0,0.9986151549111474,GMM
9.878713,2.540851,1,0.5452982290616509,GMM
7.5057907,9.747822,0,0.9969821409321762,GMM
12.3409195,10.389807,0,0.9189494508173558,GMM
7.8692517,8.288466,0,0.9955793724770525,GMM
11.963978,11.738868,0,0.9985586093407891,GMM
13.088666,13.951617,0,0.9994253879269164,GMM
11.904153,-0.81645817,3,0.9992549879427557,GMM
10.415058,4.1184072,1,0.9252890950607104,GMM
12.439793,11.022994,0,0.8851987341648769,GMM
4.8939247,2.4596374,2,1.0,GMM
8.517478,10.878111,0,0.9993724323358221,GMM
10.774683,2.6743488,1,0.9845288943333422,GMM
10.203419,6.7290277,0,0.9552673215887676,GMM
8.994171,9.825795,0,0.9952219182309215,GMM
8.282259,9.235479,0,0.9832613713896919,GMM
8.146032,7.4841566,0,0.9697699909755998,GMM
10.550664,5.155653,1,0.6296576319002825,GMM
11.789842,9.633721,0,0.9632925436303879,GMM
9.113409,5.5276074,1,0.9113150834496613,GMM
13.304037,11.182286,1,0.6288842210939334,GMM
10.08757,1.1749842,1,0.9449269414927404,GMM
12.26518,1.9235742,1,0.5749576657367146,GMM
8.850505,7.7709923,0,0.976127265205347,GMM
8.443947,8.267872,0,0.9981388589488609,GMM
5.6629953,2.6226254,2,1.0,GMM
8.237438,9.233053,0,0.9985675112826712,GMM
8.970369,8.28239,0,0.9611392728048671,GMM
11.383969,-0.07709688,3,0.8414116188915812,GMM
9.112659,6.001485,0,0.9813713213311185,GMM
9.374517,5.676237,1,0.7564439550953497,GMM
13.030793,10.032604,0,0.9441969980189201,GMM
11.154901,12.187169,0,0.9999562640672548,GMM
8.958184,6.269701,0,0.9907941842717222,GMM
11.236523,11.486184,0,0.9999764818600833,GMM
11.214689,0.09782322,1,0.9949479416289809,GMM
8.566386,8.610419,0,0.9849264956975635,GMM
6.814712,9.6910305,0,0.9989646827063573,GMM
7.1081915,8.727231,0,0.7076624145373784,GMM
8.266417,4.289303,1,0.9676664276497501,GMM
12.278748,8.299864,0,0.5583600007894519,GMM
10.208431,12.306172,0,0.9999372041952815,GMM
12.0381155,10.37352,0,0.9955816561659646,GMM
9.254201,-0.63528305,2,0.969656841019689,GMM
12.303337,13.456071,0,0.9995709399427435,GMM
10.301355,4.697308,0,0.57703978050368,GMM
10.641612,12.415628,0,0.9997805160789042,GMM
11.493895,11.965275,0,0.9992345645746034,GMM
6.0384083,2.781093,2,1.0,GMM
12.549112,11.306958,0,0.9909314209803078,GMM
11.23086,3.1682417,1,0.9497621143169793,GMM
8.700878,8.492054,0,0.9861654665334519,GMM
8.444338,9.683821,0,0.9936549261335932,GMM
8.7583,10.425963,0,0.6442229294180072,GMM
11.459493,12.126347,0,0.9998966569753137,GMM
9.664454,10.263061,0,0.9993682916377387,GMM
9.935927,3.9477036,1,0.9631103774472778,GMM
10.383573,2.589028,2,0.9992059370752162,GMM
7.137675,9.694005,0,0.9981721749384783,GMM
8.292536,9.858074,0,0.675892129689412,GMM
12.633978,12.71064,0,0.9989976692405517,GMM
12.916297,9.928167,0,0.9410845938549844,GMM
9.383864,1.6358024,1,0.9906758938446486,GMM
12.021517,7.523308,0,0.9407858785094545,GMM
12.139188,1.7027928,1,0.9869310690816172,GMM
12.276831,8.098171,0,0.9457419758886628,GMM
8.197643,7.833783,0,0.8577808760925096,GMM
8.946527,6.789607,0,0.8954833231346095,GMM
11.282121,11.740903,0,0.9998647007275794,GMM
10.262052,4.7750983,0,0.6054988864474966,GMM
12.275699,11.544661,0,0.9961432004029954,GMM
11.809496,3.9069386,1,0.937258262968334,GMM
4.3333926,2.2972336,2,1.0,GMM
8.407707,3.3996143,1,0.6366332589144208,GMM
10.09938,11.990506,0,0.9996212145582836,GMM
9.297231,6.32783,0,0.8438424001385741,GMM
11.377366,3.3546216,1,0.9758719852665785,GMM
12.913208,0.64093405,1,0.7042551361810084,GMM
12.305967,13.111837,0,0.9995808794919432,GMM
7.8028173,10.388808,0,0.9998538384496312,GMM
9.925381,5.8942695,0,0.8378840696952151,GMM
10.419639,0.9866349,1,0.9904829893890088,GMM
8.211961,10.829227,0,0.9823720846877748,GMM
9.545726,-0.7552922,1,0.9883901244025676,GMM
10.017806,11.127939,0,0.9997734260047724,GMM
10.072847,5.246742,2,0.5100551617654706,GMM
10.651775,2.442922,1,0.9844385230787149,GMM
6.4278116,2.8736804,2,1.0,GMM
7.901541,9.7008915,2,0.45509258240710315,GMM
11.359365,2.2454545,1,0.985942460147779,GMM
10.687651,9.83877,0,0.9972043360368358,GMM
9.666154,9.611399,0,0.9982660027429873,GMM
8.575994,3.364494,1,0.9922424023508231,GMM
12.861472,12.581347,3,0.536673553460059,GMM
9.096632,9.931941,0,0.9962653443056672,GMM
12.890867,0.6210632,3,0.9468052746779195,GMM
12.838838,13.764522,0,0.9996406782963768,GMM
8.059887,8.747154,0,0.958832640813485,GMM
13.023424,13.16188,0,0.9998016417253306,GMM
12.158345,2.1312158,0,0.5113695978157693,GMM
11.717257,0.9074544,1,0.984432224851819,GMM
10.827978,6.197121,0,0.9693233456448733,GMM
12.196757,6.3001475,0,0.5178435410123872,GMM
12.22663,7.1604133,0,0.8690007975428348,GMM
9.018353,2.9134138,1,0.9902042206430346,GMM
10.898421,0.16081437,1,0.9972993361678355,GMM
11.163983,12.3909235,0,0.9993351154636895,GMM
8.519398,3.1385183,1,0.9904679741290344,GMM
9.991019,11.868184,0,0.9999363698314978,GMM
10.693008,-0.45706624,1,0.9773658590979333,GMM
7.115769,8.509916,0,0.849318806937091,GMM
10.263263,10.926257,0,0.9971809929023144,GMM
8.238786,9.997187,0,0.996074764317348,GMM
10.612927,-0.19355968,1,0.997420566253795,GMM
11.938128,13.269156,0,0.9998309975838621,GMM
10.100623,8.909611,0,0.9992676045364993,GMM
11.267584,10.420258,0,0.9917533487321353,GMM
12.084633,6.928833,0,0.8455012171224441,GMM
12.1029005,3.205227,1,0.9632035152450246,GMM
10.296136,8.237534,0,0.9944937617254891,GMM
11.201416,8.250307,0,0.5714506636733577,GMM
11.183952,3.8759902,1,0.6919881844751452,GMM
12.329999,7.8915496,0,0.9531535685586263,GMM
11.524965,10.024477,0,0.9971453721913568,GMM
7.829635,9.9454975,1,0.9549306590748262,GMM
12.490167,11.546165,0,0.9979594058393819,GMM
11.230289,11.550927,0,0.990087856515634,GMM
7.4848866,7.9473057,0,0.5309643484764367,GMM
7.7006555,11.230649,0,0.9999884022430495,GMM
11.016884,11.240264,0,0.9992764194811632,GMM
12.387619,-0.7381175,3,0.999981010050409,GMM
11.106736,-0.011599371,1,0.9746388371633398,GMM
12.441448,3.2240393,1,0.9786217853267922,GMM
9.354275,5.985879,0,0.9912883297205841,GMM
12.213855,0.7172906,1,0.9514738318428433,GMM
11.01078,9.026698,0,0.9954399473368584,GMM
12.096785,1.0951123,1,0.9905169518730343,GMM
12.797,0.34346184,3,0.8736900531990309,GMM
10.409781,4.9048247,0,0.7975604014372172,GMM
8.199473,9.163029,0,0.9399877049510538,GMM
12.54061,13.570261,0,0.9986447605651714,GMM
10.034176,5.8238907,0,0.9759553112455628,GMM
11.7691,0.39323017,1,0.8289529567610222,GMM
10.4960375,5.9445124,0,0.9782020327494988,GMM
9.224363,4.0617194,1,0.977026020111369,GMM
11.4756155,1.3508686,1,0.973875095772196,GMM
12.054458,3.1368709,1,0.8432026365733637,GMM
10.183738,5.1220255,1,0.6007420872219379,GMM
13.049579,11.040065,0,0.909247676527424,GMM
12.903579,13.262316,0,0.9976787721176575,GMM
10.66455,5.647606,0,0.9870336350291062,GMM
11.656775,7.1181684,0,0.9732018360481556,GMM
9.336045,2.9417973,1,0.9870161220503426,GMM
10.997038,8.468877,0,0.9677357805870626,GMM
11.695143,1.2203715,1,0.9922160238724902,GMM
10.24703,7.3749013,0,0.9938720216664448,GMM
9.952679,8.328262,0,0.9975101853246411,GMM
8.440088,6.556671,0,0.985300061082424,GMM
8.940586,2.241579,1,0.9854839282325416,GMM
10.925693,9.549385,0,0.833330123097317,GMM
5.361434,2.521843,2,1.0,GMM
10.712214,1.6735982,1,0.9931019073036811,GMM
8.040793,3.5047266,2,0.9999972328582936,GMM
4.709218,2.420109,2,1.0,GMM
10.8099575,8.986376,0,0.9967583440407123,GMM
9.100222,5.739077,0,0.9196993196836957,GMM
8.807628,1.0180961,1,0.9306367103818675,GMM
12.006144,12.386708,0,0.9998696690524761,GMM
10.432278,7.103136,0,0.9777501535284033,GMM
11.166141,0.9030894,1,0.9928543462905036,GMM
12.368098,12.5636835,0,0.9997003855665829,GMM
11.119942,10.15901,0,0.9996830771812684,GMM
10.008024,9.386459,0,0.9989815976397158,GMM
12.710754,9.951005,0,0.9596440914375504,GMM
11.20738,2.6053965,1,0.8589571434056464,GMM
10.514058,8.490218,0,0.9996967042306585,GMM
12.16786,8.1678095,0,0.9162501135587744,GMM
8.526658,9.964455,1,0.9453245484782119,GMM
7.268364,9.913688,0,0.9990545777179722,GMM
9.957206,3.7881467,1,0.9512889430157156,GMM
10.30244,5.2558165,1,0.7211079052981938,GMM
10.004421,-0.348556,2,0.9999307633119714,GMM
11.805858,7.7805524,0,0.678458214846937,GMM
12.425181,13.081386,0,0.9986227961427255,GMM
12.693554,9.774827,0,0.8784487153570506,GMM
8.939973,1.370953,1,0.9082675773027956,GMM
6.998257,9.427425,0,0.9864912704134852,GMM
11.996507,0.68162215,1,0.9756431122592334,GMM
8.912791,-0.9326802,2,0.7985359122417809,GMM
9.971367,12.309912,0,0.999931533328712,GMM
10.330285,3.4156396,1,0.7894779836201627,GMM
10.002409,11.605556,0,0.9995653076915321,GMM
12.01104,1.608381,1,0.9911639888722478,GMM
8.642936,6.732368,0,0.9956764384738783,GMM
11.866885,5.033225,1,0.6319607579550889,GMM
7.9344625,8.583652,0,0.83835649600779,GMM
13.66795,13.448062,3,0.9780795758511415,GMM
9.084487,-0.68745154,2,0.773402646461211,GMM
10.602572,1.3711789,1,0.9409014703774784,GMM
11.435909,-0.6951661,3,0.9278754327902194,GMM
11.08353,12.551563,0,0.9977660901968579,GMM
11.20195,1.723654,1,0.9906916993426842,GMM
10.105073,-0.7831939,1,0.9944517033542877,GMM
7.8678,3.3256574,2,0.9998336421003738,GMM
8.71024,0.38952953,1,0.9566779390534461,GMM
5.9253397,2.7516582,2,1.0,GMM
13.023605,13.332721,0,0.9954909593893685,GMM
10.817464,4.1905627,1,0.5807251258045311,GMM
10.32187,1.480936,1,0.9911738644228553,GMM
9.534239,11.16658,0,0.9952954663850759,GMM
10.76189,12.373797,0,0.9990475625410514,GMM
10.8431635,5.5888,0,0.9084990126842221,GMM
10.464823,12.101866,0,0.9998423529145769,GMM
12.940616,10.793442,0,0.9965881973264852,GMM
13.514634,13.143641,3,0.8317232621188071,GMM
11.295581,12.806754,0,0.9996794777624911,GMM
9.660483,10.547662,0,0.9992212956625661,GMM
10.069039,5.0672793,1,0.9640991361332626,GMM
11.8794775,9.524356,0,0.9963014712520856,GMM
10.50767,4.5384808,0,0.6763903118606265,GMM
10.365221,2.7269013,1,0.9958202721715084,GMM
8.938043,12.001618,0,0.9999953812487895,GMM
11.971288,6.839223,0,0.842249374202738,GMM
7.963558,9.301434,0,0.9967030162650224,GMM
12.903344,12.308386,0,0.9986936325729229,GMM
10.223016,6.402303,3,0.8603169875080133,GMM
11.023199,10.442912,0,0.9985306497876336,GMM
12.544965,12.844627,0,0.9962273357269005,GMM
9.457813,7.493429,0,0.9109118423712053,GMM
12.302091,12.312504,0,0.9996453742628958,GMM
11.68483,1.9695933,1,0.988546114163053,GMM
11.665958,0.3190447,1,0.9538935968609039,GMM
12.7674675,7.8592014,0,0.9170287732163968,GMM
11.008715,11.992431,0,0.9999295785859854,GMM
12.223318,7.3134713,0,0.8642710537111012,GMM
9.554173,-0.6190944,1,0.9697958649330995,GMM
12.337815,9.247774,0,0.964380495131806,GMM
11.406774,12.554415,0,0.9997208554989433,GMM
12.356038,9.311758,0,0.8238930519356799,GMM
10.753158,0.6315457,1,0.9880060015614078,GMM
8.89866,2.8182175,1,0.9237162938567882,GMM
11.876229,13.601433,0,0.9999484497757862,GMM
11.358677,4.660427,0,0.7229411707656807,GMM
8.85315,5.670422,0,0.6762564197113239,GMM
7.502711,9.774026,0,0.997425010245426,GMM
11.721883,13.229828,0,0.9997874360743,GMM
10.242236,2.5547233,1,0.9828149453531779,GMM
8.853774,2.2195022,1,0.955005173251765,GMM
12.277191,9.863826,0,0.988323666401551,GMM
6.608848,9.252646,0,0.9761244171306301,GMM
10.782978,10.570435,0,0.9978637402112726,GMM
13.072655,13.945899,0,0.9983425128122032,GMM
11.39851,1.4936819,1,0.9939039808239261,GMM
10.788803,12.497009,0,0.9998535240626016,GMM
11.891404,2.5861812,1,0.9914094061559735,GMM
10.437094,8.669426,0,0.9997058175560897,GMM
9.246869,3.6901512,1,0.9689175886731579,GMM
5.8404803,2.625183,2,1.0,GMM
8.185746,9.889893,0,0.97467329219049,GMM
9.946149,2.7389295,1,0.9926586847774744,GMM
12.418456,8.574305,0,0.9625527080824547,GMM
8.166615,8.969413,0,0.9632562420930455,GMM
8.451616,-0.20123883,2,0.9868751395943176,GMM
12.582277,12.5261545,0,0.9991834101693903,GMM
8.39585,-0.13418666,2,0.9847174375704465,GMM
10.727287,8.253794,0,0.9984113745171971,GMM
12.16803,9.565147,0,0.9920929576846301,GMM
11.397547,1.5097646,1,0.9746387178692619,GMM
9.857326,6.6626296,0,0.9993177342668421,GMM
10.75309,1.2212157,1,0.9902389676835133,GMM
11.698256,6.528831,1,0.7650063436741387,GMM
10.192003,8.259284,0,0.9975289537647911,GMM
8.811685,2.6404264,1,0.9976897171477352,GMM
10.172088,4.621151,1,0.5556558381102408,GMM
9.006905,3.5204303,1,0.9767450347908455,GMM
11.373229,10.940298,0,0.9996726545485489,GMM
6.9493694,10.067875,0,0.9992268073085904,GMM
8.874711,6.3893805,0,0.9438284259548653,GMM
12.569194,10.460837,0,0.9995035312481327,GMM
6.311166,2.807933,2,1.0,GMM
8.782541,1.27562,1,0.9732908359947234,GMM
7.919321,10.626029,0,0.9884304869527202,GMM
9.644549,9.366169,0,0.9972316813738512,GMM
11.08696,-0.062152028,1,0.9822418153568688,GMM
9.194604,8.427158,0,0.9990839782930822,GMM
12.140123,9.9551325,0,0.9689475643664923,GMM
10.501029,2.4996698,1,0.5833700278689692,GMM
12.911125,11.83807,0,0.9978734089032057,GMM
10.211444,3.9569275,1,0.8236727336699801,GMM
11.124599,11.990476,0,0.999664126571781,GMM
10.576455,5.1955204,0,0.9340396201566573,GMM
10.083749,6.8131294,0,0.995369734754382,GMM
9.725961,2.1998215,2,0.9999994036911152,GMM
9.554816,9.073176,0,0.9994709498311568,GMM
9.779475,10.462641,0,0.9994255137050423,GMM
10.139853,2.8630166,1,0.9965726086341758,GMM
10.613975,6.0112395,0,0.8651315867446259,GMM
10.089321,0.05327763,1,0.9195326357216679,GMM
8.315266,7.27826,0,0.8978898096771106,GMM
11.511698,1.59266,3,0.8261293630878452,GMM
7.3959227,9.286689,0,0.9049136070479195,GMM
8.608398,-0.70577055,2,0.9778795652120826,GMM
11.759441,1.2226562,3,0.73277568708893,GMM
12.24067,-0.20267186,1,0.8266826507038161,GMM
10.880985,8.306473,0,0.8802278640941912,GMM
11.298931,-0.18791811,1,0.9961712418341401,GMM
9.6416025,-0.25191027,1,0.9851226211293856,GMM
9.07889,8.330503,0,0.8865366819271824,GMM
11.443182,10.786105,0,0.9996394101351026,GMM
12.218591,10.599225,0,0.9988056273840353,GMM
8.570982,0.8163207,1,0.9691368046554555,GMM
10.8854685,4.6732173,0,0.5957225782834613,GMM
12.546753,10.233192,1,0.9236055105349728,GMM
11.127419,3.821006,0,0.5405275666075137,GMM
10.812641,2.9908826,1,0.9809531664736821,GMM
9.708802,7.4597225,0,0.9970642997642736,GMM
9.406411,2.8452933,1,0.6890354270263916,GMM
11.556236,-0.20718738,1,0.9386720894356927,GMM
8.381832,4.334354,1,0.9823557254841652,GMM
10.386872,5.6173725,0,0.9892302140827115,GMM
10.881678,3.9319084,1,0.8152693384782004,GMM
9.756774,4.0734344,1,0.9757503740619604,GMM
10.35496,10.37441,0,0.9982999489060257,GMM
8.789575,10.244675,0,0.9996345497871629,GMM
10.373784,1.2149993,1,0.9988167281049729,GMM
12.164802,12.93458,0,0.9993232743403747,GMM
9.407841,6.8647895,0,0.997580478237491,GMM
9.148354,8.243576,0,0.9974880040820513,GMM
8.120543,9.282181,0,0.9919558613003411,GMM
7.9404316,10.771319,0,0.9998746978090235,GMM
12.964346,13.562292,0,0.9988231711633754,GMM
8.112197,6.3120904,0,0.9373856241134563,GMM
10.507204,10.751422,0,0.9998990969672558,GMM
12.138658,11.2051325,0,0.9990882845722958,GMM
13.23648,14.060576,0,0.9996844785061024,GMM
11.864949,1.5303718,1,0.9849493479116779,GMM
9.609562,4.649298,0,0.6492911201821886,GMM
8.840325,3.102208,1,0.9058272572824283,GMM
8.798447,1.6282237,1,0.9798509237390134,GMM
6.8824477,9.395752,0,0.9965190325460334,GMM
9.768808,10.686475,0,0.9914115485766021,GMM
9.67243,5.4632125,0,0.6586103832349128,GMM
11.717218,0.2778072,1,0.6978929375442168,GMM
12.032555,7.3419414,0,0.7544713285820764,GMM
8.200522,9.02744,0,0.9939212513184,GMM
11.139378,-0.32718045,1,0.7138580517943559,GMM
9.498042,10.49017,0,0.9988259969176702,GMM
10.698204,5.847746,0,0.9913478445899588,GMM
10.245833,6.769354,0,0.9531007048303426,GMM
10.6917925,7.0255885,0,0.9641878675463956,GMM
9.911017,12.165231,0,0.9981368700258734,GMM
12.069784,2.9246225,1,0.8350265684918582,GMM
11.759245,3.9181447,0,0.5811688032548443,GMM
12.120364,4.233743,1,0.7531759019744341,GMM
8.358048,11.154902,0,0.9924870055894786,GMM
11.664536,11.994967,0,0.9980778108279159,GMM
11.545934,-0.81652063,3,0.898794480710623,GMM
11.723695,7.493093,0,0.9651980417047159,GMM
8.359511,8.662171,0,0.9535474694433005,GMM
4.716747,2.3726337,2,1.0,GMM
10.345046,0.13527271,1,0.9954532731342743,GMM
12.394262,1.1328293,1,0.5677847016693417,GMM
7.672587,8.5429325,0,0.9621775807594571,GMM
10.231334,-0.5412046,3,0.9138205197295584,GMM
8.148437,3.363836,2,0.9999999997473559,GMM
9.471527,9.860142,0,0.995594712133007,GMM
10.674393,11.102882,0,0.9988947771859638,GMM
8.895997,11.877638,0,0.9975032382426611,GMM
9.294659,10.478901,1,0.9590732445867579,GMM
10.474972,6.3069105,0,0.9995421932614441,GMM
9.168394,4.134915,1,0.9912722530011965,GMM
8.610882,11.049517,0,0.999020293954614,GMM
11.405984,7.5655317,0,0.8241359632397143,GMM
9.908434,-0.43531704,1,0.9694426311188102,GMM
9.610495,4.183265,1,0.9178092725077152,GMM
8.543746,11.874694,0,0.9999939351876255,GMM
10.539337,1.8823842,1,0.8727227955460619,GMM
9.941933,2.5428054,1,0.9834619789259803,GMM
11.572027,3.9814148,0,0.6299860036108772,GMM
11.554434,3.870625,1,0.7677210352742542,GMM
12.464086,2.7930977,1,0.9257949812855742,GMM
9.156149,7.5944743,0,0.8247878206837216,GMM
9.405824,5.5513396,0,0.6581052145306815,GMM
12.819164,12.571804,0,0.9979002055479574,GMM
8.611206,4.1943727,1,0.960472427821766,GMM
10.777431,8.547683,0,0.984403256400572,GMM
11.033453,11.962836,0,0.9999324964608923,GMM
10.772121,11.636785,0,0.9997895851567995,GMM
9.199593,6.2228026,1,0.6624450856374678,GMM
8.272339,6.0177045,1,0.9688645874922229,GMM
12.167956,7.6396103,0,0.9079108642282749,GMM
8.834874,-0.06443523,1,0.9260680506625831,GMM
8.229016,11.192496,0,0.9998011736459571,GMM
9.058225,1.1383454,2,0.9987318062871297,GMM
12.221044,7.3343077,0,0.9649416407312478,GMM
12.877873,12.676863,0,0.9990177221174027,GMM
9.514614,4.1242723,1,0.7645810948224053,GMM
9.816607,0.13840894,1,0.9895691043822749,GMM
7.7338076,7.2188087,1,0.8980821084225856,GMM
12.720383,7.925341,1,0.6912500158909287,GMM
12.013632,13.319577,0,0.9998551599082581,GMM
12.275944,3.335105,1,0.7207067005183381,GMM
10.43632,10.379665,1,0.820752433258644,GMM
7.1047864,9.545201,0,0.9990581304230847,GMM
9.57148,1.5402197,2,0.9552812207452818,GMM
12.436642,2.7981138,3,0.8910415047117832,GMM
11.573618,8.794188,0,0.7376890985736619,GMM
12.55481,0.921931,3,0.8396865194354383,GMM
11.800708,8.688864,0,0.970206558343839,GMM
10.022969,0.67723566,1,0.9707506473389672,GMM
10.749825,12.29824,0,0.9997579885518451,GMM
6.400348,2.8112826,2,1.0,GMM
13.430115,13.997237,0,0.9189064100261619,GMM
9.19698,2.2908309,1,0.9761309996891034,GMM
10.053031,6.2280216,0,0.9773300584343575,GMM
11.11616,8.973324,0,0.9980425878591027,GMM
9.589302,3.342134,1,0.9903335114313201,GMM
8.043427,10.848288,0,0.5271374710321921,GMM
8.624302,-0.9066139,2,0.9999999787246436,GMM
10.893068,4.061946,1,0.627244463338863,GMM
12.527624,1.093965,1,0.9638992525812086,GMM
9.775719,7.0459476,0,0.9996056684991314,GMM
11.057249,8.142488,0,0.9956999499969783,GMM
12.158919,1.8795843,1,0.985629443396322,GMM
10.228158,6.0657053,0,0.788479706739577,GMM
11.907416,1.0318503,1,0.9844542887043993,GMM
8.293641,6.7749057,0,0.9537632346562781,GMM
9.515103,11.301687,0,0.9996830849411689,GMM
10.4762335,0.9049186,1,0.9887215361448322,GMM
8.398039,7.8807864,0,0.9975567723615737,GMM
11.190684,11.846404,0,0.9996948006609052,GMM
10.666735,4.3230014,1,0.7613567152408777,GMM
8.180887,6.8849654,2,0.9994866774837738,GMM
10.919484,4.1606193,1,0.6063807582699998,GMM
9.309253,0.9217415,1,0.9947048204647367,GMM
10.563864,5.539392,0,0.957568550385827,GMM
10.060897,11.935084,0,0.9999163738250834,GMM
10.166489,2.0035696,1,0.9921986251743725,GMM
12.105096,-0.3930381,1,0.6242700491748527,GMM
7.778194,10.603541,0,0.9963390521258868,GMM
10.769047,10.728577,0,0.9975297468380695,GMM
12.27173,6.658639,0,0.8995406418800551,GMM
12.803785,7.926637,0,0.9418169390981656,GMM
9.971469,8.821289,0,0.9984963939988419,GMM
8.519699,10.427913,0,0.5159966154408853,GMM
9.17977,1.331788,1,0.9940277187674338,GMM
11.50135,0.9280438,1,0.9901279317081264,GMM
9.591251,11.050514,0,0.9949034013971342,GMM
12.705547,2.1978571,1,0.9280683614419759,GMM
10.811197,11.671526,0,0.9998178986326633,GMM
10.234032,5.417771,1,0.7202690448216786,GMM
11.043871,9.688469,0,0.7255855531940988,GMM
7.7723455,5.66937,0,0.8472177406326925,GMM
9.739043,10.590936,0,0.974893001795042,GMM
9.948461,2.964352,1,0.992377025044212,GMM
11.527692,12.046952,0,0.9998649172118212,GMM
13.09099,12.4486265,0,0.770285672403861,GMM
10.1143265,0.7880412,1,0.9963498456415091,GMM
10.337038,2.2331207,1,0.994283059017339,GMM
12.353335,-0.20184506,1,0.5263317520111213,GMM
7.123761,9.913808,0,0.9992875667677017,GMM
8.778636,6.6548243,0,0.8593556662217279,GMM
10.646172,11.144019,0,0.9992541512596935,GMM
13.530921,13.583291,3,0.9999987750239903,GMM
8.380996,8.635895,1,0.8025377766633122,GMM
8.417328,2.8188097,1,0.9874998481943522,GMM
7.131023,9.140601,0,0.9132555729680147,GMM
9.321901,11.602936,0,0.9727966753295297,GMM
8.320908,8.674599,0,0.8372199477511523,GMM
6.537241,9.354879,0,0.9966324345687979,GMM
12.9580345,12.210693,0,0.9976308108790544,GMM
7.692578,7.4363766,0,0.9833172078649823,GMM
12.600574,-0.4415563,3,0.8839271325684357,GMM
7.3536854,2.489377,2,1.0,GMM
9.552043,4.8700976,0,0.8085834998702918,GMM
10.45723,0.47549123,1,0.9985237756611551,GMM
10.190384,2.8437521,1,0.9772254370201312,GMM
11.148842,2.4291747,1,0.9243510896397857,GMM
12.202926,7.1041646,0,0.901791587324888,GMM
9.488809,2.3829226,1,0.9942850092820974,GMM
12.447069,11.584417,0,0.980245945782676,GMM
8.26675,10.067423,0,0.9997233880302526,GMM
8.346097,3.2254715,1,0.9737153511489917,GMM
12.4100685,13.679852,0,0.9993661196853618,GMM
8.200732,7.1704397,0,0.9935892118452555,GMM
12.456914,7.480884,0,0.9210348646932202,GMM
11.970736,13.707111,0,0.9999672966375664,GMM
12.641979,-0.59068716,3,0.998835146889423,GMM
6.5436573,9.340719,0,0.9966089097245519,GMM
10.589767,6.4848747,0,0.9977629175280901,GMM
10.44889,-0.305511,1,0.982609174757172,GMM
11.54708,0.016425123,1,0.7701944017695188,GMM
8.356619,9.791969,0,0.9832766832840729,GMM
11.298022,-0.6375995,3,0.9670245344351054,GMM
7.498012,10.839594,0,0.9987394156520232,GMM
11.649628,1.2110507,1,0.9980368921044839,GMM
9.556426,10.019921,0,0.9713231594439664,GMM
9.486776,2.1429393,1,0.976789195725193,GMM
9.421797,10.274908,0,0.9889695740080765,GMM
11.73858,11.950411,0,0.9997428788488251,GMM
11.0583315,3.5607169,1,0.9327433263246799,GMM
10.12596,9.189434,0,0.9991223766282232,GMM
7.5102777,9.865343,1,0.8585114653716234,GMM
9.252974,9.480266,0,0.9977922882826671,GMM
9.517659,1.7901785,1,0.995065879862112,GMM
11.971721,-0.91606957,3,0.9999999905831007,GMM
8.719037,6.4668884,0,0.9978283011022046,GMM
9.967465,7.162761,0,0.869150937377283,GMM
11.298622,-0.34511927,1,0.994468798489104,GMM
12.774801,11.171032,0,0.9949484399593973,GMM
9.610843,3.837679,1,0.9617840495681356,GMM
11.1128235,-0.6582731,1,0.6645654018950664,GMM
12.709338,1.7058083,1,0.8218691198491588,GMM
8.641885,5.3156486,0,0.7947398610552111,GMM
8.649645,10.790953,0,0.9843413902419916,GMM
12.5954075,0.61648893,3,0.9997921410394277,GMM
9.940389,6.3900876,0,0.9995528386567628,GMM
9.346939,10.285294,0,0.9666536236215455,GMM
9.401687,-0.7225124,1,0.899371492166675,GMM
11.432038,7.356769,1,0.9738264242864891,GMM
10.661145,1.2479843,1,0.9946384178304969,GMM
8.015962,2.4529614,2,0.9967650696341926,GMM
9.8458805,2.3669937,1,0.9866874854464207,GMM
12.542059,1.6101764,1,0.9687673536281611,GMM
11.569743,2.7641232,1,0.9389988746009134,GMM
8.816076,0.8323432,1,0.9221750168671468,GMM
11.665174,13.250844,0,0.9998261934190813,GMM
9.091584,0.38597128,1,0.7462740421552145,GMM
9.48473,2.3756938,1,0.9864873821648197,GMM
10.050627,1.7962074,1,0.9962296807459257,GMM
11.26283,4.3950796,1,0.9413947148651891,GMM
13.070914,11.967201,0,0.9983155319135498,GMM
12.894104,14.029506,0,0.999929266637034,GMM
8.363541,10.369564,0,0.9826318998806651,GMM
11.895574,3.653888,1,0.5131397399006085,GMM
9.303287,8.039996,0,0.9791307825800731,GMM
12.641451,8.330766,0,0.9732390484886322,GMM
7.94333,5.4915566,0,0.9009734791517253,GMM
10.556499,6.725984,1,0.6010603780080466,GMM
12.072111,9.550453,0,0.9854377148487091,GMM
12.917525,12.454972,0,0.9948318445848903,GMM
13.072615,14.083773,0,0.9995802761256397,GMM
10.633798,3.341826,1,0.9931974817347854,GMM
9.135793,4.304813,1,0.9684930175604016,GMM
9.976903,7.5173573,0,0.9739835745932649,GMM
9.72166,7.1220875,0,0.9947300463618236,GMM
12.50422,9.633883,0,0.8737191442329884,GMM
11.148901,10.809519,0,0.99909507522768,GMM
10.480911,9.700694,1,0.8535072161567581,GMM
10.685803,4.1692724,1,0.6007472849520668,GMM
10.449313,5.471433,0,0.9165626935793909,GMM
10.165358,5.2846065,1,0.9286818666802402,GMM
10.856775,9.956011,0,0.9850412591942077,GMM
9.982739,3.7991195,1,0.8706638505917771,GMM
11.72945,3.2604737,1,0.8905253451961936,GMM
12.815579,11.327003,0,0.9811169639338372,GMM
10.998269,5.0520115,1,0.5827328385704844,GMM
12.381797,-0.087200984,3,0.5986393579179037,GMM
9.636023,6.73881,2,0.9942649658259839,GMM
8.676715,7.914982,0,0.9535912174508165,GMM
6.904029,9.858737,0,0.9963394224831035,GMM
9.319131,6.0265765,0,0.9880603608190254,GMM
11.6450815,6.22196,0,0.8896280763625964,GMM
11.620355,1.9323946,1,0.9933767308070404,GMM
10.89157,2.790121,1,0.979957808981809,GMM
11.535085,10.148826,0,0.998982542114908,GMM
9.455358,6.8434196,1,0.49582342053418704,GMM
11.355411,11.701719,0,0.9997880702194247,GMM
12.144351,12.93829,0,0.9990961830820932,GMM
8.537664,9.08322,0,0.9935679644644552,GMM
11.219452,3.5896041,0,0.6268306179066332,GMM
9.093081,2.7612705,2,0.8188852764412486,GMM
9.721727,2.7788205,1,0.6888439399542394,GMM
12.616879,12.907241,0,0.9997839990447362,GMM
9.131672,8.68897,0,0.9964411928640686,GMM
9.554333,10.773849,0,0.9646078658297051,GMM
12.552287,2.6973712,1,0.7686711107884706,GMM
9.990694,12.294335,0,0.9999445300059998,GMM
11.68297,12.641934,0,0.9997444689468699,GMM
10.1364975,0.0660371,1,0.8771548130219715,GMM
13.423405,14.009162,0,0.9939975143861504,GMM
10.727736,3.092956,1,0.9228887627429841,GMM
12.270584,1.6344196,1,0.9711928256836075,GMM
10.808555,7.633425,0,0.9806428215977249,GMM
10.769807,2.9779017,1,0.7928523972915776,GMM
9.586341,8.904517,0,0.9780381564630958,GMM
10.3279705,11.843534,0,0.99985006933375,GMM
9.1540985,-0.74209255,2,0.8071515066098816,GMM
8.663652,7.030285,0,0.8070103037629894,GMM
9.211279,9.942897,0,0.9994622372777866,GMM
10.504468,3.0138397,1,0.9309602088043287,GMM
11.341511,-0.32925063,1,0.9837012631964417,GMM
10.475456,4.010532,1,0.8203683206716046,GMM
10.94311,3.6749423,1,0.9733503450152412,GMM
11.958883,1.7856613,1,0.9931227583480565,GMM
11.182142,6.2052402,0,0.9151395130950657,GMM
12.687884,10.443749,0,0.9119608074186111,GMM
12.438904,9.302762,0,0.7249628060843155,GMM
12.106656,11.773946,0,0.9995919486149458,GMM
12.240876,2.3470776,0,0.5958966896776249,GMM
10.238956,6.390294,0,0.9878381913413867,GMM
6.9479184,10.308329,0,0.9999367756780134,GMM
10.17284,1.2305766,1,0.9833910954873564,GMM
12.757509,-0.023773387,3,0.8546463937170962,GMM
8.886921,9.108454,0,0.9977466310007623,GMM
9.371019,3.5163932,1,0.9740320662013902,GMM
12.742015,13.943734,0,0.9994562963274869,GMM
9.87937,7.113671,0,0.9992636538187836,GMM
8.179116,10.734976,0,0.9894234743196543,GMM
10.874216,7.3911767,0,0.9624860652469777,GMM
8.599083,9.301299,0,0.9954003842147217,GMM
9.50708,4.2631254,1,0.7668225111622352,GMM
11.837142,12.2884245,0,0.9976226228619282,GMM
10.365851,2.3840756,1,0.9940374368602432,GMM
12.324115,9.931811,0,0.9604440917982561,GMM
12.4670725,9.59563,1,0.9335933345347741,GMM
11.883207,7.02468,0,0.9449422968667539,GMM
7.5101523,10.15576,0,0.999516124176247,GMM
11.827583,2.1620085,1,0.9935142027299646,GMM
8.9538355,4.2471805,1,0.9705659594969462,GMM
11.202776,1.1201206,1,0.7981230861928329,GMM
10.692458,-0.7246799,1,0.9049116000817465,GMM
10.646108,5.8491993,0,0.9466331524392129,GMM
11.470685,12.482399,0,0.9992287408687608,GMM
11.258309,3.5008922,1,0.7153245009552249,GMM
9.510173,1.9403608,1,0.9977444362586958,GMM
7.982726,7.6649737,0,0.966625357707863,GMM
10.236663,5.885948,0,0.9684201782089771,GMM
9.98678,8.16945,0,0.9996307019377242,GMM
10.471552,3.2454855,1,0.9064241667995208,GMM
10.422433,5.0688868,0,0.52623125549831,GMM
11.188403,11.036415,1,0.9104111661247486,GMM
9.4365015,4.928806,2,0.9999999999999734,GMM
9.411723,0.23411232,1,0.9792741800329188,GMM
11.076914,1.7055309,1,0.9851195138436525,GMM
11.5082245,10.777229,0,0.9770449698280872,GMM
8.142677,9.145061,0,0.9286377104612433,GMM
6.399052,2.823583,2,1.0,GMM
6.8069863,10.0506115,0,0.9999025356588696,GMM
8.01876,9.19143,0,0.8255548237268963,GMM
11.190419,10.892727,0,0.9983547772203318,GMM
10.217619,9.980087,0,0.9988506014065893,GMM
11.387178,10.984597,0,0.9998112899048108,GMM
9.695633,5.7814407,0,0.9925354928103699,GMM
10.343439,12.088255,0,0.9998785933462067,GMM
11.196438,10.029099,0,0.9951379875322135,GMM
9.723915,3.1062095,1,0.9886805898136788,GMM
10.806053,6.3798356,2,0.9708112549808655,GMM
11.263611,6.126524,0,0.9701419966850224,GMM
12.166585,9.735448,0,0.9479211308674317,GMM
9.951682,3.6261806,1,0.9889468563032522,GMM
10.453616,6.6629477,0,0.9992441812578118,GMM
10.525347,6.160039,0,0.9977927180099307,GMM
9.522848,11.769375,0,0.9995976025540902,GMM
12.136014,12.372007,0,0.9989969612680505,GMM
9.839638,10.114332,0,0.9945816691317814,GMM
11.59765,7.658652,0,0.9758994969444152,GMM
10.146555,5.4090133,0,0.9824854108282799,GMM
10.366126,2.964181,1,0.9813945255526927,GMM
12.012679,-0.5944902,3,0.7872762195323372,GMM
9.766889,11.794596,0,0.9997534944597799,GMM
12.286769,10.711413,0,0.9989167118525234,GMM
11.643567,12.806616,0,0.998927640749676,GMM
10.987458,10.992654,0,0.9992759135772925,GMM
10.484562,2.5452209,1,0.9959127290491963,GMM
9.256297,11.375783,0,0.9996840444010228,GMM
8.846926,10.031358,0,0.99593789818852,GMM
10.810543,5.922422,0,0.9838816394075204,GMM
9.585581,6.4999943,0,0.9953677443956643,GMM
7.534208,8.6221485,0,0.7966372004405382,GMM
9.99939,9.868801,0,0.994232577742159,GMM
6.8639684,10.131368,0,0.9998508220795866,GMM
9.326371,1.9974215,1,0.8763108856751134,GMM
8.203649,7.5829096,0,0.8995339899898906,GMM
12.204525,4.3220367,0,0.5167803438707231,GMM
11.870775,3.9896965,0,0.8362012433202546,GMM
8.757176,5.7670293,0,0.8006193190642102,GMM
9.747443,12.295753,0,0.9999808662463313,GMM
8.774432,3.1205218,1,0.9980472822415123,GMM
12.256997,6.9687552,0,0.7816262425272845,GMM
9.078944,3.891602,1,0.9819995855236388,GMM
7.073431,9.889968,0,0.5694076524726547,GMM
12.257764,2.5760624,1,0.9746795221277452,GMM
8.919784,6.616163,0,0.8416792617983424,GMM
10.052835,9.741562,0,0.9992953106065843,GMM
9.965937,3.5215783,3,0.9967007105143253,GMM
11.383045,0.41150686,1,0.9964252693458273,GMM
10.432332,6.267305,0,0.9912883863170694,GMM
10.151491,2.4746943,1,0.9972460139858859,GMM
8.706001,6.4128933,2,0.4157490432471693,GMM
9.216316,6.19975,1,0.8519949426589526,GMM
10.916176,2.3251684,1,0.9429154053622756,GMM
9.621225,11.273014,0,0.9975151062500305,GMM
11.887152,1.5806361,1,0.9961777504308498,GMM
11.628564,8.85953,0,0.9187609461734769,GMM
10.117047,5.5422163,0,0.7706076099288133,GMM
8.950971,8.543663,3,0.9188282468361915,GMM
12.773324,11.385253,2,0.901829517219049,GMM
9.839358,7.533809,0,0.9989562676262982,GMM
10.253133,4.345631,1,0.9970409783974525,GMM
12.395437,11.456531,0,0.9985137597121937,GMM
8.618494,9.555551,0,0.9982668156401754,GMM
10.910573,1.9803128,1,0.9980765586356438,GMM
12.069234,8.919911,0,0.9819036853705572,GMM
9.199201,8.985582,2,0.9999757309830071,GMM
7.9992833,10.725278,0,0.9942353941328839,GMM
10.616285,12.289269,0,0.9999031411448526,GMM
9.581933,4.9779954,1,0.7250658682175735,GMM
9.792086,7.70584,0,0.9275485795443684,GMM
10.900396,10.988322,0,0.999303329945442,GMM
10.878209,3.3155594,1,0.8716974765031005,GMM
13.17343,12.583669,0,0.9882635302279636,GMM
12.486004,8.071738,0,0.9161580345261445,GMM
11.353293,2.8611715,1,0.9686561046519194,GMM
10.3213825,5.4239955,0,0.9620549001062074,GMM
10.613208,9.811307,0,0.9996508056988791,GMM
10.3373,1.2422175,1,0.998302504371793,GMM
8.95349,7.5394287,0,0.9962356644632664,GMM
11.313349,2.5688295,1,0.825890043257405,GMM
9.762989,9.6176815,0,0.8805713172901815,GMM
8.641095,10.71379,0,0.9371902552341063,GMM
12.643049,11.146003,0,0.9551541341495828,GMM
12.758618,10.478819,0,0.9728267417705843,GMM
12.69347,13.921956,0,0.9993583410832905,GMM
8.525315,4.74323,1,0.5773874970823756,GMM
11.272454,11.649105,0,0.9995906483889235,GMM
7.136029,3.101003,2,0.9999999998431637,GMM
8.176193,10.62691,0,0.9764360369347188,GMM
12.423323,9.442756,0,0.9878518343501979,GMM
12.081746,1.9143661,1,0.9080292755170628,GMM
11.316268,-0.8483482,3,0.8674271778576423,GMM
10.102979,12.354323,0,0.9922543709852643,GMM
10.283281,5.6062083,1,0.7797959417735276,GMM
11.337171,3.0499651,1,0.7597916147166766,GMM
12.014325,12.010277,0,0.940267939925792,GMM
7.9843016,10.826725,0,0.9991620042507077,GMM
11.361127,-0.03519377,3,0.8103616069493661,GMM
11.050571,3.879695,1,0.9801561311712849,GMM
9.969067,5.790801,0,0.922033669236352,GMM
12.086422,-0.216675,1,0.6578659695961661,GMM
7.440341,10.651575,0,0.993715113425102,GMM
11.271047,4.7711544,1,0.5399723619494099,GMM
10.399187,-0.68259186,1,0.6144942239645631,GMM
10.490781,-0.4112993,1,0.9531588915146111,GMM
8.584385,-0.14026716,2,0.5731011962647921,GMM
9.569482,8.950587,0,0.5666125756818271,GMM
11.544509,1.8518062,1,0.966360672499534,GMM
8.087681,2.9207952,2,0.9999999986116705,GMM
8.185152,9.856254,0,0.9978615912493085,GMM
9.318552,3.973817,1,0.8315470130208924,GMM
11.490036,11.31071,0,0.9997818489687619,GMM
11.354648,4.3989816,1,0.770996691923592,GMM
8.093318,10.302304,0,0.927606953640903,GMM
8.51044,10.39816,0,0.9998524434521032,GMM
12.2649145,3.6267378,1,0.9663725756876563,GMM
11.540397,2.0255914,1,0.7928173534721464,GMM
9.763041,12.315683,0,0.9999223177691203,GMM
12.024873,9.772788,0,0.9977666931384578,GMM
10.815408,12.745705,0,0.999838592437665,GMM
9.74736,1.449809,1,0.8895664088064751,GMM
10.189129,9.75404,0,0.9874333381169919,GMM
10.78564,7.6346874,0,0.9985954135670854,GMM
10.39654,-0.43096846,1,0.9818601971594562,GMM
10.185873,12.317315,0,0.9999332184387586,GMM
12.02535,2.9808187,0,0.9429264323139545,GMM
11.0765705,3.2053127,1,0.867869106500488,GMM
13.55418,12.993388,3,0.9825097717298977,GMM
10.452756,6.0053287,0,0.8878675101077546,GMM
8.804635,2.3714106,1,0.9690245589242971,GMM
8.2023,10.115574,0,0.9984332017639362,GMM
12.180406,1.5625414,3,0.564116760146681,GMM
11.123883,2.2491634,1,0.9966770432131042,GMM
10.23438,5.1304746,1,0.57646759994878,GMM
10.427297,12.470811,0,0.9989287622331257,GMM
9.809527,4.7720847,1,0.9313254810262308,GMM
10.360546,9.986314,0,0.9998994874858242,GMM
11.10203,1.0995928,1,0.9962409849615044,GMM
11.093605,7.2046146,0,0.9953969040501737,GMM
10.158974,5.143134,0,0.9085597663043176,GMM
8.514234,7.5454073,0,0.974119168824549,GMM
12.665758,13.360419,0,0.9987810595518624,GMM
9.944023,10.783842,0,0.9998392097895665,GMM
6.54124,9.553549,1,0.8156132189999606,GMM
11.65704,9.324837,0,0.9918034040175308,GMM
12.558001,7.543093,1,0.5020881497176131,GMM
9.410896,2.3940217,1,0.9537638136263783,GMM
6.9870014,10.190544,0,0.9999907406023191,GMM
10.707097,1.6536208,1,0.9923844378436363,GMM
10.210743,5.231581,0,0.9192665405921047,GMM
7.235757,9.047605,0,0.5474257230855911,GMM
9.293971,7.764324,0,0.9198411155210979,GMM
9.146775,2.7015,1,0.9938656230851375,GMM
12.487423,12.666258,0,0.9988044109941172,GMM
12.231628,1.6475368,1,0.974348620876447,GMM
12.877033,0.45102468,1,0.503824571105409,GMM
9.706193,5.629543,0,0.5442915680731394,GMM
11.73169,-0.34705785,1,0.9688289864814253,GMM
6.6897645,9.093396,0,0.9984789679422245,GMM
11.199175,2.1426377,1,0.9974927321843963,GMM
12.702605,13.277348,0,0.99829041015403,GMM
12.488166,7.1952915,1,0.8516883639187603,GMM
10.3982935,7.445653,0,0.9441407276912225,GMM
10.330615,1.0746982,1,0.9891901463313064,GMM
10.489634,4.4411697,0,0.6875088436187163,GMM
9.903755,5.2208276,1,0.8129986913600519,GMM
11.170289,9.015286,0,0.9987093909311308,GMM
11.500658,-0.39654362,3,0.9997443509113761,GMM
12.374009,12.166384,0,0.996661971376537,GMM
11.876122,-0.75491506,3,0.9999873840860266,GMM
7.526658,2.4344954,2,1.0,GMM
8.06071,10.894551,0,0.9857588369942463,GMM
8.439336,9.059043,0,0.788042073361152,GMM
12.354138,2.1890929,1,0.5536547953416824,GMM
10.14901,2.138815,1,0.9966992272522788,GMM
9.157418,9.56692,0,0.9993142701187451,GMM
9.601238,7.267525,0,0.9981347178680029,GMM
11.096769,12.336151,0,0.9998871410591261,GMM
7.813685,5.4916434,1,0.9826310940124184,GMM
10.098445,9.384219,0,0.9971566615160744,GMM
10.315463,2.5693827,1,0.9948385673918287,GMM
7.6198673,9.224371,0,0.9697153414811837,GMM
11.91194,8.194535,0,0.8221283169184513,GMM
12.675787,11.7898855,1,0.5776391089147589,GMM
6.9451227,9.783047,0,0.9980972607777822,GMM
9.927962,7.145883,0,0.9572819096311594,GMM
9.951563,11.4657955,0,0.9993959064046914,GMM
11.620333,7.3267217,0,0.8910308312094113,GMM
11.667646,12.943922,0,0.9997831513299354,GMM
9.40314,1.0020438,1,0.996597010853613,GMM
9.622103,6.734048,0,0.9733999000062225,GMM
12.4156065,3.725539,0,0.9228452371035474,GMM
12.344139,2.442559,1,0.5992274454665941,GMM
9.270487,0.17165127,1,0.9845166632382594,GMM
10.108885,-0.6615503,1,0.990124105378902,GMM
10.391648,8.744242,0,0.998711004472175,GMM
8.864673,0.86596274,1,0.9549681804327592,GMM
9.049371,7.6872888,0,0.6689359817339644,GMM
10.522935,11.624031,0,0.9998203532130971,GMM
9.2074795,2.7025075,1,0.9943936355230151,GMM
10.86154,0.17580959,1,0.9878893437620999,GMM
10.092165,6.5323353,0,0.9756468008228983,GMM
8.471338,4.071102,1,0.9968087683285429,GMM
9.336712,2.873129,1,0.994155236041035,GMM
10.761351,6.1249776,0,0.7824293141723218,GMM
11.557256,-0.07745893,1,0.9783142098020324,GMM
12.754847,11.49965,0,0.9967707318406882,GMM
9.8451185,2.3802104,1,0.9766655177643606,GMM
8.147424,10.492307,0,0.9259617192896566,GMM
11.221562,7.229944,0,0.9651535071307449,GMM
11.638754,1.1141758,1,0.9817399944954911,GMM
8.430787,10.483512,0,0.9304499813405307,GMM
12.739525,13.440986,0,0.9997095113499955,GMM
9.006895,3.4341977,1,0.9774154392208211,GMM
10.829095,0.29887515,1,0.9088546315660528,GMM
10.869082,5.589484,0,0.8691578830295501,GMM
9.552024,0.6720178,1,0.9587767964730685,GMM
13.362216,12.8447485,0,0.9334361191235853,GMM
10.152895,2.8364797,1,0.9780999740502272,GMM
10.665126,6.3018847,0,0.9966093397365152,GMM
7.6593385,10.262261,0,0.9976085108017382,GMM
8.997406,8.602703,0,0.9769614318982951,GMM
10.916332,11.372842,0,0.9969037076382387,GMM
11.107466,12.093384,0,0.9998019141721208,GMM
11.727725,1.2793834,1,0.9920126735302117,GMM
9.84414,7.247088,0,0.9838694187082309,GMM
9.412348,4.984277,1,0.6314473059795953,GMM
9.768033,8.947622,0,0.9990229165892267,GMM
10.820622,-0.014502308,1,0.9936374085221295,GMM
10.914124,7.499706,0,0.9935883114509619,GMM
10.851167,11.6789665,0,0.9953387216697682,GMM
12.119786,7.1398845,1,0.8190027601251575,GMM
10.146087,2.8480232,1,0.9927010356605214,GMM
11.076008,7.3666835,0,0.9770211403191239,GMM
8.025322,9.205141,0,0.9831424440401821,GMM
11.957588,9.8294935,0,0.9823539766122796,GMM
13.581002,13.872442,3,0.999967085633607,GMM
8.334021,3.382053,1,0.5065318812896696,GMM
11.109457,2.8789494,1,0.6710828950448308,GMM
13.083432,12.786015,0,0.9794841355125873,GMM
10.185502,7.5348806,0,0.9706971282623612,GMM
11.30528,13.017797,0,0.9998028915711902,GMM
12.18017,0.8291503,1,0.8347395617807091,GMM
9.961778,8.703717,0,0.9979254361424889,GMM
13.375578,11.754975,0,0.5748367271590279,GMM
9.142536,3.6739385,1,0.9757313525321316,GMM
7.526825,9.577542,0,0.7859573603188807,GMM
12.360188,1.1028769,1,0.9740601825402213,GMM
11.223979,8.353609,0,0.9667218323156324,GMM
8.872097,10.13212,0,0.9961401182899527,GMM
10.294155,10.742263,0,0.9960860849959875,GMM
12.14654,10.145993,0,0.9957040347668837,GMM
8.972892,10.98647,0,0.9923901861455966,GMM
11.201055,2.4911163,1,0.9903705807735501,GMM
9.589252,6.2713566,0,0.9792867760807601,GMM
7.534407,10.407534,0,0.9796801782259213,GMM
10.107763,6.0783925,0,0.9453511066957555,GMM
13.461423,12.113814,0,0.5686267191703164,GMM
6.1284094,2.5348992,2,1.0,GMM
8.985128,-0.53931236,1,0.966226330299254,GMM
9.705895,3.1833725,1,0.9470614903841386,GMM
9.4811735,9.821413,0,0.9598888460099746,GMM
10.7049885,6.5121183,0,0.993427907133142,GMM
12.921706,10.323531,0,0.9933777603050518,GMM
9.775589,5.8520184,0,0.9720309258004503,GMM
8.994044,9.84774,0,0.9982769068542975,GMM
8.992055,10.410633,0,0.9991824582331914,GMM
9.798968,7.2285047,0,0.9870018532258561,GMM
12.518535,1.5127593,1,0.9777524104426112,GMM
12.101703,-0.3059933,1,0.7482862661838948,GMM
8.33722,7.132174,0,0.9464748359968862,GMM
10.437103,2.7282205,1,0.9863669474725092,GMM
9.173064,6.18388,0,0.847263908123963,GMM
10.593249,2.9537532,1,0.9910263384919364,GMM
8.2430315,7.0806394,0,0.4643898461364536,GMM
8.975695,9.948709,0,0.9957548275316053,GMM
11.320942,11.338738,0,0.9999636239600084,GMM
12.127479,1.2033312,1,0.9910382360402309,GMM
9.351871,8.882921,0,0.9892093197987314,GMM
10.129402,-0.19617587,1,0.869488482419366,GMM
12.298548,11.975652,0,0.9967368005372239,GMM
12.885825,14.013333,0,0.9995505837097995,GMM
10.767788,5.6855397,0,0.9741330271749565,GMM
8.642835,7.0331526,0,0.817199383498841,GMM
11.291609,4.766978,0,0.8735585621681127,GMM
10.565787,0.38146332,1,0.993893810293472,GMM
10.812619,4.0786963,1,0.9184586130210167,GMM
11.08187,9.715825,0,0.9964581081739737,GMM
10.906856,9.929932,0,0.9994212779306394,GMM
4.319078,2.2898622,2,1.0,GMM
11.906511,12.298434,0,0.9997827728318062,GMM
9.118899,2.2778206,1,0.9933289551231043,GMM
10.64081,7.84146,0,0.9346908115273848,GMM
10.16204,11.898578,0,0.9999052644423515,GMM
8.815707,8.161522,0,0.994416052664282,GMM
11.683864,13.021918,0,0.9999204000185845,GMM
10.450406,8.3488655,0,0.9989969251324408,GMM
11.221756,5.999109,0,0.9506973669858695,GMM
9.734767,7.803596,0,0.6377134732784505,GMM
10.750757,8.641308,0,0.9730468222172529,GMM
10.813668,4.1905036,1,0.9123041921046037,GMM
11.8682,10.054322,0,0.997819670659465,GMM
10.595664,10.248309,0,0.9994740542426869,GMM
8.492083,11.2257185,0,0.9991354375425812,GMM
10.404904,11.900263,0,0.9997719003562001,GMM
9.238725,4.426214,1,0.9896543721828813,GMM
12.272162,9.963108,0,0.993380087774151,GMM
12.484939,2.8874586,1,0.8117490443752186,GMM
11.329429,12.735353,0,0.9998665445199356,GMM
12.398311,2.3513176,1,0.6816046894653196,GMM
8.038748,6.1837044,1,0.6958734629284496,GMM
9.7769375,8.961387,0,0.9664630084134668,GMM
5.8203645,2.646722,2,1.0,GMM
12.403542,8.005704,1,0.6600009547086316,GMM
10.254008,7.562073,0,0.99880668677062,GMM
9.807489,9.471292,0,0.9989811729478484,GMM
12.192192,8.791214,0,0.9561431746915551,GMM
10.225376,5.0978656,0,0.9016085803880157,GMM
10.0240345,8.819706,0,0.9988055224248781,GMM
10.087105,3.1636693,1,0.8808159012569932,GMM
9.874526,1.4964124,1,0.9958741444766355,GMM
8.996755,0.70554346,1,0.8313182099919219,GMM
12.010464,1.5913955,1,0.9867542465986127,GMM
10.322096,7.1974874,0,0.943747040106868,GMM
10.557977,12.237037,3,0.9984246100939075,GMM
12.392553,8.248884,1,0.5984803927733413,GMM
11.971381,0.73501265,1,0.9933472202269579,GMM
12.573421,2.1723843,1,0.9111058559157527,GMM
10.7270775,5.567786,0,0.9621315059578656,GMM
9.088898,1.4701829,1,0.9371122132505262,GMM
12.549247,13.335785,0,0.9997322865004638,GMM
8.929498,4.365403,1,0.7474981903952305,GMM
10.272939,-0.6096832,1,0.700461906917533,GMM
9.7926,7.6653237,0,0.998294407732783,GMM
9.520727,-0.6663481,2,0.5782859806646493,GMM
9.183834,10.116195,0,0.9970947643661014,GMM
10.325397,5.528549,0,0.9345773191012098,GMM
10.454133,1.3369989,1,0.9957406920119933,GMM
10.423694,1.3323791,1,0.43922156276479646,GMM
10.283892,0.6244472,1,0.9861085068967969,GMM
10.819719,3.6596007,1,0.9787442899591361,GMM
10.166438,5.701253,0,0.9604799112074695,GMM
10.261521,5.6546793,0,0.8767428622840796,GMM
7.625352,7.1177173,1,0.9601777320794459,GMM
9.829069,7.667337,0,0.9401685547780176,GMM
12.825008,13.131761,0,0.95913792345261,GMM
11.699525,9.751459,0,0.7609902911753572,GMM
12.397968,9.2926035,0,0.9883344616802031,GMM
9.888046,0.12210769,2,0.39777480301504187,GMM
7.520239,8.162661,1,0.7884892489726025,GMM
10.023756,0.21984322,1,0.9779109607183203,GMM
8.41325,-0.14002563,2,0.9356758005035911,GMM
10.443105,-0.45025894,1,0.9486960641493731,GMM
11.710898,0.9158102,1,0.9821801432794165,GMM
9.936034,0.62148726,1,0.996229627600089,GMM
11.157606,4.043015,0,0.7924785042706078,GMM
9.919122,0.8990708,1,0.9510311970569741,GMM
12.805224,13.405051,0,0.9988545551870184,GMM
8.572585,-0.67066306,2,0.9890128865235752,GMM
11.78393,11.96073,0,0.999811551111644,GMM
11.032103,10.390205,0,0.9997434068733989,GMM
11.686662,1.7407475,1,0.9934954105291377,GMM
11.274036,7.77469,0,0.7633107003877095,GMM
9.1557255,6.3321657,0,0.5393663776960383,GMM
8.954412,7.5671725,0,0.9938542580318449,GMM
10.780495,2.4360626,1,0.979147231528041,GMM
7.405577,8.150307,0,0.8709394429491393,GMM
8.186958,9.3315115,0,0.9970091644357424,GMM
9.211793,5.2595367,1,0.6575567393465568,GMM
8.346592,9.070355,0,0.7246859818102104,GMM
12.287275,9.383282,0,0.9580687722804323,GMM
11.618865,7.9368625,0,0.9709137411071053,GMM
11.110755,2.3596637,1,0.9810400189004453,GMM
7.53912,8.893037,2,0.9999963902432856,GMM
12.283813,2.0295916,1,0.9708680576605884,GMM
11.788434,6.928863,0,0.7863449838327594,GMM
10.740989,3.1998653,1,0.7218213356460736,GMM
9.179976,8.90764,0,0.9856842739119092,GMM
10.415284,11.727734,0,0.9998262534752849,GMM
9.244855,2.9523432,1,0.9891312773981425,GMM
11.468979,12.508236,0,0.9997525656579379,GMM
9.066183,9.683917,0,0.9503621868453985,GMM
10.173335,7.8560085,0,0.9668002033693692,GMM
10.879467,4.7731423,0,0.9008681223261982,GMM
11.528226,13.143226,0,0.99967261519941,GMM
10.821803,5.161771,0,0.6876218148500646,GMM
11.864042,1.05827,1,0.9788444612238214,GMM
11.169165,1.2709823,1,0.9483077320132541,GMM
12.424311,-0.79108125,3,0.9999988679810693,GMM
9.823705,1.9434838,1,0.9907726464137647,GMM
12.301135,11.867763,0,0.9991133914481926,GMM
10.478399,3.6910765,1,0.9210569883691266,GMM
8.980215,1.7044735,1,0.9870900898292622,GMM
10.321177,1.2456366,1,0.9863849912768432,GMM
11.660631,10.376982,0,0.9991679117462295,GMM
10.531308,0.3176632,1,0.9617388201571107,GMM
11.060635,9.055378,1,0.6969927125634139,GMM
10.60915,11.193113,0,0.9998544763025489,GMM
11.216974,7.1476445,0,0.9302294602032064,GMM
10.394088,6.4440875,0,0.9853795628386772,GMM
12.616158,10.115612,0,0.9865661326665092,GMM
8.986744,1.7310706,1,0.5299912376966736,GMM
9.236407,6.913902,0,0.995906406954981,GMM
9.126966,0.16058989,2,0.5976020096296415,GMM
10.578487,4.811137,1,0.6455462639528826,GMM
8.409717,8.72854,0,0.9795802763673699,GMM
7.0888133,3.0197697,2,0.9999999944431881,GMM
8.545106,8.577666,0,0.9981291809141873,GMM
11.021109,5.2813044,1,0.7600899026210456,GMM
9.896631,2.5189242,1,0.9893533492284681,GMM
10.325064,7.795175,0,0.999664079921639,GMM
9.096501,1.8507407,1,0.9916068591390756,GMM
10.853472,8.240492,0,0.9760654783995341,GMM
7.357293,9.188008,0,0.9587453472761726,GMM
8.4323,7.389576,0,0.9878049865708196,GMM
10.047066,6.8050222,0,0.9978654424319842,GMM
10.758602,5.720515,0,0.9951043837497211,GMM
11.811622,2.3648534,1,0.9410707105661502,GMM
10.735065,12.307483,0,0.9997696535770442,GMM
10.488942,4.273587,0,0.7910714108807967,GMM
11.299605,9.289108,0,0.9978428644866043,GMM
11.176747,5.8801394,0,0.6422018611696411,GMM
12.25477,1.8978765,3,0.9072587747643286,GMM
9.360257,10.670288,0,0.9624702298103237,GMM
13.503808,13.737002,0,0.9743425109176185,GMM
7.1094604,8.427099,0,0.7110000574241206,GMM
7.494117,9.521816,0,0.8282352444919205,GMM
10.750215,10.306929,0,0.9935223686320429,GMM
9.394099,5.814428,0,0.824796266359606,GMM
11.48127,4.3521953,0,0.6881450968103305,GMM
11.014328,-0.7782016,3,0.8452025730185442,GMM
10.281551,4.031947,1,0.9644048126810976,GMM
10.677595,-0.7560714,3,0.9344085177634202,GMM
9.454528,10.026012,0,0.9989993040295018,GMM
10.231026,5.162292,0,0.8909813231606676,GMM
10.250394,11.041744,0,0.9996264615181621,GMM
10.121194,6.538025,0,0.999430850151228,GMM
9.7463875,3.4942603,1,0.9755626568838088,GMM
9.406141,10.403245,0,0.9976841112527273,GMM
11.038028,5.260328,1,0.6848036480826272,GMM
11.543145,1.1430905,1,0.9661821819747394,GMM
11.158947,0.38780648,1,0.9927387966938028,GMM
11.798983,1.688602,1,0.980716495325022,GMM
10.616235,2.955694,1,0.990705695598806,GMM
7.5585933,10.440715,0,0.9947116428560188,GMM
12.811209,-0.21291074,3,0.9976560126597923,GMM
10.9465275,3.3033555,1,0.7399922009113371,GMM
12.3061695,0.957886,1,0.9603455829039456,GMM
9.837873,10.352942,0,0.999752669794004,GMM
11.2790985,1.0929968,1,0.9960545841937921,GMM
11.705885,0.72355723,1,0.9279045794902376,GMM
11.584723,1.9790264,1,0.9722496579812435,GMM
11.39193,8.739077,0,0.8794499163564419,GMM
9.675018,7.4635005,0,0.9992587085792647,GMM
7.6862054,5.52182,0,0.989210140277605,GMM
13.11021,11.350137,1,0.5144412985358542,GMM
10.2806425,-0.254169,1,0.9590048518821225,GMM
9.535121,5.3424263,1,0.8287527484801268,GMM
8.947046,1.0690398,1,0.8850799334975176,GMM
8.593025,1.0679729,3,0.9999983810117282,GMM
10.953097,8.539102,0,0.6373951907946388,GMM
6.6631436,9.561704,0,0.9879610035805441,GMM
10.307735,12.45028,0,0.9999150014060046,GMM
11.570977,5.518916,1,0.8790275300036327,GMM
10.433968,11.596331,0,0.999169701970011,GMM
12.714673,-0.49314883,3,0.9998794935701636,GMM
7.3865986,7.692725,1,0.6288834889775282,GMM
10.587515,8.962488,0,0.986915794545427,GMM
12.818097,13.386139,0,0.9979160214330558,GMM
7.8082275,6.146217,0,0.6233813030422132,GMM
12.171765,11.625996,0,0.9990622105313912,GMM
11.921733,10.389862,0,0.8544666248545386,GMM
10.817108,1.8918525,1,0.9931232615898509,GMM
12.475998,0.11333176,1,0.8167209234913115,GMM
12.349699,12.823397,0,0.9991083677909588,GMM
9.06119,1.8760853,1,0.9726325918931988,GMM
11.161742,11.40354,0,0.9968975106069978,GMM
11.86493,2.1030114,1,0.9902732201711446,GMM
9.14897,3.988466,1,0.9693646013820083,GMM
10.900549,-0.31355515,1,0.9729159335948162,GMM
8.289203,9.41853,0,0.998413072620457,GMM
10.139925,8.995154,0,0.9979082821198543,GMM
10.556087,4.806875,0,0.5470022371721742,GMM
10.238277,-0.38943285,1,0.9862422590990577,GMM
9.738199,4.445027,0,0.6160936767180424,GMM
13.189304,10.971211,0,0.9682730922581205,GMM
9.928173,2.6192427,1,0.9914944279488195,GMM
12.262922,0.033958036,3,0.7119427977024815,GMM
10.24099,11.617746,0,0.9999025064697108,GMM
12.030659,-0.836416,3,0.9999640369823325,GMM
10.771708,2.5630414,1,0.9965706833089131,GMM
10.00383,8.607358,0,0.9975795597463624,GMM
11.818864,11.852903,0,0.9995854621727152,GMM
9.479661,7.934354,0,0.9725810840492707,GMM
12.392897,12.144397,0,0.9988621986264516,GMM
8.50741,4.1883435,1,0.9852342197440405,GMM
10.217884,9.865649,1,0.6820282043637714,GMM
8.140705,11.173639,0,0.9949229235361216,GMM
10.926167,8.90956,0,0.9620851461133545,GMM
11.752078,10.316229,0,0.9343710421481776,GMM
11.609178,6.7228394,0,0.8741622394379933,GMM
10.07697,2.569377,1,0.9741045656568406,GMM
9.648924,10.239689,0,0.9547394589531057,GMM
6.344927,2.798686,2,1.0,GMM
10.086867,5.632521,0,0.9480044576094809,GMM
10.673068,8.553099,0,0.9998522917678,GMM
11.67728,9.603929,0,0.99778050189098,GMM
10.8874235,1.2265668,1,0.9697490256868848,GMM
11.595395,5.197512,0,0.536756099159173,GMM
12.335245,10.49271,0,0.8337031847214211,GMM
12.49046,1.9096562,1,0.8430733756733465,GMM
10.503277,5.288492,0,0.8802581364077673,GMM
9.1774645,11.624088,0,0.9998913528006845,GMM
11.376344,10.031932,0,0.9891768907026823,GMM
11.307747,6.831517,0,0.5783974120862597,GMM
12.646212,11.065537,1,0.7690467537045408,GMM
10.757867,3.0928235,1,0.9262483741697699,GMM
11.521571,3.6829925,1,0.884011810164,GMM
8.802871,-0.56105924,2,0.6194900059491837,GMM
8.872775,10.799292,0,0.9983390430704064,GMM
6.699757,9.386158,0,0.9993813493812461,GMM
12.905255,9.964755,0,0.9567720905080296,GMM
9.397092,8.9242935,0,0.9990946577844259,GMM
11.494167,11.048671,0,0.9997456397521746,GMM
11.246715,12.034642,0,0.9792303971164994,GMM
7.7277827,9.665787,0,0.9936439103338962,GMM
11.479872,3.8392727,1,0.8910573804850964,GMM
7.8228183,8.382337,0,0.9444934367634067,GMM
10.731889,0.86936533,1,0.9960208854662805,GMM
13.244341,12.346778,3,0.5268925364333189,GMM
11.913891,1.9495146,1,0.976890407560766,GMM
7.701109,6.3741097,0,0.9914572431105081,GMM
10.319702,10.866151,0,0.9988111174430121,GMM
10.206097,4.0396447,1,0.7463619046794377,GMM
10.73492,11.455488,0,0.9976242746658313,GMM
10.167299,5.249793,0,0.5094765127040379,GMM
12.00392,6.0915837,0,0.7357515115097858,GMM
10.698946,4.419495,1,0.5125983209317733,GMM
9.52204,9.133364,0,0.9976250955846275,GMM
10.608628,10.376311,0,0.999938093175197,GMM
12.3775425,13.116871,0,0.9996009581004358,GMM
9.4479685,4.091579,1,0.985749760228325,GMM
12.615149,13.828041,0,0.9997871752576865,GMM
13.1133175,12.678182,0,0.9664448737054853,GMM
9.604659,1.1026145,1,0.9903883689781202,GMM
8.545342,10.056261,0,0.9314509422480122,GMM
12.363478,10.221988,0,0.989776954894075,GMM
6.8044376,9.669923,0,0.9995253524307983,GMM
7.7950134,8.294044,0,0.9168048044720624,GMM
7.7513742,7.1900496,0,0.9802634217070435,GMM
6.9553876,2.4484134,2,1.0,GMM
12.148128,3.9477663,1,0.8231431217310768,GMM
12.37692,9.476283,0,0.956979479125904,GMM
11.11609,12.299834,0,0.9998269652529914,GMM
10.024769,6.8459544,0,0.957774632092773,GMM
9.678224,9.384907,0,0.999234430207391,GMM
12.280348,1.884121,3,0.9988074239312803,GMM
12.769064,13.251607,0,0.9957257931301028,GMM
11.4379425,8.868243,0,0.9850282884600028,GMM
12.374709,10.91696,0,0.9963252717527501,GMM
10.088112,9.924429,0,0.974955338208507,GMM
8.083969,6.177979,0,0.7302770997708976,GMM
10.256877,7.160614,0,0.9589180310008935,GMM
8.829604,1.7177116,2,0.7727108691119026,GMM
10.114947,0.22818595,1,0.7979928736588762,GMM
12.195352,-0.32073352,3,0.9905686779129619,GMM
10.30281,6.8100576,0,0.9756747839113996,GMM
11.235942,3.6017666,1,0.6569537845056636,GMM
10.762118,1.9465201,1,0.9923162296838691,GMM
12.027235,13.038155,0,0.999886164712777,GMM
10.84024,2.1260989,1,0.9966312254868479,GMM
11.24455,4.015838,0,0.6368534647097313,GMM
9.097551,5.528906,0,0.6755583058819973,GMM
8.528115,0.05909542,1,0.8208443221912317,GMM
7.554056,11.004588,0,0.999979827803877,GMM
12.080961,1.5670542,1,0.9648535644424745,GMM
11.984846,0.23503524,1,0.8473695301855598,GMM
12.426426,10.505905,0,0.7904937334516292,GMM
10.590806,4.05717,1,0.5448338586993843,GMM
11.228031,11.619972,0,0.9982380153598146,GMM
8.934095,10.965152,0,0.9976836009468365,GMM
8.654175,10.946098,0,0.9997995439902548,GMM
10.385717,1.0230244,1,0.9859332411355992,GMM
9.803922,5.46242,2,0.9923150941960753,GMM
10.214919,10.884657,0,0.9966984133236946,GMM
12.869389,12.698341,0,0.9954996961510927,GMM
8.628005,7.3534427,0,0.9641408523597184,GMM
9.690071,8.186969,0,0.9415155532141539,GMM
11.209711,12.611109,0,0.9978101879600109,GMM
9.137125,-0.7838888,1,0.8135728582237062,GMM
9.012055,1.2292951,3,0.9938562924392594,GMM
8.26089,8.004656,1,0.9211293488873914,GMM
11.406934,13.205067,0,0.9997966850808682,GMM
8.846145,0.3909912,2,0.9075023362008741,GMM
10.434999,10.026715,0,0.99075905530299,GMM
12.69298,7.78759,0,0.9394012973971082,GMM
7.496318,8.473097,0,0.9907212992928103,GMM
12.209363,11.865468,0,0.999398021683517,GMM
13.474309,12.914849,3,0.8832336125652354,GMM
11.085359,13.02859,0,0.9999360045680616,GMM
9.394679,6.6205826,0,0.9926698425708718,GMM
8.686499,2.8538432,1,0.9082811228457311,GMM
10.882502,5.1174884,0,0.7454401605805545,GMM
12.864346,12.539682,0,0.9995975643902073,GMM
12.843616,0.23368944,3,0.6584410926011389,GMM
7.707759,10.680124,0,0.9619831854740338,GMM
9.084105,2.2859247,1,0.9926350965785787,GMM
7.9299607,9.430501,0,0.9941505854751894,GMM
11.901081,13.607117,0,0.9998681731536888,GMM
11.235071,2.3344324,1,0.9591522216404871,GMM
11.702806,3.9992511,1,0.9923439292362872,GMM
11.659868,1.207487,1,0.9873567607933965,GMM
12.446489,0.68333757,1,0.971592824691933,GMM
10.32509,7.1425967,0,0.931338347670032,GMM
9.298817,4.362296,1,0.6067376489412215,GMM
11.497838,12.868246,0,0.9998326068342228,GMM
12.042596,10.749068,0,0.9969926133038787,GMM
10.280844,5.591811,0,0.9929115664349327,GMM
12.360888,0.88725543,1,0.9788858645151237,GMM
11.319693,1.8210169,1,0.9786137688377553,GMM
9.426477,11.299022,0,0.999558647444619,GMM
10.04711,5.093174,0,0.5197574074106632,GMM
9.666046,8.6508,0,0.9938664790021466,GMM
10.372374,2.2797947,1,0.9943614100198129,GMM
9.790826,3.6251523,1,0.9602416449616924,GMM
11.301071,2.6092136,1,0.9853592633592064,GMM
12.100678,7.500558,0,0.7489228841570776,GMM
9.847056,9.959798,0,0.9995437173163332,GMM
12.615025,11.065814,0,0.4981419029206589,GMM
13.2483,11.725588,0,0.9863317829809429,GMM
11.840126,0.54469806,1,0.6795032969579927,GMM
11.245022,12.818151,0,0.999940848535671,GMM
10.080393,5.4690866,1,0.7550479596397432,GMM
11.066656,6.886432,0,0.9028096324769335,GMM
8.493225,1.5621848,3,0.8504693849719568,GMM
9.897048,7.7869434,0,0.996913403750591,GMM
5.3297315,2.507148,2,1.0,GMM
10.989216,10.873368,0,0.9989027642732581,GMM
11.149142,9.95205,0,0.9909292244036519,GMM
8.111194,9.783824,0,0.9918079823510136,GMM
11.488754,1.9003748,1,0.9964816215540993,GMM
11.820741,1.6033016,1,0.9960296807552441,GMM
11.097585,1.799871,1,0.99422403682425,GMM
9.121799,1.2994986,1,0.9139815658900807,GMM
9.354771,11.715556,0,0.9999429996311867,GMM
7.9327683,11.184909,0,0.9998675003794758,GMM
7.153176,8.897014,0,0.984627462304643,GMM
10.9731,8.004044,0,0.9985933249565255,GMM
9.578761,11.939699,0,0.9999510688407939,GMM
12.237444,-0.112167165,1,0.8375853249884171,GMM
7.053452,9.421254,0,0.9976389385131118,GMM
8.276906,7.479839,0,0.9932732872611282,GMM
11.104085,2.7676263,1,0.8613259030770276,GMM
10.477822,6.063522,0,0.9667273496045724,GMM
7.683997,6.202522,0,0.915283026173173,GMM
12.174528,6.619554,0,0.8784691724228098,GMM
10.727765,2.9794517,1,0.8844162235210699,GMM
8.93597,2.3781638,1,0.8758906512851078,GMM
10.391324,0.25171405,1,0.9982883394942659,GMM
7.999417,5.5163736,1,0.9617632206729051,GMM
9.752269,7.9003444,0,0.9693672227949324,GMM
11.594039,5.7289977,0,0.909607890143107,GMM
7.176211,9.091615,0,0.9792261652288513,GMM
9.352899,7.8723364,0,0.9607005639581555,GMM
9.554538,9.969379,0,0.997444716196649,GMM
11.594725,-0.35799503,1,0.7317286507442585,GMM
8.514618,6.724465,0,0.9301105942750986,GMM
8.198573,6.5770106,0,0.6806864954754723,GMM
8.03821,8.066636,0,0.9868792953965949,GMM
10.705775,11.806663,0,0.9999561430890098,GMM
10.741637,6.710533,0,0.7702153515914595,GMM
11.527698,5.696893,0,0.9096889843868939,GMM
11.980045,12.869469,0,0.9996106995955217,GMM
10.484862,10.351558,0,0.9998733068085801,GMM
10.190747,11.027282,0,0.9998894276377694,GMM
8.125829,10.373676,0,0.8290037227909254,GMM
8.655446,0.31730294,1,0.5647481142245233,GMM
9.003801,9.68631,0,0.9995207202815705,GMM
11.206646,12.678682,0,0.9997698421201574,GMM
10.423154,6.185099,0,0.9969065838678625,GMM
11.867546,11.676501,0,0.9988934649036081,GMM
10.339009,0.29847115,1,0.9728309818263259,GMM
12.430577,-0.1645817,3,0.9996511161195963,GMM
11.5720215,12.233823,0,0.9997660920509706,GMM
10.356182,7.4659076,0,0.9922075455341587,GMM
7.2654276,9.362958,0,0.9911262499284385,GMM
10.922139,5.998219,2,0.9113686507549237,GMM
12.619255,9.750883,0,0.815797646427473,GMM
13.0697,11.16979,0,0.9853062897855885,GMM
11.237966,5.6637044,0,0.8577919205583703,GMM
11.521349,3.6770525,1,0.8332714423789278,GMM
8.707924,-0.12506925,1,0.5804733409902881,GMM
8.310519,8.419444,0,0.9932125109299342,GMM
7.9347563,10.308525,0,0.9365645790409226,GMM
11.283736,10.515609,0,0.9961724140484927,GMM
7.2329254,9.644728,0,0.9937173198547846,GMM
5.898153,2.7033556,2,1.0,GMM
9.180436,2.9240866,1,0.9305818234740609,GMM
10.43894,-0.3744577,3,0.6238865781421771,GMM
10.486841,8.240314,0,0.9988719801615065,GMM
9.213522,7.3259716,0,0.9957836108467228,GMM
12.933387,11.712873,3,1.0,GMM
8.606072,4.4212475,2,0.9942487567845643,GMM
9.336896,1.3859553,1,0.9651380608903208,GMM
12.41031,7.3233433,0,0.8417680305640044,GMM
8.177641,9.755446,0,0.8508489601960468,GMM
11.338728,1.4481682,1,0.996477224256753,GMM
10.471886,8.145372,0,0.9713405041544092,GMM
9.949806,11.885632,0,0.9998405825851883,GMM
8.894205,-0.9828867,2,0.999999236440978,GMM
12.616253,11.707384,0,0.9991797564488998,GMM
10.1188,6.9894986,0,0.9914266953005099,GMM
11.446582,5.98654,0,0.8238232329589474,GMM
13.64706,13.950956,0,0.6116470131009276,GMM
10.428224,5.401636,2,0.9999884298175614,GMM
10.067159,4.2896857,1,0.9335587832522708,GMM
12.285718,11.025918,0,0.9988985835992343,GMM
9.919782,4.8464727,1,0.9102452265680105,GMM
11.310595,7.4925165,0,0.8077183892667549,GMM
10.865081,10.403131,0,0.9995861060842904,GMM
7.196205,9.663,0,0.9984067623818794,GMM
10.489525,0.33209354,1,0.9960991709803442,GMM
10.766459,3.3913684,0,0.5743729789571094,GMM
9.774472,0.38424125,1,0.9854014713156,GMM
10.031647,5.816983,2,0.6254825890889967,GMM
11.838871,9.720256,0,0.9771156356379747,GMM
10.121036,0.3818774,1,0.9901741628916442,GMM
11.384607,12.41814,0,0.9995243163689683,GMM
9.5506115,6.844726,0,0.9887709397347075,GMM
10.195735,9.887929,0,0.9995158396733237,GMM
11.267986,11.740345,0,0.9999504091427036,GMM
8.2067,6.8448696,1,0.641881409465293,GMM
10.501903,8.952314,0,0.9912454996630475,GMM
9.717573,3.6554134,1,0.9614578698504948,GMM
12.069346,8.290718,0,0.8368985387159692,GMM
11.225941,9.3379965,0,0.9397424595114027,GMM
6.917689,2.893441,2,0.999999999999913,GMM
10.201151,9.815155,0,0.9986609662497475,GMM
12.696833,11.150208,0,0.9980550003807745,GMM
11.62671,7.295032,0,0.8484943621229666,GMM
10.76107,12.261634,0,0.9985423064324737,GMM
8.886632,10.286441,0,0.9999194620839192,GMM
12.048655,12.873837,0,0.9940193662963052,GMM
10.7275915,-0.32166284,1,0.9816714608972439,GMM
11.930062,1.0005716,1,0.9870205017520222,GMM
12.74032,13.241199,0,0.9940463030292378,GMM
11.979032,10.151481,0,0.9917376639772437,GMM
8.654931,-0.03662812,1,0.7981853964837875,GMM
11.211809,11.102859,0,0.9990597766615579,GMM
12.6657095,12.176778,0,0.981081917089051,GMM
9.826195,0.4348226,1,0.9965606590773459,GMM
8.251642,4.1027803,1,0.9959228787292475,GMM
7.716793,6.143227,1,0.7019582900601504,GMM
12.932171,9.570321,0,0.9506087690466917,GMM
8.920297,8.541924,0,0.9992728229027987,GMM
11.635929,6.8426485,0,0.8715032363226775,GMM
8.5800085,3.5564628,1,0.9804019246986768,GMM
12.198703,-0.16709372,1,0.8998276328508344,GMM
11.507672,12.108286,0,0.9994897711925873,GMM
10.466315,5.2669144,1,0.9124178327294418,GMM
9.729598,9.9648,3,0.9702983837728408,GMM
9.9591465,5.8096175,0,0.9777862856606151,GMM
10.994572,9.090799,0,0.9559127358742949,GMM
10.809885,0.48778883,1,0.9813417459689184,GMM
7.990992,4.935909,1,0.9955842935964159,GMM
10.645546,1.0790782,1,0.9957702740506698,GMM
10.278882,5.557977,0,0.9452903663158547,GMM
9.236004,5.8793693,0,0.8937404748150712,GMM
8.3357115,10.640205,0,0.9983290831338003,GMM
9.872664,10.696756,0,0.999904864524264,GMM
9.967484,6.85265,0,0.9996390728969476,GMM
10.828782,6.220347,0,0.9995290252748401,GMM
9.521174,10.188864,0,0.9984899520021339,GMM
7.6503077,10.872501,0,0.9946535895035314,GMM
9.818192,10.226902,0,0.9451911712222366,GMM
10.8221445,5.173744,0,0.7870666494001128,GMM
10.225968,-0.5010332,1,0.9793201122276093,GMM
5.39466,2.5209126,2,1.0,GMM
12.481047,13.481854,3,0.8828240599010742,GMM
8.02633,7.3699555,0,0.5203194930161937,GMM
11.518779,0.088713706,1,0.902710734057127,GMM
10.987542,9.271742,0,0.9506443102094959,GMM
10.60918,3.2434747,1,0.9298002162885649,GMM
11.39204,11.430221,0,0.9995821818148346,GMM
12.37003,13.808622,0,0.9963798546426148,GMM
10.979598,4.502397,1,0.900976572031199,GMM
9.4146185,6.124679,0,0.7621879258954113,GMM
11.817503,-0.04257422,1,0.9517023639001815,GMM
11.050838,4.4056163,1,0.5236555994422909,GMM
12.091731,2.4614105,1,0.9872686959761866,GMM
11.01888,1.8374935,1,0.9941005148824869,GMM
8.756095,2.470796,1,0.9724101278261422,GMM
11.931818,4.3429193,0,0.942304480184638,GMM
10.0924635,8.358839,0,0.9828580020541172,GMM
9.808086,2.82405,1,0.8786490839512683,GMM
11.173432,1.082263,1,0.970773927341708,GMM
10.551402,6.300884,2,0.9955606402663635,GMM
9.211418,10.6004925,0,0.9996770255059362,GMM
10.1331005,0.23971932,1,0.9000269580031094,GMM
9.565846,10.075969,0,0.949394682796634,GMM
12.016105,2.6671429,0,0.5436729139015607,GMM
7.2825923,9.77406,0,0.9988678989347687,GMM
7.6015444,9.118392,0,0.8124397715806445,GMM
10.494718,2.6937256,1,0.935245930883207,GMM
12.5103035,0.99792343,3,1.0,GMM
12.049271,7.169016,0,0.9522941785277451,GMM
12.892617,11.394759,0,0.9821758351746303,GMM
8.868565,3.879478,1,0.9940601357661496,GMM
11.495192,12.548318,0,0.99988741225195,GMM
12.681147,10.875008,0,0.9821143034550591,GMM
10.407282,5.0220757,2,0.9912032390826366,GMM
12.123479,1.1498737,1,0.9611829856101717,GMM
10.246695,12.20753,0,0.9999064996017646,GMM
11.486637,12.68742,3,0.9493922887608316,GMM
8.628104,1.05393,3,0.9987280374409004,GMM
9.626,10.384132,0,0.9967999520918763,GMM
8.863938,11.810487,0,0.9998132960447438,GMM
8.920011,2.2432222,1,0.9882613631504156,GMM
11.152504,9.892998,0,0.9369099251453564,GMM
10.604064,5.439008,0,0.9112337505704652,GMM
10.893185,12.307859,0,0.999806216653233,GMM
13.335611,11.609691,0,0.9954921391755958,GMM
11.404224,9.39309,0,0.9974212455427376,GMM
9.361553,11.376539,0,0.9999061211656112,GMM
10.419158,11.854873,0,0.9998726350751707,GMM
12.605236,-0.5986928,3,0.9981493145916209,GMM
9.959469,9.295776,0,0.9970710883078288,GMM
10.781716,0.39616624,1,0.992659558953642,GMM
8.908135,0.6554643,1,0.5853181258116392,GMM
7.362691,9.420785,0,0.995940482536839,GMM
13.12296,11.792943,0,0.9913592498996907,GMM
10.150147,3.0899155,1,0.987603521624296,GMM
9.577307,-0.23496382,1,0.9710497582407671,GMM
9.085782,11.778353,0,0.9997990978719563,GMM
11.71319,2.2202058,1,0.9765093359345748,GMM
12.55591,1.988271,0,0.5715580667618922,GMM
11.260046,-0.39183763,1,0.9432853842823922,GMM
11.434501,10.381941,1,0.7633273534986998,GMM
8.799508,6.88647,0,0.9626308836250985,GMM
10.59415,-0.68469703,3,0.966546666287092,GMM
10.466621,8.218267,0,0.979156854033759,GMM
11.344328,6.403072,0,0.8941093033257601,GMM
10.5153265,-0.6816613,1,0.9946047101143808,GMM
9.304324,7.503789,0,0.9686924599877781,GMM
11.979903,12.751948,0,0.999341336336819,GMM
10.6560755,1.0862054,1,0.9906865270878633,GMM
10.716013,3.518707,1,0.7772047797051149,GMM
13.645432,13.472346,3,0.9988416181921175,GMM
9.71391,7.0945063,0,0.9956415809311567,GMM
12.836332,0.97502255,1,0.7110529887445725,GMM
11.410977,11.607945,0,0.999385128389125,GMM
12.21025,3.35873,1,0.5765553131260136,GMM
9.276909,1.8196167,1,0.7024816519237815,GMM
12.1621895,3.06925,1,0.8265642399238123,GMM
9.77389,0.56872874,1,0.9918129267925464,GMM
12.166518,2.7302585,1,0.9598185300810316,GMM
8.743378,9.01691,0,0.9809891750459245,GMM
8.814306,-0.48186564,1,0.6007941307637332,GMM
11.955832,1.84146,1,0.9968647053701539,GMM
11.188904,0.25977498,1,0.9245366623611595,GMM
9.059117,7.534921,0,0.9812898858408156,GMM
9.31942,0.6789477,2,0.6408779151794726,GMM
11.076399,12.668255,0,0.9999681294323439,GMM
9.386945,3.2928987,1,0.9927784122674279,GMM
12.594528,1.886871,1,0.7190384130688785,GMM
11.243172,9.250997,0,0.9943759468907138,GMM
9.168771,3.5278084,1,0.8888862324889708,GMM
11.0965605,1.5461199,1,0.9973223408935552,GMM
10.613516,11.1265955,0,0.999480685075081,GMM
12.072579,13.181612,0,0.999446688408818,GMM
8.876371,8.364527,0,0.9932982061934822,GMM
12.491011,1.8428332,1,0.6188555128020288,GMM
11.338863,2.3729117,1,0.8424772370792409,GMM
11.696024,8.478939,0,0.9287863307693413,GMM
9.294691,8.008568,0,0.7068940879363222,GMM
8.392772,6.8608747,1,0.8857393154130041,GMM
13.193892,10.984199,0,0.8745142614742706,GMM
11.554609,4.242618,1,0.6978220988804948,GMM
11.156337,12.701981,0,0.9999179302409426,GMM
12.2429495,11.523024,3,0.5065343096259449,GMM
10.280503,5.6231494,0,0.924260144237247,GMM
10.96255,3.9139504,1,0.8267586807056213,GMM
10.093047,11.341029,0,0.9998388744725593,GMM
9.245972,10.260192,0,0.963074819948515,GMM
8.97981,-0.6311558,2,0.5449203831786487,GMM
9.03234,12.022217,0,0.99997566401264,GMM
12.814897,9.399856,0,0.9857238231523189,GMM
10.202269,6.4663806,0,0.957305784252962,GMM
9.635583,7.6101213,0,0.8740888386876497,GMM
9.936593,6.356599,0,0.9649874972365924,GMM
8.53838,10.36199,0,0.9960492267275716,GMM
8.250686,7.9190354,0,0.9964554618180516,GMM
12.290106,11.196873,0,0.9900393858493579,GMM
8.859503,11.835622,0,0.9999809460609299,GMM
11.804561,12.860536,0,0.9994643793277844,GMM
12.260528,1.4791518,1,0.9793803118145464,GMM
10.5899,11.66448,0,0.999839640336077,GMM
9.510681,6.819647,0,0.9956831187898112,GMM
10.086034,-0.4527162,1,0.9906306441253637,GMM
9.882141,8.383088,0,0.8701163887910506,GMM
9.831794,0.96856725,1,0.984878757840483,GMM
12.712928,9.679123,0,0.66925359796965,GMM
12.335443,3.521678,0,0.6761287719765925,GMM
8.523271,6.663874,0,0.990713371273542,GMM
7.8339076,9.978862,1,0.9834402938695452,GMM
11.68856,8.375299,0,0.978147157154626,GMM
11.847647,11.228613,0,0.9983284959449656,GMM
10.896195,7.067808,0,0.9470069753163926,GMM
8.431234,4.373003,1,0.9941293179295481,GMM
10.78269,10.400042,0,0.9914761130191757,GMM
9.728112,8.996255,0,0.9993913612096139,GMM
12.02926,2.2803516,3,0.6929739565560634,GMM
9.105073,1.8734034,1,0.9870342141089095,GMM
12.186304,7.6030846,0,0.8989971611256475,GMM
10.881631,12.686492,0,0.9997631958192468,GMM
6.670543,9.7983885,0,0.9998700641669958,GMM
10.32919,7.878878,0,0.9998537648997223,GMM
12.741341,13.273503,0,0.9981825385898472,GMM
9.571377,5.045008,1,0.885847961364272,GMM
8.681066,9.725785,1,0.710691181220856,GMM
11.436958,3.065447,1,0.9866710707384488,GMM
9.275142,11.841267,0,0.9998515515236818,GMM
9.872404,10.790809,0,0.9996722457714649,GMM
12.085602,2.4794939,1,0.5213072581606322,GMM
8.330562,6.227834,1,0.9149866856853586,GMM
10.015635,8.8561125,0,0.9793369200527642,GMM
10.158511,12.286925,0,0.9978637483205754,GMM
10.812056,12.707455,0,0.9996636270822601,GMM
6.731277,3.004984,2,0.9999999999999893,GMM
10.916898,2.984041,1,0.8489813510453649,GMM
9.890324,11.051269,0,0.9982034330455171,GMM
13.461725,13.241573,0,0.9942616689529629,GMM
11.974114,9.683448,0,0.9333183251132088,GMM
10.820679,6.226464,0,0.997462565859386,GMM
9.307108,6.5965667,0,0.9411357287094179,GMM
9.777273,3.0588758,1,0.9674712063181772,GMM
10.857338,8.411422,0,0.9736601132976962,GMM
6.9693155,3.2461224,2,0.9999981128179795,GMM
11.015097,9.059434,0,0.9847352613321061,GMM
10.490224,8.466516,0,0.9972956471228747,GMM
11.304095,12.893571,0,0.9999640228690221,GMM
10.65705,0.53803736,1,0.9962324769824753,GMM
10.498209,8.709877,0,0.9821103793261603,GMM
9.966741,11.079818,0,0.9998291212054969,GMM
10.934301,3.2290897,1,0.981299021390201,GMM
11.487956,-0.8160765,3,0.9999890588607542,GMM
8.780784,10.10314,0,0.998987738077976,GMM
11.086164,9.1099615,0,0.9993446005476869,GMM
8.513515,7.5921187,0,0.993172660895167,GMM
11.668147,12.738516,0,0.9999751076691753,GMM
9.96057,10.390285,0,0.9864889278657814,GMM
9.579632,0.43085724,2,0.8678127565091561,GMM
9.120941,2.4362202,1,0.9468006061638653,GMM
12.124424,10.667007,0,0.9987456512976469,GMM
12.374663,1.4767402,1,0.9875911363160768,GMM
11.449519,12.987342,0,0.9997778717227647,GMM
10.111806,4.7033553,1,0.7825500016711797,GMM
11.2395935,10.080405,0,0.9982783564705383,GMM
8.186522,6.0185814,0,0.9262713169542355,GMM
9.834102,1.4331251,1,0.9920137678240631,GMM
8.174208,9.818938,0,0.9994668938861526,GMM
8.702242,5.786357,0,0.9439624988956545,GMM
11.796109,7.443301,0,0.93387681213198,GMM
7.6517015,8.574896,0,0.9381098357732995,GMM
10.932296,4.6670547,0,0.6910015819981664,GMM
11.989514,1.8665596,1,0.9754968395081113,GMM
9.075508,11.9888935,0,0.9999361670132065,GMM
10.442163,-0.57647324,1,0.8445271092207197,GMM
11.52831,4.410231,1,0.5069090855954774,GMM
10.214893,9.125874,0,0.6438641189510547,GMM
10.085259,9.816401,0,0.9984745075886102,GMM
9.349368,0.6207979,1,0.9300675482657859,GMM
10.463862,8.226703,0,0.9333539642011823,GMM
12.020376,12.018533,0,0.9989581279816632,GMM
10.875187,2.107753,1,0.9812994880322163,GMM
9.658343,3.9129193,1,0.9717794497529425,GMM
11.325,10.43506,0,0.9903804640330609,GMM
10.817002,5.5668783,0,0.8207456029328708,GMM
10.890174,0.589356,1,0.9961676944356129,GMM
9.968968,5.1533675,0,0.9225400734553997,GMM
12.815242,9.677771,0,0.9118631492124962,GMM
12.372531,8.227539,0,0.9793521607047038,GMM
10.17035,5.186762,2,0.9999863785479243,GMM
11.503855,11.616725,0,0.9971845232067008,GMM
9.674556,7.415016,0,0.9932244752702047,GMM
11.871843,6.3593464,1,0.5873793945811869,GMM
9.195769,4.412074,1,0.9144275813866526,GMM
12.206633,12.446841,0,0.9995264744741946,GMM
10.677622,0.15533023,1,0.9886212068272083,GMM
9.641876,6.7568355,0,0.8908381516111561,GMM
9.802393,10.830525,0,0.9954197862742633,GMM
11.764883,8.392404,0,0.6571139172034659,GMM
12.627246,2.1040902,1,0.6288127073124167,GMM
12.841229,12.86392,0,0.9952337273063768,GMM
10.193574,7.3790116,0,0.9924037701634619,GMM
9.959672,3.866603,1,0.9867349839822286,GMM
9.458359,4.166262,1,0.7176627125696667,GMM
10.82738,3.7540534,1,0.8963641367328256,GMM
12.82757,9.825318,0,0.5450984895043134,GMM
11.094655,8.417561,0,0.9639688340462337,GMM
9.193886,3.0092576,1,0.9927797534659362,GMM
11.741639,3.542215,1,0.8026216919661618,GMM
11.978329,10.4841175,0,0.997369436817779,GMM
6.5233397,9.604454,0,0.9999945304869167,GMM
9.2952,2.4662821,1,0.9819372168715049,GMM
12.930993,11.206589,0,0.971074206807961,GMM
12.051959,13.701931,0,0.9999901811599506,GMM
10.24923,12.238634,0,0.9999608025800312,GMM
12.334751,13.814009,0,0.9998124150365488,GMM
10.33226,7.4597654,0,0.98709259635887,GMM
10.520937,9.02139,0,0.9781178886170805,GMM
9.142899,10.781993,0,0.9925876387267406,GMM
6.0519576,2.5329576,2,1.0,GMM
8.763867,9.127272,0,0.9975773924610221,GMM
11.127297,0.24096833,1,0.9660837491594417,GMM
11.406766,13.302429,0,0.9999821598894187,GMM
8.142517,8.732295,1,0.5943978420265148,GMM
8.601738,2.132657,1,0.8043185686593592,GMM
11.0293,10.108138,0,0.9947009582468295,GMM
12.346564,11.215492,0,0.9968887596238002,GMM
8.764769,5.716291,1,0.8528536494121205,GMM
9.231853,1.1776483,1,0.741413889070281,GMM
7.5821013,6.1737175,1,0.7177773930748584,GMM
8.804376,5.3762283,2,0.47134400331824894,GMM
12.941524,0.7353931,1,0.8265554943814335,GMM
11.056109,3.427121,1,0.8971939550961483,GMM
9.504767,6.4223585,0,0.8941122044394626,GMM
8.884373,9.81239,0,0.9992397728358186,GMM
7.8571715,10.685538,0,0.9961661697382855,GMM
11.481945,1.9733281,1,0.9853679269443802,GMM
12.380692,10.362232,0,0.5454100999831347,GMM
11.351794,2.2937362,1,0.9954497944051371,GMM
9.722871,12.21927,0,0.9999108896957756,GMM
9.746141,0.7058921,1,0.9854125937815696,GMM
4.318212,2.2902882,2,1.0,GMM
12.49509,11.958087,0,0.9978950352263402,GMM
10.921992,8.871843,0,0.8933015322760387,GMM
11.70291,0.584018,3,0.5898418930154932,GMM
5.431144,2.5305989,2,1.0,GMM
12.808284,10.288107,0,0.9840240220480337,GMM
9.720585,7.574257,0,0.9995491628308892,GMM
10.274607,11.960279,0,0.9999337006591885,GMM
11.437453,11.7662945,0,0.9992399705792419,GMM
12.6042,0.4093786,3,0.6264531240490687,GMM
10.517718,9.23812,0,0.994333322420551,GMM
9.096127,1.8175849,1,0.962461442288991,GMM
8.613598,0.49682075,2,0.8493974269948484,GMM
9.385992,10.343711,0,0.969499512741355,GMM
10.312151,12.392972,0,0.9999395183494072,GMM
11.052094,5.9022465,1,0.8935146440334182,GMM
9.826676,6.494578,0,0.993460321852678,GMM
9.304907,7.7213235,0,0.6038648151831912,GMM
9.938245,6.5494533,0,0.9972723685249636,GMM
10.547933,5.634627,1,0.6168249696797501,GMM
10.519031,11.844401,0,0.9998744313576498,GMM
10.505437,2.6033309,1,0.9896700654198397,GMM
9.433099,4.4881353,1,0.953649937378203,GMM
9.102055,2.2643085,2,0.562764897976822,GMM
10.328313,6.3831635,0,0.6534239084541651,GMM
10.80557,1.0543065,1,0.9857896956025103,GMM
8.768685,7.5633693,0,0.7323489707752119,GMM
11.159147,8.87467,0,0.994745622648964,GMM
8.612243,2.2057748,1,0.9851548699693433,GMM
10.116744,-0.2758082,1,0.9686748097881376,GMM
10.9655905,9.4927225,0,0.9363374833250612,GMM
10.482241,0.6578468,1,0.9963077658017316,GMM
12.625588,7.545706,0,0.9703521543881578,GMM
9.198166,1.2668662,1,0.9926741493243063,GMM
12.640896,13.11253,0,0.9977291335231323,GMM
9.239275,4.5067706,1,0.9077804483485843,GMM
11.623468,4.060795,0,0.7950732895218449,GMM
11.1456785,10.191562,0,0.9989510191653569,GMM
4.533571,2.373211,2,1.0,GMM
7.6887674,10.30546,0,0.9987978627733354,GMM
10.275383,11.62123,0,0.9998949582232606,GMM
8.731719,7.005122,0,0.5212560743421945,GMM
11.993173,1.3860132,1,0.9952765407368637,GMM
10.458777,5.115277,1,0.5932449087460541,GMM
8.80535,8.674831,0,0.9920597097244077,GMM
10.521434,12.047402,0,0.9998416202908607,GMM
11.013917,7.706863,0,0.9512763006213769,GMM
9.068562,7.138242,1,0.5031293461839902,GMM
10.553139,1.6150436,1,0.9489503110051499,GMM
10.439807,0.4240952,1,0.9489607037603526,GMM
11.103283,12.662969,0,0.999350938866207,GMM
8.374747,6.0882144,0,0.9908068203167526,GMM
9.760477,10.185905,0,0.9888697605102447,GMM
11.270194,5.997934,0,0.8072135581065016,GMM
12.953699,14.031768,0,0.9993317591262388,GMM
8.942688,-0.59406,1,0.8017452444142757,GMM
11.805068,13.331167,0,0.9998760161902244,GMM
10.555033,11.739423,0,0.9996637385811104,GMM
12.491679,11.867895,0,0.9993333547164542,GMM
10.1427355,0.4656182,1,0.9852633415812986,GMM
11.0878315,8.722925,0,0.9992507922822682,GMM
9.153697,2.0398054,2,0.5372980182761349,GMM
6.616931,9.449167,0,0.9707902497771191,GMM
11.649743,4.774837,1,0.5878481818765816,GMM
12.936081,10.837099,1,0.6681282884166994,GMM
12.092204,-0.3619091,1,0.7132592019184442,GMM
12.337195,2.60784,1,0.6812659559639589,GMM
10.358315,8.325882,0,0.986320130858397,GMM
7.2995763,9.563408,0,0.9921563336634925,GMM
12.532214,1.8957325,0,0.8004137114610591,GMM
9.280467,1.4166329,1,0.9565627195515932,GMM
10.276341,9.200501,0,0.9989998814291763,GMM
13.181622,12.266994,0,0.9689181903507338,GMM
7.3780785,9.768759,0,0.9979877556220115,GMM
7.821328,6.714236,1,0.9822534792792232,GMM
9.248792,9.5720625,0,0.9986020790122354,GMM
12.083069,4.1396,0,0.6349672484114313,GMM
10.590806,8.081987,0,0.9989342794246683,GMM
12.15411,3.5615296,1,0.6154001914264875,GMM
8.92649,2.5352004,1,0.9032864382930075,GMM
8.016187,8.396307,0,0.9420855870483118,GMM
11.1575575,10.218775,0,0.9637182559746986,GMM
11.358803,8.624666,0,0.9899854262859419,GMM
11.738836,3.4509664,1,0.8388694981059482,GMM
10.647577,3.6639447,1,0.9763534749939239,GMM
9.762417,11.665633,0,0.9998819868569149,GMM
8.654817,5.916146,0,0.7563714661710709,GMM
11.103576,8.947851,0,0.9957165973241671,GMM
10.764156,5.97017,0,0.9754426654793762,GMM
9.872822,2.4950867,1,0.9926805688762325,GMM
10.941069,3.1139877,1,0.7564685271347337,GMM
11.074484,2.5754867,1,0.9192085560607366,GMM
10.972975,11.166518,0,0.998552215399215,GMM
10.90644,12.026425,0,0.9997570358591407,GMM
10.411211,5.3476114,0,0.6887319565939679,GMM
9.859659,9.697079,0,0.9987589443716033,GMM
11.359685,10.062659,0,0.9993346673605114,GMM
11.1356945,4.409987,1,0.9783126299665601,GMM
9.206232,4.6422453,1,0.8678734315179164,GMM
9.420402,-0.8228243,1,0.9763494116598492,GMM
7.1238127,8.447113,0,0.9911242703132453,GMM
10.616996,1.1363075,1,0.9923486310744433,GMM
6.577572,9.709404,0,0.9998160222463129,GMM
8.704731,6.363209,0,0.6674134735548302,GMM
8.506541,3.1250873,1,0.9612078135791583,GMM
13.410266,13.2178755,0,0.8814273341719806,GMM
9.998499,9.0098095,0,0.9980763753391825,GMM
8.182343,10.266152,0,0.9990321777314023,GMM
11.141391,11.737137,0,0.9835832403982133,GMM
12.933117,14.02326,0,0.9996180196451149,GMM
6.0209846,2.5015152,2,1.0,GMM
11.29822,9.549301,0,0.4941782890506325,GMM
10.5887375,-0.5173112,3,0.7003885793538666,GMM
10.44312,7.857476,0,0.8075002492533276,GMM
7.829669,8.473007,0,0.9961912218254224,GMM
11.360752,9.336471,0,0.9715752754401685,GMM
13.144095,13.432031,0,0.8741385138102638,GMM
12.635978,13.887139,0,0.9998295168478682,GMM
11.212704,8.030194,0,0.8392943926602131,GMM
9.122363,-0.7392347,2,0.8477807666828322,GMM
9.351243,3.4186754,1,0.9838079463454255,GMM
11.499671,12.085249,0,0.9998806732324673,GMM
11.623903,13.101212,0,0.9998798544045119,GMM
9.828719,11.046367,0,0.9999471781716874,GMM
12.693939,9.33866,0,0.8402097393750049,GMM
8.972848,9.308648,0,0.997353360669306,GMM
9.662255,0.7552362,3,0.9053141128401911,GMM
9.590349,5.315732,1,0.7981045617796159,GMM
10.990533,7.4514723,0,0.9476509054140946,GMM
10.147677,9.478623,0,0.9972842969078664,GMM
9.277068,3.079147,1,0.988585112152666,GMM
9.790926,11.744326,0,0.9996870856541703,GMM
8.710975,-0.07914396,2,0.9999957479667003,GMM
9.903606,7.1540895,0,0.8531223258080873,GMM
10.825315,9.778105,0,0.992019808924152,GMM
10.781776,4.273656,0,0.8811116318028622,GMM
12.666548,13.128227,0,0.9978872988806462,GMM
9.622462,4.7913914,1,0.8671224576568565,GMM
10.605211,9.827744,0,0.9974858329875754,GMM
11.49077,10.988368,0,0.9999738061348139,GMM
12.929106,13.047667,0,0.9309365765061248,GMM
6.736275,9.712662,0,0.9999550808531373,GMM
9.019555,11.4764,0,0.9998824948201568,GMM
5.514553,2.6237867,2,1.0,GMM
12.171162,0.7131514,1,0.985600298707878,GMM
9.534384,-0.077263646,2,0.8195111358645122,GMM
9.505166,7.768416,0,0.9652792537244862,GMM
10.490715,6.10843,0,0.9989662802387803,GMM
10.224966,10.502281,0,0.9995285972849527,GMM
8.334895,4.3726907,1,0.9325031893600272,GMM
8.77692,9.806226,0,0.9983320949387571,GMM
9.351097,9.1720085,0,0.9990226717343306,GMM
12.428331,1.872786,3,0.6540514411264118,GMM
10.014881,2.607323,1,0.9875288042894553,GMM
12.295546,-0.39924118,3,0.932693940614696,GMM
7.2179317,9.059813,0,0.9250800239066636,GMM
8.597079,0.004861441,2,0.6351447669631208,GMM
10.548887,0.19914982,1,0.9972975111618027,GMM
10.0847025,10.345521,0,0.9947469086466363,GMM
8.8753,1.9269303,1,0.9765646826784563,GMM
9.519936,9.282342,0,0.9979639772682903,GMM
9.100696,0.9291461,1,0.9033040838893998,GMM
12.256742,1.0570087,1,0.9845265260386001,GMM
8.272542,7.795577,0,0.6382326123779015,GMM
9.136962,9.257717,1,0.624448289180161,GMM
9.103501,0.43131575,2,0.960900515574626,GMM
8.923014,3.7091208,1,0.9711597918289696,GMM
10.946464,11.564033,0,0.999946099976615,GMM
11.567023,10.7005415,0,0.5057312226109612,GMM
12.384671,6.7481785,0,0.8410352403342954,GMM
8.208031,5.9565945,2,0.7262482333326667,GMM
10.060931,9.312357,0,0.9998783967553572,GMM
10.835404,9.10212,0,0.9674518852139059,GMM
9.304531,6.7337294,0,0.9964252363182733,GMM
8.579356,-0.73847723,2,0.9911458027360074,GMM
8.293103,11.189123,0,0.9902866152953586,GMM
8.858436,1.8387189,2,0.9566112532639892,GMM
10.854854,12.335224,0,0.9993735595153201,GMM
11.6619835,-0.36232683,1,0.7267420117419379,GMM
10.956096,7.081647,0,0.9835289056174222,GMM
12.1476,10.0304165,0,0.9919107120906359,GMM
8.959241,5.3089833,1,0.8114817691545807,GMM
6.45116,2.7385583,2,1.0,GMM
6.7928443,9.736299,0,0.9957835820932471,GMM
8.85435,7.4068155,0,0.9895381823595314,GMM
11.599783,9.197732,0,0.9894507706525736,GMM
12.331781,1.7975556,1,0.9184900747781136,GMM
11.940181,13.620621,0,0.9999527479671488,GMM
10.324455,1.1083293,1,0.9813393736998599,GMM
7.6383963,8.9761915,0,0.9809764264358993,GMM
10.388165,2.590719,1,0.9849173483813166,GMM
12.2784605,13.7370205,0,0.9998743424794937,GMM
10.378298,6.2844205,0,0.5108813481631166,GMM
10.108675,6.2743855,0,0.8107005825315773,GMM
11.169366,11.217505,0,0.9995737932357643,GMM
11.691793,1.6984301,1,0.971357518963662,GMM
10.103785,4.0518126,1,0.855586650291333,GMM
8.587056,5.2226696,1,0.9254875753651405,GMM
10.726283,2.27232,1,0.7595235140751937,GMM
8.21518,8.157065,0,0.9930917746079333,GMM
11.256433,9.306089,0,0.9528345358247936,GMM
10.371691,0.5785609,3,0.9977064577022667,GMM
10.892466,2.8233428,1,0.9832483862066606,GMM
9.683402,0.19052516,1,0.7069297385451172,GMM
11.247129,12.659657,0,0.9996837746633633,GMM
8.566168,2.4389582,1,0.9960145512159347,GMM
12.667757,8.861363,1,0.6529942578279764,GMM
13.045321,12.589967,0,0.999340824468865,GMM
11.157467,3.418322,1,0.9778306884878233,GMM
10.914686,2.6157374,1,0.967297615687396,GMM
9.118905,7.273812,0,0.701071785985731,GMM
11.547744,10.042266,0,0.9954169880405049,GMM
10.2213,11.92975,0,0.9995021236770465,GMM
9.76882,2.4252124,1,0.9876565533419368,GMM
8.847883,11.091107,0,0.9996263544262718,GMM
10.157939,0.29875946,1,0.9306910770973787,GMM
10.531696,9.994696,0,0.9945221991881633,GMM
10.405746,11.15753,0,0.999457078925751,GMM
9.713994,0.71107423,1,0.9581272220612173,GMM
10.3124,11.758705,0,0.9999516156336228,GMM
7.784345,9.297934,0,0.9971767726397519,GMM
11.004811,9.193233,0,0.8845883225058484,GMM
8.963135,-0.6705082,1,0.7406452300130877,GMM
10.587512,8.673455,0,0.7591239614580944,GMM
7.870022,5.3401227,1,0.9117182019403439,GMM
12.1432295,2.424335,1,0.886982181665576,GMM
7.810273,7.532465,0,0.9876844487608477,GMM
9.863877,8.0783415,0,0.9911598160611285,GMM
10.268416,4.0544252,1,0.7795163070070971,GMM
11.9652605,1.2915024,1,0.9949941535483026,GMM
9.919948,10.982318,0,0.9982970582886982,GMM
10.8672,4.9357543,1,0.8666227727999383,GMM
11.1682825,8.712514,0,0.9549038848866828,GMM
9.886448,9.337874,0,0.9987883409505982,GMM
12.289749,0.29888836,1,0.9169524335494383,GMM
9.78489,8.660842,0,0.998413229259555,GMM
10.997134,5.567923,0,0.6910902752409873,GMM
10.403225,-0.38995296,3,0.8472125062548941,GMM
12.743585,10.712173,0,0.9944613698553446,GMM
10.279182,10.636118,0,0.9850534468172661,GMM
8.479423,4.294268,1,0.9770077006701693,GMM
8.605676,3.7135162,1,0.971038836627195,GMM
11.195453,10.071781,0,0.8402939026975056,GMM
10.621655,5.7557096,0,0.9887434188936317,GMM
10.826411,3.6859548,1,0.6825885748987699,GMM
5.0832267,2.5123045,2,1.0,GMM
10.875476,8.817545,0,0.9948481238849461,GMM
10.74132,10.236618,0,0.9987868232833618,GMM
8.816409,-0.70716846,1,0.6200261280990323,GMM
9.882669,10.564172,0,0.8665328962528223,GMM
11.527616,-0.29123345,1,0.8232725614839467,GMM
7.707051,2.449725,2,0.9999997592042315,GMM
11.62356,3.8455594,1,0.7178531488911348,GMM
10.817064,9.727157,0,0.9993607469770125,GMM
13.393657,12.769784,0,0.9743727299786065,GMM
10.8378935,9.940226,0,0.996621894173648,GMM
10.656296,9.932253,0,0.9927493213677232,GMM
12.626994,0.51425654,1,0.9217205992699143,GMM
12.291222,-0.824366,3,0.9999999820161759,GMM
10.68764,2.0658784,1,0.9951621205848086,GMM
11.458205,4.377155,1,0.544402585853818,GMM
12.313694,1.0460728,1,0.9937089151132883,GMM
10.382945,5.5519137,0,0.734646600519686,GMM
10.214856,1.0710099,1,0.9945702261258544,GMM
9.359487,10.0907135,0,0.9972210673089881,GMM
9.066671,7.609251,0,0.9987064478383949,GMM
11.12194,-0.7532417,3,0.9636645251063387,GMM
11.606493,6.5028334,0,0.5021389042959092,GMM
7.1717243,8.05413,0,0.6531280761729222,GMM
7.0608582,3.3555274,2,0.999695591092575,GMM
7.261999,8.025752,0,0.8577875097823298,GMM
11.585264,-0.26065183,3,0.515904370837471,GMM
10.278224,10.29704,0,0.9952759895465665,GMM
10.762523,11.640128,0,0.9998365293830664,GMM
9.130382,3.5219917,2,0.7088181904236116,GMM
10.511042,12.673334,0,0.9991202069574144,GMM
11.255788,7.2757354,0,0.9649661092102686,GMM
12.280883,2.376408,3,0.9988244056763673,GMM
8.477988,6.8826895,0,0.9756594548368408,GMM
11.92789,2.938983,1,0.9924283287598767,GMM
12.555068,2.1577742,1,0.967489788395661,GMM
9.636087,7.914061,0,0.9992693851571507,GMM
7.990797,9.111929,0,0.9828583306510411,GMM
8.985918,4.2123322,1,0.8801703712871884,GMM
11.573355,9.060661,0,0.9977941682731319,GMM
12.617264,9.608775,0,0.7562695297150105,GMM
9.141141,10.1779785,0,0.9959530071797029,GMM
11.954206,4.1867757,0,0.835775088665944,GMM
11.187113,7.7527676,0,0.9630450399624433,GMM
10.480322,4.987371,0,0.6574249554407927,GMM
10.240008,1.792623,1,0.9963269146979862,GMM
10.570701,11.121976,0,0.9993003049567373,GMM
12.11615,-0.3847713,1,0.6328952615210215,GMM
9.905754,3.9616988,1,0.6038076188574724,GMM
12.333399,9.37966,0,0.9804917637632989,GMM
12.587612,2.0856972,0,0.7553624859328376,GMM
10.806514,1.6621857,1,0.9965558028880822,GMM
10.557589,-0.64032185,1,0.9234486949424455,GMM
10.159118,5.858425,0,0.9107994865000789,GMM
8.850687,8.663297,0,0.9981239250353977,GMM
11.756826,1.5935524,1,0.9964612417282965,GMM
9.073275,4.317608,1,0.8944862781565515,GMM
12.583422,1.356371,1,0.9780738299883159,GMM
10.28908,5.845345,0,0.8599473293073575,GMM
11.494068,11.165794,0,0.9997968908308174,GMM
8.832214,10.375891,0,0.9984898428802714,GMM
12.671447,1.4880921,0,0.8523532522825077,GMM
11.576657,12.810277,0,0.9997228654797392,GMM
9.369932,8.452744,0,0.8812933295191512,GMM
9.839462,7.2352705,0,0.9950903904540169,GMM
13.449916,12.40718,0,0.99061018795567,GMM
8.254898,5.9265375,0,0.982923982026699,GMM
10.199822,8.571389,0,0.9790603103251176,GMM
9.177264,6.4149585,0,0.5454105659435254,GMM
11.686154,-0.35193574,1,0.974958438096735,GMM
8.343291,9.780861,0,0.9975114957634582,GMM
8.014575,9.375706,0,0.9990525436604016,GMM
7.2200265,10.205147,0,0.9995885988136396,GMM
10.867662,9.789199,0,0.999192519158792,GMM
13.354345,12.691561,0,0.9963605319442609,GMM
12.048164,8.098007,0,0.8359871426248563,GMM
9.44316,4.1708,1,0.9294219390817664,GMM
10.8929405,7.664765,0,0.9861245954669297,GMM
11.844674,12.367221,0,0.9999691302865222,GMM
9.278489,5.98533,0,0.6936217854498449,GMM
11.013583,7.911149,0,0.9887955744141111,GMM
12.2290535,1.9317172,1,0.798200941460284,GMM
11.547741,8.127106,0,0.7314034974468167,GMM
12.6824255,13.522104,0,0.9994869605200659,GMM
10.996317,3.164478,0,0.5254428404656809,GMM
8.905036,6.553812,0,0.9863507316906018,GMM
8.558845,9.722422,0,0.9891060093117788,GMM
10.266059,6.3796554,0,0.9877707633073707,GMM
13.165457,11.679321,0,0.9954838065097565,GMM
11.807829,12.796951,0,0.9998825619217626,GMM
10.567916,5.518813,0,0.9274785989265009,GMM
8.776881,-0.8561776,2,0.7299219398942178,GMM
11.885044,2.989002,0,0.8483777404170174,GMM
9.633697,9.632437,0,0.9994196518302538,GMM
12.370416,11.616136,1,0.6276109801645201,GMM
12.663958,8.086052,0,0.9459916715644159,GMM
10.090851,-0.8439068,1,0.9898289710914671,GMM
11.123885,6.6970396,0,0.9303621893991042,GMM
11.432058,12.836177,0,0.9996682042417457,GMM
12.156998,10.152712,0,0.9956291460742039,GMM
11.991118,6.459698,0,0.6082320704151132,GMM
9.106236,5.2078366,0,0.6950975254861432,GMM
10.593825,5.9085913,0,0.9897816437843133,GMM
9.412749,10.503834,0,0.9824775859787455,GMM
9.064379,9.533397,0,0.9983726044964435,GMM
9.715903,9.043378,0,0.9957100981495599,GMM
12.749044,12.795843,0,0.9537764588461206,GMM
10.092225,10.920532,0,0.9923593449101964,GMM
11.387296,12.49687,0,0.9994735127162272,GMM
10.684472,5.0948005,0,0.8128611187923684,GMM
12.252676,7.2017527,0,0.9403028572639469,GMM
7.0855923,9.664356,0,0.9957626075458446,GMM
12.436915,13.37232,0,0.9996742555544678,GMM
10.176487,5.756847,0,0.9251316921956306,GMM
10.289861,6.7081003,0,0.9740542939248763,GMM
10.970926,11.665867,0,0.9999257665165577,GMM
10.840711,0.9510282,1,0.9957710193812327,GMM
9.968303,3.4599047,1,0.9790420218141936,GMM
8.283406,6.935039,0,0.9896879494944446,GMM
6.853317,10.206636,0,0.9999396522005629,GMM
10.584091,9.68977,0,0.9994412972896234,GMM
11.004085,8.995633,0,0.9752805310326256,GMM
10.023268,6.2990875,0,0.9968656613138014,GMM
9.894791,0.58085066,1,0.9954804844153582,GMM
9.0120325,5.0709004,1,0.8751720943711592,GMM
9.394222,5.5223746,0,0.8896494904291198,GMM
11.857969,1.9549955,1,0.9955621272673755,GMM
8.296281,10.227651,0,0.9959095638466143,GMM
9.081271,7.555869,1,0.9696783215218353,GMM
7.6095786,10.302092,0,0.9658295851063763,GMM
13.028323,10.079189,0,0.9851844511974162,GMM
8.848642,8.321925,0,0.9736018768278595,GMM
7.454062,2.82099,2,0.9999999670047904,GMM
11.576747,1.5073813,1,0.9933660333582945,GMM
12.906636,12.240075,0,0.9973034362415153,GMM
8.679509,0.15706658,3,0.4996843998669528,GMM
9.041289,11.929337,0,0.9995072366524534,GMM
10.03897,1.5808505,1,0.9966959652605974,GMM
9.9616,0.45223024,1,0.9971926996590953,GMM
12.326548,2.4150684,0,0.5020482483141189,GMM
9.489003,5.1853185,1,0.9463167544622139,GMM
11.844289,12.599611,0,0.9998459386134867,GMM
7.8145494,11.36481,0,0.9999975091578193,GMM
10.773376,3.2700744,1,0.9916529699018891,GMM
12.138497,13.32983,0,0.9999209477629972,GMM
8.734962,1.6840354,2,0.9999471898873765,GMM
11.239025,-0.7773251,3,0.9982519211229645,GMM
11.857125,8.946263,0,0.94653315348349,GMM
11.493511,10.123888,0,0.9937603785604694,GMM
9.821585,6.5439014,0,0.9755073871138475,GMM
11.73102,12.66946,0,0.9998272371989341,GMM
6.6529937,9.522233,0,0.9997903734515218,GMM
10.946221,4.908571,0,0.8068086013308357,GMM
12.106131,13.152274,0,0.9989126496009427,GMM
10.164351,1.4257121,1,0.8729591931039866,GMM
10.123557,2.5333629,1,0.9917150278332741,GMM
9.429858,9.420302,0,0.9981769211463056,GMM
10.402515,7.722673,0,0.9863874380358476,GMM
7.9687304,8.835442,0,0.6459346926261842,GMM
11.201026,10.075514,0,0.9993136433835184,GMM
8.448491,2.0255666,1,0.9071465222945966,GMM
8.212771,4.3164506,1,0.9911400060021632,GMM
9.234862,9.341058,0,0.9832514805786929,GMM
7.2565875,9.448972,0,0.9965413085481148,GMM
9.331749,3.8060403,1,0.964538607079681,GMM
11.559971,0.45234942,3,0.9972376769895155,GMM
13.046065,9.89478,0,0.9709509923711692,GMM
8.528116,-0.3159742,2,0.9930959568984232,GMM
7.6604257,7.03603,1,0.969602124874671,GMM
11.789525,8.967543,0,0.9804729434245842,GMM
11.323239,4.1812606,0,0.7052088941076319,GMM
9.852209,0.9364542,1,0.9778875484535346,GMM
12.252243,2.516659,1,0.8834875337723321,GMM
10.8362055,2.571732,1,0.9844615999516351,GMM
11.8641615,7.1244564,0,0.7977209895883046,GMM
10.461762,7.347928,0,0.8938632791042224,GMM
8.291898,10.176808,0,0.9710934197175872,GMM
11.007241,9.907807,0,0.9988707385992933,GMM
12.771204,12.498417,0,0.9987288595945213,GMM
8.377495,8.570461,0,0.9976923549631233,GMM
12.210398,3.740723,1,0.9389950622491381,GMM
9.553477,4.6014986,0,0.6741571078416208,GMM
9.741045,4.241462,1,0.894632542908925,GMM
12.111634,1.581111,1,0.9587802596898242,GMM
13.046519,0.9361361,3,0.6712322197177356,GMM
12.474049,2.227396,1,0.5284408145506645,GMM
10.441542,12.117863,0,0.999869149079785,GMM
11.368511,0.2527895,1,0.9132134927656611,GMM
12.945193,0.63110614,3,0.9151278947070681,GMM
11.189249,4.8506737,1,0.8863020140666054,GMM
6.2066503,2.8449016,2,1.0,GMM
12.778407,11.044425,0,0.9957098270862753,GMM
9.710054,9.789319,0,0.9963691127802363,GMM
10.338141,8.6656885,0,0.9969776491642993,GMM
10.061373,5.152906,1,0.97751051987532,GMM
11.249287,4.9071074,1,0.6178917490031257,GMM
11.262681,11.580565,0,0.9978037393217701,GMM
12.478382,11.853204,0,0.9989571958593697,GMM
10.801201,8.629448,0,0.9981512395896488,GMM
12.629878,13.319571,0,0.9968464736377181,GMM
8.990494,2.6311002,1,0.991423108296507,GMM
8.777554,8.98585,0,0.9240418665076697,GMM
12.5313635,0.94749576,1,0.9735991933581122,GMM
9.477991,0.7650136,1,0.5576460051371706,GMM
10.514698,1.6957599,1,0.9940094235880435,GMM
9.316868,5.8669395,0,0.9776059050726341,GMM
12.457424,13.376399,0,0.999485559890597,GMM
7.0218873,9.571558,0,0.9983678194043849,GMM
12.313184,10.529493,0,0.5705128534868127,GMM
9.109474,9.194598,0,0.9405470544388639,GMM
11.542409,3.4691212,1,0.898430076451259,GMM
7.6233625,8.123225,0,0.9905711018643111,GMM
10.285819,1.2851506,1,0.9971739856537426,GMM
11.755592,12.701175,0,0.9997889225868665,GMM
7.8685527,9.093074,0,0.994333252041608,GMM
9.842353,2.4917576,1,0.755327588981816,GMM
12.014228,13.079525,0,0.9991208606649212,GMM
12.055613,13.410303,0,0.9990965457390429,GMM
10.293588,1.3285322,1,0.9975924034195767,GMM
12.150418,-0.056104302,1,0.6721495138618534,GMM
10.636605,7.553011,0,0.9640141170387616,GMM
11.620168,8.979605,0,0.94463607700912,GMM
9.601951,10.205977,0,0.9864181799022864,GMM
8.559894,5.5976787,0,0.9146953552973737,GMM
11.338729,1.6216489,1,0.9906624399153721,GMM
11.797776,4.131433,1,0.9012117043767923,GMM
6.670634,2.40532,2,1.0,GMM
12.231304,3.358514,0,0.6817595627023801,GMM
10.250208,8.085664,0,0.9996827965035349,GMM
8.421754,10.7018,0,0.9309184278328262,GMM
9.199366,4.6565514,1,0.9119408177055196,GMM
10.736653,5.7606707,0,0.9633704488554888,GMM
10.928187,10.454784,0,0.9958074228646928,GMM
11.911447,7.1837034,0,0.8849823918349258,GMM
8.433135,1.4935344,1,0.9459559773840772,GMM
9.459768,0.3929513,1,0.9903901934846354,GMM
11.526611,4.1595645,1,0.6794670122206244,GMM
8.674632,2.6539168,1,0.990362914259652,GMM
11.008926,7.0980253,0,0.788842988116649,GMM
9.230543,4.3737173,1,0.7031427254431427,GMM
9.474345,9.691146,0,0.9969440144360169,GMM
12.254991,7.0532002,1,0.9372737161246846,GMM
10.877445,10.317417,0,0.9961386033458548,GMM
8.792284,0.8347009,1,0.5739079410710881,GMM
12.620772,1.1756549,1,0.9649846849701803,GMM
8.470273,3.8345957,1,0.9871581139206016,GMM
10.341095,10.372648,0,0.8449460569375595,GMM
8.713403,0.38618076,1,0.5737594193493384,GMM
10.399796,6.7098556,0,0.9968272054709688,GMM
9.932942,5.39801,1,0.9101731841873602,GMM
9.6160755,3.828537,1,0.9870376508940214,GMM
9.400814,8.826241,2,0.9728860471998477,GMM
11.680085,11.426809,0,0.995774876440355,GMM
12.976162,0.3093118,3,0.8459493194759333,GMM
8.673546,7.1080413,0,0.8115893677963693,GMM
9.763411,3.6771011,1,0.6331782992458173,GMM
12.284551,7.2653303,0,0.8668826099486797,GMM
12.09902,6.1268497,1,0.5576844021768907,GMM
12.880414,0.4686676,1,0.4128737971193878,GMM
11.2234,12.628226,0,0.9998119272213263,GMM
11.328819,11.802289,0,0.9997926116332149,GMM
10.392204,4.1745224,1,0.5980174017525597,GMM
9.534785,-0.4833888,1,0.9455090279630164,GMM
10.651598,0.037470974,1,0.9779067252426336,GMM
10.743057,0.7144715,1,0.889880726850108,GMM
8.594393,11.49858,0,0.9999393583318678,GMM
10.169929,5.1555877,0,0.645038835456646,GMM
7.9905972,5.664163,0,0.6562128129400201,GMM
12.463052,7.4530706,0,0.5825890371427792,GMM
11.46418,3.510214,1,0.9383596344871908,GMM
10.576233,5.0385222,0,0.5208990090599789,GMM
12.105882,-0.75167954,3,0.999585857076042,GMM
13.337345,12.977332,0,0.9793997314859871,GMM
8.633158,7.7295475,0,0.7766379216709189,GMM
9.096254,0.19986998,2,0.9987276804954046,GMM
13.083779,12.805011,0,0.9827439483718948,GMM
7.3944697,9.725264,0,0.9521423451362315,GMM
12.728331,1.4236635,1,0.9230346159804219,GMM
11.339277,12.9949,0,0.9986804538563759,GMM
9.137808,6.106203,0,0.9452730987672955,GMM
11.852456,3.916982,0,0.7416076281446387,GMM
10.393119,6.3546085,0,0.9892459026834444,GMM
10.004669,-0.055325575,1,0.9918660530500039,GMM
11.345318,4.685633,1,0.7276882812991683,GMM
10.968152,3.8900535,1,0.7980860260389078,GMM
11.922525,7.694899,0,0.7933890529099374,GMM
9.174358,5.9833374,0,0.9685205096947226,GMM
10.147279,10.080309,0,0.9991052243341927,GMM
8.499581,6.606583,0,0.9874905819535379,GMM
11.259529,12.7585745,0,0.9998875951296222,GMM
11.305498,2.8435385,1,0.8824126073706148,GMM
11.6334715,10.4372425,0,0.9994069142536975,GMM
9.666794,3.653532,1,0.8668101756583669,GMM
10.071599,6.9749565,0,0.9945007381648239,GMM
11.131946,7.76087,0,0.9871492147308945,GMM
9.65665,10.920885,0,0.9824679944326323,GMM
10.7179985,4.084366,1,0.9109879441323416,GMM
11.493249,9.349173,0,0.9892256828585583,GMM
10.205127,0.580444,1,0.9935353864018701,GMM
10.533138,4.48007,1,0.9770383837593833,GMM
7.9538207,10.264975,0,0.9827626004766734,GMM
11.37429,11.463054,0,0.9991540341737407,GMM
12.311166,0.22846447,1,0.7802161361691687,GMM
12.88721,0.431147,3,0.9834349979527703,GMM
8.593772,0.38045272,1,0.9728968050827992,GMM
12.262425,13.427714,0,0.9993881835683888,GMM
10.925204,7.2287016,0,0.9516892640533479,GMM
11.247613,3.9306731,0,0.6684412970881203,GMM
10.536119,2.7843757,1,0.9644815824489789,GMM
9.795139,0.091809526,1,0.9472697460303022,GMM
10.48934,3.5474985,1,0.6758440793564939,GMM
8.257435,8.4208,0,0.9827858119297784,GMM
7.5789986,2.752859,2,0.9999341660818192,GMM
7.191831,3.1100411,2,0.9999999510318739,GMM
11.831434,2.6338234,1,0.9796344451458379,GMM
9.819813,-0.3051021,1,0.8685324010870165,GMM
11.577157,10.29769,0,0.997544557400286,GMM
10.954798,10.711261,0,0.9996588015652945,GMM
8.149272,9.224041,0,0.9887583224409344,GMM
11.620347,-0.43263254,3,0.9999974341416815,GMM
10.944938,2.0072625,1,0.9951838624202247,GMM
9.6221895,8.871644,0,0.9668418645472278,GMM
9.754819,9.562913,0,0.9372537923976892,GMM
11.798838,1.1392375,1,0.9807349251745904,GMM
11.196486,2.6169195,1,0.9571874965120014,GMM
10.710788,10.695502,0,0.9997168866047511,GMM
10.76207,4.7116814,0,0.6920910152737265,GMM
9.785207,4.03092,1,0.9556565155578132,GMM
10.890123,12.164704,0,0.9996066208816704,GMM
11.485995,5.5633693,1,0.8297865270119461,GMM
12.096289,9.415097,0,0.9846189055866964,GMM
13.024252,13.551483,0,0.9981090018893732,GMM
9.254389,1.5069674,2,0.9989035901410177,GMM
9.236204,4.279663,1,0.9354870662672823,GMM
9.5632715,-0.12274679,1,0.9777975834147188,GMM
8.700408,-0.8218627,2,0.6735439643477307,GMM
11.114564,7.5164137,0,0.9435512508018234,GMM
8.684289,6.2737517,1,0.5971600301197352,GMM
9.413566,9.249933,0,0.9943443357149587,GMM
12.524763,8.294765,0,0.8599521768959413,GMM
9.731171,3.0379646,1,0.99274362378316,GMM
8.469235,9.586986,0,0.9961877636908463,GMM
10.183774,0.98372406,1,0.9980499459448001,GMM
10.836867,7.431255,0,0.991088737346777,GMM
10.033804,4.817987,1,0.9823879165180379,GMM
9.443921,7.8371544,0,0.9990368869589819,GMM
12.094527,13.663961,0,0.9997720466274392,GMM
9.097758,0.8837971,1,0.95210147462899,GMM
8.768375,-0.09405369,2,0.9999994241517675,GMM
11.951442,2.4738963,1,0.8770774112593093,GMM
8.692568,9.280672,0,0.9965359523854896,GMM
12.77525,10.219244,1,0.8383242476050432,GMM
12.5896635,13.2212925,0,0.9960798635778226,GMM
11.809896,9.770238,0,0.9696641853402678,GMM
11.310785,11.299075,0,0.9999867532707554,GMM
7.3566866,10.484528,0,0.9937407906306754,GMM
10.336046,6.3379836,0,0.9923490132877756,GMM
9.226019,3.7933598,1,0.9279988286048744,GMM
8.58907,1.4522414,1,0.969880572473043,GMM
12.729455,13.069633,0,0.9990898430732144,GMM
12.000378,-0.9021969,3,1.0,GMM
10.57335,8.534509,0,0.9999348439093877,GMM
12.068037,10.390486,0,0.9965766968115258,GMM
12.155358,12.985146,0,0.9995914221528148,GMM
11.77217,0.16029046,1,0.9803149226581539,GMM
10.356245,7.371527,0,0.9741428514899215,GMM
12.264475,13.715984,0,0.9999189968668615,GMM
8.923064,11.701926,0,0.9998217992698012,GMM
11.320779,5.2771688,0,0.5561890548677364,GMM
9.6027565,5.3144503,1,0.6327833511330383,GMM
9.634555,9.423564,0,0.9966720054584293,GMM
10.705001,11.375909,0,0.9968674653267262,GMM
12.37953,11.705569,0,0.9936245947112899,GMM
9.845511,6.677051,0,0.9982753441878685,GMM
13.287645,12.269615,0,0.9730815883811423,GMM
9.715255,3.45395,1,0.9912651084861356,GMM
9.5208645,0.024697082,1,0.9150552261721837,GMM
11.05238,11.404637,0,0.9998543744475473,GMM
8.984862,2.1924095,1,0.984499447785122,GMM
7.7491713,5.117975,1,0.9596757940899027,GMM
10.040148,9.130023,0,0.9995055288510466,GMM
10.765075,6.093776,0,0.9985421661201468,GMM
8.871957,-0.5364273,2,0.9164089088059283,GMM
11.93776,7.117808,1,0.5108324474049093,GMM
6.4415765,2.736086,2,0.9999999999999734,GMM
11.722718,7.3840675,0,0.9810998060996065,GMM
9.059014,3.1892633,1,0.9847411615695801,GMM
11.649506,8.18742,1,0.9116156911998624,GMM
11.391032,1.6808729,1,0.9956742478243362,GMM
10.3950615,1.9518195,1,0.903894658827713,GMM
10.62058,5.745158,2,0.7393882686285677,GMM
12.412972,2.189645,0,0.7246568250405296,GMM
10.018986,1.858343,1,0.9846858885519048,GMM
10.367421,0.7564501,1,0.9142340662731049,GMM
8.120544,8.053129,0,0.8575174106209232,GMM
10.857225,6.2146664,0,0.9108973935243703,GMM
10.726901,9.998565,0,0.9998589550261596,GMM
12.385977,12.828194,0,0.9994989291392387,GMM
12.903513,10.499952,0,0.9974714488675485,GMM
10.540897,11.04993,0,0.9979916996427155,GMM
9.215239,1.4975107,1,0.91835240453437,GMM
11.730284,7.1666355,2,0.9949977549460277,GMM
11.2933235,8.831665,0,0.9939322216346536,GMM
11.35121,9.327691,0,0.989598775102814,GMM
12.046776,6.9900503,0,0.8344572871946131,GMM
9.38079,5.971517,0,0.9969457777427507,GMM
8.47896,4.313071,1,0.5755835856128574,GMM
8.42808,4.206593,1,0.9928540769811794,GMM
10.798014,12.168701,0,0.9995576085479524,GMM
6.0250177,2.6886086,2,1.0,GMM
10.855876,2.8801234,1,0.945666692988148,GMM
11.491332,5.341249,0,0.6850661222278024,GMM
10.850957,-0.067977466,1,0.9955832376733798,GMM
10.422219,7.147433,0,0.941448836253512,GMM
11.488987,11.994194,0,0.9997692002664533,GMM
7.9598413,10.46485,0,0.9981355649873289,GMM
9.084446,6.463837,2,0.9849330176807561,GMM
11.824995,12.363718,0,0.9994013859548201,GMM
10.395277,6.650282,0,0.9764218225584786,GMM
10.028454,3.991037,1,0.6600755898738548,GMM
12.209719,10.622468,0,0.9875591186708688,GMM
5.3661256,2.560967,2,1.0,GMM
12.484503,10.5449915,0,0.9834189395389565,GMM
8.562389,-0.37537506,1,0.5878729413516826,GMM
8.725604,5.5399427,0,0.637960401929753,GMM
10.706409,11.867733,0,0.999941727262046,GMM
9.286058,-0.3099445,1,0.9705066966363053,GMM
12.012667,0.66230434,1,0.9861032160086703,GMM
8.580079,9.728927,0,0.9928653982008756,GMM
10.475725,3.7203922,1,0.8524393141972735,GMM
8.687211,5.080744,0,0.8623719056491409,GMM
11.463837,10.518494,0,0.9976652493639301,GMM
7.15361,2.6976724,2,0.9999999995392344,GMM
11.530963,5.381355,0,0.6087116655953282,GMM
10.950523,4.2314396,0,0.6510205788148663,GMM
9.848641,4.9998417,0,0.880721517414192,GMM
12.020188,9.403643,0,0.9906758907164847,GMM
11.76558,1.2532479,1,0.9969848506414155,GMM
8.522701,5.822232,0,0.9819462979146344,GMM
7.0697403,10.512854,0,0.9999835786021327,GMM
11.246355,4.4849114,1,0.5591575242305914,GMM
10.487447,10.56037,0,0.9986981647647462,GMM
12.119929,11.513912,0,0.9979405841131436,GMM
10.84356,0.017025819,1,0.9984326509337792,GMM
12.910777,10.119838,0,0.9916155365850554,GMM
10.886273,9.071788,0,0.9705322419399574,GMM
9.632935,10.489901,0,0.9991362400863442,GMM
8.976431,5.5716815,0,0.6723485657924656,GMM
11.627532,2.290477,1,0.9179163389069983,GMM
10.31722,8.128545,0,0.9530008380547385,GMM
10.277622,5.175464,0,0.8715815530457335,GMM
12.169534,11.085576,0,0.9924397420137099,GMM
11.993508,1.5309925,1,0.9827350499770211,GMM
10.602114,5.2430286,0,0.8667615372833674,GMM
12.143018,3.9972258,0,0.7500510677263627,GMM
9.778167,11.414397,0,0.997655086836296,GMM
9.912641,1.3458008,1,0.9949339897680367,GMM
9.945854,8.526691,0,0.989644441179391,GMM
13.279789,10.400044,3,0.8345763766291021,GMM
7.657774,2.3217459,2,0.9999999999369678,GMM
10.441098,7.789914,0,0.9935944383972046,GMM
8.856451,-0.71090853,2,0.9821434798779375,GMM
9.6078,-0.079157025,1,0.9717242212453258,GMM
11.659605,7.1784377,0,0.8466677568413766,GMM
10.608832,11.818919,0,0.9998015596463541,GMM
10.327194,12.152816,0,0.9984115312425322,GMM
11.783213,9.888811,0,0.9429618014588286,GMM
10.036973,10.439501,0,0.9965819502743802,GMM
9.182171,3.5323644,1,0.7754842784769452,GMM
12.285125,3.661303,0,0.5121447122409886,GMM
12.373567,1.1746916,1,0.98465543133616,GMM
12.36846,0.9591847,3,1.0,GMM
10.193651,0.35829908,3,0.8062692919057025,GMM
8.915206,1.2914639,1,0.9554204803577707,GMM
10.612132,10.591659,0,0.9999361984027397,GMM
8.524743,9.720925,0,0.8039617543038835,GMM
10.999392,5.6466866,0,0.883893110262313,GMM
7.6072593,5.9612007,0,0.5314619945750807,GMM
10.61275,-0.54492986,1,0.9309005714075249,GMM
13.2853565,14.032014,0,0.996471284890045,GMM
9.330602,7.0109706,0,0.9780380541055778,GMM
11.0288315,11.499712,0,0.9991556175117748,GMM
8.219215,10.424254,0,0.9966187398203907,GMM
9.067298,3.2255614,1,0.9003287580347139,GMM
12.063212,3.7501152,0,0.7667645860372283,GMM
10.515688,10.359486,0,0.9952979815744036,GMM
8.833305,1.9936218,1,0.8614623895240553,GMM
10.066604,5.177059,0,0.9035965669799341,GMM
8.521198,5.774141,1,0.8806461443471295,GMM
8.705392,1.8479075,2,0.9954332653932079,GMM
12.048813,13.596333,0,0.9999759976458016,GMM
12.53891,2.8064811,0,0.8420968309632226,GMM
12.577618,-0.71953076,3,0.9999998599072351,GMM
9.523957,5.551428,0,0.9022265018836425,GMM
10.614743,9.210529,0,0.9841996644200893,GMM
10.472638,4.416404,0,0.8932641178771263,GMM
8.761471,2.6177113,1,0.9921678483805624,GMM
8.64055,5.055538,0,0.5244875544476979,GMM
9.172283,3.857464,0,0.6519355680916514,GMM
10.735991,3.9147654,0,0.8182322583924093,GMM
10.231914,10.842216,0,0.9999231982231881,GMM
10.988909,2.3070793,1,0.879795598154807,GMM
8.233124,6.48935,0,0.7375750573432154,GMM
9.165642,8.963095,0,0.9971925031430559,GMM
12.369631,-0.11881971,1,0.6560424772383283,GMM
12.745236,2.6442304,1,0.9412263477276257,GMM
10.048938,3.7126927,1,0.8883608111397319,GMM
10.741694,-0.5748264,3,0.9963645720363175,GMM
8.491298,11.094801,0,0.9945753545918106,GMM
10.136438,5.7878523,0,0.9740103751608596,GMM
10.340734,8.324386,0,0.9861572258056023,GMM
8.152045,3.5060506,2,0.750126765979858,GMM
10.305542,9.4888935,0,0.9994015214402148,GMM
12.213865,0.040713787,3,0.8882252774721917,GMM
10.159799,2.2494433,1,0.995572518965121,GMM
9.69833,1.6598077,1,0.9870217639250661,GMM
10.645149,11.323956,0,0.9997239622797206,GMM
8.450886,10.223085,0,0.9981205073543958,GMM
11.758644,11.7418585,0,0.9993794914612938,GMM
9.981639,3.6659322,1,0.9875360147934331,GMM
11.9967165,7.285479,0,0.5718162274423821,GMM
13.196684,11.802551,0,0.9984252460734571,GMM
12.042743,3.8783119,1,0.7412083045903556,GMM
13.7276535,13.463698,3,0.9999999533958015,GMM
10.7725,-0.6221694,3,0.9117059973521142,GMM
10.942372,8.707154,0,0.9323700829564109,GMM
10.820955,5.8446445,0,0.9681914820087218,GMM
13.138304,12.284463,3,0.7185353431813156,GMM
7.9661765,10.120391,0,0.995231220514337,GMM
11.644448,11.942601,0,0.9998949981811391,GMM
8.600438,0.5281188,1,0.8760895115601846,GMM
12.560247,12.554403,0,0.999369056985766,GMM
11.676429,1.6013411,1,0.9800757487120464,GMM
9.567797,7.5420685,0,0.9540606042786404,GMM
10.8243,3.3411572,1,0.9135895030399039,GMM
9.879394,9.812979,0,0.999724796784637,GMM
11.465104,1.6926734,1,0.9752027875577081,GMM
12.062984,2.095484,1,0.9884956272424592,GMM
12.60351,0.035785977,3,0.5304332979997864,GMM
10.974124,8.316192,0,0.9107100020981069,GMM
8.6501045,-0.0069220127,2,0.652734959196622,GMM
8.69949,5.9164925,0,0.9392679658918797,GMM
13.365545,14.042354,0,0.9608013502562129,GMM
9.515551,10.777453,0,0.8061176218375251,GMM
9.576678,8.139322,0,0.9969303526442003,GMM
8.957966,-0.0060154665,1,0.923327399958898,GMM
7.440648,7.8624134,0,0.9279076645113187,GMM
11.275761,2.4096072,1,0.9930874153384135,GMM
10.421719,4.8299847,3,0.7676294574939241,GMM
13.410992,13.724916,0,0.9942237712228833,GMM
9.696392,4.6035604,1,0.5232311531909043,GMM
11.223234,5.9218335,0,0.85135003950871,GMM
10.306664,3.469624,1,0.8234986764982988,GMM
10.717701,6.3222413,0,0.9997914716737213,GMM
10.729907,9.468758,0,0.9902035520351832,GMM
12.073539,9.8657675,0,0.9333707705458274,GMM
10.94527,5.0094657,1,0.9516952950246749,GMM
7.2066708,9.379249,0,0.9954635226063955,GMM
10.839501,-0.39861932,1,0.798178476744829,GMM
9.283171,10.620317,0,0.9950009125642069,GMM
11.293582,10.446004,0,0.9973135221969068,GMM
12.75014,13.583924,0,0.9992114283950069,GMM
7.9371395,7.01854,0,0.9726104626429879,GMM
9.596979,8.60246,0,0.8593694380738909,GMM
10.251315,1.189097,1,0.9819694654878582,GMM
10.259899,6.4251275,0,0.947339102883143,GMM
8.717933,8.508075,0,0.9833497343179467,GMM
9.9140415,7.522524,0,0.9981271212448213,GMM
9.667948,1.7344939,1,0.8863578339910329,GMM
11.203686,12.733974,0,0.9999304477059859,GMM
9.782262,9.371205,0,0.9997217114515567,GMM
9.176417,5.4823427,1,0.8675068954646978,GMM
12.043957,13.5526705,0,0.9996076376780424,GMM
5.2184386,2.5617092,2,1.0,GMM
12.285625,3.8693738,0,0.8089965642903645,GMM
7.907302,10.2179365,0,0.9966806328974366,GMM
12.548919,10.592979,0,0.9931280123343096,GMM
10.3910675,5.028229,0,0.8676367462829169,GMM
11.262805,2.4514477,1,0.965460443113993,GMM
8.588302,8.220048,0,0.9980676054812432,GMM
9.899789,0.60884637,1,0.9486182580405416,GMM
10.475224,-0.016685126,1,0.9884241638371188,GMM
9.739375,1.263711,1,0.9536152892544657,GMM
11.143763,4.0783005,0,0.49972571872722654,GMM
9.887702,6.5801024,0,0.9147299756567242,GMM
12.267617,3.7054043,1,0.7783200713466304,GMM
8.911696,9.600308,0,0.9928993999138761,GMM
10.2966795,1.103561,1,0.995564440356295,GMM
11.688938,4.04743,1,0.9973826220570188,GMM
8.520563,1.9323324,1,0.9836182913125328,GMM
10.297255,0.75596976,1,0.9943994739074612,GMM
11.152106,4.2097306,0,0.5690547677980571,GMM
12.835728,0.986608,1,0.8720185316379074,GMM
7.4099455,9.454043,1,0.9276357072288015,GMM
11.033842,4.444619,1,0.8797194302806789,GMM
8.247259,7.3802366,0,0.6430961621011214,GMM
10.112245,6.737775,0,0.7788915294047347,GMM
8.964761,1.117223,1,0.9817431424895812,GMM
7.0337696,10.02371,0,0.9976330595063707,GMM
9.522615,1.6001576,1,0.9932114365256717,GMM
9.476389,6.064551,0,0.8130577661748664,GMM
10.978118,2.5387096,1,0.9139723864166069,GMM
8.647436,0.028538546,1,0.920322844567901,GMM
7.5359197,10.096373,0,0.8949647423835769,GMM
10.21824,7.7896223,0,0.885310698927744,GMM
8.231429,5.4548244,1,0.6481313465937858,GMM
9.70149,0.0004961458,1,0.5784029722141756,GMM
8.534485,5.4554925,0,0.8300315799741567,GMM
11.103174,1.905084,1,0.9944236074680741,GMM
8.369668,3.2540822,1,0.9864184313701422,GMM
10.53513,12.290354,0,0.6769324782128828,GMM
12.584786,7.704496,0,0.9467498064534869,GMM
10.381287,1.6994689,1,0.9556499131289531,GMM
8.853425,9.332829,0,0.9980608891012209,GMM
8.700295,8.779611,0,0.9934136627844574,GMM
11.840322,7.140051,0,0.9693865816751257,GMM
11.259018,5.7926035,0,0.7365511394750061,GMM
8.707365,4.420468,1,0.9681203367501372,GMM
8.027701,6.384224,0,0.9690885815920721,GMM
13.144472,11.030405,0,0.9714435954242867,GMM
12.963853,11.64693,0,0.8960760609554844,GMM
8.843745,6.289,0,0.9571939517929998,GMM
11.565855,12.223657,0,0.999294026285413,GMM
11.973272,13.360202,0,0.9997375752248054,GMM
8.392159,8.779601,2,0.9999998828284526,GMM
11.876007,2.4507754,1,0.9809780431033069,GMM
10.751457,4.04408,1,0.7674878428449737,GMM
11.920311,12.045105,0,0.9937163994394361,GMM
6.9439864,10.191155,0,0.9998778368890584,GMM
9.679653,4.558584,1,0.5463178110550811,GMM
11.264335,11.306695,0,0.999909002466863,GMM
12.530197,2.4687452,0,0.7583818741470935,GMM
10.132283,8.465516,0,0.9877631468684239,GMM
12.154817,-0.31706443,1,0.7828256262873877,GMM
8.596085,10.078212,0,0.9993941810001254,GMM
6.1612563,2.6685457,2,1.0,GMM
9.234471,6.0636783,0,0.9378896096080299,GMM
10.396968,8.307733,0,0.9969346583316588,GMM
12.881934,0.32773563,3,0.6874965792307234,GMM
9.929403,2.547126,1,0.9387251143707567,GMM
12.234461,10.654527,0,0.9975578437619261,GMM
11.268846,3.000527,1,0.9179176530287265,GMM
9.652195,8.3275385,0,0.9070491623744878,GMM
8.919923,6.7199187,0,0.6714048517861971,GMM
7.0752172,9.59459,0,0.9960497866743443,GMM
9.757543,10.435836,0,0.9997763615326674,GMM
8.624154,9.257932,0,0.9921480102693016,GMM
12.96609,10.111166,0,0.8903303868515084,GMM
8.59751,-0.6841905,2,0.9033647361763726,GMM
10.4556875,11.520306,0,0.9996279343664498,GMM
12.168809,2.5243766,1,0.7101342867270553,GMM
8.54649,5.1535544,1,0.723292754345299,GMM
8.583819,1.6971259,2,0.999994663710226,GMM
8.674421,0.5497408,1,0.8299006789683827,GMM
8.513078,5.760388,0,0.9572031262060938,GMM
11.288432,12.885088,0,0.999855375558477,GMM
9.841913,5.9910283,0,0.9507611619274869,GMM
4.476411,2.3562844,2,1.0,GMM
11.016111,11.743481,0,0.9996814495771009,GMM
9.814557,5.308708,0,0.8415302652676862,GMM
11.682857,10.829173,0,0.9996886913163735,GMM
10.751974,2.3503566,1,0.9886076185839272,GMM
10.655241,-0.6331721,1,0.99354810643812,GMM
8.720236,1.1124007,3,0.6745946664322442,GMM
9.105809,9.804127,0,0.9974320311433632,GMM
9.601128,0.49889657,1,0.9914100084294102,GMM
8.996976,1.5878257,1,0.9245499771099842,GMM
11.473985,7.202416,1,0.9820298310802146,GMM
6.082563,2.730004,2,1.0,GMM
11.795693,-0.31547508,1,0.9377056981371943,GMM
8.569631,8.683584,0,0.9362674103066227,GMM
8.110866,10.297849,0,0.9952701843490033,GMM
13.405925,12.36035,3,0.9449809752316862,GMM
8.501182,6.0357723,0,0.7027576313280489,GMM
9.944289,7.98233,0,0.9990279673481093,GMM
9.9907,5.329168,1,0.7794509339694928,GMM
9.837226,6.679085,0,0.9964466931569401,GMM
11.50049,8.662433,0,0.980706269822538,GMM
10.0450115,11.3917,0,0.9998047850819758,GMM
12.17939,2.5994828,1,0.9189513379248262,GMM
9.633591,10.383533,0,0.9992436557030557,GMM
10.519109,8.105728,0,0.9969534218168141,GMM
8.979191,1.3409208,1,0.7760959766781252,GMM
12.979667,13.953435,0,0.9994825946854796,GMM
11.684344,-0.24520375,3,0.6347117303651197,GMM
11.659394,1.845254,1,0.9962233385709044,GMM
11.906102,11.9856,0,0.9993098436491749,GMM
10.705271,6.4058003,0,0.9915569487154389,GMM
11.574174,5.617364,0,0.6453363340911822,GMM
10.969452,10.809015,0,0.999848568362115,GMM
11.2905445,-0.2501842,3,0.8642362135093671,GMM
12.159581,2.9690404,1,0.7947605324960032,GMM
10.094208,8.105769,0,0.9933409847893463,GMM
11.928532,12.541905,0,0.9996238346218077,GMM
10.541311,6.300101,0,0.9990995684797004,GMM
8.794842,8.994217,0,0.9961988309090561,GMM
8.919711,2.774028,1,0.9757097336779467,GMM
12.832937,10.242352,0,0.7657560708023153,GMM
7.8602257,5.665937,1,0.9259835464300953,GMM
11.122495,0.28720963,1,0.9311684236636836,GMM
12.595786,1.4018077,1,0.5587021284121377,GMM
10.63246,9.004327,0,0.9947009861960371,GMM
9.361183,10.008858,0,0.998596790711565,GMM
12.231985,1.4203775,1,0.9059529554729475,GMM
8.6860695,6.7269526,2,0.9999473396087992,GMM
8.523004,-0.26407972,1,0.7524531278349422,GMM
10.317975,0.5419313,1,0.9921429047022083,GMM
11.405108,10.570377,0,0.9967278975104945,GMM
9.527188,10.31503,0,0.9836272515729443,GMM
6.299302,2.8197486,2,1.0,GMM
12.776726,0.8572794,1,0.8207777828374965,GMM
10.552542,9.320131,0,0.9998653297694107,GMM
10.962817,1.750366,1,0.9954854641750912,GMM
12.225737,10.77526,0,0.9988903448379438,GMM
12.760749,12.615978,0,0.9949637954080927,GMM
12.458689,1.4635723,0,0.48188853717883073,GMM
10.700402,5.720192,0,0.962197049952499,GMM
7.9015384,8.846273,0,0.7947954409082414,GMM
10.0061865,0.695798,1,0.9800022183972845,GMM
7.903073,9.5292635,0,0.9717881564303038,GMM
10.527466,8.133709,0,0.9985746484038579,GMM
11.923834,2.410384,1,0.9599949751266712,GMM
11.176073,9.310359,0,0.9826529655688532,GMM
11.371744,0.7798048,1,0.9945264054959335,GMM
8.315447,6.7500978,2,0.9999741300246824,GMM
11.507245,7.616,0,0.9790331690888563,GMM
10.22182,-0.33923078,1,0.95739522843925,GMM
10.731942,9.76555,0,0.9809021291854441,GMM
8.632402,-0.51111555,2,0.6431660087067411,GMM
10.278012,3.053688,1,0.9345061487657784,GMM
12.298509,0.9212164,1,0.9958866549573806,GMM
12.735964,1.9625098,1,0.7602818501236935,GMM
10.261731,7.6796775,1,0.5386746974526345,GMM
7.6686745,3.1535041,2,0.9739784701138697,GMM
10.160456,3.2603881,1,0.9795556765285556,GMM
5.8134165,2.658016,2,1.0,GMM
8.912813,2.8535063,1,0.9968346635368502,GMM
8.519839,5.587273,1,0.5501642065696104,GMM
9.863943,8.660607,0,0.9979913288551938,GMM
12.064174,7.061437,0,0.95396194964237,GMM
6.636459,9.247432,0,0.9870768417614083,GMM
12.620901,11.365345,0,0.9987682067729705,GMM
12.213781,1.6069055,1,0.9547914814766206,GMM
9.4053955,6.1271024,1,0.8304055331007635,GMM
8.944371,3.5048792,1,0.9964140480456423,GMM
9.291281,6.7706194,0,0.9980692033764791,GMM
10.214749,10.799637,0,0.9968904924331731,GMM
10.655181,11.129914,0,0.9980305155161047,GMM
10.142427,11.053634,0,0.9761100804928542,GMM
8.919532,0.16727132,1,0.6194830504096824,GMM
12.747114,10.27953,0,0.9933035155621629,GMM
10.602328,5.7350144,0,0.969349990498501,GMM
7.9670877,9.010432,0,0.9874310129887832,GMM
7.933605,7.8853645,0,0.9514878175230972,GMM
11.791586,9.248157,0,0.6685132352303508,GMM
8.740347,2.9461658,1,0.9773262280800922,GMM
9.689445,7.381305,0,0.99856822591657,GMM
10.052588,5.0323625,0,0.9727530843228146,GMM
9.909684,6.3648324,1,0.9058609095447738,GMM
7.535911,10.358985,0,0.9180262806558566,GMM
9.90078,7.962368,0,0.998906579729085,GMM
8.964077,6.3046045,0,0.7432491233286803,GMM
9.517173,3.8638961,1,0.5467114522850361,GMM
10.113859,11.765505,0,0.9980738053576229,GMM
11.099501,9.221301,0,0.994940376039072,GMM
11.724667,3.3247743,1,0.815345939074208,GMM
12.220804,10.744076,0,0.9990916503493078,GMM
10.742951,3.7861316,1,0.7283162750770353,GMM
10.257615,6.9225254,0,0.9965817099320963,GMM
10.487451,5.8617887,1,0.9380339208788661,GMM
7.6695724,6.1028047,0,0.5893198664963483,GMM
12.109909,10.006949,0,0.9330457871523847,GMM
8.305563,10.274531,0,0.9812040842927443,GMM
11.383444,1.4411999,1,0.9929439662335012,GMM
9.2325115,3.5228581,1,0.8915795752291282,GMM
9.457868,7.0666513,0,0.5222860385160963,GMM
11.101196,-0.6098183,1,0.823143895429411,GMM
10.8522005,1.4294332,1,0.972098715093782,GMM
9.899951,-0.6730681,1,0.9194452231837867,GMM
12.932756,10.054817,0,0.995668480604163,GMM
8.927282,2.96486,1,0.9881503994838488,GMM
12.263143,1.8959647,1,0.9900791271060171,GMM
9.128389,5.0935993,0,0.6797921945753375,GMM
12.762341,11.479483,2,0.9857651261426382,GMM
10.973329,8.119878,0,0.9804124693610178,GMM
12.402106,12.235889,0,0.9987936112391209,GMM
12.607904,13.3864,0,0.9998891103556925,GMM
8.619372,8.940413,0,0.9776250587066552,GMM
10.411979,2.6795323,1,0.9934246438416885,GMM
12.467108,7.309572,0,0.9371488026468289,GMM
12.343657,13.730747,0,0.999551358418273,GMM
6.6410756,9.7319,0,0.9997360659625136,GMM
10.992828,9.660172,1,0.6325930445757388,GMM
12.409768,11.935099,0,0.9947165900077493,GMM
12.920432,0.64943516,1,0.5109714819315033,GMM
8.778474,9.438742,0,0.9995510177717286,GMM
10.448801,0.8463638,1,0.9968333888179257,GMM
9.587426,-0.5692911,1,0.9284626111128126,GMM
11.270319,11.385258,0,0.9998117985285567,GMM
10.169203,0.1396234,1,0.79846369897262,GMM
11.818752,3.6321857,1,0.9918394799625561,GMM
10.006049,9.45051,0,0.9998285045338218,GMM
8.337548,4.2565193,1,0.9954667503077643,GMM
12.075831,3.8892298,0,0.8930490627981134,GMM
9.072948,10.160032,0,0.9981319616430973,GMM
11.208268,8.582631,0,0.8187680336672264,GMM
11.9643345,3.902492,1,0.97471898853387,GMM
13.487774,13.269678,0,0.9762119623974582,GMM
10.994983,4.3366,1,0.60112574703654,GMM
12.741615,12.673388,0,0.9411909509196253,GMM
12.131977,12.493062,0,0.9991646967515292,GMM
9.338667,8.159286,0,0.9314300219768252,GMM
10.425527,6.3504066,0,0.7956356352416282,GMM
10.063221,5.7826085,0,0.9102450471770943,GMM
9.887276,8.121504,0,0.9996853574688566,GMM
12.689601,11.047087,0,0.9950872292283258,GMM
11.467107,5.8352976,1,0.7746023146545633,GMM
7.8777404,5.4505014,1,0.9924993101877284,GMM
10.208611,-0.89083636,1,0.9975194231412857,GMM
8.978085,4.1009364,1,0.9910152521226978,GMM
10.591358,10.163822,0,0.9989322754221643,GMM
11.318831,4.314958,0,0.6010777143571978,GMM
5.1405377,2.525835,2,1.0,GMM
7.862382,5.0528274,1,0.9088245028054346,GMM
11.193009,11.057934,0,0.9992483601781758,GMM
9.317028,0.23116584,1,0.8354642202234556,GMM
9.210926,3.9085233,2,0.9988304315423747,GMM
8.543761,2.0995674,1,0.8876061636576794,GMM
11.112492,2.812562,1,0.9758020510951659,GMM
8.223009,4.113072,1,0.9970208863373226,GMM
8.260632,5.2925673,1,0.9920021704278248,GMM
8.53413,2.5971413,1,0.9944043609068319,GMM
9.151084,6.0794325,0,0.9717747050494034,GMM
8.470916,-0.19688497,2,0.7987119990300248,GMM
8.719301,9.986298,0,0.9956637400399949,GMM
8.413834,9.09625,0,0.984556090933688,GMM
9.130966,3.0065088,1,0.7145816989730573,GMM
9.112307,9.049959,0,0.9944043005600595,GMM
10.35291,0.7447945,1,0.9358922627348026,GMM
8.799261,11.900378,0,0.9999299088852565,GMM
12.198153,9.590183,0,0.98366221661522,GMM
9.611827,9.508148,0,0.9997928477774152,GMM
11.491836,1.4011697,3,0.570230600879695,GMM
12.998863,10.472001,0,0.9742410515382891,GMM
11.880353,6.9197974,1,0.9328410000841741,GMM
10.434157,11.252521,0,0.999211460853943,GMM
11.950279,9.49808,0,0.9931452569925043,GMM
8.463014,10.914257,0,0.9979285469349731,GMM
9.509255,3.9282298,1,0.9829846215711583,GMM
10.804102,11.869843,0,0.9992661894969457,GMM
6.7573404,8.975227,0,0.9978226854426321,GMM
9.865123,-0.34148479,1,0.7722340132040757,GMM
9.342916,-0.55370545,2,0.5573778143479978,GMM
9.162496,1.9456153,1,0.9903054619628575,GMM
9.412529,3.7874835,1,0.8417100648455956,GMM
10.928431,2.4737675,1,0.9688125983350493,GMM
12.797421,11.762078,0,0.9156395351468116,GMM
10.9914665,10.055832,0,0.9857523351598594,GMM
13.144962,11.052328,0,0.9439282939794797,GMM
8.774455,10.434895,0,0.9970735755082343,GMM
10.848947,5.504313,1,0.6218280451397388,GMM
8.776721,1.7165074,1,0.9123207524407866,GMM
10.294966,7.5944247,0,0.9927223285035023,GMM
8.499949,8.60224,0,0.9786357069076335,GMM
8.733552,9.482052,1,0.9181053858695384,GMM
7.425422,3.1753974,2,0.9999999293617765,GMM
9.9793825,-0.5481568,1,0.9974870755769493,GMM
9.901598,4.7980695,0,0.8258955087626916,GMM
13.015285,12.600923,0,0.9981122569379042,GMM
8.512145,11.399136,0,0.9994289837982927,GMM
9.211359,8.887657,0,0.9894059969920267,GMM
12.600701,1.8607534,1,0.8868177174114588,GMM
9.264092,-0.56719035,1,0.8859354237516951,GMM
12.505489,-0.09974456,1,0.7104685702238454,GMM
11.523406,2.697046,1,0.952417098506968,GMM
10.888227,1.7010646,1,0.9966956941493782,GMM
11.411979,11.810621,0,0.9999687162368848,GMM
9.398343,4.9030323,1,0.9690313159352383,GMM
8.988406,0.8029112,1,0.9645957430300255,GMM
11.081147,7.1727896,0,0.9724612384291831,GMM
12.699842,-0.46806806,3,0.9990340508107614,GMM
8.769614,9.507762,0,0.9380521602140637,GMM
11.04559,9.183528,0,0.9199329553106965,GMM
11.469872,-0.18424898,1,0.9652213391800261,GMM
9.391499,1.5142382,1,0.8443223721293652,GMM
10.753473,8.557204,0,0.9978615878031166,GMM
9.45102,3.1829336,1,0.991603976127981,GMM
11.916933,9.835609,0,0.9811586137037037,GMM
12.119954,6.0673084,1,0.6351150168928155,GMM
10.6996155,11.270676,0,0.9998367191413523,GMM
12.643615,0.24523152,3,0.9998393238913099,GMM
8.879527,9.808725,0,0.9984147695315059,GMM
9.038111,1.0430596,1,0.9947803219476815,GMM
9.15242,6.2420473,0,0.9480919438720333,GMM
10.492109,6.3239527,0,0.9980614461795088,GMM
11.520615,12.285078,0,0.9994816956117175,GMM
12.953944,10.523884,0,0.8071169902743368,GMM
11.983955,0.7430413,1,0.9772117458941365,GMM
9.829379,7.413828,0,0.9292048942435422,GMM
7.990751,6.303479,0,0.5497650539269027,GMM
10.491833,4.9205904,1,0.7973574101302813,GMM
10.923288,2.2829187,1,0.992329988422421,GMM
8.2754345,4.533568,1,0.6603239622653376,GMM
9.689601,11.659751,0,0.9993860948361115,GMM
10.623147,4.157279,1,0.671334219617,GMM
9.403033,7.2106338,0,0.9974467826580585,GMM
9.012932,1.9412355,1,0.9030169464809187,GMM
10.099698,11.687904,0,0.9966707380522982,GMM
10.490784,4.532259,1,0.6529848158471298,GMM
10.213705,7.6182456,0,0.9923767212495773,GMM
10.410416,6.08763,0,0.9858731689105653,GMM
12.510465,0.80638725,1,0.661804844805747,GMM
12.571101,8.6933,0,0.9542638283650989,GMM
10.625862,0.55567044,1,0.9935140712595684,GMM
8.061411,10.695579,0,0.9874629680648119,GMM
11.6609335,2.9710047,1,0.9848307556660676,GMM
9.93786,11.697366,0,0.9997867933764725,GMM
11.668874,0.588927,1,0.9807569096360531,GMM
7.6012993,10.227197,0,0.9988466408892359,GMM
8.235225,8.445097,0,0.9783577300387264,GMM
7.87778,3.3023934,2,0.9042632617532467,GMM
10.528892,9.166825,0,0.8706917561240486,GMM
9.726395,8.822572,0,0.9729438180480631,GMM
12.957452,12.446786,0,0.9958788434330822,GMM
12.697407,0.92861193,1,0.9139280818653784,GMM
9.740419,12.276874,0,0.9999664470624796,GMM
10.384301,8.087042,0,0.9572171890460704,GMM
10.393593,11.25983,0,0.9985059721835547,GMM
9.859911,11.661786,0,0.999770190327201,GMM
9.713562,0.17916897,1,0.9958361515769324,GMM
9.9219265,9.406605,0,0.9958272823886308,GMM
9.299231,9.78235,0,0.9994424692304259,GMM
12.391465,1.9706151,1,0.9874257598275074,GMM
10.651141,5.4360714,0,0.9550138285111843,GMM
10.279543,4.714249,1,0.717796981001232,GMM
8.151074,8.175479,0,0.9503350863093314,GMM
10.211433,7.511805,0,0.9992441312838501,GMM
8.534603,10.680839,0,0.9826712449258597,GMM
11.100439,4.4705734,1,0.9641025710399939,GMM
9.939383,4.3821893,0,0.8558146160988057,GMM
8.141772,10.88536,0,0.9956173420586986,GMM
11.036238,3.8989983,0,0.8786026656189221,GMM
10.209295,7.9980483,0,0.9986032506216973,GMM
11.32911,9.350582,0,0.7613430962558276,GMM
10.996047,4.3803716,0,0.5934384892358795,GMM
9.751244,7.540777,0,0.9846589516602644,GMM
8.950872,6.8953605,0,0.9662827985797192,GMM
9.719601,9.223941,0,0.9996622565256031,GMM
11.194827,3.9147246,1,0.7077782857926721,GMM
11.126616,11.193902,0,0.9998950075817609,GMM
12.151583,3.675467,1,0.8439680517741698,GMM
9.140834,2.3503964,1,0.8307240488420766,GMM
10.129725,0.8603339,1,0.9830235602257172,GMM
4.656686,2.4077919,2,1.0,GMM
9.448658,4.1522684,1,0.9174723080734052,GMM
10.047971,9.325097,1,0.8266127065247487,GMM
8.995473,5.144296,1,0.5922395637967022,GMM
10.625727,7.1886134,0,0.9908152571204021,GMM
9.998319,6.7771816,1,0.8223495844331261,GMM
12.78762,9.951688,0,0.9658286233521052,GMM
12.398847,2.8461142,1,0.9295097029773772,GMM
8.256952,11.120407,0,0.996222452717273,GMM
9.844256,9.271841,0,0.9956697630627577,GMM
11.738648,12.67101,0,0.9963228134733334,GMM
10.399992,2.695031,1,0.9852633041764968,GMM
9.347079,3.615577,1,0.9923298459688313,GMM
7.795119,9.009546,0,0.9256440211732218,GMM
11.945178,1.835194,1,0.9788527418732921,GMM
12.568786,7.194761,0,0.650056426176727,GMM
12.051057,7.785266,0,0.7979432046870456,GMM
8.348533,5.9062834,1,0.8821890935187875,GMM
11.885726,11.176994,0,0.9973107041278885,GMM
10.735347,11.389472,0,0.998512640548435,GMM
7.9820514,7.215676,0,0.9476245110236987,GMM
10.524789,9.646776,0,0.9959758290335774,GMM
5.7344627,2.677564,2,1.0,GMM
9.824705,6.458269,0,0.9985605054606993,GMM
12.008098,13.492028,0,0.9998052943286998,GMM
7.972623,10.572116,0,0.9991565780840724,GMM
10.304154,5.3556123,0,0.5976138975998624,GMM
10.901114,9.487201,0,0.946661764989114,GMM
11.187045,6.9314737,1,0.8582681058830667,GMM
12.398832,8.396481,0,0.9599152815871173,GMM
9.378196,-0.5318289,1,0.9262111024538385,GMM
10.557052,2.5342245,1,0.9826132056074552,GMM
11.271651,8.882949,3,0.9998524683056254,GMM
11.803823,0.61194545,1,0.9918917155498662,GMM
12.8043585,12.904841,0,0.9978015616833185,GMM
10.0417385,7.862834,0,0.9995221541864345,GMM
9.729834,1.1235962,1,0.9867480513388763,GMM
7.258323,8.506207,1,0.9775830683202089,GMM
11.76792,10.766915,0,0.9990329547172166,GMM
9.735076,-0.4163082,1,0.9945613612307312,GMM
12.885723,11.6041355,0,0.9850010339322222,GMM
12.482273,12.494887,0,0.9928646436766755,GMM
9.961775,7.067081,0,0.9993714111199484,GMM
8.574859,0.22944923,1,0.6725995504428011,GMM
8.576577,2.9083648,1,0.9859668759531326,GMM
8.932849,3.0831587,1,0.9929944174617319,GMM
8.204275,7.1649737,2,0.9838618828656377,GMM
12.190987,4.135313,0,0.7964004497309781,GMM
8.970836,1.1844554,1,0.8361198412747143,GMM
11.695507,13.131064,0,0.9987668616836249,GMM
9.47072,2.854552,2,0.6905003795425985,GMM
9.575573,0.3239923,1,0.9508686354200425,GMM
10.879636,4.164076,1,0.6768707174199838,GMM
7.729131,10.983427,0,0.999487387154671,GMM
9.497362,7.3361554,0,0.9958867866801044,GMM
9.535464,7.757661,0,0.9939759231157285,GMM
8.10943,8.737812,1,0.9763421872577579,GMM
11.485779,2.078409,1,0.972246478699109,GMM
7.9374704,10.684356,0,0.9995495091674422,GMM
8.098656,9.314875,0,0.9979550670562759,GMM
10.286901,6.3020377,0,0.9928305041491522,GMM
10.5126705,8.369903,0,0.9996114077698187,GMM
11.112471,3.4389462,1,0.8856395475422812,GMM
8.096158,9.660055,0,0.9802652405967761,GMM
11.612581,-0.39358193,3,0.9987405515307494,GMM
11.646739,0.7469864,1,0.9891947600968977,GMM
10.746055,9.271648,0,0.6859805203935498,GMM
12.501073,-0.014985847,3,0.5580336137404336,GMM
9.08648,-0.83145857,2,0.9877455408576592,GMM
9.146181,12.014685,0,0.9998891317830784,GMM
8.809609,8.671518,0,0.9963829690997937,GMM
9.684988,6.2664433,0,0.753260214740315,GMM
12.496661,0.057775907,1,0.6523532880495155,GMM
10.161096,2.8824186,1,0.9952842502224845,GMM
6.104607,2.7567458,2,1.0,GMM
8.965833,1.9777038,2,0.9852177635808642,GMM
9.602033,7.4124694,0,0.9974158403176134,GMM
9.089287,7.800961,0,0.8522245173079145,GMM
10.585274,1.4915876,1,0.9867509683515816,GMM
9.172832,1.119218,1,0.994651942972249,GMM
11.879272,9.885003,0,0.9875557176216384,GMM
12.713174,1.4716759,1,0.7748065846371159,GMM
11.511831,12.10192,0,0.9973647993271599,GMM
10.364343,6.3895555,0,0.9990569229178231,GMM
8.921846,8.41196,0,0.9970686020332089,GMM
9.256404,8.104734,0,0.9603113768220849,GMM
9.7760725,10.875549,0,0.9993875386982672,GMM
10.308,6.7531943,0,0.9668686288542796,GMM
10.112136,1.0573845,1,0.8721491544355466,GMM
9.954753,-0.10037237,1,0.9862638214524361,GMM
9.269962,4.499573,1,0.6725534792178938,GMM
12.753273,13.836979,0,0.9993668574330166,GMM
12.656295,12.290369,0,0.997377506723201,GMM
12.49987,9.878188,0,0.9367001513726063,GMM
10.039803,4.717549,1,0.9237963593557539,GMM
11.159092,10.616629,0,0.9996284265844343,GMM
6.9359956,2.7683158,2,0.9999999999879687,GMM
10.785999,6.5585012,0,0.9348119328733682,GMM
9.113444,6.6344366,0,0.9676757549396047,GMM
10.524919,11.459066,0,0.999881993709805,GMM
7.6231356,6.5803123,0,0.9798892279668885,GMM
11.444442,9.0243,0,0.9132515036434107,GMM
11.845301,9.731383,0,0.9853510013660862,GMM
10.107046,-0.17201284,2,0.9064197594132446,GMM
9.997351,9.504964,0,0.9983945104829531,GMM
10.2898655,4.937667,2,0.648022163362824,GMM
8.712,2.164651,1,0.5212778953305356,GMM
12.397333,11.797999,0,0.9988593264755411,GMM
10.793846,3.2261207,1,0.9291440183868962,GMM
8.637023,6.4474735,0,0.8109759879242384,GMM
8.429524,7.7084026,0,0.833306943619658,GMM
11.9937105,0.4147879,1,0.9869517082848156,GMM
10.451454,6.2540975,0,0.721311943557135,GMM
11.2982,8.527311,0,0.9409859948015966,GMM
9.117411,9.673226,0,0.9973232313071366,GMM
9.853138,11.625736,0,0.9997963838001642,GMM
13.078952,10.212967,0,0.9896398683060218,GMM
10.935378,7.6899505,0,0.9986598952813809,GMM
8.31736,11.774386,0,0.9985870439228149,GMM
11.380375,9.438638,0,0.8702349467266405,GMM
8.567977,10.315387,2,0.9879590237390634,GMM
8.990866,0.94186795,1,0.9852017741861203,GMM
6.7394705,3.2056873,2,0.9999999999561382,GMM
12.468525,-0.54438657,3,0.9823907709903033,GMM
10.604705,6.910906,0,0.9534564647426471,GMM
12.352913,13.198896,0,0.9995790728576304,GMM
10.137871,9.84018,0,0.7824606824164839,GMM
12.792235,10.314395,0,0.9949419589353812,GMM
10.141539,5.4357004,1,0.7330529066988086,GMM
12.32417,12.014459,0,0.9996852463317156,GMM
6.8413367,8.722237,0,0.9817737071664747,GMM
10.913116,1.8857929,1,0.9711063562288502,GMM
6.004926,2.6550815,2,1.0,GMM
9.460231,11.118527,0,0.9976853362605318,GMM
11.798634,9.404654,0,0.8712917048444461,GMM
9.032094,7.2765975,0,0.995369411319592,GMM
12.022147,-0.7908962,3,0.9760341340243214,GMM
10.401692,4.0394273,1,0.7744253801029837,GMM
8.072423,9.410165,0,0.9122438045441399,GMM
12.780894,12.564809,0,0.938437515777644,GMM
12.102727,12.372391,0,0.9983660623408762,GMM
8.70303,2.2744777,1,0.976206562860845,GMM
11.477569,9.13065,0,0.9889295896343725,GMM
10.317554,9.340155,0,0.9894370878114044,GMM
10.407025,4.6743884,1,0.9385949079823577,GMM
9.672616,3.4889917,1,0.9898710471997206,GMM
12.366866,2.76209,3,0.9263000508239433,GMM
8.916991,6.3310633,1,0.8878145917978002,GMM
5.8128085,2.6644626,2,1.0,GMM
8.787002,1.382937,2,0.9999991722806809,GMM
11.050804,0.5246841,1,0.9861931611404253,GMM
11.525412,1.6473452,1,0.8759303221661207,GMM
10.773057,6.3398223,2,0.9940316662310575,GMM
12.451188,1.9986484,1,0.8767589659037234,GMM
8.422039,2.233409,2,0.9528713007068939,GMM
10.924752,1.4156882,1,0.9227691769271651,GMM
10.826102,11.875209,0,0.9937656772936618,GMM
10.884419,11.65653,0,0.9992130971291913,GMM
9.812353,6.359755,0,0.9466764099940066,GMM
10.52991,11.767831,0,0.9999460294266729,GMM
10.482533,8.89825,0,0.9925189648535563,GMM
10.728736,7.1467595,0,0.9899384883671251,GMM
9.82205,3.414104,1,0.9910849259787418,GMM
10.334343,3.184727,1,0.94439600018076,GMM
12.200222,7.83397,0,0.9147299986802101,GMM
10.567444,6.357896,2,0.9919368123522042,GMM
7.8564095,10.538951,0,0.9935868046705691,GMM
9.814034,3.7500608,1,0.7073466431243327,GMM
8.720859,0.31294215,1,0.9885776349487525,GMM
11.052209,4.180173,1,0.7861528004265851,GMM
12.883996,11.405049,0,0.994351393515497,GMM
5.391357,2.5880575,2,1.0,GMM
9.718685,9.869856,0,0.9965796167725733,GMM
9.138999,9.869076,0,0.9985628405465299,GMM
8.265151,10.377236,0,0.9946884292658221,GMM
10.592085,4.788949,0,0.8378158852283003,GMM
11.291643,12.033372,0,0.9997640842153929,GMM
10.003672,2.4897635,1,0.9884343302518452,GMM
9.288056,6.2973075,1,0.9490196317459594,GMM
10.196911,4.975512,1,0.98377259486257,GMM
8.160689,7.4124236,0,0.7615414879841146,GMM
8.810953,-0.47669682,2,0.9854628475392092,GMM
9.501673,10.405806,0,0.9968607480717037,GMM
10.359637,1.108461,1,0.5458389743414976,GMM
11.604188,11.530939,0,0.9997230179375384,GMM
10.488719,4.685529,1,0.5842348560381503,GMM
10.51412,8.059563,0,0.9815193884446914,GMM
11.603967,11.022481,0,0.9651115210412382,GMM
12.101468,3.67138,1,0.9836067696856198,GMM
12.431527,-0.7806989,3,0.9999991436988285,GMM
11.596961,9.380974,0,0.9686924347131343,GMM
7.211144,9.728597,0,0.9967896024944919,GMM
7.163591,3.1465533,2,0.9999999997474838,GMM
10.2929535,4.0792155,0,0.9219397491330235,GMM
11.670035,9.0299225,0,0.9123372991676699,GMM
10.677221,4.756861,1,0.7969767927643882,GMM
11.901554,0.6228859,1,0.9512654201362098,GMM
12.165977,10.627819,0,0.9890155955492388,GMM
12.074662,0.63829416,1,0.7207383870543916,GMM
8.260389,11.144139,0,0.997618483581058,GMM
9.690758,7.2459373,0,0.9932801074611445,GMM
9.106952,-0.7132909,2,0.9236342993484444,GMM
12.041614,8.317807,1,0.7077233420337457,GMM
8.482367,-0.7016744,2,0.9701691169732204,GMM
10.033368,7.0701156,0,0.6089451702088876,GMM
9.604603,-0.90051186,1,0.9567013551349813,GMM
10.808013,1.0879999,1,0.993662003410788,GMM
10.033747,6.673581,2,0.3946131470164057,GMM
8.29764,9.344329,1,0.9644726176882518,GMM
11.051567,11.819089,0,0.9982109095564171,GMM
11.096597,8.60085,0,0.9600520595926988,GMM
12.749147,9.750745,0,0.9919199710218435,GMM
11.453797,12.603086,0,0.9993556698734584,GMM
11.2579775,5.8993874,0,0.8204554014660883,GMM
11.154726,3.575453,1,0.8524563959527381,GMM
12.04218,12.152395,0,0.9992162056270596,GMM
12.466466,13.202108,0,0.9975270328938766,GMM
7.71359,10.732015,0,0.9993396809738242,GMM
9.982325,5.557183,2,0.5991293740273311,GMM
8.995578,10.051601,0,0.9937653485773121,GMM
9.376676,5.50589,0,0.8297879511152649,GMM
12.428902,10.877307,0,0.9870596408421446,GMM
10.819078,3.3430328,1,0.9913581125776286,GMM
11.972829,-0.8836924,3,0.9999999875349809,GMM
11.585889,-0.19103411,1,0.9150938482710022,GMM
10.1749325,6.6955643,0,0.9136016380450824,GMM
10.834997,4.6718044,0,0.7568021681232513,GMM
8.447212,11.186213,0,0.9977508421154477,GMM
10.3775015,0.8706794,2,0.6283165888909088,GMM
10.272542,0.45480603,1,0.9920123243265325,GMM
10.053906,3.5477164,1,0.9715493700213093,GMM
9.018455,3.883169,1,0.9846014096061518,GMM
10.415902,2.9097924,1,0.932243886853883,GMM
8.849114,11.866187,0,0.9998972586775285,GMM
9.223435,9.094166,0,0.9979538241193936,GMM
11.861853,4.143382,0,0.7188200078289987,GMM
10.877895,11.806154,0,0.9997638376241963,GMM
10.199188,4.9644866,0,0.8447076364395358,GMM
8.599665,8.176859,0,0.9982725648496534,GMM
9.574934,3.3161507,1,0.984995903134784,GMM
10.623888,4.14731,1,0.8291106903205223,GMM
10.242135,0.2792291,1,0.9712104634444808,GMM
8.292945,5.2207675,0,0.7004768684818651,GMM
12.866448,0.28783354,3,0.8766404608087122,GMM
10.904427,8.752523,0,0.9991148847256132,GMM
12.079644,-0.24393186,1,0.9216252769160894,GMM
10.98848,5.8623576,0,0.7725550020447511,GMM
9.210019,12.059686,0,0.9999940877461063,GMM
9.2905245,0.54715157,3,0.479202779402675,GMM
10.374222,6.3586764,0,0.9886486076334954,GMM
7.6707067,7.0728545,1,0.9418570071724092,GMM
8.744828,1.9609588,1,0.9900278071940872,GMM
11.996269,2.6310065,1,0.9090370305808619,GMM
8.785103,8.414777,0,0.9978821285107479,GMM
11.8213215,2.961575,1,0.9957539555381999,GMM
9.128477,1.7771983,2,0.6359288524401924,GMM
10.607829,8.674682,0,0.9957257698040893,GMM
13.126412,13.671882,0,0.9876241252503,GMM
9.31692,1.7863723,1,0.9915697524742636,GMM
9.047201,0.32039076,2,0.9649588652533858,GMM
10.358807,-0.9779622,1,0.9491260048349435,GMM
8.56737,10.337725,0,0.9936843255092842,GMM
11.3084,13.002787,0,0.9999116599852599,GMM
8.6290045,0.45035124,1,0.9899104241748939,GMM
12.67907,10.786603,0,0.8894090503729016,GMM
12.838624,10.627919,0,0.9816133707651251,GMM
6.4590583,2.9680538,2,0.9999999976946086,GMM
8.9707,5.4329534,0,0.49799463840885627,GMM
6.82538,10.059473,0,0.9999781101986516,GMM
9.845875,4.928033,0,0.6132308013427537,GMM
10.523236,7.9471846,0,0.9707591032849124,GMM
8.804401,1.4214153,1,0.9205913437099866,GMM
9.9081745,1.7851441,1,0.9737061790561262,GMM
9.987931,6.7238016,1,0.7246324431802512,GMM
9.292023,7.2839665,0,0.9910114633072578,GMM
10.219178,6.809204,0,0.9690384852277626,GMM
11.376129,10.170411,0,0.9951021166460964,GMM
10.417641,3.80797,1,0.9878745648026066,GMM
11.640122,10.140771,0,0.8858865921398436,GMM
9.519827,10.20809,0,0.9976250298519157,GMM
8.761989,7.789584,0,0.9127049338488541,GMM
10.993376,2.6500769,1,0.9887859873100383,GMM
10.868091,1.1481512,1,0.9478127883850394,GMM
12.840107,-0.022468124,3,0.9666079365446218,GMM
7.5634165,5.590301,0,0.8663943498530166,GMM
9.97561,0.6131191,1,0.9946614000588959,GMM
10.6448145,7.4498496,0,0.9871758037017977,GMM
9.784418,-0.43123433,1,0.9963715784751104,GMM
11.138745,9.322429,0,0.9961495726976732,GMM
9.06099,9.735684,0,0.9997834583575597,GMM
10.609987,3.5584958,1,0.8778423480986884,GMM
12.866326,1.7646102,0,0.8017538166445738,GMM
10.335764,0.4708376,1,0.9828656028958285,GMM
11.76349,-0.76706696,3,0.9999994663487527,GMM
9.011679,5.1213655,1,0.6476836230527027,GMM
9.529894,7.8730283,0,0.9777979997598414,GMM
9.802542,5.423057,2,0.8232465167994487,GMM
10.84632,0.8523871,1,0.9899844066489064,GMM
10.329673,6.567256,0,0.9548018810596941,GMM
11.959817,9.720802,0,0.927090613793381,GMM
9.141725,5.80397,1,0.8678240485505356,GMM
10.72283,0.92227507,1,0.9957867617820523,GMM
12.418809,13.875101,0,0.996643421173788,GMM
11.510287,10.83565,1,0.7583792090849811,GMM
8.342209,7.467224,0,0.9954758218116639,GMM
9.815228,5.9036365,0,0.9679232292320961,GMM
7.8284016,5.4806457,0,0.8736670165045145,GMM
11.077302,9.475645,0,0.9497123819728613,GMM
9.272101,5.7120066,0,0.903946596476167,GMM
12.211436,12.770628,0,0.9993743940591374,GMM
10.469044,2.5347774,1,0.9834047981746232,GMM
9.950075,5.513745,0,0.5480276141901995,GMM
6.8726764,2.5914667,2,0.9999999999349996,GMM
12.115964,9.883746,0,0.9934342972993443,GMM
12.133062,-0.14195052,3,0.9851054400928507,GMM
10.598192,3.1900718,1,0.9608613587295473,GMM
9.800116,5.6395164,0,0.7932804022616632,GMM
11.4148445,7.568504,0,0.9457711758518503,GMM
10.091657,7.2765436,0,0.9932013037736277,GMM
8.85247,2.5050638,1,0.9845577504951523,GMM
8.437531,4.0779896,3,0.8489124257460595,GMM
8.310331,7.971906,0,0.9870725226170047,GMM
12.035822,9.790199,0,0.995563657141123,GMM
8.712866,2.2733192,1,0.9030853840456939,GMM
7.851445,9.993067,0,0.9813627389196652,GMM
9.043518,3.0688245,1,0.9951828879499062,GMM
7.0791454,8.344628,0,0.9955294088647105,GMM
13.0290785,10.080023,0,0.9882570822324458,GMM
11.111794,3.5848505,1,0.9176666916102367,GMM
10.680504,4.492767,0,0.7595618623967318,GMM
13.108515,11.357611,0,0.6348048897166957,GMM
8.127025,10.8129635,0,0.9959466789547928,GMM
10.581452,10.397427,0,0.999358770755528,GMM
11.058269,0.4176257,1,0.9954383617159845,GMM
10.486636,3.186353,1,0.9949538375537437,GMM
9.823439,-0.25328657,3,0.9958343194919975,GMM
9.953771,8.721811,0,0.9874271694745995,GMM
10.316221,9.3461275,0,0.9975403459676052,GMM
11.775258,7.7021403,0,0.9032964349204925,GMM
11.493574,12.8736105,0,0.9995928867333717,GMM
7.479999,9.9950905,0,0.951808857877553,GMM
9.452959,8.851645,0,0.7995592667937755,GMM
9.401228,7.6720457,0,0.9947626746326618,GMM
10.265036,5.7402225,0,0.9954145515872918,GMM
10.163534,11.499664,0,0.9999156005555356,GMM
12.13121,3.6420634,1,0.7757421175617721,GMM
10.137289,0.32492495,1,0.9754621715040707,GMM
8.729478,-0.21420988,1,0.7017575274283452,GMM
10.578985,5.608581,0,0.8940890683985984,GMM
11.639133,13.299008,0,0.9999275815276802,GMM
9.438945,5.7361617,0,0.9803188962285987,GMM
11.375152,2.5469167,1,0.9582751084253178,GMM
11.357534,3.5703866,1,0.892562142190947,GMM
12.580078,9.935968,0,0.8986445962735786,GMM
13.03876,12.537653,0,0.9909383167737423,GMM
9.319445,9.273394,0,0.9978276624111263,GMM
13.031285,9.940072,0,0.960348546747688,GMM
12.240463,9.612871,0,0.9036397160874844,GMM
12.272727,10.395157,0,0.9968969807849096,GMM
8.408358,5.0029874,1,0.6261134038989303,GMM
10.75968,8.293225,0,0.9842021057480705,GMM
9.696578,5.4500265,2,0.7933138714669848,GMM
9.602937,9.414638,0,0.9921857065782806,GMM
10.066016,3.1811128,1,0.952958879571818,GMM
5.347204,2.5485215,2,1.0,GMM
7.592401,10.024753,0,0.9617180867987559,GMM
11.1385765,-0.13805115,3,0.9916969768598012,GMM
10.610753,11.919562,0,0.9990086830150955,GMM
12.204839,3.9530878,0,0.7866725878344571,GMM
9.718303,5.546325,2,0.832307023916814,GMM
8.883516,-0.9505966,2,0.7652531748811132,GMM
11.641537,1.8008565,1,0.9847548862851961,GMM
8.566887,5.533043,0,0.8392711852908833,GMM
12.512024,3.0219765,1,0.8950814421305721,GMM
7.4071817,2.856826,2,0.9999999742588489,GMM
11.241494,7.8705263,0,0.9262279262463868,GMM
13.074936,11.252305,0,0.988240057408012,GMM
10.89185,12.222581,0,0.9999119999075797,GMM
9.274454,5.128394,1,0.5720965644339335,GMM
10.34976,12.680878,0,0.9999762163577122,GMM
11.178033,-0.57948244,1,0.58637906560664,GMM
9.810182,10.124834,0,0.9911852591620277,GMM
10.526582,1.7713135,1,0.9975674041283308,GMM
12.938603,0.674404,1,0.7375494012821279,GMM
12.561275,10.112534,0,0.9920230676921743,GMM
8.6677685,6.865324,0,0.9982073493385759,GMM
9.2355995,7.156055,0,0.9967736658877421,GMM
13.209002,10.450599,0,0.8576192503783845,GMM
7.65517,8.549071,0,0.9697174835984349,GMM
11.299686,2.7464566,1,0.78928689263452,GMM
10.5541315,12.313062,0,0.9997917264708064,GMM
8.5489235,5.120028,1,0.6839908153104699,GMM
12.398476,0.27666342,1,0.8119587119816241,GMM
11.480316,8.352905,0,0.9459974109632997,GMM
10.959947,1.803445,1,0.9971699947234762,GMM
9.891056,8.952801,0,0.9995967150129802,GMM
13.500468,14.182477,0,0.9698821681581209,GMM
10.229768,11.374986,0,0.9998138293627509,GMM
10.337142,11.177511,0,0.9955450629657296,GMM
12.930485,9.585711,0,0.8797851216378446,GMM
11.160792,12.366319,0,0.999835902398569,GMM
10.006952,8.939362,0,0.9869705553943594,GMM
10.39758,7.9086,0,0.9969254930930939,GMM
10.978384,12.321075,0,0.9998742046453422,GMM
12.284439,1.8285785,1,0.9256225483374434,GMM
8.138259,5.031514,1,0.7434758726339095,GMM
10.147965,1.0419793,1,0.9902868688929929,GMM
10.748506,11.175437,0,0.9942999635604403,GMM
12.864081,12.59122,0,0.997394871450442,GMM
13.056675,11.435133,0,0.9652903017997518,GMM
10.118939,11.561891,0,0.9995818172997062,GMM
11.155775,5.915759,1,0.9674241453600183,GMM
7.765374,10.906926,0,0.9990983053501059,GMM
10.805941,10.189189,0,0.9987911334717771,GMM
7.5763164,9.825368,1,0.615760041262308,GMM
12.329239,0.32808056,1,0.8491101660146329,GMM
10.994782,9.100827,0,0.8755999508028852,GMM
10.239797,11.1523485,0,0.9993675596052176,GMM
8.602076,4.5709352,1,0.9675543118358024,GMM
9.953539,11.426991,0,0.9989203539478143,GMM
10.011957,8.625275,0,0.980397313164218,GMM
12.622552,11.302692,0,0.9695612522416136,GMM
9.356283,0.19853996,1,0.957961952390211,GMM
10.877191,12.22001,0,0.9991109703757483,GMM
10.043815,-0.8139323,1,0.9977137572369239,GMM
9.902272,-0.3003227,1,0.9532483866936217,GMM
9.244878,9.446572,0,0.9977910535556485,GMM
12.195115,12.525907,0,0.9041941057481113,GMM
11.213202,2.56704,1,0.9359127005749479,GMM
12.478606,2.3408046,3,0.5750174825668436,GMM
10.761122,2.7154317,1,0.9486884616872656,GMM
12.074665,-0.83734196,3,0.9999993307302742,GMM
9.577826,1.2176529,1,0.9969737374651888,GMM
6.9351945,9.20934,0,0.9898049416213892,GMM
9.237923,2.4339442,1,0.9935403713744956,GMM
9.064256,10.52495,0,0.9982510810492171,GMM
12.838979,11.169694,0,0.9986327844824431,GMM
11.603406,13.02129,0,0.9993524400557722,GMM
9.612433,6.1523857,0,0.9921038293271425,GMM
11.222443,2.4667685,1,0.9876871684764684,GMM
11.243629,12.511253,0,0.9995282107976997,GMM
13.371269,12.840262,0,0.9919566362376963,GMM
12.143273,7.6646223,0,0.9766449028308744,GMM
8.597856,0.17213832,2,0.5486363618792708,GMM
11.726202,9.740947,0,0.9974460621219434,GMM
9.351791,2.0908601,1,0.98737893115939,GMM
12.515525,9.504586,0,0.8129727054658639,GMM
9.167886,3.8596964,1,0.9776462165923449,GMM
9.147632,2.5873332,2,0.6569695582211524,GMM
6.541038,9.523228,0,0.9996893938761788,GMM
9.911276,9.923199,0,0.9986919492211477,GMM
11.045072,0.19248874,1,0.8759465529929281,GMM
9.187601,9.639979,0,0.9831521853372297,GMM
11.396693,8.72397,0,0.9909227798320283,GMM
10.182534,1.2676716,1,0.9967358233017544,GMM
12.465745,12.485442,0,0.9995565937572449,GMM
10.452142,3.7819593,1,0.9641923942200556,GMM
12.7872715,0.24829341,3,0.9999889506524973,GMM
12.051241,9.911382,0,0.9670917063481703,GMM
8.526631,1.1501387,3,1.0,GMM
13.322397,11.580437,0,0.9695106108850003,GMM
12.632639,9.964955,1,0.893791961110051,GMM
9.015048,8.738114,0,0.9928952206517102,GMM
12.189881,9.165601,0,0.9818647258958352,GMM
7.633478,9.858711,0,0.9605901558266059,GMM
5.441911,2.4946191,2,1.0,GMM
11.351685,5.213876,0,0.7333753202240044,GMM
8.016346,9.460612,0,0.9933060557006207,GMM
10.577911,0.33987737,1,0.9777994783094655,GMM
9.837859,3.107027,1,0.987369853700865,GMM
12.845908,13.042241,3,0.9763340634369464,GMM
11.397413,1.444314,1,0.9969865021764106,GMM
10.720006,1.245394,1,0.9887841626845385,GMM
9.469813,7.862605,0,0.719026787449868,GMM
10.413588,12.314874,0,0.9989608225032534,GMM
7.938036,8.0504675,0,0.9710894649829958,GMM
9.972434,5.6999974,0,0.6909583454692295,GMM
11.809721,8.696956,1,0.529187979055635,GMM
9.2599125,-0.48775095,1,0.9594366945104672,GMM
9.338341,5.840015,0,0.8832419890170009,GMM
8.656422,9.019286,0,0.9974352798644436,GMM
8.997299,0.17097467,2,0.7542306922254571,GMM
11.817562,10.426696,0,0.9803115723861331,GMM
10.281965,4.799575,0,0.5791722237560447,GMM
8.254638,9.230644,0,0.984960634953035,GMM
7.86619,10.281951,0,0.9923697404989926,GMM
10.4040165,2.8868499,1,0.9883158664688333,GMM
8.268261,8.095662,0,0.9938379808315626,GMM
8.364271,4.204319,1,0.9932272303597893,GMM
9.074118,1.7221501,3,0.5023274860492797,GMM
13.1549,11.186286,0,0.6887473328909822,GMM
7.661894,8.515104,0,0.9964296670653576,GMM
10.257402,3.8321064,1,0.7796386337663062,GMM
12.5982685,1.4413493,1,0.8285526808463386,GMM
11.403613,-0.08931417,1,0.985181117427626,GMM
7.506525,2.458577,2,0.9999999999996163,GMM
10.6007595,0.9388531,1,0.9937869243309976,GMM
7.8411827,8.411045,0,0.7363406776409793,GMM
8.604696,2.271809,1,0.9855653150242819,GMM
12.033244,1.3878872,1,0.9773193041284476,GMM
10.180694,4.833846,0,0.7420730855408372,GMM
7.9007525,10.386649,0,0.9982143041601076,GMM
9.657617,6.1670513,0,0.9942121055885045,GMM
8.585345,2.0724375,1,0.9747958890806633,GMM
10.594303,9.495602,0,0.9639833421292372,GMM
9.882371,-0.20264809,1,0.9923146500019415,GMM
9.955676,11.62191,0,0.9993901277064051,GMM
12.072161,3.9797893,1,0.8558656882657951,GMM
9.773276,2.1513407,1,0.9563667012476049,GMM
10.891143,8.962048,0,0.9862543644600333,GMM
10.108245,7.0159974,0,0.9971602152331092,GMM
6.97155,9.033417,0,0.9950275013420035,GMM
9.508697,2.535249,1,0.9861729703492488,GMM
10.3912735,9.376183,0,0.9996255230218781,GMM
12.284596,10.415281,0,0.9941086177542432,GMM
11.842548,10.78927,1,0.7306525932501462,GMM
12.153941,2.1039336,1,0.9892889535103506,GMM
10.139135,7.058348,0,0.9991378016093952,GMM
10.585528,7.562525,0,0.9943494421968224,GMM
12.646303,13.864224,0,0.998604147096576,GMM
8.330982,8.13011,1,0.811438327556389,GMM
9.036704,-0.70393944,1,0.852821870371772,GMM
10.078697,3.3884585,1,0.9802218263314659,GMM
9.427093,9.9997,0,0.9984767933960376,GMM
9.337743,2.037092,1,0.9084212867943701,GMM
12.311716,7.168087,0,0.9575641815087139,GMM
13.269011,13.25728,0,0.9947162430497474,GMM
11.626341,-0.5991538,1,0.9395813058017205,GMM
12.385665,13.582732,0,0.9922032764191474,GMM
9.877356,5.455766,0,0.9542508426550312,GMM
9.025347,1.6377332,1,0.9941386238724155,GMM
12.252965,9.062067,0,0.9925323787192318,GMM
10.398228,11.374779,0,0.9995753285404573,GMM
9.11302,5.113378,0,0.6930836162839442,GMM
5.258751,2.5515826,2,1.0,GMM
9.8525915,4.1870666,1,0.5313834428503857,GMM
8.935135,-0.1707682,2,0.919828863095688,GMM
10.802397,12.314264,0,0.9998648040372212,GMM
12.406962,6.887553,0,0.979943230237371,GMM
11.361261,5.4520574,0,0.6816019577087036,GMM
13.274458,14.018365,0,0.9989768940611151,GMM
7.145265,9.996285,0,0.9447025034765623,GMM
10.898655,2.9933631,1,0.7248585896644547,GMM
12.66054,7.510919,0,0.9534372609683227,GMM
12.489295,9.992866,0,0.9715886335851053,GMM
8.250734,11.246373,0,0.9999691106821309,GMM
11.848215,2.496057,1,0.87056201689364,GMM
9.727724,10.489475,0,0.9967909808826669,GMM
10.394895,11.081661,0,0.9993703050803918,GMM
6.522145,9.314122,0,0.9999981347794518,GMM
9.084766,-0.6701528,1,0.9412008687611867,GMM
11.647349,4.2157583,1,0.7161183776016499,GMM
9.236203,6.5302153,0,0.7699279730863021,GMM
10.226599,3.3642378,1,0.8539505713718812,GMM
12.32742,0.51388437,3,0.9999990125709272,GMM
9.821289,5.562395,1,0.9649769150030325,GMM
9.19228,6.97581,0,0.9820501683669957,GMM
7.7079363,9.710289,0,0.984337555725571,GMM
9.06605,5.2245398,1,0.7578195272311365,GMM
10.924147,3.1000245,0,0.7741987720151745,GMM
8.928942,1.5960124,1,0.9935274050272189,GMM
12.768325,13.3935,0,0.9949069258485977,GMM
10.063011,4.8292327,1,0.6415878080228353,GMM
9.983961,12.211627,0,0.9990128226111161,GMM
8.361147,7.212387,0,0.9071492905367609,GMM
10.484348,2.5250392,1,0.9860253742637316,GMM
10.911527,4.5031385,1,0.869958866892684,GMM
11.4789295,0.93756235,1,0.9794248716353002,GMM
8.678677,5.6329765,1,0.8093055950841237,GMM
11.9316635,12.707938,0,0.9997119928543274,GMM
9.334976,1.4979386,1,0.9465860598032723,GMM
12.146823,1.3828524,1,0.9774348493872439,GMM
10.123323,-0.06185631,1,0.8934025192624327,GMM
11.092737,10.566526,0,0.9993718733485347,GMM
7.9440393,6.998164,0,0.9871483167676522,GMM
11.373568,10.336261,0,0.9944085490633212,GMM
9.501652,4.6759853,1,0.8908206356930632,GMM
9.306467,0.30942076,1,0.9807083972379599,GMM
10.475646,2.9303517,1,0.9655653224509213,GMM
13.504659,13.929395,3,0.9347010487759327,GMM
12.513485,0.2274761,1,0.8609822817272565,GMM
11.838899,7.396435,0,0.9819375517367439,GMM
11.938799,6.5485845,0,0.9152833866990867,GMM
8.273999,9.801434,0,0.9948833822287788,GMM
8.884528,9.785416,0,0.9991900350119544,GMM
10.763251,10.261319,0,0.9981969656413638,GMM
9.761517,5.1430345,0,0.5983600816134955,GMM
10.4049835,11.604915,0,0.9998936828719663,GMM
10.683653,1.9307265,1,0.9851051240478604,GMM
11.218708,12.289757,0,0.9999381508138074,GMM
9.614827,-0.8036235,3,0.9994629286636288,GMM
8.50292,2.1004233,1,0.9613195968414409,GMM
12.213703,3.1814973,1,0.5728254285266848,GMM
9.409991,2.868234,1,0.9885585478386032,GMM
11.6661625,6.156891,0,0.831729660431564,GMM
10.17423,1.5843225,1,0.9720605615700109,GMM
11.532056,3.770831,1,0.6574010782138379,GMM
10.264427,5.902925,0,0.913594886466311,GMM
11.129214,7.3210382,2,0.9122468352832568,GMM
9.873724,11.385538,0,0.9998325183150368,GMM
9.0737505,6.9296184,0,0.9741899674339476,GMM
8.624725,3.649823,1,0.9226655893654275,GMM
8.114642,8.188647,0,0.7950715226220124,GMM
9.074329,-0.7287031,2,0.5940409237869292,GMM
4.2772555,2.2619793,2,1.0,GMM
8.611799,9.49868,0,0.9971568398384439,GMM
12.7490015,-0.26423356,3,0.7924057412977514,GMM
10.493874,10.96283,0,0.9991298519654587,GMM
11.86854,7.2668095,0,0.9236193716005883,GMM
10.13317,3.2816029,2,0.9194449698033507,GMM
9.830913,3.9563591,1,0.9810545112276297,GMM
10.29833,-0.58460647,1,0.9929430478184773,GMM
8.616041,8.750451,0,0.9894705852410913,GMM
11.991268,12.610728,0,0.9990594769627664,GMM
12.689392,2.3919215,3,0.7850583524618203,GMM
8.317295,8.658375,0,0.994167985528141,GMM
11.340801,9.630477,0,0.666356156497318,GMM
12.029221,-0.6937189,3,0.98457061707617,GMM
10.13664,6.462302,0,0.9979154530543913,GMM
7.669664,5.9669065,0,0.9169489337469121,GMM
9.072555,9.96759,0,0.9995306298402628,GMM
7.5741396,10.086207,0,0.9856267597486645,GMM
7.774908,10.267675,0,0.9978837731097947,GMM
10.1143465,8.935116,0,0.9986520115713555,GMM
10.375807,12.225163,0,0.9999549931840122,GMM
13.07967,13.974643,0,0.9997458880793171,GMM
8.095405,10.525788,0,0.9418551811177652,GMM
10.909036,5.5565596,1,0.5924731656768004,GMM
10.37477,11.393569,0,0.9997405098793717,GMM
11.9134,9.910219,0,0.9805562952027169,GMM
12.737655,12.481839,0,0.9983072123409522,GMM
10.401441,6.375326,0,0.9996606999151532,GMM
9.921801,6.8624578,0,0.9868628732713568,GMM
8.940161,-0.6127902,1,0.654558086549188,GMM
11.074554,0.6270741,3,0.989543370233244,GMM
10.820247,10.28554,0,0.9994605283827142,GMM
6.978068,8.609564,0,0.8889620308276803,GMM
9.57501,11.238037,0,0.9949061330301439,GMM
9.128323,8.995733,0,0.9945427208786339,GMM
12.253472,1.8762252,1,0.9806357488202095,GMM
12.415313,13.097292,0,0.999742775882904,GMM
10.123653,5.3071036,1,0.5922244199560358,GMM
11.206757,1.557646,1,0.9976456209091754,GMM
5.4455605,2.538746,2,1.0,GMM
11.597234,8.4359255,0,0.9843656844367696,GMM
12.96579,11.537858,0,0.9855332518799789,GMM
10.393496,-0.87395644,3,0.7290678521666756,GMM
8.263979,6.0655746,0,0.967183617459379,GMM
8.966084,0.6807331,1,0.9324941975074567,GMM
10.191192,7.15231,0,0.9433503712562562,GMM
9.749659,11.909879,0,0.9999042883040009,GMM
11.8938055,12.613141,0,0.999508941247946,GMM
10.106704,7.8150635,0,0.9792479414975122,GMM
9.946566,6.167799,0,0.9878670264419596,GMM
11.2854595,11.335721,0,0.9967982720064472,GMM
11.744803,-0.3963683,1,0.7742405244513603,GMM
13.170703,11.809109,0,0.7627824290103986,GMM
11.593892,0.9935222,1,0.9829551171242292,GMM
12.523203,10.948611,0,0.8370743091890746,GMM
7.2093744,9.4255495,0,0.9949323708835054,GMM
9.705586,10.346998,0,0.9964639167659565,GMM
10.592683,5.977997,0,0.9019339649417598,GMM
10.471613,5.059362,0,0.9128900738032959,GMM
12.182571,2.9606218,1,0.9381657590935724,GMM
9.363176,-0.35434073,1,0.9679796047836233,GMM
13.300387,12.684864,0,0.9788243644130197,GMM
12.196912,3.390989,1,0.6555012177532143,GMM
10.418948,9.614306,0,0.999689756534246,GMM
9.423255,2.2008216,1,0.9950662360358848,GMM
9.651569,11.750439,0,0.9995780746301562,GMM
8.501814,7.2798476,0,0.9586418910024467,GMM
12.7876,11.486735,2,0.9827328845477667,GMM
11.751139,11.414481,0,0.9940772627634809,GMM
6.9846196,3.1572812,2,0.9999999968017264,GMM
9.224109,6.339761,0,0.9982387335068381,GMM
10.607915,10.272875,0,0.9478816894602671,GMM
10.327482,5.3348584,1,0.7183580514478508,GMM
7.4052496,7.9421983,1,0.7346906394178716,GMM
10.403004,6.3005147,0,0.9948165623888061,GMM
8.800116,1.7559961,2,0.7435655647179816,GMM
10.5955,7.2726655,0,0.9547042143394474,GMM
13.325909,12.209383,0,0.9046588774367896,GMM
8.281341,10.892855,0,0.9973892738089909,GMM
11.4387665,1.0729909,1,0.9740332528848725,GMM
12.588147,-0.25032866,3,0.7563910068068266,GMM
12.489483,1.2209182,1,0.9359525948324463,GMM
12.358821,12.321828,0,0.998875837699044,GMM
7.740262,5.206231,0,0.9550070797598166,GMM
11.417183,13.006931,0,0.9985204636875332,GMM
11.408769,11.836498,0,0.9997588282508447,GMM
10.890045,6.187516,0,0.9940797814779596,GMM
9.256909,3.8650668,1,0.9927989782945593,GMM
10.5893,2.4910972,1,0.8847944277045419,GMM
10.183349,5.495084,0,0.6254226643104022,GMM
9.823112,3.7964656,1,0.962835520211817,GMM
10.418612,0.90046406,1,0.9888345704404777,GMM
10.597654,6.924947,0,0.7682872563093618,GMM
8.323202,6.3936076,2,0.9995933122939743,GMM
6.1852155,2.842583,2,1.0,GMM
12.351031,9.569966,0,0.9852034054009571,GMM
11.701679,4.391593,1,0.9579321303916284,GMM
12.303671,3.229424,1,0.9864106295045575,GMM
6.3692713,2.9081109,2,1.0,GMM
11.826159,12.24494,0,0.9998373355546809,GMM
12.017018,1.3490678,1,0.9917552791831149,GMM
9.927307,10.915007,0,0.9992005673196956,GMM
13.135843,11.826288,0,0.8796034187432236,GMM
10.532534,0.6248096,1,0.9874673812416448,GMM
13.352119,12.7630625,0,0.9434274295649705,GMM
12.565666,11.741501,0,0.9950072678284205,GMM
10.868114,3.7600327,1,0.8106585153507786,GMM
13.221589,12.323276,0,0.9849205057801981,GMM
10.021416,9.2298565,0,0.9986315379764384,GMM
8.966344,8.784018,0,0.9967125930683939,GMM
10.362732,6.591013,0,0.9994562248732992,GMM
8.960211,11.889131,0,0.9999922602502629,GMM
10.006763,4.328104,0,0.5010497551118547,GMM
10.7520685,1.5116104,1,0.9797971106821703,GMM
9.811738,-0.42735162,1,0.9960486144983659,GMM
8.884065,8.211387,0,0.8570308102822798,GMM
9.434323,8.453269,0,0.893758978897527,GMM
10.883919,4.7510357,0,0.5987413698504899,GMM
10.214802,10.905902,0,0.999913726181626,GMM
10.409809,6.7545733,1,0.5616029502884338,GMM
8.989615,4.467691,1,0.9423445141584436,GMM
11.411773,9.301766,0,0.9658008280002145,GMM
7.269389,10.503585,0,0.9997685175125693,GMM
11.3737955,1.8846561,1,0.8922026455392573,GMM
11.272432,1.9996403,1,0.9957542842899583,GMM
9.960057,11.5672245,0,0.9970067744041591,GMM
12.496769,10.945777,0,0.9935314270903128,GMM
12.766754,12.160307,0,0.9964015893606973,GMM
7.949468,8.432007,0,0.9959087811169012,GMM
9.253977,-0.7432218,2,0.9998341579925082,GMM
8.861087,1.6762996,1,0.8826614785534733,GMM
8.709178,0.54142106,1,0.9614630577298863,GMM
10.564505,12.098266,0,0.9640823804369225,GMM
9.704547,1.1643492,1,0.9887594583711635,GMM
12.056796,-0.4060714,1,0.6005758330803475,GMM
11.386836,4.3907638,0,0.5770480962010189,GMM
7.5062695,8.259569,0,0.9757235605549217,GMM
8.655511,10.640996,0,0.9934776450682578,GMM
7.6864104,9.278244,0,0.9930162787402823,GMM
13.277905,14.059504,0,0.9999238761404833,GMM
7.5451126,2.7239974,2,0.9999999995817834,GMM
11.161642,11.920314,0,0.9954423860433252,GMM
10.427849,5.4931927,0,0.8873799600302528,GMM
10.225837,1.6248521,1,0.9917265952775212,GMM
11.436442,2.7186856,1,0.9027088402839163,GMM
12.043457,3.8859162,1,0.50527841445333,GMM
13.477659,12.765135,3,0.9903106514617293,GMM
12.770679,7.8058367,0,0.9474319908262392,GMM
12.338526,2.1072254,1,0.9287138723988086,GMM
10.17997,3.3282762,1,0.9392707437666314,GMM
6.711617,2.8463595,2,0.9999999751506724,GMM
12.229548,2.9502702,0,0.7256174257869475,GMM
10.03568,10.597309,0,0.9883688792493172,GMM
8.977478,7.0739846,0,0.9680131209947239,GMM
11.180157,8.815805,0,0.988716200663388,GMM
8.459333,7.3643584,0,0.9860448676992758,GMM
11.528408,12.1305275,0,0.9998884293344455,GMM
12.077609,1.7489773,1,0.9516816116214254,GMM
10.791934,5.4823933,1,0.7938322961496747,GMM
10.925123,5.9757147,0,0.7035398625341521,GMM
12.479362,1.0563815,3,0.7941206724876941,GMM
11.19449,9.739321,0,0.8202842055112116,GMM
11.922853,12.677434,0,0.9999188989686552,GMM
11.539091,12.403334,0,0.999884494937123,GMM
10.465041,10.891321,0,0.999613296105774,GMM
9.861429,-0.17822395,3,0.9753140367302707,GMM
12.042224,12.953402,0,0.9997347135349913,GMM
8.471412,9.979476,0,0.9969989678363759,GMM
12.799535,7.8421597,0,0.9619282536228664,GMM
9.494753,5.8659673,0,0.9450802540656413,GMM
8.9478445,-0.5221109,2,0.6192552237927187,GMM
8.177705,4.59009,1,0.9967852481716416,GMM
11.551214,4.419537,1,0.656996248292178,GMM
8.143475,8.024612,0,0.987135881756015,GMM
12.230749,1.787202,1,0.8674819082276488,GMM
7.5461144,9.715275,0,0.991818464925214,GMM
10.20526,3.4614384,1,0.9762846334492794,GMM
10.245763,4.552715,1,0.8024474085256388,GMM
10.051417,9.3710785,0,0.9923647702950311,GMM
10.4077015,11.66852,0,0.9994326133811713,GMM
10.48684,0.38567948,1,0.9911081711072682,GMM
8.5810175,5.2943997,0,0.5533349083358338,GMM
10.775381,4.6193695,1,0.746040500232429,GMM
9.156361,5.4894376,1,0.8082203051951429,GMM
12.276675,10.016144,0,0.8031444782530264,GMM
8.982926,7.7111454,0,0.9970103384688901,GMM
9.713801,11.018331,0,0.9996148753956674,GMM
8.059735,6.325837,0,0.9663620850912183,GMM
10.841462,10.829376,0,0.9606394242701639,GMM
8.539772,4.457684,1,0.9802954871417305,GMM
10.531652,6.078493,1,0.7127542464899943,GMM
10.293592,7.957168,0,0.9987791616392391,GMM
11.312056,2.7763715,1,0.966426208437149,GMM
12.39564,12.1942,0,0.9980380296377175,GMM
11.75383,3.8324237,1,0.7572802650063698,GMM
13.325349,14.08425,0,0.9954379107954912,GMM
10.744556,4.2226305,1,0.498486517278581,GMM
8.958625,10.914706,0,0.9526330737099217,GMM
9.261093,0.11987139,2,0.9637496707889609,GMM
8.575892,2.426054,1,0.9931744462410109,GMM
11.07007,5.106213,0,0.5758917538620361,GMM
10.19544,6.5329885,1,0.5732787729871359,GMM
11.462757,1.9323287,1,0.978192496011327,GMM
8.713688,8.954357,0,0.9959462025423563,GMM
11.52658,9.977099,0,0.9991811351946602,GMM
10.761285,2.4506567,1,0.9827329914049217,GMM
11.373027,2.3937035,1,0.793893901736177,GMM
12.392353,1.7579305,0,0.4427415309854664,GMM
9.067573,2.1792877,1,0.9825991134885278,GMM
11.739614,2.4901104,1,0.9598524217624517,GMM
11.9783125,3.262548,0,0.6300733946915832,GMM
9.406165,4.082026,1,0.9853337126980927,GMM
9.549522,7.1634445,0,0.9946394243912235,GMM
12.748266,7.72048,0,0.9263827648008938,GMM
10.61094,7.490631,0,0.9609585252606204,GMM
11.021499,11.196938,0,0.9999340385293052,GMM
11.739823,0.751558,1,0.9906951875693403,GMM
10.571586,-0.9470954,3,0.8601792065664468,GMM
10.332044,5.464229,0,0.913383788509273,GMM
11.736823,7.2973175,0,0.8287385252028096,GMM
8.689644,1.8907802,2,0.9980992609035731,GMM
12.5332365,9.313836,0,0.9654717990388167,GMM
5.4543943,2.5930018,2,1.0,GMM
11.191693,0.8835468,1,0.9126823500501561,GMM
11.175638,4.024229,1,0.5203269748640629,GMM
12.903213,13.831994,0,0.9987042064545192,GMM
11.855508,12.492589,0,0.9992395734832171,GMM
11.42047,2.754763,1,0.9794542317867407,GMM
8.380486,6.028328,0,0.9210519327679142,GMM
10.257239,1.5444684,1,0.9589370218113514,GMM
10.137754,1.0533645,1,0.9917273593399574,GMM
8.960152,2.9008336,1,0.9877652671910155,GMM
9.319943,2.3158898,1,0.9943908218106989,GMM
10.286312,12.31622,0,0.9997275942525626,GMM
10.166465,-0.8929808,1,0.9789461939801379,GMM
12.578673,10.466073,1,0.9530867596444393,GMM
10.10059,7.1421113,0,0.961128904009909,GMM
11.185616,6.3525863,0,0.960087789381197,GMM
5.9621005,2.769912,2,1.0,GMM
10.29124,7.8781676,0,0.9996794774248207,GMM
9.7945385,1.9456096,1,0.9873352832333847,GMM
9.094784,10.222587,0,0.9953139144902537,GMM
10.391471,0.33308896,1,0.9870709697973854,GMM
11.272565,12.73741,0,0.9999264318976181,GMM
9.94811,1.0597665,1,0.9322725889734105,GMM
11.154486,9.33018,0,0.7064749584879237,GMM
10.970221,3.587831,1,0.966582952064148,GMM
12.471413,1.4381578,1,0.9573072866865114,GMM
10.754775,4.645171,1,0.9167445561164932,GMM
10.051538,8.009712,0,0.9899032861563687,GMM
10.845558,0.24651414,1,0.8522076185498982,GMM
12.060593,1.6590039,1,0.9442858652603462,GMM
7.675184,10.888965,0,0.9994199891868903,GMM
10.737769,1.7032815,3,0.6529459045599773,GMM
8.233959,7.1622334,1,0.9008174821807725,GMM
9.708459,3.4855258,1,0.9698548265791556,GMM
10.322744,8.933115,0,0.9793239036832536,GMM
6.938657,10.069756,0,0.999518328611152,GMM
8.131613,9.777228,0,0.9998350749194292,GMM
8.704111,5.230759,1,0.6048272855634609,GMM
9.125032,4.5767603,1,0.9641164455916514,GMM
9.300472,7.2112203,0,0.9830803488755004,GMM
11.907317,10.569719,0,0.9991320321192825,GMM
7.8158712,8.495556,0,0.7897218167233067,GMM
12.529214,9.749663,0,0.9660621987522517,GMM
12.963591,11.017229,0,0.946358602669548,GMM
8.980474,1.9468453,1,0.986847671922682,GMM
8.985152,3.064074,1,0.9962315089138427,GMM
10.477898,7.6210775,0,0.9613001799406671,GMM
9.385683,7.679356,0,0.9958970452173246,GMM
10.402469,7.4888473,0,0.9687024626627652,GMM
7.0701303,9.552869,0,0.9967430175535259,GMM
9.271204,10.717839,0,0.9998393026437473,GMM
11.931903,8.779151,1,0.8234170210451378,GMM
11.041248,-0.4592499,1,0.9167196830528871,GMM
8.832124,8.307645,0,0.9973825953321097,GMM
10.286598,6.264554,0,0.9943655195787232,GMM
11.39063,9.205851,0,0.98363106245907,GMM
12.067833,12.49756,0,0.9846339520323866,GMM
11.818158,8.029625,0,0.9107372116360282,GMM
13.354692,13.4810705,0,0.9901910625520396,GMM
10.184872,-0.40076482,1,0.9846337973925752,GMM
9.710013,6.5889926,0,0.9931421998945831,GMM
13.601563,13.527656,3,0.971160817593499,GMM
8.550527,2.64556,1,0.9315584176819063,GMM
11.784709,3.8713655,1,0.9500305759924434,GMM
9.992814,7.1149793,0,0.9476566037062404,GMM
8.565865,1.1129631,3,0.9999999998009237,GMM
11.065514,10.164787,0,0.9998819821347718,GMM
11.038279,8.08877,0,0.8894319238597483,GMM
11.684168,1.7760005,1,0.9883547079709015,GMM
9.977532,6.317183,0,0.9848311546945888,GMM
11.565109,10.730298,0,0.9989438695122244,GMM
9.309443,3.9160752,1,0.9374704813887071,GMM
10.34423,2.4468675,1,0.9715930988521053,GMM
9.614788,11.788377,0,0.9998609580090295,GMM
11.760644,1.5913072,1,0.9902719254816535,GMM
8.464516,3.471036,1,0.9197076370460586,GMM
9.699305,1.9551325,1,0.9840261085744253,GMM
11.002021,2.2205212,1,0.9976157627979003,GMM
10.195578,10.8211355,0,0.9994666853670581,GMM
11.175904,7.2275004,0,0.9036577297900831,GMM
8.112041,10.512001,1,0.98135530753827,GMM
7.294685,3.2550993,2,0.99976678040188,GMM
11.279846,11.768062,0,0.9998369144203199,GMM
12.0033045,10.495197,0,0.9950832195771541,GMM
9.332055,3.6531322,1,0.9562235025341874,GMM
9.573847,2.222743,1,0.9872645490440023,GMM
12.463261,11.933798,0,0.9979681144254938,GMM
9.587671,10.925594,0,0.9982900633042481,GMM
12.896327,0.45901683,3,0.7720074845132782,GMM
12.174307,2.2276876,1,0.9945194266060033,GMM
9.398415,10.290661,0,0.9997490456983539,GMM
6.240093,2.733378,2,1.0,GMM
13.338319,14.000277,0,0.9861310819675501,GMM
10.738959,5.5350122,0,0.8676158683331016,GMM
9.49823,11.733947,0,0.9985129963647245,GMM
8.884819,10.708249,0,0.999693593896935,GMM
8.760616,6.7070684,1,0.7363856102712049,GMM
10.8988,7.9655905,0,0.6191533972172493,GMM
12.3230095,12.352599,0,0.9988165913200483,GMM
8.164592,7.4276586,0,0.9193908931578317,GMM
12.351825,1.5383084,1,0.9379582212608579,GMM
13.559576,12.215905,3,0.7439914528867637,GMM
10.13323,12.314285,0,0.9937760799382753,GMM
9.855957,3.262716,1,0.9696026525511489,GMM
6.686326,9.671677,0,0.9998332413176162,GMM
10.786847,12.399249,0,0.9999557433682599,GMM
9.106044,9.574162,0,0.9989049958213447,GMM
8.144709,9.303694,0,0.9798046632846649,GMM
11.040155,7.5667505,0,0.9268474543330724,GMM
9.770936,5.6653647,0,0.5329939027507864,GMM
9.47837,4.205459,1,0.9727204019801121,GMM
8.699616,5.3905406,1,0.7644082086767097,GMM
8.992021,0.28038576,1,0.9913175084284371,GMM
10.292921,6.192646,0,0.995470645238501,GMM
9.486571,6.038927,0,0.9078831954845042,GMM
10.28505,8.320809,0,0.9997375966405786,GMM
11.771779,3.3609862,1,0.6030710166208688,GMM
7.0528064,9.309291,0,0.9880127095796304,GMM
12.755147,10.253354,0,0.9954831295477687,GMM
9.803384,9.165774,0,0.9997141921128059,GMM
10.380762,9.756491,0,0.9996246445442722,GMM
12.206167,12.990323,0,0.9984964943993329,GMM
10.370539,11.384928,0,0.9997425453042098,GMM
10.939528,3.8272626,1,0.5686769148377014,GMM
8.81629,-0.9209375,2,0.9597214559717067,GMM
10.782158,5.631177,0,0.9382479851391891,GMM
9.792369,9.790431,0,0.9997715931146469,GMM
12.010971,9.253792,0,0.9866749868551862,GMM
6.1018977,2.5715015,2,1.0,GMM
10.408496,8.64961,0,0.9999103658885778,GMM
10.063096,3.9030566,0,0.7860585181103984,GMM
9.957987,7.791772,0,0.9577371026531272,GMM
13.131244,14.013984,0,0.994431485121709,GMM
12.219163,0.93899894,1,0.9888724331211304,GMM
9.2461605,5.824774,0,0.9515539124703698,GMM
11.303967,5.5448313,0,0.9118748684492055,GMM
12.80119,13.109944,0,0.8490444437144004,GMM
8.46937,5.399319,1,0.49990194420486167,GMM
11.033481,4.781035,0,0.5779434213625362,GMM
11.473094,8.386469,0,0.8962698159171457,GMM
9.400094,9.0725765,0,0.9910889767985949,GMM
10.359731,4.8120646,1,0.6694081090728358,GMM
10.216837,11.417609,0,0.9999210252927382,GMM
10.573155,2.9500437,1,0.9420537455445093,GMM
7.083988,2.7512043,2,0.9999999999854303,GMM
10.466113,11.541531,0,0.9901396876180594,GMM
10.168651,2.5759335,1,0.9867679881525875,GMM
7.075779,10.521216,0,0.9999800320147708,GMM
9.086308,3.2638214,1,0.9480839688527576,GMM
9.282364,7.8931284,0,0.9742924893518475,GMM
10.37376,10.606399,0,0.9997348278828512,GMM
10.565157,9.906994,0,0.9916055861407843,GMM
10.624291,0.42521188,1,0.9902164454677701,GMM
11.8554325,8.7485695,0,0.9380175731561774,GMM
10.476784,2.1113706,1,0.9948079905022613,GMM
7.69723,9.768036,0,0.9929958245013178,GMM
11.697604,11.945838,0,0.9992762538961782,GMM
9.822621,1.9948252,1,0.9950272267097912,GMM
7.97464,3.4054608,2,0.9976638677650208,GMM
6.9324327,2.7209172,2,1.0,GMM
10.86881,6.203572,0,0.997591348617988,GMM
11.257552,11.77275,0,0.9864308531304119,GMM
9.793819,11.659588,0,0.9780958427896363,GMM
9.020109,2.203977,1,0.9937171790526714,GMM
12.694218,11.344981,0,0.9964298037218167,GMM
8.865315,8.721447,0,0.9898871467470517,GMM
8.976511,3.3965635,1,0.99714670834156,GMM
11.245163,4.079855,1,0.9958444683459198,GMM
11.856033,6.3289547,0,0.7958594640887485,GMM
11.66045,9.935611,1,0.5235582226315421,GMM
7.9067874,5.9903955,0,0.9737490081148497,GMM
9.684863,-0.30909723,1,0.9786018712837037,GMM
10.820344,5.105358,0,0.8519368864158599,GMM
11.973956,3.5749688,0,0.7613792240537506,GMM
8.702371,9.552532,0,0.9983307998757772,GMM
6.729325,9.341835,0,0.9992062413833999,GMM
10.214831,9.010875,0,0.9951280040883591,GMM
10.012979,8.874197,0,0.999493134266178,GMM
10.018361,8.395687,0,0.7258976241637272,GMM
8.53865,4.0451407,1,0.9951448148687099,GMM
11.339976,0.93653196,1,0.9369342167093638,GMM
4.3197737,2.2890956,2,1.0,GMM
10.989355,0.3200744,1,0.9308103582153635,GMM
9.823739,7.738907,0,0.9940381040955247,GMM
8.830621,9.890137,0,0.9447048563131436,GMM
7.521158,10.504672,0,0.999577869373583,GMM
11.181688,10.154124,0,0.9889143483728435,GMM
7.0411253,10.083496,0,0.9985243831495266,GMM
8.492627,9.561187,0,0.9993077487499863,GMM
6.326791,2.8259952,2,1.0,GMM
10.638015,9.535459,0,0.9989185780562232,GMM
8.953991,2.088335,1,0.974223960503111,GMM
11.168335,1.5894367,1,0.9887867109672197,GMM
8.78612,11.76815,0,0.999991511407748,GMM
9.283348,9.744423,0,0.9713716778500789,GMM
8.371384,11.408159,0,0.9999029680462946,GMM
8.455526,5.328,1,0.9795152001762272,GMM
9.990997,10.125122,0,0.9967647060061088,GMM
10.077409,11.322788,0,0.9999258814939209,GMM
10.347918,12.473228,0,0.9997614543093706,GMM
10.649706,0.6421596,1,0.9955309928447281,GMM
10.112008,8.019125,0,0.9993660583903339,GMM
7.870428,5.69327,0,0.6881702361890845,GMM
10.353994,5.6718717,0,0.9960391602075775,GMM
8.731548,6.0548973,0,0.9622191540858954,GMM
11.349557,7.790986,0,0.7934533796527811,GMM
9.705403,6.25299,0,0.7890577754613123,GMM
10.502973,0.4472536,1,0.9905867652552464,GMM
7.517797,3.0773828,2,0.9998806805476284,GMM
11.036672,-0.11609737,1,0.9225194462795081,GMM
12.516205,1.4015313,1,0.9525075664507296,GMM
11.855599,1.0345254,1,0.8595223510494137,GMM
10.441166,0.48761988,1,0.994612956360033,GMM
11.471297,0.23012683,1,0.9933073408087281,GMM
12.8668165,10.947076,0,0.9886284427646976,GMM
10.936894,1.5191975,1,0.992220997485736,GMM
9.9488735,1.104085,1,0.9960336222183525,GMM
10.737328,9.129659,0,0.9976916454848743,GMM
10.034154,8.81466,0,0.9940070224665591,GMM
12.118996,8.979702,0,0.9868499185098679,GMM
13.366612,12.810994,3,0.9295214724860019,GMM
9.873298,0.9819609,1,0.9769563795049337,GMM
8.654988,2.0071988,1,0.98590551948226,GMM
5.97905,2.5987613,2,1.0,GMM
11.281642,3.1129491,1,0.8607847133604688,GMM
11.921904,10.097095,0,0.8729374351221887,GMM
10.293531,5.819622,0,0.9587212338362918,GMM
12.026589,0.92299885,1,0.9940429406743302,GMM
10.252871,11.944979,0,0.9998954053414693,GMM
9.622927,7.3431783,0,0.9959650584000769,GMM
11.621711,1.015217,1,0.9913917393505097,GMM
13.499319,13.248353,0,0.9803261141481472,GMM
10.560583,5.8894205,0,0.9903176662115294,GMM
10.388335,6.7730103,1,0.5880158540639044,GMM
10.404457,4.3447704,0,0.520733562291268,GMM
11.313817,11.322505,0,0.9994637963387079,GMM
10.495095,11.356104,0,0.9942418515976756,GMM
6.683858,2.7418296,2,1.0,GMM
9.295678,9.890941,0,0.6648212095591168,GMM
8.66157,10.248826,0,0.9949655065378179,GMM
10.639108,1.6509606,1,0.9967339387391565,GMM
7.947548,9.83935,0,0.9985231664048874,GMM
7.556559,6.1517706,1,0.969523461754144,GMM
10.411387,8.514974,0,0.9998296213523107,GMM
12.232666,9.191576,1,0.9163803122589441,GMM
11.608551,12.005088,0,0.9995681494630936,GMM
13.144014,13.874733,0,0.996452993310518,GMM
12.9131775,13.778978,0,0.9976104038052694,GMM
8.626022,0.15727745,1,0.9411751058316092,GMM
10.781745,5.2568817,0,0.5338114814006396,GMM
13.604679,13.821142,0,0.518524060718763,GMM
11.723026,9.356103,0,0.9936867611753318,GMM
7.6567283,9.579413,0,0.9952901719605861,GMM
7.2813907,9.251888,0,0.9817653434241383,GMM
10.775753,2.9845464,1,0.9870615662737112,GMM
10.30324,5.628198,0,0.7572102033459533,GMM
9.207212,5.0423326,2,0.4750504122103203,GMM
10.492356,8.796073,0,0.9931933278170857,GMM
8.5947,9.461079,0,0.9861431116325978,GMM
10.044629,6.210174,0,0.9133410983801513,GMM
8.786034,7.875311,2,0.9228676774710027,GMM
10.72525,1.6478634,1,0.9856072821493028,GMM
8.8967,4.91636,2,0.8302325867002662,GMM
6.721208,9.124138,0,0.999187002917061,GMM
12.022504,2.3427484,1,0.8633741145524403,GMM
10.214941,10.4329,0,0.99616264420506,GMM
6.99457,9.312022,0,0.9989651873842748,GMM
9.66672,3.3649876,1,0.9868060643362753,GMM
4.3132453,2.2844396,2,1.0,GMM
5.738846,2.6459892,2,1.0,GMM
8.349279,4.2836475,1,0.9043844850058281,GMM
11.686313,3.2662988,1,0.8080828098035366,GMM
8.717264,4.9310565,1,0.9798196087917889,GMM
11.584734,10.311849,0,0.9883378311821326,GMM
12.077033,6.933901,0,0.5982537147098397,GMM
12.410669,0.41603982,3,0.9031075274532036,GMM
12.773238,13.188841,0,0.7238106151980247,GMM
12.424989,9.939257,0,0.8351828344004872,GMM
10.995369,2.639961,1,0.9335800437527393,GMM
11.013427,10.884651,0,0.728157837327871,GMM
12.17163,13.373705,2,0.9997143215383548,GMM
8.978994,0.89102316,1,0.8746107088277816,GMM
11.226481,11.017411,0,0.9998411634943274,GMM
10.91199,12.465569,0,0.9997327971915091,GMM
11.447651,9.290633,0,0.995457500591277,GMM
10.194376,4.623243,1,0.8598152867627755,GMM
10.195615,5.969209,0,0.9968296983549378,GMM
10.0341835,9.63033,0,0.9941475044732561,GMM
10.030397,0.7249909,1,0.9949562887878272,GMM
9.300815,0.3869015,3,0.9978261900590929,GMM
9.056346,5.9882135,0,0.6742065429996045,GMM
9.638549,4.9166064,1,0.855907160288739,GMM
8.613858,7.6243825,0,0.9882520344356516,GMM
11.728846,11.863254,0,0.9993398799441998,GMM
10.085963,-0.9208442,1,0.995787915352021,GMM
10.589242,11.568633,0,0.9999305425113547,GMM
8.004971,5.9137516,1,0.5943429703929346,GMM
10.798776,4.7936134,0,0.8698796629335445,GMM
10.506178,7.390846,0,0.9482504935920166,GMM
9.076369,11.854419,0,0.9961763644048349,GMM
11.686837,10.758021,0,0.40173004402179785,GMM
8.672169,5.6999416,0,0.9245737276202111,GMM
11.76447,1.2642454,1,0.9946218491070072,GMM
8.654737,10.156954,0,0.9996185791622221,GMM
12.362572,0.9028595,3,1.0,GMM
9.175245,11.654313,0,0.9998619702374258,GMM
10.367174,3.0285895,1,0.9011427411768308,GMM
11.535011,3.4551985,1,0.8556108045054441,GMM
11.268394,3.176691,1,0.5068788715660184,GMM
13.523531,12.199615,0,0.9458778157567531,GMM
9.215119,9.086473,0,0.9380566891350087,GMM
13.335776,13.496159,0,0.9957622922445142,GMM
9.560012,4.21195,1,0.8667734111940871,GMM
9.457393,8.299293,0,0.9991246914429817,GMM
7.6843224,9.898185,0,0.9993411161051754,GMM
11.665405,2.8262095,1,0.9272515483942034,GMM
10.716797,5.578705,2,0.9999999998156852,GMM
11.625391,10.151589,0,0.9678697468786489,GMM
9.689488,7.448574,0,0.9996451013081509,GMM
9.951041,5.6697655,1,0.8501720727910198,GMM
9.3758,5.8787546,0,0.6273189641026724,GMM
11.851837,0.7191604,1,0.9628629180493129,GMM
12.922884,13.7635355,0,0.9991899202720874,GMM
8.3570795,6.7220893,0,0.9636683692733137,GMM
6.7633486,9.540133,0,0.9802414996083193,GMM
8.064678,5.7678685,1,0.9565063990509891,GMM
8.731186,7.288395,0,0.9733542742196194,GMM
12.073844,3.3041434,1,0.9748204721787764,GMM
9.700134,11.349006,0,0.9997650783004421,GMM
11.027186,3.5135999,1,0.9325308344761232,GMM
11.138946,-0.051699933,1,0.9505475305848032,GMM
12.306695,13.706626,0,0.9997011351713844,GMM
10.808372,5.6124163,0,0.9642831240911804,GMM
11.233969,3.8912678,1,0.7791978289051041,GMM
12.261127,7.4674697,0,0.990819613378877,GMM
11.731315,8.968444,0,0.7987532288213128,GMM
10.820827,8.002534,0,0.9997335098479502,GMM
12.412417,7.2078776,0,0.9625743230975686,GMM
8.938968,5.510426,0,0.5568242163813674,GMM
9.5317545,1.0717342,1,0.990702548353073,GMM
6.522462,2.9223504,2,1.0,GMM
9.785442,9.438222,0,0.9903965376878826,GMM
10.73714,9.449315,0,0.9678624902546755,GMM
11.347485,1.7129978,1,0.9877798081502194,GMM
10.191821,7.5780473,0,0.979431007640686,GMM
12.949746,13.174219,0,0.9945644239218333,GMM
9.177284,5.42456,0,0.8250578360216634,GMM
9.936836,2.743604,1,0.9915365615394754,GMM
12.068317,1.481042,1,0.8897595933070381,GMM
11.248943,12.875357,0,0.9999308835287591,GMM
8.901622,3.524182,1,0.9933194680505033,GMM
10.53293,11.736766,0,0.9998450270301452,GMM
9.015485,1.9071267,1,0.9311711014575758,GMM
9.013225,0.2349673,1,0.9798842999967962,GMM
13.219897,13.7421255,0,0.9914252412433396,GMM
9.272117,6.308358,0,0.9799434829597093,GMM
9.647575,3.4335122,1,0.9594471316291305,GMM
7.2312145,8.119697,0,0.9831152392478155,GMM
9.866412,8.734765,0,0.995645337262433,GMM
9.716127,5.7559314,1,0.9587059808304286,GMM
12.431732,11.87473,0,0.9984734081470023,GMM
10.5637045,7.419787,0,0.9702652275641586,GMM
12.276866,0.8330596,1,0.9808750600363723,GMM
9.376704,4.763499,1,0.6044826220578339,GMM
6.5817842,9.349796,0,0.9966004174719705,GMM
9.683434,7.4079533,0,0.9982348880867086,GMM
13.090767,11.0983095,0,0.8630831338733591,GMM
12.5345125,10.261868,1,0.9858874471426932,GMM
8.919957,-0.5519315,1,0.8826435930669019,GMM
10.12075,6.1147094,0,0.9924263632481327,GMM
8.948017,0.20103693,1,0.9874655571033681,GMM
10.553148,6.961637,0,0.999058227313187,GMM
8.774057,9.415433,0,0.9750218490249764,GMM
12.044371,9.340822,0,0.9893301245517793,GMM
10.404245,6.261555,0,0.998714601524045,GMM
12.03824,13.717561,0,0.9999759898362611,GMM
12.056276,9.555258,0,0.9747224171397111,GMM
11.581898,0.9959324,1,0.9933649636894715,GMM
9.089205,9.722194,1,0.7836932966165159,GMM
9.092355,2.232349,1,0.9945006605986855,GMM
8.692667,2.7027543,1,0.9901625586043559,GMM
9.688486,7.7555013,0,0.9942024423807445,GMM
10.867922,8.882102,0,0.9966092552992897,GMM
8.665038,0.3777542,1,0.8593090944449008,GMM
11.032174,1.548472,1,0.9975373579297234,GMM
4.689103,2.4148548,2,1.0,GMM
10.289718,2.314357,1,0.9937089225463429,GMM
7.180621,9.951541,0,0.9998410797343364,GMM
7.6703253,10.991456,0,0.9985959512084377,GMM
8.384718,10.365764,0,0.939187310299114,GMM
9.227086,2.883713,1,0.9866130794050683,GMM
11.852365,11.129459,0,0.9973798394802329,GMM
9.491657,5.0887594,1,0.6185370186275948,GMM
10.80708,7.6156645,0,0.9957016574830532,GMM
9.610691,3.2355115,3,0.9999041654702832,GMM
8.578826,4.3365145,1,0.9917322340337064,GMM
10.253688,0.5342497,1,0.9956241079848521,GMM
9.627459,3.2953084,1,0.9739042406693049,GMM
10.557845,7.2726703,0,0.998432558183021,GMM
8.9575405,10.127673,0,0.9922198848158507,GMM
11.170952,2.7225277,1,0.9452490317202141,GMM
11.712693,3.5750349,1,0.8932015748673142,GMM
11.120018,2.1230137,1,0.9751397352054417,GMM
13.4306345,13.212569,0,0.970800801001636,GMM
9.813508,9.199555,0,0.9990848410429093,GMM
10.09599,6.691218,0,0.528696703886061,GMM
11.586846,9.467605,2,0.8573581661644645,GMM
8.434275,9.300726,0,0.9977505978619406,GMM
11.424643,2.3552504,1,0.9909412257673547,GMM
8.783051,-0.13307604,2,0.909463818647471,GMM
7.2634263,8.891934,0,0.9205394154752106,GMM
12.454503,8.204062,0,0.9775982432637336,GMM
11.592806,-0.76098746,3,0.9783225122869316,GMM
10.623578,6.3179197,0,0.9843238574988216,GMM
11.170378,4.747693,0,0.6894395736744687,GMM
8.904999,2.2340991,1,0.9934040720997871,GMM
9.627481,9.179609,0,0.9951809979059532,GMM
10.536739,9.408897,0,0.9834014869229473,GMM
11.000788,-0.1409644,1,0.9268040449782109,GMM
9.228582,8.071183,0,0.9981613242873496,GMM
13.578054,12.059431,3,0.8264295528886697,GMM
10.984792,5.186535,0,0.8762783292881033,GMM
9.166231,3.606793,1,0.9694189549904777,GMM
9.367702,3.4414976,1,0.9105025908278097,GMM
11.320716,0.81186765,1,0.9973795962155121,GMM
9.370691,-0.35356998,1,0.5208638420863335,GMM
9.8405695,5.111977,2,0.9999534875219368,GMM
12.941138,13.720804,0,0.9981577818610393,GMM
9.404221,5.1450267,0,0.7705456193795407,GMM
8.596236,10.037782,0,0.9974050987521624,GMM
8.926979,8.085181,0,0.9666772706735787,GMM
10.289461,8.590107,0,0.7316667622060058,GMM
10.160059,10.832696,0,0.9923406776713257,GMM
10.026285,2.5917,2,0.6180872236967956,GMM
10.488381,8.150961,0,0.9998895150741901,GMM
9.232353,7.9698563,0,0.9659188026394403,GMM
12.412907,11.390147,0,0.9979966180335528,GMM
9.056379,7.7483497,0,0.9753790815176795,GMM
12.254289,13.229107,0,0.9994071090963564,GMM
11.696534,-0.49355987,3,0.9999997249635536,GMM
13.054667,11.03678,0,0.8630530730781748,GMM
11.683807,0.80526525,3,0.5755608749900595,GMM
10.472941,9.295425,0,0.9996973392934024,GMM
9.110403,-0.60610753,1,0.9694680827579951,GMM
11.098967,-0.8950883,3,0.7072054669931384,GMM
11.874932,0.3269928,1,0.9810965237630889,GMM
12.108653,7.3406835,0,0.861203519852,GMM
12.644126,8.690306,0,0.6277209857075443,GMM
5.417736,2.5154684,2,1.0,GMM
10.370825,0.62706906,1,0.8174265635108526,GMM
13.306918,11.755999,3,0.722052478013277,GMM
8.562488,10.000231,0,0.9981352040565032,GMM
8.513687,2.5534816,1,0.9870570202050085,GMM
8.818331,7.7245593,0,0.9980543973166618,GMM
12.555794,3.0725436,1,0.8987160632501251,GMM
8.399979,8.723325,1,0.9277550988096581,GMM
12.46523,9.374759,0,0.9659371505450581,GMM
12.0751095,1.7437917,1,0.9796364077119833,GMM
11.475036,8.825989,0,0.978883424225849,GMM
9.452273,6.352962,0,0.9862640424153296,GMM
9.382406,10.975274,0,0.9959470494267696,GMM
8.608905,5.7709465,0,0.9824062322458121,GMM
9.366137,6.7471027,0,0.9984974534754861,GMM
10.867706,8.784268,0,0.9635298225777226,GMM
9.245401,6.588335,1,0.6647960653228154,GMM
8.90991,9.27165,0,0.997078484008742,GMM
13.575647,12.063411,3,0.43102993488048014,GMM
8.993928,9.719656,0,0.8495652417514165,GMM
8.870673,0.079038754,1,0.5874441128362652,GMM
8.881679,9.993533,0,0.9802771917919976,GMM
10.804915,9.88196,0,0.9962062724382695,GMM
11.808279,9.87474,0,0.993828143824884,GMM
13.132545,12.392007,0,0.9939897380885406,GMM
10.989054,4.9593782,0,0.7744771467617402,GMM
9.930011,2.144784,1,0.8144300991150963,GMM
10.517047,8.310665,0,0.99929882122954,GMM
12.250611,9.056834,0,0.9924788914449716,GMM
8.4530115,10.280876,0,0.9809053978917489,GMM
12.232582,2.343381,1,0.9921671077928054,GMM
10.895841,1.7263825,1,0.9869766323526046,GMM
11.7914915,10.7802105,0,0.9851885802589155,GMM
11.192749,11.829807,0,0.9999597805762933,GMM
10.447089,10.722702,0,0.9989930422298706,GMM
8.609796,5.3394165,1,0.959349523671376,GMM
9.978629,8.211026,0,0.9967908086279605,GMM
10.015399,8.701345,0,0.9984073761897968,GMM
9.56902,6.172927,0,0.9873612517032327,GMM
10.698933,9.871775,0,0.9991806607491458,GMM
12.121892,11.773294,0,0.9994698204739901,GMM
12.519017,10.456559,0,0.9974954364549217,GMM
11.724469,9.507352,0,0.9975794946787796,GMM
9.438163,3.961966,1,0.9326606677385574,GMM
12.61691,10.4639225,1,0.8818831811028496,GMM
6.4755597,9.774247,0,0.9999992284438007,GMM
8.605234,4.525206,1,0.7921805755668824,GMM
11.670659,3.1728234,1,0.9525479034757625,GMM
12.749858,10.409142,0,0.908555839668229,GMM
12.412132,3.1808562,1,0.9750225450858057,GMM
10.400681,6.2223353,0,0.9987149266375651,GMM
9.56943,4.0854144,1,0.9680195574651441,GMM
7.3648252,8.14366,0,0.7601633831038198,GMM
9.940978,6.678975,0,0.9980746878058907,GMM
10.232156,7.791577,0,0.9960341105736065,GMM
10.087432,1.3743216,1,0.9949426880683584,GMM
9.153404,2.1148515,1,0.996658996646368,GMM
9.458264,11.100482,0,0.9923567167065417,GMM
9.971403,12.328837,0,0.9999590390484636,GMM
10.608752,8.954003,0,0.9950823925816422,GMM
6.888875,10.095892,0,0.9999506290371497,GMM
8.981486,9.822916,0,0.996136579706665,GMM
10.911265,11.677723,0,0.9998397666877471,GMM
8.735783,0.36088017,1,0.9781666741263302,GMM
10.520582,4.0937295,0,0.7656165557788782,GMM
9.971373,9.690274,0,0.9989137114917759,GMM
13.322412,13.445723,0,0.9947698917462809,GMM
6.7822647,9.365402,0,0.9996827540918307,GMM
11.025441,9.161964,0,0.9955042199513742,GMM
11.052923,2.776242,1,0.9921728123437499,GMM
8.514564,8.357135,0,0.9952904441039249,GMM
9.871644,2.694531,1,0.9899554518449531,GMM
10.236362,9.327028,0,0.9861544051347849,GMM
9.096829,1.9863214,1,0.9114155422377019,GMM
8.914959,2.4429374,1,0.9775926935686337,GMM
8.917335,6.6957393,0,0.9541449398254606,GMM
11.829457,13.150735,0,0.9998835985564329,GMM
9.871695,9.460524,0,0.9994143124442153,GMM
10.053076,7.241534,0,0.9746624983327565,GMM
12.675092,11.971156,0,0.7469868347815116,GMM
11.271483,11.57304,0,0.9995846378298371,GMM
10.540893,3.4502678,1,0.8771349401398022,GMM
11.348793,12.547787,0,0.9999619384869399,GMM
9.113138,7.801286,0,0.9078470956346414,GMM
11.915552,2.4821455,1,0.8736472628116843,GMM
11.243497,11.704373,0,0.9995370446346923,GMM
10.114496,3.141936,1,0.9758622892335004,GMM
10.892914,3.7146719,1,0.8497262531662128,GMM
10.674289,12.337826,0,0.9877316703756793,GMM
12.1994295,4.233162,0,0.8853899803612427,GMM
11.984831,1.0768664,1,0.9570054748455226,GMM
10.066227,11.3000345,0,0.999240714060187,GMM
8.877089,10.100403,0,0.9990842420027977,GMM
8.649183,-0.7943933,2,0.9946815929803982,GMM
8.245105,5.031637,1,0.9620024894012892,GMM
12.432942,7.7523484,0,0.9849723509810012,GMM
9.336332,9.16413,0,0.9932934994259319,GMM
8.156387,6.611963,1,0.7652870709665265,GMM
7.8417277,9.049017,0,0.99351790599751,GMM
10.257233,9.179374,0,0.9992168296411479,GMM
7.35754,9.933993,0,0.9945737084769545,GMM
12.482366,-0.03171089,3,0.8002271526791297,GMM
7.459937,9.164036,0,0.9359226348329223,GMM
8.878763,3.293478,1,0.9881417082522495,GMM
9.131908,0.8330141,1,0.9688268160792312,GMM
10.821191,8.235212,0,0.9661879626426224,GMM
7.052066,3.2425823,2,0.9999997621015381,GMM
12.625513,0.8223695,1,0.920159961112281,GMM
11.057491,9.370778,0,0.9987381858006689,GMM
8.81535,2.5131843,1,0.996557074847423,GMM
9.101606,3.535878,1,0.7084507351217934,GMM
6.7656994,8.908603,0,0.9953332573889643,GMM
10.411932,4.1050677,1,0.9512003055704554,GMM
10.792326,10.657972,0,0.9999436779435327,GMM
11.47401,7.269241,1,0.7999782277300073,GMM
10.873479,12.35423,0,0.9985789584124735,GMM
11.45103,-0.46263626,1,0.6627141266419467,GMM
10.007743,7.3088145,0,0.8491183431467478,GMM
7.796503,8.467952,0,0.9582297234819896,GMM
7.8024454,8.952503,0,0.9876196192660776,GMM
9.269181,6.609032,0,0.5573269147849763,GMM
7.6061816,9.294604,0,0.9605060465473857,GMM
9.954037,6.745704,0,0.3817976144287173,GMM
13.260858,11.478702,0,0.9944580878398966,GMM
9.122281,6.878642,0,0.976299601057854,GMM
12.501508,2.0506854,1,0.9305979512383752,GMM
10.959992,6.0409913,0,0.6791584177415968,GMM
11.351187,7.243438,0,0.816631635854091,GMM
11.372399,2.3063598,1,0.9970572987162668,GMM
10.412342,0.7015881,1,0.9970642163915472,GMM
12.418164,-0.20693833,1,0.7976238689413662,GMM
9.000042,0.1936771,1,0.7003422058460549,GMM
9.726556,6.4898844,0,0.9995560576762182,GMM
11.609154,4.0982413,1,0.9539013830020319,GMM
12.652905,13.788436,0,0.9988163775788124,GMM
10.403102,9.255562,0,0.997398197692003,GMM
10.559998,2.5353637,1,0.9955954372369898,GMM
11.503047,11.974902,0,0.9999629258371276,GMM
4.9733605,2.4630415,2,1.0,GMM
11.826188,12.785839,0,0.9997773213006431,GMM
10.801153,-0.7921834,3,0.9424790064846901,GMM
12.726147,12.340148,0,0.8306960403755514,GMM
9.054458,3.457339,1,0.8504307004824204,GMM
11.273496,7.4980373,0,0.6511306079750511,GMM
8.780129,5.07687,2,0.6692913446759778,GMM
9.816861,7.9085827,0,0.9812397092665215,GMM
10.639572,5.348288,0,0.9823181530817249,GMM
10.5816145,1.8419174,1,0.9968933688624035,GMM
10.4166765,8.7398205,0,0.9974257409925694,GMM
11.547791,8.501243,0,0.9361596152661738,GMM
10.406316,5.1130633,1,0.9364570300973968,GMM
9.369574,2.1560779,2,0.5340655906667395,GMM
9.946529,1.9045364,1,0.9809706012294804,GMM
10.40566,3.0728612,1,0.9438965119278383,GMM
9.579275,1.0956743,2,0.9977862917368692,GMM
9.025275,7.9959016,0,0.7916018017803635,GMM
11.0199,2.461006,1,0.9817847901834029,GMM
8.002295,9.37874,0,0.9917675259842605,GMM
9.966278,8.045217,0,0.9978106232316998,GMM
10.3864355,6.4494557,0,0.9977851675263012,GMM
10.503093,1.2218468,1,0.9594044521053107,GMM
12.043049,-0.36458936,3,0.8869839693366449,GMM
8.226463,11.279607,0,0.9997216622859136,GMM
10.933044,0.16226155,1,0.9920770191657093,GMM
11.23031,2.4067802,1,0.996722842058867,GMM
9.656726,0.4741973,3,0.7869259242323795,GMM
8.172908,5.3618145,2,0.9947288748932767,GMM
11.052832,4.6745076,0,0.8211551906835094,GMM
9.824425,4.3850284,0,0.7554973384977308,GMM
9.370085,11.797658,0,0.9993010247259055,GMM
10.758557,10.5149145,0,0.9995732878337598,GMM
11.861303,4.473012,0,0.8553292017815893,GMM
11.661347,1.0324467,1,0.969348999359994,GMM
12.929508,13.773906,0,0.9946118268859971,GMM
9.30021,4.822878,0,0.6796117378178456,GMM
10.9700775,3.1190763,0,0.5543266113727283,GMM
12.276474,-0.2621187,1,0.8917837801628404,GMM
10.627569,4.012203,1,0.9246782232913238,GMM
10.693355,12.398773,0,0.9997056261043942,GMM
9.801254,6.171144,0,0.9939468881843416,GMM
9.735472,1.0240057,1,0.9551104081035382,GMM
12.710583,12.50348,0,0.9977501062931304,GMM
9.058027,10.928798,0,0.983218009991401,GMM
9.787418,3.7929826,1,0.6922650614458367,GMM
10.572842,8.016497,0,0.988149515324185,GMM
13.280388,13.818589,0,0.9979283351467484,GMM
9.188245,2.7552981,1,0.994843806676051,GMM
9.375698,9.753621,0,0.9915577993723135,GMM
8.642827,2.0781398,1,0.8605118102284873,GMM
9.978457,4.699382,1,0.9440714719516066,GMM
11.907702,2.757194,1,0.6924391015897001,GMM
7.33744,9.280845,1,0.532321129962001,GMM
12.504368,10.970365,0,0.9838553831616769,GMM
10.706182,11.664238,0,0.9989812391133315,GMM
11.102128,1.5148294,1,0.974309176873613,GMM
8.526824,8.136741,0,0.9603386213182808,GMM
7.8671203,7.648591,1,0.7591713070997264,GMM
7.4970655,9.644899,0,0.9897969115683654,GMM
7.5342145,6.32422,0,0.9963909208041266,GMM
9.416826,1.9823787,1,0.9870972106410364,GMM
11.740322,12.015489,0,0.9994799030447263,GMM
8.673403,4.3448853,1,0.9847451759914898,GMM
10.228637,1.4023217,1,0.9886825526420552,GMM
10.404584,1.6977115,1,0.9979668228906189,GMM
12.656663,11.307189,0,0.9974166484880365,GMM
11.456584,8.828129,0,0.9134708308574572,GMM
11.232855,11.887718,0,0.999933739261406,GMM
10.797266,0.12038245,3,0.7564466145885883,GMM
8.632951,-0.031633556,2,0.7284142780287836,GMM
10.733867,6.058439,0,0.8192975383489725,GMM
10.443533,1.2814088,1,0.987192297462813,GMM
10.24178,4.9145656,1,0.5402360819310582,GMM
11.038716,10.855081,0,0.9997506044703315,GMM
11.737277,1.3890984,3,0.8684825031852379,GMM
11.014067,0.014217625,1,0.8944513762955153,GMM
8.500312,3.8309476,1,0.9573385253058087,GMM
8.619393,2.084743,1,0.9809726592446932,GMM
11.079164,2.018514,1,0.9739612844514984,GMM
11.23435,2.1080313,1,0.9769786189547105,GMM
8.857948,5.4340243,1,0.6949375634670324,GMM
12.345624,13.270634,0,0.9997726265171041,GMM
12.898085,10.681083,0,0.9938570984957592,GMM
10.159365,10.192884,0,0.9993145220911974,GMM
10.61745,6.290568,1,0.591182076620634,GMM
12.466698,0.082870126,1,0.7849556070940215,GMM
9.792833,4.3567543,1,0.6881633380621647,GMM
10.222788,4.3302298,0,0.593319121918169,GMM
9.393066,1.778243,1,0.9814681385158619,GMM
9.077218,8.729107,0,0.8978894570419277,GMM
12.433937,2.9911704,1,0.6552103961275614,GMM
11.509676,2.7237117,1,0.9765104271528587,GMM
8.957646,2.8327365,1,0.9976058766844424,GMM
12.252928,10.794129,0,0.9930532733950107,GMM
9.414413,7.167181,0,0.9144297672383085,GMM
11.358298,0.37546268,1,0.7800068742397881,GMM
10.234705,11.765321,0,0.9998855902049302,GMM
12.443731,13.423516,0,0.9994410518455669,GMM
10.506221,10.219685,0,0.9931705146963065,GMM
9.7323265,4.2915597,1,0.5690246763470636,GMM
7.5936213,10.279747,0,0.9918376084652324,GMM
9.973384,9.49444,0,0.9942337554457907,GMM
11.570476,3.598314,1,0.8281826632815251,GMM
9.32981,9.330566,0,0.9924250278392174,GMM
11.62538,7.550536,0,0.8406479907398932,GMM
11.146649,12.776709,0,0.9997178877680786,GMM
12.024304,8.818668,0,0.9781538614176345,GMM
8.150115,9.384148,0,0.9958997466067161,GMM
8.596248,6.533626,0,0.9860540022148785,GMM
9.377315,5.326104,1,0.8657698487540023,GMM
10.691509,7.4854517,0,0.9953340663598704,GMM
9.1424675,4.8227468,0,0.7049379652946592,GMM
10.240198,7.89796,0,0.9906947959782074,GMM
10.642322,12.697357,0,0.9999408259821345,GMM
12.399686,9.273501,0,0.9731948687950113,GMM
9.3801565,9.6976385,0,0.9989780119003945,GMM
9.603482,3.334055,1,0.9969299744360063,GMM
10.090358,3.5650444,1,0.910004714336114,GMM
10.438036,8.855488,0,0.9972958600493362,GMM
6.9182634,3.0134974,2,0.9999997971753746,GMM
10.818784,11.96653,0,0.9999622384317631,GMM
8.949245,10.48189,0,0.9998069109606195,GMM
9.100755,10.038583,0,0.9992236755146222,GMM
6.050988,2.8146894,2,1.0,GMM
9.555426,9.640833,0,0.9908776126191585,GMM
13.0052395,12.891319,3,0.9912200189350852,GMM
11.631481,11.422019,0,0.9985167054592994,GMM
7.1625695,8.020474,0,0.955435169192893,GMM
10.978671,7.098518,0,0.7558208412974246,GMM
8.982339,5.2145762,0,0.709534926902198,GMM
12.367482,9.897194,0,0.9866358530997646,GMM
10.864562,1.6951238,1,0.9791354641889436,GMM
11.717531,0.6569267,1,0.9915798689768873,GMM
10.064953,8.775231,0,0.9962869812807594,GMM
10.048725,10.849504,0,0.9997349675650599,GMM
9.394534,8.5855055,0,0.993990439068117,GMM
10.373289,3.8782656,0,0.8201020426684115,GMM
8.579314,11.472884,0,0.9994552543587677,GMM
10.412864,5.9665885,0,0.9711415823324081,GMM
11.010162,1.7585915,1,0.9963158257510347,GMM
10.62496,0.3744004,1,0.995401777937359,GMM
11.789303,-0.89537084,3,0.9999888047241322,GMM
9.31235,11.97898,0,0.9999849898327942,GMM
9.961756,5.6419687,0,0.7033696853447441,GMM
12.156838,9.528167,0,0.9452799316222875,GMM
7.841487,5.729234,1,0.7904663283724632,GMM
9.390772,7.977023,0,0.986451870426719,GMM
9.678868,-0.24785289,1,0.9891316457286116,GMM
10.461645,1.0842131,1,0.9907471077092078,GMM
8.858598,6.5617576,0,0.9413975986693301,GMM
8.314935,6.630874,0,0.9762794681482772,GMM
11.860076,9.783478,0,0.9513520458140565,GMM
10.532547,8.290267,0,0.9928360050539916,GMM
11.978838,9.721205,0,0.9647059325386184,GMM
8.505161,2.5915842,1,0.9868957180110909,GMM
13.494165,12.131045,0,0.5087948701229311,GMM
8.790662,0.30073115,1,0.9540064856353088,GMM
8.571059,4.325427,1,0.9589935297361559,GMM
12.596408,11.118661,1,0.5538671040639294,GMM
9.436389,6.382707,0,0.979762536639962,GMM
12.325263,0.80849624,1,0.757748238293227,GMM
10.493849,0.43651184,3,0.9177721220543474,GMM
8.590452,2.235152,1,0.9911767909810223,GMM
12.636557,13.750017,0,0.9999121827731295,GMM
9.291438,3.649413,1,0.9802601834819882,GMM
7.9999433,2.559361,2,0.9999770036470276,GMM
9.982405,5.864882,0,0.848523065592156,GMM
10.962338,10.985241,0,0.9803675289554965,GMM
8.231852,11.353748,0,0.9999538578889999,GMM
13.715981,13.746961,3,0.9999990078268689,GMM
12.067281,-0.24087344,3,0.8043793569013127,GMM
12.883633,11.432864,0,0.9975856704137956,GMM
9.785603,3.2354944,1,0.9855541379069169,GMM
13.3388195,13.53598,0,0.9820237555267646,GMM
11.10991,12.734613,0,0.9996988652362068,GMM
6.5585985,9.485668,0,0.9937734016309897,GMM
11.372488,11.4257965,0,0.9997835299864032,GMM
8.978599,-0.5564919,1,0.9034972957637873,GMM
10.874328,8.152452,0,0.997857170567215,GMM
12.168509,2.1058254,3,0.9953696824807042,GMM
11.123508,3.1401582,1,0.5970288890610448,GMM
8.725442,6.740444,0,0.9729932397163005,GMM
12.878014,13.049624,0,0.8562492941223414,GMM
12.592488,2.812952,1,0.9137523616233137,GMM
10.820168,2.4369404,1,0.9861803831933736,GMM
10.99992,9.059456,0,0.9967543116775335,GMM
10.132695,6.9048295,0,0.9980836209573045,GMM
12.089278,8.05996,0,0.8446587119422324,GMM
12.928788,13.1976595,0,0.999789654154867,GMM
8.611985,10.292098,0,0.9351303423400189,GMM
11.827924,-0.64768404,3,0.9659184519055959,GMM
12.58534,10.732504,0,0.9666504725281212,GMM
12.33865,12.187209,0,0.9975900641194282,GMM
10.117621,4.854681,0,0.7907486355928286,GMM
10.7854595,5.987725,0,0.9975860526429458,GMM
11.806659,-0.49274936,3,0.705376258936289,GMM
12.655681,11.008532,1,0.5584345400987235,GMM
12.361406,10.349722,0,0.8873859384919418,GMM
12.767848,0.022347594,3,0.6060932803189774,GMM
8.247134,6.6042514,1,0.791406598699173,GMM
7.537332,8.873782,0,0.9691223809456686,GMM
10.691233,5.397261,0,0.8821838900412803,GMM
9.950737,0.7365985,1,0.9947640516849062,GMM
9.343506,2.7797668,1,0.9917803385026707,GMM
12.572545,12.967692,0,0.9989880541479308,GMM
11.357506,-0.24518466,1,0.8648896524785994,GMM
10.474575,-0.6103184,1,0.684787206686124,GMM
7.8956733,6.8195996,1,0.517323206005898,GMM
11.739673,-0.119040556,1,0.8141285771180665,GMM
12.038091,6.791709,0,0.8578145324282462,GMM
11.0660715,8.205575,0,0.684666274124776,GMM
11.456158,9.407086,0,0.9427422786141297,GMM
9.146093,0.9767282,1,0.9939961070486334,GMM
8.968833,3.599032,1,0.8404772791271051,GMM
10.417368,10.600775,0,0.9996350548335842,GMM
11.855198,10.257613,0,0.9920084736808396,GMM
9.191767,2.3597925,1,0.992522502946988,GMM
12.4648695,-0.8277418,3,0.9999999994751558,GMM
8.974666,-0.81042796,1,0.7359776748235105,GMM
10.793965,12.246301,0,0.9993966351944624,GMM
12.779447,13.888256,0,0.9960796383967946,GMM
8.045464,11.188456,0,0.9998741055508339,GMM
8.606498,9.959102,0,0.9894765657793805,GMM
10.716388,9.8167,0,0.9940763451112734,GMM
6.786295,9.801676,0,0.9993713008881577,GMM
12.279175,3.5332289,1,0.9026198242476224,GMM
9.792086,7.9227185,0,0.999269346648986,GMM
10.22175,5.0898347,0,0.6413716729499231,GMM
8.525781,10.286409,0,0.9986429684621899,GMM
12.442181,10.646793,0,0.9979381782845775,GMM
13.029638,10.520563,0,0.6725036010911083,GMM
8.755355,0.29807562,2,0.5930412374817454,GMM
9.426522,3.0986965,1,0.9871012342562386,GMM
9.4722395,4.9692583,0,0.39348269958850923,GMM
9.711239,5.7283287,0,0.8961925013496552,GMM
10.70745,8.930163,0,0.9997765622847535,GMM
12.124862,13.414933,0,0.9999381979987353,GMM
8.784626,9.00543,0,0.48219165655545765,GMM
11.419901,1.4912864,1,0.9928320331828935,GMM
12.66529,2.8946168,1,0.5946762587839138,GMM
9.181487,4.1899347,1,0.9424151223796867,GMM
12.204601,-0.120653726,3,0.6327564620287164,GMM
10.512653,5.954076,0,0.9638063416880186,GMM
4.9628663,2.4846098,2,1.0,GMM
9.282935,-0.6070857,1,0.957913821475282,GMM
12.001159,13.119571,0,0.9999391730865206,GMM
11.290659,1.8280101,1,0.9632109410805745,GMM
8.276291,9.444021,0,0.9980574195157353,GMM
10.653054,-0.36057216,1,0.9558529052852043,GMM
10.618067,11.608781,0,0.9995941639276852,GMM
9.415702,4.142235,1,0.9686003241356173,GMM
11.774062,8.784062,1,0.657630560308413,GMM
11.5463295,9.816742,0,0.9761300924360283,GMM
12.499367,7.9921846,0,0.9258860029599355,GMM
12.224066,13.477337,0,0.9997928835229377,GMM
10.27782,0.19784717,1,0.904003694434526,GMM
7.3538604,3.0775666,2,0.999999994964206,GMM
11.030881,3.4233928,1,0.9412880916718639,GMM
9.782584,7.2284594,0,0.9367209871166123,GMM
11.753634,2.5545433,1,0.9885279302447735,GMM
11.830471,7.264739,1,0.9483045878287503,GMM
8.950074,11.834866,0,0.9999038544358825,GMM
10.0146055,9.077608,0,0.9992897875239757,GMM
12.052804,9.809557,0,0.914855152534096,GMM
11.24718,3.3475602,1,0.929531307770264,GMM
12.850156,13.444687,0,0.996900666920301,GMM
9.355347,10.395153,0,0.9993434721147362,GMM
11.540774,-0.35884875,3,0.6428386431708734,GMM
10.585179,5.35182,0,0.8167237293435501,GMM
10.158396,0.40892786,1,0.9855360445011092,GMM
11.394265,10.573101,0,0.9997067761650602,GMM
12.166894,13.330089,0,0.9996627262045373,GMM
12.50186,12.10663,0,0.9991680645413302,GMM
9.610167,9.072529,0,0.9995778976193356,GMM
12.747416,13.423803,0,0.9997836079520094,GMM
12.289219,0.48166752,1,0.9774683798520876,GMM
10.5192995,8.385669,0,0.999519818632552,GMM
10.6791935,8.67798,0,0.9997349286864149,GMM
10.105609,11.127887,0,0.9999139451584885,GMM
11.949675,-0.6051906,3,0.7081027165986291,GMM
7.704498,11.197299,0,0.9999208217373982,GMM
11.411095,3.278303,1,0.9954747668004955,GMM
12.132323,1.2793539,1,0.9244452857201519,GMM
11.459058,2.1831045,1,0.982935774417314,GMM
11.389094,10.980605,0,0.9999029416393393,GMM
10.027419,9.840478,0,0.9464116868320888,GMM
9.462888,2.3415706,2,0.7173421413679647,GMM
11.970241,2.7296226,1,0.9852191203232024,GMM
9.359213,8.650605,0,0.9455125135730086,GMM
10.013718,4.60054,1,0.7082300607098236,GMM
10.572535,9.47879,0,0.9971507243882544,GMM
10.7555485,5.535685,0,0.7864243312614051,GMM
11.612818,-0.06913135,1,0.921625661524094,GMM
8.7543,5.8265963,0,0.8433288377005653,GMM
9.914063,2.7624178,1,0.9853467482802489,GMM
9.231831,7.597177,0,0.9798434545787075,GMM
9.090305,0.17212135,2,0.9997002846984001,GMM
9.929859,7.903809,0,0.9206037003520535,GMM
10.841254,6.070492,0,0.9948801622852607,GMM
9.552364,9.877134,0,0.9985249660633179,GMM
11.430924,10.86758,0,0.9981690871707729,GMM
11.222776,1.2056844,1,0.9957986001450497,GMM
10.412196,9.916069,0,0.9998310777533478,GMM
10.475925,0.9184372,1,0.9469389752766648,GMM
8.954239,10.967589,0,0.9857218326174207,GMM
10.629992,2.3230217,1,0.9943575222448656,GMM
12.179521,11.155105,0,0.9783302765131385,GMM
7.7283397,11.013867,0,0.9979749885924187,GMM
8.46164,4.7900357,1,0.9174397810702025,GMM
8.611614,8.992988,1,0.6491744023463734,GMM
9.712425,9.285721,0,0.999742537895815,GMM
10.02608,1.6943657,1,0.993923264555387,GMM
12.521755,1.7329443,1,0.942184468327915,GMM
10.157206,2.3406098,1,0.9924536830906933,GMM
9.183039,4.9420195,0,0.809397984750694,GMM
7.9638367,10.997244,1,0.8585818231769048,GMM
9.441056,11.051063,0,0.9986419076389434,GMM
10.861502,5.587762,0,0.8305898991322462,GMM
10.139169,12.596171,0,0.9999765919586446,GMM
9.201822,-0.5851077,1,0.9427776259271767,GMM
11.47313,2.2380085,1,0.9919326764262791,GMM
11.359591,7.3379507,0,0.9258514120484233,GMM
10.760496,5.443547,0,0.7400845596512363,GMM
9.80634,2.4604702,1,0.993473737763209,GMM
9.100985,8.280811,2,0.663588693187399,GMM
8.021169,6.093205,0,0.9989531371661583,GMM
13.810337,13.651577,3,0.9999999999918803,GMM
8.882197,1.2244881,1,0.9914829861625267,GMM
5.8238354,2.496124,2,1.0,GMM
10.419101,6.9585786,0,0.9911418850305238,GMM
11.038279,7.497577,0,0.9562654763391775,GMM
9.0934105,6.7999706,2,1.0,GMM
10.835346,0.23962396,1,0.9971632490834471,GMM
6.5598297,3.008185,2,1.0,GMM
7.986068,3.3402538,2,0.9998017565947667,GMM
11.265498,2.3287752,1,0.9897981212159275,GMM
11.9369955,3.50964,0,0.5934661875681622,GMM
7.232311,9.596478,0,0.9986944915477424,GMM
9.881801,0.5334046,1,0.9775239753130129,GMM
10.287859,10.554327,0,0.999948026895981,GMM
11.613569,4.0586987,1,0.505368203587467,GMM
10.555718,3.105941,1,0.9923763474422787,GMM
11.0723915,2.8767164,1,0.9443761883402989,GMM
8.865921,3.678325,1,0.987430924650295,GMM
9.24664,6.654569,0,0.9983110492771456,GMM
8.538095,2.43495,1,0.9376014804042337,GMM
9.004743,7.266899,0,0.9050434351269427,GMM
7.651973,6.1378546,0,0.9801144669901268,GMM
11.633386,0.6075941,1,0.9957103378868895,GMM
11.704156,1.5247567,1,0.9939061513736339,GMM
12.580151,10.812192,0,0.9954828213300931,GMM
10.223053,5.426861,2,0.6908690671030908,GMM
8.568893,1.983852,3,0.7554013222035547,GMM
9.512147,6.799497,0,0.9874639940988268,GMM
8.990235,10.379621,0,0.9966790030880014,GMM
12.56557,12.790055,0,0.9931715251035248,GMM
9.11257,0.9953582,1,0.9104716222580851,GMM
10.93004,2.7939172,1,0.8132943565459224,GMM
10.863034,5.8407097,0,0.9901963479246374,GMM
9.06921,8.299331,1,0.47712525677148737,GMM
13.204487,10.291673,0,0.9446197239546009,GMM
9.786891,9.356362,0,0.9998528912934485,GMM
12.871933,13.425462,0,0.9986840841021076,GMM
11.267642,2.5489018,1,0.9631053485420182,GMM
12.120638,8.223685,0,0.8276053906227695,GMM
7.844274,8.454089,0,0.9980137385322504,GMM
7.3626876,8.141089,0,0.9653821544573417,GMM
9.791554,3.5494194,1,0.9565042574561611,GMM
8.766687,8.328605,0,0.8508525559941585,GMM
8.512012,-0.43063635,2,0.9873334333835027,GMM
12.268253,0.98454654,1,0.9733788673039923,GMM
9.916031,6.284805,0,0.9902113185240168,GMM
10.275746,0.5842232,1,0.9910054171607825,GMM
13.040372,12.803965,0,0.9931052318944822,GMM
12.333355,12.185438,0,0.9992034974231008,GMM
8.68572,0.3497923,1,0.9871655572242026,GMM
9.633497,6.702057,0,0.9765842803943565,GMM
10.32589,8.9879265,0,0.9996948487297843,GMM
8.107904,9.921022,0,0.9986871333080038,GMM
11.743171,11.840381,0,0.999011853945838,GMM
7.4900265,10.967819,0,0.9999303743014427,GMM
13.283364,11.80196,0,0.9108030947931295,GMM
11.03036,2.1874254,1,0.9938376734753565,GMM
11.11671,1.5504074,1,0.9974972699493652,GMM
9.270667,7.9608707,0,0.9860308565156044,GMM
9.852101,7.7144837,0,0.989189454669486,GMM
11.520973,3.5317647,0,0.7097951837778878,GMM
9.13571,7.1956954,0,0.9390449548205536,GMM
9.837054,7.5249114,0,0.9962164486031981,GMM
8.478324,10.935502,0,0.9991768720347723,GMM
9.884882,3.7742145,1,0.6877782150550412,GMM
10.889877,1.5443348,1,0.9928118388688432,GMM
7.8640294,7.340193,1,0.7541096527336382,GMM
10.874657,1.8332083,1,0.9925133965287651,GMM
12.778853,10.0931225,0,0.9695423893958413,GMM
10.131956,6.4549465,0,0.9994722017444803,GMM
13.029367,11.138623,0,0.995183285813435,GMM
10.502942,0.023031587,1,0.9960648986496036,GMM
12.103612,1.7259477,1,0.6993893132492384,GMM
10.719215,-0.28689706,1,0.6284536560625775,GMM
10.870197,2.0636158,1,0.9925096413993213,GMM
8.627468,1.4852426,2,0.6150200031760413,GMM
12.664439,10.922536,0,0.9984980721733249,GMM
9.96312,1.8638774,1,0.9945037236052052,GMM
7.0462093,9.9110155,0,0.9981998821489928,GMM
12.049823,12.789754,0,0.9992744962297543,GMM
6.870578,9.636432,0,0.9993356917799479,GMM
7.660949,10.758769,0,0.9991178761762146,GMM
7.1859145,10.566003,0,0.9999690369320893,GMM
8.99577,0.86854655,1,0.985823116719563,GMM
12.949643,12.053417,0,0.9300958843345416,GMM
9.634814,7.9120417,0,0.9828439705720965,GMM
9.709194,3.8493893,1,0.9736053007248093,GMM
8.602423,-0.5559996,2,0.8141568621116433,GMM
10.966964,9.602621,0,0.9845014436932757,GMM
12.63208,2.980673,1,0.8503691052563687,GMM
8.991388,1.1818118,1,0.9612076842646258,GMM
10.973667,8.984489,0,0.9990753932230664,GMM
12.120529,7.000897,0,0.8980862541156561,GMM
12.067399,3.0973086,0,0.5763865822750605,GMM
9.708228,2.398075,1,0.9808851289320221,GMM
13.080276,14.026759,0,0.9986678735126232,GMM
8.935303,9.365581,0,0.9951583628123186,GMM
11.450926,12.218047,0,0.9998189386563646,GMM
10.249769,7.7813263,0,0.9345233723544731,GMM
11.228536,12.013568,0,0.999945579805064,GMM
8.743557,-0.04350328,2,0.7391119889658373,GMM
11.075727,4.236563,1,0.8201460148481476,GMM
10.193454,0.7600273,1,0.9891725871564253,GMM
7.650704,10.461289,0,0.9816058305360942,GMM
9.404964,-0.0009404672,1,0.9865657855239983,GMM
9.062449,2.8551397,1,0.9843730325735318,GMM
8.236716,9.87328,0,0.9989277604122848,GMM
11.402022,0.34419343,1,0.9964073547985435,GMM
9.324485,9.072081,0,0.9962084798559117,GMM
12.290119,13.296408,0,0.9997638445806134,GMM
12.636699,12.699577,0,0.9801656361251039,GMM
9.028621,9.289455,1,0.5864373446166132,GMM
13.093815,13.925992,0,0.9996684730623989,GMM
12.989896,13.944047,0,0.9988378536565342,GMM
10.123102,6.616442,0,0.9315953654433177,GMM
11.879433,3.564319,1,0.9897897659861526,GMM
8.880211,8.400797,0,0.852676342417516,GMM
9.057842,-0.77756274,2,0.6111979394744574,GMM
10.960255,9.264431,0,0.9486885031015595,GMM
8.412593,0.03035602,2,0.5256641290145053,GMM
10.230282,11.936843,0,0.9993614616438605,GMM
13.298979,11.239968,0,0.736850001164778,GMM
10.0292635,2.588478,1,0.9867729797085327,GMM
12.50063,0.2217721,1,0.6906037201801851,GMM
12.814095,1.2512989,1,0.9665398251001976,GMM
11.875729,2.8760061,1,0.9846743314574341,GMM
10.349273,6.2392306,0,0.5191049691675392,GMM
10.074393,9.686468,0,0.9931347055019271,GMM
10.237706,12.32292,0,0.9998357915780112,GMM
9.413683,10.468672,0,0.9975657222566162,GMM
11.846861,13.584902,0,0.99995039122492,GMM
10.849039,7.1388006,0,0.9875858753704895,GMM
10.95009,1.9219022,1,0.9930464901324648,GMM
11.300876,7.7145686,1,0.7559142540585712,GMM
12.221633,3.402054,1,0.514814258197993,GMM
11.576721,7.2623415,0,0.8572444143619905,GMM
8.110052,6.3490534,1,0.5887195912047739,GMM
11.737934,12.278904,0,0.9998165634905328,GMM
6.6492743,2.906099,2,0.9999999997398437,GMM
13.11071,11.531033,0,0.997281858727312,GMM
10.599141,6.338218,0,0.9994012330990534,GMM
11.144127,6.5298195,0,0.9251453442605656,GMM
11.965076,11.456511,0,0.9874232049947708,GMM
11.550784,4.8631315,1,0.7068525263522095,GMM
8.131736,7.112248,0,0.7936005648515271,GMM
8.76198,6.832419,0,0.8868401661495446,GMM
9.001725,8.109877,0,0.996769494134915,GMM
7.9297247,7.265181,0,0.9843452052986706,GMM
11.07731,2.841471,1,0.9690479995311876,GMM
9.962792,9.071916,0,0.9973670517482233,GMM
10.613265,3.3628495,1,0.9578257590253767,GMM
9.442153,0.66586024,1,0.9966380230964251,GMM
10.676232,12.052512,0,0.9994247965844063,GMM
12.330095,13.50415,0,0.9996088591049486,GMM
12.12506,12.436585,0,0.9992525212995274,GMM
8.774033,6.976727,2,0.999997963443202,GMM
13.071507,11.570181,0,0.9500548337550898,GMM
10.786573,5.120848,1,0.925687331980085,GMM
9.210144,6.374367,0,0.9941219044308779,GMM
12.06091,13.626276,0,0.9996854182722557,GMM
11.33241,4.942383,0,0.7083586437776732,GMM
9.172366,6.9673696,0,0.8413748972908425,GMM
12.018473,8.888235,0,0.9809389049960552,GMM
9.653667,6.5042295,1,0.628406527886235,GMM
10.86398,2.092452,1,0.961314586222482,GMM
9.794533,1.2545764,1,0.8601879382623862,GMM
11.530418,8.28911,0,0.9622509526629461,GMM
10.615439,11.6966505,0,0.9996922543206544,GMM
9.464331,2.063939,1,0.9929322246018789,GMM
10.697563,8.666931,0,0.999248530416123,GMM
10.196372,1.2688272,1,0.99571659337729,GMM
10.878425,8.729294,0,0.766657732120286,GMM
11.083731,5.2759466,1,0.633555170744442,GMM
11.060098,4.0855803,1,0.5311431200766336,GMM
12.209644,7.9290338,0,0.9720385268382271,GMM
12.606272,13.856298,0,0.9991353379124531,GMM
13.111008,10.504838,1,0.9516058546251459,GMM
9.53241,7.4930196,0,0.9983910196799672,GMM
11.360683,-0.39539367,1,0.9953963298724791,GMM
12.771928,11.044918,0,0.9719834930162172,GMM
11.0293255,12.358858,0,0.9997489273164505,GMM
7.88302,4.7418823,1,0.985142857534355,GMM
7.187981,9.764273,0,0.9988701790222766,GMM
7.773866,10.300947,0,0.9953994593338357,GMM
11.781826,11.518187,0,0.9989675385321903,GMM
10.940943,3.4392145,1,0.9251380156953658,GMM
11.913113,10.38817,0,0.9965047238888992,GMM
11.7576275,11.359131,0,0.9965181675514145,GMM
7.570932,6.156684,0,0.5481293339316163,GMM
11.670395,12.6332245,0,0.9994317707257226,GMM
11.627951,6.0858603,0,0.7176291892803254,GMM
11.271959,12.017311,0,0.9995095048755881,GMM
8.509757,6.334853,0,0.9325352894398342,GMM
10.767831,0.69058615,1,0.9962839607674618,GMM
11.649662,-0.2163639,3,0.8212490165981777,GMM
8.802296,5.8383565,0,0.9694428394277324,GMM
9.029108,9.781893,0,0.9994772121561918,GMM
10.6653805,11.277252,0,0.9620123924408429,GMM
10.283808,9.406167,0,0.9989733840982259,GMM
11.989461,2.9425848,1,0.9638497251014891,GMM
10.326948,3.6909328,1,0.7925151061803382,GMM
9.314608,2.7466297,1,0.9691808614438118,GMM
12.785551,-0.2254102,3,0.9846934547319924,GMM
12.614927,2.5246668,1,0.9698457586103877,GMM
11.272592,11.021421,0,0.9995251341622317,GMM
8.387113,7.271641,0,0.9680278412048616,GMM
10.984869,10.529927,0,0.9642664758897845,GMM
13.14134,10.959792,0,0.9214301502213562,GMM
8.927068,10.941091,0,0.94869868138994,GMM
10.956931,3.2126524,1,0.993256442010866,GMM
8.299167,11.359853,0,0.9999412991324281,GMM
9.536244,7.104778,0,0.949639769596643,GMM
11.587137,9.542827,0,0.7899780397275087,GMM
9.737105,-0.33541083,1,0.9833750222351445,GMM
8.222715,11.205281,0,0.9897696846911328,GMM
11.806809,-0.1720509,1,0.7655330134395839,GMM
10.461196,3.0328317,1,0.9743243620532827,GMM
12.91747,0.5428752,3,0.8930669775503809,GMM
12.263803,9.955034,0,0.9944624676799286,GMM
11.931061,9.455411,0,0.9862049175482994,GMM
11.680339,6.2315774,1,0.56496212781831,GMM
7.853386,10.073401,0,0.9974262298328022,GMM
9.876474,3.701782,1,0.9161689593837318,GMM
12.116196,-0.19273622,1,0.5168971192311906,GMM
10.437039,0.1472674,1,0.9845153676743208,GMM
11.930812,3.3811738,0,0.730436910475506,GMM
11.249878,12.841009,0,0.9999581857031555,GMM
10.7453375,0.06752255,1,0.9960918949864722,GMM
10.592295,10.266755,0,0.9994181638934181,GMM
10.214005,11.489747,0,0.9998504007042214,GMM
9.838525,11.0027,0,0.9998404760646022,GMM
10.044963,5.2874465,1,0.7318371675422759,GMM
10.233016,5.433571,0,0.9461390167277203,GMM
10.18942,2.0033224,2,0.999999927255451,GMM
12.43231,9.947151,0,0.945104433057519,GMM
8.843048,9.07891,0,0.6632058291246472,GMM
9.863411,7.914133,1,0.5007482188436193,GMM
11.711255,-0.64220595,1,0.763528762334071,GMM
12.541885,3.1709247,1,0.9055065100166775,GMM
9.317461,8.8676405,0,0.9472168742589262,GMM
11.98814,-0.26207367,1,0.9479764372360306,GMM
8.955463,1.0218922,1,0.9241014828090445,GMM
10.33025,3.5957453,1,0.7496854077371037,GMM
10.366777,8.663618,0,0.9901235110522143,GMM
11.25855,11.117991,0,0.9994831990389882,GMM
9.6733465,9.359713,0,0.9997467582543585,GMM
12.426189,7.3407173,0,0.9537380360622476,GMM
9.783205,4.2289596,1,0.9152014483150764,GMM
10.521143,1.7216349,1,0.9904270272347905,GMM
9.99552,7.414551,0,0.9991844095595218,GMM
7.9764276,9.892375,0,0.9440605157544996,GMM
10.658489,1.1463454,1,0.9957679960083916,GMM
11.681138,9.329216,0,0.9798837320049196,GMM
9.798405,4.1315765,0,0.6392629213335003,GMM
13.573596,11.995213,0,0.8829461717957928,GMM
7.37295,3.302107,2,0.989531891970369,GMM
9.11247,4.7402277,1,0.6469933023300826,GMM
7.2990837,10.431552,0,0.9983875374709211,GMM
12.624442,7.58452,0,0.9629843751029885,GMM
7.9322786,7.9897914,0,0.9244233204272195,GMM
9.930969,7.483002,0,0.920569745419284,GMM
11.6850815,-0.53308094,3,0.9999354538696311,GMM
8.988229,11.9357605,0,0.9999381596277119,GMM
11.932792,3.8486333,0,0.7602241764804833,GMM
7.647301,9.589517,0,0.9084043335339421,GMM
8.584706,5.2624483,1,0.9697722821739798,GMM
9.616937,9.923598,0,0.9094230458783428,GMM
10.799876,6.8936734,2,0.9999999999341398,GMM
12.442748,7.388976,0,0.950508038088481,GMM
12.113309,2.3032808,1,0.905906862404481,GMM
11.519435,10.087487,0,0.9936842188001466,GMM
8.597432,-0.09295385,2,0.9902187455519443,GMM
9.239993,6.8521023,0,0.9849413769160024,GMM
10.257856,11.730548,0,0.9999384108654219,GMM
8.820883,2.3368201,1,0.9958793796273958,GMM
9.808496,-0.38741028,1,0.9262810374614094,GMM
13.266982,12.876665,3,0.8554937436415719,GMM
10.316737,7.8733153,0,0.9996410749279209,GMM
10.053,6.377176,0,0.9577243806904173,GMM
5.181299,2.5593026,2,1.0,GMM
7.4688816,7.9879446,0,0.99053111498296,GMM
9.561774,8.032094,0,0.9892063727576561,GMM
13.366459,10.777753,0,0.8398463236653373,GMM
10.5464325,10.09566,0,0.9968865723829549,GMM
12.13637,12.237319,0,0.9989031442931969,GMM
8.156998,5.413608,1,0.7047473439695328,GMM
7.028605,10.02509,0,0.9928068505425892,GMM
13.027097,12.631349,0,0.9989385682149725,GMM
10.053391,10.518418,0,0.9904344069529226,GMM
9.664827,0.23160136,1,0.7990912300043563,GMM
11.090746,1.8675879,1,0.9912472455396751,GMM
12.519976,7.9668894,0,0.8646955494060145,GMM
10.196765,10.312909,0,0.9793554201596073,GMM
11.238477,-0.83996737,3,0.6972056406960756,GMM
11.902741,2.9675019,1,0.9652866072181341,GMM
9.219998,-0.5231781,2,0.9555274254504473,GMM
9.286967,2.5600958,1,0.9862858638395926,GMM
10.5934725,4.4300566,1,0.83161360655434,GMM
12.575797,-0.30719778,1,0.649437564937473,GMM
8.547256,4.749117,1,0.7786067797319388,GMM
10.224193,3.564575,1,0.9848543121301954,GMM
11.313539,11.369097,0,0.9994103868122608,GMM
8.228683,7.2701354,0,0.9960858832406749,GMM
9.449278,2.6891663,1,0.9943308521647914,GMM
12.7792845,13.536705,0,0.9993109566436497,GMM
11.66928,1.3610172,1,0.9765081485898003,GMM
10.129649,3.8767486,1,0.5873410189452306,GMM
8.247637,11.161678,0,0.9991072653866555,GMM
12.8696785,0.9085657,1,0.8803532694739983,GMM
8.461542,9.439018,1,0.6064128759251235,GMM
10.928222,10.75675,0,0.9997899161793657,GMM
11.948616,4.511684,0,0.6778825159885422,GMM
10.554606,4.6549873,0,0.5692888095378928,GMM
12.903238,0.33993316,1,0.5965286793095342,GMM
8.917434,0.1305477,1,0.942458474777336,GMM
8.714668,8.223947,0,0.9942122311553805,GMM
10.640824,7.097716,0,0.9949609233858066,GMM
10.985942,5.407301,0,0.8591105348605498,GMM
10.874069,7.922636,0,0.949720490680672,GMM
10.037994,6.7340393,0,0.978979019186188,GMM
13.03062,12.704973,0,0.9949805504670851,GMM
4.2843623,2.2586765,2,1.0,GMM
10.001855,10.718884,0,0.9995050277975146,GMM
9.622023,0.21588929,1,0.9944228953267329,GMM
10.852982,-0.010215231,1,0.9709553877173013,GMM
12.408098,0.56707233,1,0.9322290726659272,GMM
12.838494,13.699809,0,0.9985691740236183,GMM
13.243413,10.287975,0,0.5765830384344898,GMM
10.682845,9.327313,0,0.9178470859886094,GMM
8.829605,5.931787,1,0.6079586226341939,GMM
8.723,8.964506,0,0.9959015434176893,GMM
10.55736,-0.5106917,1,0.9814382974363884,GMM
13.161583,11.439179,1,0.6485314553256987,GMM
10.537256,-0.38139772,2,0.800591406436495,GMM
11.072811,2.030343,1,0.9986356638502223,GMM
9.415058,4.0781403,1,0.8790183369247893,GMM
10.996542,2.835451,1,0.9930157984165335,GMM
12.904051,10.39935,0,0.9652916193347172,GMM
8.634596,-0.26892197,1,0.6470293522756202,GMM
11.903125,2.0982873,1,0.7865658640867211,GMM
10.661252,1.5891619,1,0.984420983137307,GMM
9.682365,-0.45794392,1,0.9861912540404101,GMM
6.203883,2.8045642,2,1.0,GMM
9.979612,7.53662,0,0.9996745932684031,GMM
10.278128,2.9181814,1,0.9644774105788724,GMM
9.30898,-0.48262075,2,0.9341814712442851,GMM
8.608004,8.027475,0,0.9887056056853567,GMM
11.691005,12.7935505,0,0.9997204305427637,GMM
11.427178,8.226617,1,0.6065482513355045,GMM
8.51633,10.124331,0,0.9958005972096517,GMM
8.795188,8.243915,0,0.9972082795470048,GMM
10.723247,5.606242,1,0.6249948892917473,GMM
9.513754,9.813267,0,0.9950666149155156,GMM
7.8322606,6.079586,1,0.9570305635951538,GMM
8.455616,2.0253837,2,0.9995135433359613,GMM
8.486092,3.917777,1,0.9975460536584463,GMM
6.925041,3.3128896,2,0.999972522646903,GMM
9.237868,8.057037,0,0.9826504684013824,GMM
12.409323,7.441423,0,0.9476419826491108,GMM
12.353865,0.30142406,3,0.8963609913595197,GMM
4.465395,2.3511763,2,1.0,GMM
11.982786,12.79339,0,0.9997721734330773,GMM
10.42482,6.5036473,0,0.9306463025441578,GMM
12.005745,2.3149607,1,0.8624701144102273,GMM
9.993035,11.860669,0,0.9999222741955803,GMM
9.4882555,9.026646,0,0.9995795450487741,GMM
9.63713,4.335477,1,0.9445026990266929,GMM
8.100538,7.8484216,0,0.934226545301894,GMM
9.279876,4.9548826,1,0.5392820936613931,GMM
8.503476,9.792001,0,0.9922259908272805,GMM
10.114704,7.927202,0,0.9987902933039466,GMM
7.4773583,9.240732,1,0.8127215013833471,GMM
9.196219,-0.67008007,1,0.9331672427759886,GMM
9.432084,6.604297,0,0.9754380903425838,GMM
9.167247,5.228379,1,0.6072356709745114,GMM
8.871853,-0.5621692,2,0.5566839045555291,GMM
12.591388,11.005023,1,0.7789035188128278,GMM
10.14902,2.6139317,1,0.9882023840361844,GMM
11.860359,10.137188,0,0.9946793879970096,GMM
12.431645,10.671403,1,0.921822886887071,GMM
12.887014,12.882202,3,0.9622908764248774,GMM
10.59095,6.3300166,0,0.9999177382969208,GMM
7.7579966,11.324716,0,0.9999976005379444,GMM
9.783052,6.339386,0,0.9975955065276673,GMM
11.210825,1.5981114,1,0.9875072231327425,GMM
11.420217,9.325163,0,0.9905769518495334,GMM
7.9777884,9.282388,0,0.9918651250337784,GMM
9.724701,5.8117886,2,0.5529607872632536,GMM
12.554342,1.0027593,3,0.6378499164089051,GMM
7.348024,9.948884,0,0.9717979247244534,GMM
9.722417,5.183136,0,0.5435146014604036,GMM
11.532619,12.692255,0,0.9996482274453748,GMM
8.81796,11.912221,0,0.9998844637448897,GMM
10.016096,7.6625366,0,0.6843803752282217,GMM
11.489595,12.446215,0,0.9997983429236719,GMM
9.305589,1.0853461,1,0.9838976504354257,GMM
11.454365,12.180949,0,0.9995567433493117,GMM
8.586949,6.8161697,1,0.7807003815888809,GMM
11.252416,12.443025,0,0.9998188026792505,GMM
6.472923,9.808795,0,0.9999996685925544,GMM
11.091206,12.479348,0,0.9998458197731036,GMM
12.539373,13.338745,0,0.999353319873916,GMM
8.977038,9.9188795,0,0.9992902216068463,GMM
11.7283,-0.75188303,3,0.9984727570138064,GMM
7.754764,9.58267,2,0.783721715670591,GMM
12.33451,8.516058,1,0.6859461518773423,GMM
10.373662,0.55271053,1,0.9820650483467345,GMM
10.539773,5.546491,0,0.7536016354549396,GMM
8.453484,7.867118,0,0.9700989048585338,GMM
11.516984,12.831282,0,0.9989646662781845,GMM
12.592813,13.282088,0,0.9983737926625896,GMM
9.591016,9.005501,0,0.9556343510188233,GMM
9.698247,7.2181516,0,0.8725093276765127,GMM
10.728659,11.095863,0,0.997260796717226,GMM
6.3121595,2.8066628,2,1.0,GMM
13.315506,14.061882,0,0.9988484686621378,GMM
8.604641,4.400821,1,0.9853848574678448,GMM
9.147771,9.831909,0,0.9810327833899143,GMM
11.9225,-0.07841394,2,0.8731463433621307,GMM
10.421139,3.2487192,1,0.9896045732618362,GMM
11.238424,2.3642266,1,0.9002490311208172,GMM
12.012541,9.023652,0,0.5644419932300512,GMM
12.692998,11.479434,2,0.992509938291353,GMM
11.083851,2.2800148,1,0.9930898286079318,GMM
11.134524,7.918696,0,0.7436190796779757,GMM
12.992722,9.61728,0,0.9158745035628801,GMM
11.060895,12.010131,0,0.999925728115428,GMM
9.318951,9.096349,0,0.9979660799525565,GMM
10.588214,8.977349,0,0.9798753372534554,GMM
10.92215,5.7610064,0,0.914400440806052,GMM
12.507326,1.9680539,0,0.8590075416966803,GMM
12.878608,0.42598084,1,0.6016705097322602,GMM
8.700513,8.544444,0,0.8488390609140598,GMM
8.049886,10.523319,0,0.6146462803237509,GMM
7.2051167,9.649955,0,0.9989797123696459,GMM
9.87108,5.371117,0,0.7607595098009204,GMM
8.499767,4.7007184,1,0.8790546093920627,GMM
7.7752266,9.651983,1,0.49774275393491535,GMM
7.7283573,10.224077,0,0.9982588863100869,GMM
10.575565,0.22894077,1,0.9918172416728654,GMM
11.4290495,-0.20882839,1,0.6184727069280237,GMM
12.374403,1.5867422,1,0.9912049988879864,GMM
10.664981,6.3592443,0,0.9652989928668404,GMM
7.0740805,2.9749792,2,0.9999999967863591,GMM
11.107331,11.423151,0,0.9998359287750543,GMM
12.704105,0.021621494,3,0.8040753755069675,GMM
12.966079,1.051045,1,0.6078037281326395,GMM
12.504151,2.2157488,1,0.9304806401011272,GMM
8.919312,1.2504749,1,0.6824002648488947,GMM
12.511352,11.772405,0,0.996668292831503,GMM
11.794407,12.3001175,0,0.9999276448567226,GMM
11.270807,9.544709,0,0.9139545123326844,GMM
12.704772,7.82794,0,0.9633351535396155,GMM
12.531966,3.1459954,1,0.7633922718203748,GMM
9.630667,6.9013314,0,0.9330805462808682,GMM
10.699319,2.8531566,1,0.9936304606849361,GMM
8.2906885,7.3884478,0,0.995012018525464,GMM
7.1979027,9.177574,0,0.813745608460666,GMM
11.557816,9.79816,0,0.9783656357959843,GMM
11.547158,13.1743765,0,0.9999001234019562,GMM
10.657619,5.8441415,0,0.9124240944781894,GMM
11.080334,4.203913,0,0.5764474753659141,GMM
11.274369,1.83841,1,0.982213161529861,GMM
8.767625,10.162365,0,0.9982656664211476,GMM
11.446662,11.477993,0,0.9973075582943587,GMM
9.632223,0.5859508,1,0.9973165995975557,GMM
8.528314,2.8044045,1,0.9932948704259453,GMM
10.998872,8.309431,0,0.995997007120738,GMM
6.483576,9.472114,0,0.9997660631222172,GMM
9.317126,7.8443217,0,0.933197892002585,GMM
11.243538,11.355538,0,0.9999703444887882,GMM
9.19499,5.291918,0,0.5164107176783236,GMM
10.53446,11.421464,0,0.9994812626526238,GMM
10.3037405,2.0968459,2,0.9999758572691835,GMM
10.174829,9.5415,0,0.9996279332082832,GMM
10.953886,11.314828,0,0.9953486038562578,GMM
11.933551,3.0819304,1,0.4989555375372264,GMM
8.68655,0.054816432,1,0.8864343555210493,GMM
12.453691,1.5308094,1,0.6223843100402897,GMM
12.8283205,9.788555,0,0.9910554497125664,GMM
9.917144,6.7922053,0,0.9775225206155455,GMM
10.364018,3.5472867,0,0.5104047498794577,GMM
12.244473,11.725123,0,0.993846645610321,GMM
11.239885,6.4804707,0,0.8060998426373814,GMM
10.119276,10.0076275,0,0.9992938910940365,GMM
12.117595,4.1445217,1,0.748593266935695,GMM
11.250399,2.6739192,1,0.9613091068610526,GMM
9.731088,11.447049,0,0.9998993742009278,GMM
11.271142,7.172689,0,0.9767458110404309,GMM
11.349051,10.551101,0,0.966651009477815,GMM
12.765057,13.100445,0,0.9992062845485106,GMM
11.16268,4.5482287,1,0.5971008326739755,GMM
11.222958,2.8600144,1,0.9709809944002851,GMM
9.984406,4.7821355,2,0.5363662807512342,GMM
10.820246,4.242597,1,0.5560978273639612,GMM
10.920705,-0.2755695,3,0.7991697464512078,GMM
9.751594,4.996146,0,0.7423274564309732,GMM
10.098691,8.082188,0,0.9868034172114316,GMM
9.105799,6.95214,0,0.9887068332505881,GMM
12.610828,-0.521287,3,0.9990851282741382,GMM
11.154308,8.180596,0,0.9918346590591515,GMM
9.666544,4.5386124,1,0.8613400663471115,GMM
10.264354,9.72512,0,0.9996396915705558,GMM
10.38486,5.051893,0,0.9442959573461948,GMM
7.1427546,8.02374,0,0.8931929999389381,GMM
9.4507065,6.361744,2,0.9934078978659812,GMM
8.49359,7.596144,0,0.9916566194819618,GMM
4.9224753,2.463796,2,1.0,GMM
9.134755,5.747466,0,0.8770853229184935,GMM
11.589299,10.84036,0,0.9999030783196553,GMM
9.450495,10.937014,0,0.9993974479796088,GMM
10.810195,1.3328888,1,0.9843078601449333,GMM
9.080966,0.40496033,1,0.8751706801686188,GMM
8.62294,11.71656,0,0.9773835045873708,GMM
9.525333,0.67866784,1,0.9926760848545884,GMM
9.609385,8.578332,0,0.9444603367789318,GMM
12.1791935,13.607426,0,0.9999163846751646,GMM
8.246387,10.850765,0,0.9927606165620865,GMM
12.357066,3.1435227,1,0.7972413581077329,GMM
9.805993,9.142829,0,0.9995818413999659,GMM
8.168455,6.023968,0,0.9441799157520581,GMM
9.299284,7.662838,0,0.9120715030365221,GMM
11.674039,9.680087,0,0.9340637960184216,GMM
9.831151,3.525573,1,0.8383932841680489,GMM
11.732094,3.511684,1,0.6540988328420001,GMM
8.178612,8.876653,0,0.9881502293576646,GMM
13.243894,13.9646635,0,0.98741369888781,GMM
7.9565597,6.2214775,0,0.9880544847208197,GMM
11.390217,0.12507391,1,0.9845470538466673,GMM
9.146603,10.151124,0,0.73248238679245,GMM
9.372483,6.732469,2,0.9999999999997868,GMM
12.634052,7.549908,0,0.7813552150284873,GMM
7.7412887,9.603686,1,0.5675856858966651,GMM
12.391503,13.542695,0,0.9998071713978037,GMM
9.652563,4.201207,1,0.8640685609278785,GMM
9.999829,10.285065,0,0.9998680834524415,GMM
11.84776,10.645124,0,0.9986463016447276,GMM
9.475744,6.7728066,0,0.9626747698466273,GMM
9.010608,9.380424,0,0.9928896807039519,GMM
10.76043,6.301561,0,0.9913884927101502,GMM
11.171338,8.559826,1,0.7984494200270542,GMM
8.685404,2.3505828,1,0.9947592342685206,GMM
9.995056,0.4256281,1,0.5673554518305414,GMM
10.285701,6.7087193,0,0.9683312239700784,GMM
8.140221,9.273112,0,0.9841979048868547,GMM
9.714044,-0.80380934,1,0.9880910081852148,GMM
8.586572,6.542116,0,0.9835884891517813,GMM
9.510697,5.6145916,0,0.8206557302303675,GMM
11.316884,4.91991,0,0.7047984727177533,GMM
9.817481,6.0756702,0,0.9863349712547269,GMM
13.39564,12.171943,0,0.9917988814020171,GMM
10.129706,5.2794366,0,0.5874218586197718,GMM
10.208285,6.613847,0,0.9755845240182118,GMM
12.394564,2.5678217,0,0.5601761039562194,GMM
10.465176,5.483456,0,0.9477953279866875,GMM
10.680327,11.664583,0,0.9998178460650141,GMM
8.9209,5.84599,0,0.4869917165710372,GMM
10.9501705,9.924963,0,0.9997427274658305,GMM
10.49278,2.1516635,1,0.7651561604663029,GMM
10.075718,11.788041,0,0.997277520454701,GMM
8.505114,-0.5841875,2,0.8894768992801917,GMM
7.120796,2.5780146,2,0.9998739256638631,GMM
10.099245,8.919192,0,0.9989315501240611,GMM
8.770331,0.1269149,1,0.9898650061342836,GMM
12.001975,2.9722855,1,0.9948465304421836,GMM
12.195726,11.94953,0,0.9993403254105402,GMM
9.193667,12.008408,0,0.999993944232991,GMM
10.591425,5.222108,1,0.9388107214306204,GMM
9.217713,11.589966,0,0.9994936370840386,GMM
11.474313,8.438139,0,0.9683783631695244,GMM
9.166971,5.212092,0,0.5643403653933149,GMM
10.028368,4.9157166,1,0.5653086898118191,GMM
10.362775,1.9143579,1,0.9968321525615002,GMM
10.590817,9.993031,0,0.9949777311933419,GMM
8.034923,9.255858,0,0.9348547934462327,GMM
9.375996,1.2624924,1,0.9294418115252254,GMM
10.20754,-0.4330885,3,0.987169498068526,GMM
9.001922,7.77638,0,0.986629324911568,GMM
11.045589,1.9972974,1,0.995106167609251,GMM
12.510082,9.224629,1,0.6353043756872204,GMM
11.001238,10.35159,0,0.9987436555852809,GMM
13.018516,13.74933,0,0.9541791081323887,GMM
9.332144,4.620025,0,0.6428334640196313,GMM
8.97879,8.954273,0,0.9947009007000629,GMM
12.098112,9.314471,0,0.9814559603382965,GMM
9.741865,7.7769556,0,0.9994881412233273,GMM
10.87644,1.0314672,1,0.9979643046370816,GMM
9.883868,0.94622326,1,0.9877292506256462,GMM
8.847254,8.53237,0,0.9671458961811285,GMM
10.616926,1.6477982,1,0.9419780802818157,GMM
12.238634,12.173695,0,0.9995158916340608,GMM
9.195569,3.9867759,1,0.9588009130877625,GMM
8.830766,10.292058,0,0.990422652651144,GMM
12.666056,2.137929,0,0.9503587619052081,GMM
11.09923,10.880768,0,0.9994622437279258,GMM
9.528735,11.688471,0,0.9997822346669276,GMM
8.674527,9.055613,0,0.9976865625518664,GMM
10.818996,6.248863,0,0.9989130907404745,GMM
10.427723,1.6190383,3,0.918734492361578,GMM
9.728364,2.0319784,1,0.9938736931299713,GMM
6.907105,3.2426696,2,0.9999745015229464,GMM
12.253943,-0.27753392,3,0.6878218303466919,GMM
8.865603,2.0476925,1,0.991110996119009,GMM
7.1258125,3.1301758,2,0.9999999955573067,GMM
6.997238,9.769578,0,0.9989985905000714,GMM
8.372815,11.058337,0,0.9874253650884918,GMM
9.398489,7.5919952,0,0.9983962822201616,GMM
8.908731,2.1341715,1,0.7096822773253205,GMM
8.306325,6.4495296,0,0.8088700124638376,GMM
12.482321,1.4958059,1,0.97744106470581,GMM
11.59146,9.309567,0,0.9863587598152579,GMM
11.045255,9.559446,0,0.9992699413295698,GMM
10.284732,-0.92194873,1,0.9944430224506522,GMM
11.527117,8.438203,0,0.5624078312849696,GMM
12.530485,-0.70243305,3,0.9996976898826994,GMM
9.935283,9.448035,0,0.9995916674301975,GMM
8.970285,8.724382,0,0.9969177377277554,GMM
12.949592,0.5901913,3,0.9259289498607655,GMM
8.61342,3.063504,1,0.9864391230590409,GMM
11.291831,7.1937056,0,0.9623531153450738,GMM
12.468473,13.248777,0,0.9986368638288793,GMM
9.284244,0.73997337,1,0.6116690147286861,GMM
11.191007,7.1714354,0,0.7184456527472775,GMM
10.404014,7.9801383,0,0.9997974500087564,GMM
8.612055,-0.91052175,2,0.9770103490356186,GMM
10.343785,11.980477,0,0.9997345892179275,GMM
10.83194,1.8933198,1,0.5015005225408183,GMM
9.494975,3.983093,1,0.908870447970839,GMM
11.176222,1.0472689,1,0.995788343484556,GMM
13.654318,13.864048,0,0.9004764668239466,GMM
10.976795,5.9091415,1,0.5927195763251125,GMM
10.006443,0.6711277,1,0.9929316370552075,GMM
11.410951,1.5276363,1,0.9683037762193056,GMM
10.263642,5.882414,0,0.9752995381851447,GMM
12.344416,9.525254,0,0.9759023533911217,GMM
8.416785,9.22169,0,0.9995413938071074,GMM
