umap_x,umap_y,cluster,model
10.212386,5.4175787,0,KMeans
8.678012,1.2414141,3,KMeans
8.739852,8.363049,0,KMeans
11.711959,3.332537,0,KMeans
10.557781,3.1008637,3,KMeans
10.089443,0.22610484,3,KMeans
8.462541,7.519043,0,KMeans
11.663114,11.098602,2,KMeans
10.415238,10.524252,2,KMeans
11.556165,9.74365,2,KMeans
9.621445,10.838174,2,KMeans
8.733554,9.961289,2,KMeans
11.830032,2.3401349,3,KMeans
10.437,5.547065,0,KMeans
11.244991,9.743148,2,KMeans
10.877014,3.4384522,0,KMeans
10.491714,12.197193,2,KMeans
9.695317,10.962316,2,KMeans
10.283588,2.7076426,3,KMeans
12.915825,13.784796,2,KMeans
9.15872,0.8481027,3,KMeans
11.844336,9.343285,2,KMeans
11.596383,1.3095294,3,KMeans
12.000735,7.5468693,0,KMeans
12.049519,9.696508,2,KMeans
10.722815,5.7151465,0,KMeans
10.099386,7.895928,0,KMeans
7.399302,2.8201122,3,KMeans
11.007824,3.5973382,0,KMeans
9.887361,3.8110197,0,KMeans
12.849045,12.729826,2,KMeans
11.102196,8.38274,0,KMeans
11.7730665,-0.37454394,3,KMeans
7.745224,9.522135,0,KMeans
11.97809,1.4026767,3,KMeans
11.61968,-0.13318299,3,KMeans
7.8031497,10.742718,2,KMeans
12.82496,10.2646675,2,KMeans
10.0209675,5.8068953,0,KMeans
9.830509,5.1056757,0,KMeans
12.616326,13.78713,2,KMeans
6.883605,10.034948,0,KMeans
9.007309,4.9726863,0,KMeans
8.696865,4.9229293,0,KMeans
10.634518,8.857325,2,KMeans
8.009841,11.052809,2,KMeans
11.678062,13.19513,2,KMeans
8.33378,7.0603414,0,KMeans
9.854583,9.019675,0,KMeans
9.57077,0.081375025,3,KMeans
12.052603,3.834174,3,KMeans
9.76037,0.7080084,3,KMeans
9.531131,0.8023933,3,KMeans
11.072758,4.256366,0,KMeans
8.99463,1.8354853,3,KMeans
10.107736,8.946535,0,KMeans
11.426316,0.10404524,3,KMeans
9.594469,1.1055497,3,KMeans
7.7033577,11.112246,2,KMeans
10.629927,8.906393,0,KMeans
6.212266,2.5954118,3,KMeans
10.491591,9.464069,2,KMeans
11.105867,4.0134883,0,KMeans
9.723311,0.3740791,3,KMeans
9.105679,4.26738,0,KMeans
9.501522,3.8335814,0,KMeans
10.961658,0.9483091,3,KMeans
10.132668,3.5573416,0,KMeans
11.267851,9.523149,0,KMeans
9.071989,8.208341,0,KMeans
12.407468,3.4619844,2,KMeans
11.476343,4.4780893,0,KMeans
10.428357,11.917425,2,KMeans
9.670774,3.1398976,3,KMeans
12.244747,8.833868,2,KMeans
7.928443,9.532753,0,KMeans
7.8140893,10.038068,2,KMeans
10.832387,4.4672027,0,KMeans
10.122482,2.663833,3,KMeans
11.790095,5.770088,0,KMeans
8.110001,6.1449137,0,KMeans
10.533058,11.610761,2,KMeans
8.816736,-0.6405181,3,KMeans
11.200599,3.7316577,0,KMeans
12.42254,13.175273,2,KMeans
10.925257,2.0574002,3,KMeans
10.4971485,9.065594,0,KMeans
12.379218,1.9013094,3,KMeans
11.67197,6.00049,0,KMeans
4.3640857,2.3048718,1,KMeans
9.654525,1.3701355,3,KMeans
7.7032704,8.264676,0,KMeans
11.43798,4.7120857,0,KMeans
12.3878355,1.836825,3,KMeans
7.182569,8.009398,0,KMeans
11.399137,1.3494574,3,KMeans
11.524281,3.3053632,3,KMeans
8.878131,10.306889,2,KMeans
9.233028,5.672663,0,KMeans
12.267302,-0.7947506,3,KMeans
10.045215,7.303156,0,KMeans
12.983802,13.446786,2,KMeans
8.864182,4.724258,0,KMeans
9.657394,-0.7204858,3,KMeans
9.547009,8.088173,0,KMeans
9.935353,-0.3606474,3,KMeans
10.544629,12.349023,2,KMeans
9.927042,8.991101,0,KMeans
9.107494,2.4433393,3,KMeans
7.158317,9.54142,0,KMeans
9.681802,10.819528,2,KMeans
10.499227,9.218268,0,KMeans
9.241751,7.1673927,0,KMeans
6.6296773,9.306884,0,KMeans
12.988687,10.111043,2,KMeans
10.167157,2.026043,3,KMeans
10.54285,4.1783757,0,KMeans
11.39128,1.08378,3,KMeans
10.428741,1.6876472,3,KMeans
10.074965,5.7588673,0,KMeans
13.481891,12.011268,2,KMeans
10.180534,10.098276,2,KMeans
12.901576,10.607743,2,KMeans
10.004628,7.891592,0,KMeans
9.197659,6.4123144,0,KMeans
11.581325,3.2862031,3,KMeans
9.216019,9.23767,0,KMeans
11.674353,6.3566275,0,KMeans
10.42858,7.504967,0,KMeans
9.527705,1.8470467,3,KMeans
11.3023405,12.967836,2,KMeans
11.118773,8.996467,0,KMeans
8.373112,4.2691813,0,KMeans
10.937385,3.6657622,0,KMeans
8.806519,8.524535,0,KMeans
10.633551,1.5462118,3,KMeans
9.929653,11.570989,2,KMeans
11.659795,2.848592,3,KMeans
7.4634976,7.972676,0,KMeans
8.751519,-0.6298102,3,KMeans
12.046959,10.304834,2,KMeans
7.9864306,10.465051,2,KMeans
12.063401,2.0743299,3,KMeans
9.147086,10.251889,2,KMeans
10.196323,7.979011,0,KMeans
10.500806,11.204629,2,KMeans
11.189212,11.72286,2,KMeans
11.469782,-0.1635094,3,KMeans
11.652936,5.756556,0,KMeans
4.619767,2.3816435,1,KMeans
6.4769692,3.021219,0,KMeans
8.938822,4.1202807,0,KMeans
12.243561,10.839124,2,KMeans
10.226355,9.22601,0,KMeans
8.661146,2.1266067,3,KMeans
12.175575,6.309908,0,KMeans
12.36936,3.1236892,3,KMeans
9.127971,8.907028,0,KMeans
12.737745,0.22396107,3,KMeans
11.509191,11.060035,2,KMeans
8.599831,8.820878,0,KMeans
12.662763,13.90653,2,KMeans
8.485597,6.961031,0,KMeans
7.9425697,6.4060326,0,KMeans
11.239299,4.6088963,0,KMeans
10.128782,4.0385103,0,KMeans
12.202161,9.914331,2,KMeans
10.679722,1.085898,3,KMeans
8.551009,2.491789,3,KMeans
9.77601,3.9587343,0,KMeans
6.7478833,2.951533,0,KMeans
12.868115,13.468543,2,KMeans
10.022456,4.9753785,0,KMeans
10.571038,10.508639,2,KMeans
11.682911,10.254836,2,KMeans
10.450346,8.9912815,0,KMeans
10.079217,2.3920648,3,KMeans
7.817489,6.2616973,0,KMeans
9.04762,3.2356088,0,KMeans
10.784259,3.3550606,0,KMeans
11.466591,2.1139474,3,KMeans
10.069031,7.0210485,0,KMeans
8.619573,5.801372,0,KMeans
9.533327,1.9280351,3,KMeans
11.531305,2.9676955,3,KMeans
9.637845,10.950306,2,KMeans
9.649179,9.624008,0,KMeans
9.039013,6.074377,0,KMeans
10.231828,2.1152172,3,KMeans
8.568633,-0.66655135,3,KMeans
10.891547,6.176074,0,KMeans
10.049442,8.908776,0,KMeans
12.568798,13.510857,2,KMeans
12.648742,8.7040415,2,KMeans
9.576478,1.9660299,3,KMeans
10.308681,9.956425,2,KMeans
11.80616,8.408247,0,KMeans
8.599105,8.469646,0,KMeans
12.840319,1.5692018,2,KMeans
11.690035,6.1400466,0,KMeans
10.20038,5.290858,0,KMeans
10.201085,7.053919,0,KMeans
11.239942,7.7108436,0,KMeans
8.635691,8.552426,0,KMeans
12.468472,2.4442382,3,KMeans
8.343318,4.5928926,0,KMeans
7.4143586,10.050971,2,KMeans
12.382273,7.280702,0,KMeans
12.783016,13.490712,2,KMeans
10.371802,7.189268,0,KMeans
10.110242,3.5605564,0,KMeans
7.9638762,8.914929,0,KMeans
10.102224,8.461144,0,KMeans
9.7760315,1.7906529,3,KMeans
10.403032,6.1794815,0,KMeans
9.944656,8.384409,0,KMeans
9.1804695,3.0757005,0,KMeans
12.206995,13.539816,2,KMeans
10.7884245,7.191611,0,KMeans
9.680191,9.29299,0,KMeans
10.9866705,3.9709454,0,KMeans
7.8974543,8.5618725,0,KMeans
8.629034,2.1630788,3,KMeans
10.961738,8.983779,0,KMeans
13.2959585,13.504525,2,KMeans
12.1987,0.7042566,3,KMeans
11.394543,7.602786,0,KMeans
8.82001,8.065943,0,KMeans
9.999022,0.20176353,3,KMeans
8.211675,6.056823,0,KMeans
10.04593,7.0969353,0,KMeans
9.245858,10.519458,2,KMeans
8.200996,11.127152,2,KMeans
11.382891,2.1778734,3,KMeans
11.547016,0.59173495,3,KMeans
11.1827965,7.415291,0,KMeans
8.78083,2.0116026,3,KMeans
9.564162,3.5562086,0,KMeans
8.962996,3.2806737,3,KMeans
13.24827,11.787338,2,KMeans
9.119778,3.0175536,0,KMeans
8.60422,8.335504,0,KMeans
9.993294,2.9742324,3,KMeans
9.82865,3.4158263,0,KMeans
11.261185,1.2692055,3,KMeans
10.4491005,7.6455603,0,KMeans
13.0805435,11.656269,2,KMeans
12.986717,11.748023,2,KMeans
9.806001,10.326574,2,KMeans
10.710093,9.83746,2,KMeans
12.738454,-0.11845432,3,KMeans
12.096911,10.552494,2,KMeans
10.421952,8.648786,0,KMeans
11.757357,3.4564192,3,KMeans
10.960791,8.108192,0,KMeans
9.238081,6.7814217,0,KMeans
9.56121,7.520963,0,KMeans
12.161787,12.094631,2,KMeans
12.463721,12.112278,2,KMeans
10.561121,8.27442,0,KMeans
13.651181,13.627574,2,KMeans
7.630881,10.746113,2,KMeans
10.054546,8.718393,0,KMeans
11.89435,9.162249,2,KMeans
9.616807,9.927391,2,KMeans
7.6253824,8.100435,0,KMeans
7.8200855,5.5561256,0,KMeans
12.873945,10.518873,2,KMeans
9.1710825,6.9200153,0,KMeans
9.449034,-0.6779058,3,KMeans
8.843158,8.305791,0,KMeans
11.398326,3.260725,3,KMeans
9.056308,6.2490296,0,KMeans
10.060102,6.266518,0,KMeans
10.150232,7.888376,0,KMeans
9.067574,3.235949,0,KMeans
8.438802,3.8644226,0,KMeans
9.68641,1.0249637,3,KMeans
8.410014,9.559606,0,KMeans
9.2125,6.466193,0,KMeans
12.264373,2.2197714,3,KMeans
9.239995,7.6134787,0,KMeans
10.42612,12.445689,2,KMeans
10.549363,5.802595,0,KMeans
11.003964,12.774569,2,KMeans
10.5094595,0.5681005,3,KMeans
8.172074,9.0208645,0,KMeans
8.140664,8.10417,0,KMeans
9.89727,4.32264,0,KMeans
13.219904,11.903773,2,KMeans
9.31882,2.0024145,3,KMeans
12.43072,2.4446328,3,KMeans
13.126833,13.794871,2,KMeans
10.178537,1.4347551,3,KMeans
7.6709294,6.0252776,0,KMeans
11.251589,7.7602286,0,KMeans
7.7202253,8.056428,0,KMeans
12.020249,13.644186,2,KMeans
9.98797,11.645366,2,KMeans
7.621465,9.984952,0,KMeans
10.116906,7.78311,0,KMeans
9.1028385,8.062962,0,KMeans
11.2149,8.127636,0,KMeans
10.083347,6.393359,0,KMeans
7.1907887,9.607207,0,KMeans
10.735374,0.3128552,3,KMeans
9.198188,7.7252035,0,KMeans
12.583677,1.5721544,2,KMeans
8.583481,1.1045192,3,KMeans
12.990041,0.8277568,2,KMeans
9.773023,8.858984,0,KMeans
9.811044,4.3806796,0,KMeans
10.168067,7.3192487,0,KMeans
11.774148,4.5175457,0,KMeans
11.14555,2.4378269,3,KMeans
9.795491,5.8376274,0,KMeans
11.058659,12.4860525,2,KMeans
10.42603,-0.93742865,3,KMeans
11.972059,10.171898,2,KMeans
9.017675,10.375126,2,KMeans
13.770493,13.564723,2,KMeans
12.576188,1.5501807,3,KMeans
10.14167,11.03,2,KMeans
10.838909,2.6135728,3,KMeans
9.784944,5.8489027,0,KMeans
11.140537,6.2339354,0,KMeans
9.889797,9.075806,0,KMeans
11.199428,3.5243921,3,KMeans
8.740316,5.914351,0,KMeans
9.040218,10.3834095,2,KMeans
10.956035,9.060381,0,KMeans
11.522953,12.837457,2,KMeans
10.006968,11.764174,2,KMeans
7.1450343,9.200132,0,KMeans
12.34274,1.8749517,3,KMeans
11.369302,10.392256,2,KMeans
12.071525,0.7950734,3,KMeans
11.952328,3.057973,3,KMeans
12.264508,2.612584,3,KMeans
8.912096,9.559138,0,KMeans
9.153805,1.2849919,3,KMeans
11.174818,6.0577145,0,KMeans
9.082701,2.8355103,0,KMeans
10.464115,8.234609,0,KMeans
9.719284,3.5573978,0,KMeans
11.354214,2.1400366,3,KMeans
10.112347,11.835827,2,KMeans
9.29816,5.9468417,0,KMeans
8.487412,6.473685,0,KMeans
12.653036,12.283327,2,KMeans
13.323722,13.685939,2,KMeans
12.689695,10.713638,2,KMeans
12.518403,13.385496,2,KMeans
10.351896,0.5932528,3,KMeans
9.566224,2.774517,0,KMeans
10.287387,1.7728089,3,KMeans
9.327633,9.730307,0,KMeans
8.359784,10.489082,2,KMeans
8.932235,6.868492,0,KMeans
9.016595,8.767371,0,KMeans
9.780318,7.4467936,0,KMeans
10.321555,5.8449817,0,KMeans
10.734836,2.6848927,3,KMeans
9.076683,1.204756,3,KMeans
12.943855,13.291338,2,KMeans
11.927836,4.1832213,0,KMeans
9.282494,4.4335837,0,KMeans
8.435314,1.5978322,0,KMeans
11.57867,10.8518305,2,KMeans
7.8136187,6.5801363,0,KMeans
12.788844,13.276259,2,KMeans
10.287549,7.205438,0,KMeans
9.274634,1.3711504,3,KMeans
8.977325,2.28531,3,KMeans
11.478459,11.394536,2,KMeans
10.719561,-0.628936,3,KMeans
8.301475,10.750944,2,KMeans
9.526867,12.064785,2,KMeans
8.941919,10.408506,2,KMeans
12.127094,-0.52828264,3,KMeans
7.0131564,9.49002,0,KMeans
10.102025,6.463947,0,KMeans
9.100429,8.929631,0,KMeans
8.553173,1.146182,3,KMeans
10.445289,-0.36491862,3,KMeans
11.365911,7.590391,0,KMeans
11.265842,11.084825,2,KMeans
12.064437,3.5233626,2,KMeans
10.220222,7.372489,0,KMeans
7.903174,10.727586,2,KMeans
10.91621,10.759872,2,KMeans
10.630191,-0.58428705,3,KMeans
10.905034,12.646325,2,KMeans
9.777045,10.322486,2,KMeans
12.502011,10.586609,2,KMeans
8.649969,-0.17225596,3,KMeans
10.118527,6.9717445,0,KMeans
11.794682,7.2670245,0,KMeans
9.351172,-0.29219556,3,KMeans
10.472117,11.907123,2,KMeans
10.355184,9.068182,0,KMeans
10.179594,7.8244267,0,KMeans
11.765479,6.2601333,0,KMeans
8.446381,10.275006,2,KMeans
11.929535,10.7432,2,KMeans
11.412771,0.1958809,3,KMeans
12.811825,12.988327,2,KMeans
11.461996,8.756467,0,KMeans
8.67485,8.194466,0,KMeans
7.9959593,3.181081,0,KMeans
11.840802,2.8601635,2,KMeans
10.406621,0.7506819,3,KMeans
10.811506,1.9947953,3,KMeans
6.412575,2.9870994,1,KMeans
8.128073,8.993781,0,KMeans
11.538822,3.2735128,3,KMeans
9.167942,5.097458,0,KMeans
9.640497,0.43285275,3,KMeans
10.906335,11.375645,2,KMeans
12.273377,7.3801746,0,KMeans
11.052628,4.3670497,0,KMeans
10.279588,5.082816,0,KMeans
10.655218,5.3650403,0,KMeans
13.344371,11.451117,2,KMeans
9.9286785,7.443423,0,KMeans
11.034424,12.348203,2,KMeans
11.935999,3.3520107,3,KMeans
10.991481,1.093725,3,KMeans
8.548902,4.423226,0,KMeans
11.347405,-0.09436551,3,KMeans
9.645286,11.003946,2,KMeans
8.712224,4.3324356,0,KMeans
8.940859,1.9164213,3,KMeans
6.6096916,2.7080433,3,KMeans
8.54576,3.7118633,0,KMeans
8.571027,-0.82873136,3,KMeans
10.4751005,8.063761,0,KMeans
11.668968,5.9676714,0,KMeans
13.141066,10.228818,2,KMeans
11.604561,2.7421324,3,KMeans
10.061052,9.871241,2,KMeans
11.329351,4.6360755,0,KMeans
8.979239,7.9053082,0,KMeans
10.038143,-0.094518326,3,KMeans
7.4556217,9.302062,0,KMeans
9.744447,5.259595,0,KMeans
10.369579,8.179096,0,KMeans
10.770746,10.404018,2,KMeans
11.177278,12.522293,2,KMeans
12.933538,1.0735577,2,KMeans
9.918528,6.768871,0,KMeans
9.125808,9.703197,0,KMeans
11.69985,4.704016,0,KMeans
10.790806,2.4515712,3,KMeans
9.436293,8.903511,0,KMeans
8.647324,7.4344773,0,KMeans
7.7325864,7.64337,0,KMeans
10.045005,10.327757,2,KMeans
10.459694,6.4995246,0,KMeans
7.897287,10.426082,2,KMeans
8.046801,6.2438574,0,KMeans
11.877295,-0.7491272,3,KMeans
5.787001,2.5750062,1,KMeans
8.143523,6.89392,0,KMeans
10.944213,8.442209,0,KMeans
9.038419,2.706314,0,KMeans
8.116702,6.6402907,0,KMeans
9.531312,9.846473,2,KMeans
8.944673,10.304067,2,KMeans
10.374099,-0.71268964,3,KMeans
9.270205,4.794254,0,KMeans
9.487855,5.095106,0,KMeans
11.362531,4.5225377,0,KMeans
10.380551,2.4442947,3,KMeans
8.831653,11.739472,2,KMeans
11.314575,10.303951,2,KMeans
12.189918,2.1459618,3,KMeans
7.9775276,3.2938416,0,KMeans
9.53503,-0.50917035,3,KMeans
9.104088,4.385975,0,KMeans
10.137736,10.303687,2,KMeans
10.676041,3.4663014,0,KMeans
9.173808,-0.5671093,3,KMeans
12.380136,0.1163881,3,KMeans
10.555191,-0.6839297,3,KMeans
9.322295,2.589342,3,KMeans
12.498654,7.812177,2,KMeans
7.134423,2.6803045,3,KMeans
9.985597,1.1835641,3,KMeans
11.522745,9.809591,2,KMeans
9.325083,6.3739357,0,KMeans
8.922883,1.1707636,3,KMeans
11.440939,4.597901,0,KMeans
9.882661,3.1255176,3,KMeans
11.182842,4.274478,0,KMeans
10.038842,3.9419944,0,KMeans
11.995273,3.8282664,2,KMeans
7.488378,9.051742,0,KMeans
7.674333,5.264014,0,KMeans
11.071065,2.6289618,3,KMeans
8.084663,4.3253045,0,KMeans
9.185352,1.6505086,3,KMeans
11.19424,3.953256,0,KMeans
8.948449,2.6116593,3,KMeans
9.964652,8.764118,0,KMeans
10.22861,8.904867,0,KMeans
11.223567,12.836328,2,KMeans
12.701007,11.548608,2,KMeans
9.931261,4.596252,0,KMeans
8.356001,4.4694233,0,KMeans
10.654588,1.6825397,3,KMeans
13.469463,12.370206,2,KMeans
9.334145,6.0085254,0,KMeans
11.521382,2.0903816,3,KMeans
11.164873,8.395482,0,KMeans
9.214917,2.4343772,3,KMeans
11.306623,2.8653433,3,KMeans
10.13363,2.8011158,3,KMeans
12.54115,10.096001,2,KMeans
6.8992248,10.163051,2,KMeans
8.38796,8.852306,0,KMeans
9.574858,6.881648,0,KMeans
9.28272,0.9355564,3,KMeans
10.883226,12.460291,2,KMeans
7.682825,10.549665,2,KMeans
8.615261,5.9567924,0,KMeans
9.4439125,9.031291,0,KMeans
5.2380695,2.5200875,1,KMeans
9.647919,0.119172506,3,KMeans
13.407576,14.061463,2,KMeans
8.658391,8.321035,0,KMeans
9.9990835,7.781038,0,KMeans
12.693059,12.546346,2,KMeans
11.729639,11.856301,2,KMeans
8.91269,7.444872,0,KMeans
9.827134,7.700244,0,KMeans
6.6675277,2.683852,3,KMeans
7.991207,9.592096,0,KMeans
11.19516,11.06267,2,KMeans
12.60146,13.586594,2,KMeans
11.993518,11.629385,2,KMeans
11.167987,10.20949,2,KMeans
9.648768,9.106923,0,KMeans
8.656401,0.4434874,3,KMeans
9.698877,5.1057677,0,KMeans
10.475505,10.132978,2,KMeans
8.485961,9.403401,0,KMeans
12.794783,12.266364,2,KMeans
11.185686,3.2817707,3,KMeans
9.3913765,8.43545,0,KMeans
12.358087,7.7354074,0,KMeans
11.2866745,5.4665623,0,KMeans
10.126671,5.7939434,0,KMeans
10.136411,8.4837885,0,KMeans
9.367253,12.008958,2,KMeans
10.591983,7.336177,0,KMeans
6.7891097,9.758865,0,KMeans
9.364695,1.001662,3,KMeans
12.57693,13.259984,2,KMeans
10.581583,10.950624,2,KMeans
8.110455,6.921904,0,KMeans
6.9599257,9.883726,0,KMeans
10.026777,8.035667,0,KMeans
12.881826,13.344415,2,KMeans
10.053168,5.0931516,0,KMeans
12.537495,11.200729,2,KMeans
10.302979,12.326352,2,KMeans
9.709891,5.5806623,0,KMeans
10.218652,10.343705,2,KMeans
9.932821,8.060381,0,KMeans
10.800977,0.31263074,3,KMeans
10.800435,3.6147373,0,KMeans
10.231396,2.7540736,3,KMeans
10.88725,0.6122196,3,KMeans
10.526974,10.521861,2,KMeans
9.610702,9.174957,0,KMeans
11.070403,8.781819,0,KMeans
10.2432165,10.186181,2,KMeans
8.822547,10.314935,2,KMeans
11.006592,4.3259087,0,KMeans
10.598592,5.5139246,0,KMeans
8.794427,0.18121737,3,KMeans
7.620949,9.205651,0,KMeans
9.563058,9.152228,0,KMeans
9.007786,4.244768,0,KMeans
10.077584,4.1081414,0,KMeans
11.258192,11.214137,2,KMeans
10.837878,4.026208,0,KMeans
12.05794,-0.39975387,3,KMeans
10.891143,1.7332221,3,KMeans
12.176849,9.929546,2,KMeans
10.946656,2.0660775,3,KMeans
8.567138,6.83109,0,KMeans
7.8238487,11.356607,2,KMeans
10.227871,8.365949,0,KMeans
9.048775,1.991139,3,KMeans
7.714346,7.1534142,0,KMeans
8.840755,9.424866,0,KMeans
11.482171,11.858048,2,KMeans
10.419775,8.475689,0,KMeans
9.38591,7.6832657,0,KMeans
8.278125,4.310221,0,KMeans
10.031094,7.8157735,0,KMeans
6.986472,9.052694,0,KMeans
12.510299,13.620204,2,KMeans
11.501965,8.3523855,0,KMeans
10.948446,4.5799494,0,KMeans
9.741823,9.107122,0,KMeans
8.188346,4.2385664,0,KMeans
12.2802515,12.551335,2,KMeans
9.996306,8.873071,0,KMeans
9.148192,2.7179816,0,KMeans
12.915263,11.067898,2,KMeans
8.229658,7.114081,0,KMeans
9.730988,12.0128975,2,KMeans
9.939465,10.742568,2,KMeans
9.465861,-0.78347355,3,KMeans
11.412162,4.0661387,0,KMeans
11.420861,5.2699757,0,KMeans
12.080069,13.247424,2,KMeans
9.793681,0.22541249,3,KMeans
11.0621,8.6244335,0,KMeans
12.581028,7.316599,0,KMeans
8.975138,0.8031457,3,KMeans
10.734444,2.1083558,3,KMeans
10.786417,8.049565,0,KMeans
12.633665,-0.1564487,3,KMeans
9.139409,11.98693,2,KMeans
8.621611,1.4869561,3,KMeans
8.179918,6.7119794,0,KMeans
9.120786,0.15395178,3,KMeans
10.585637,4.1487503,0,KMeans
11.5435,8.284659,0,KMeans
9.840258,11.844174,2,KMeans
8.749883,11.446063,2,KMeans
12.876579,10.867093,2,KMeans
9.364135,0.76571697,3,KMeans
10.757411,1.8471587,3,KMeans
12.309537,8.149866,2,KMeans
11.169744,0.32411447,3,KMeans
11.458954,-0.26237762,3,KMeans
12.720802,13.148938,2,KMeans
8.72991,6.489029,0,KMeans
4.651055,2.4025595,1,KMeans
12.0048065,7.275815,0,KMeans
7.6725607,9.921248,2,KMeans
11.349401,-0.79345775,3,KMeans
10.375783,6.661301,0,KMeans
9.491178,3.9834867,0,KMeans
10.335016,3.1687353,0,KMeans
9.101836,0.46080053,3,KMeans
8.220406,4.2553296,0,KMeans
10.306775,6.832964,0,KMeans
8.807215,3.288211,3,KMeans
12.044222,-0.12504543,3,KMeans
11.814819,8.7831745,0,KMeans
12.60301,7.679559,2,KMeans
10.543832,10.154544,2,KMeans
9.355299,4.704501,0,KMeans
13.1217575,11.573154,2,KMeans
13.40687,14.056075,2,KMeans
9.794282,3.0941744,3,KMeans
7.0888453,10.176286,2,KMeans
10.393585,12.131515,2,KMeans
12.263861,1.4203022,3,KMeans
9.4280815,3.932867,0,KMeans
13.013587,12.704549,2,KMeans
8.1958475,9.069809,0,KMeans
11.465066,12.014942,2,KMeans
8.46961,9.95262,0,KMeans
8.886409,2.7539213,3,KMeans
7.1550345,8.861094,0,KMeans
9.721098,7.1968627,0,KMeans
9.562038,10.995024,2,KMeans
10.232258,2.9006565,3,KMeans
6.7952905,8.976089,0,KMeans
10.471319,4.492553,0,KMeans
9.018646,7.112073,0,KMeans
12.544836,1.1040785,2,KMeans
13.053281,10.874618,2,KMeans
8.92219,2.6546748,3,KMeans
9.02283,7.464234,0,KMeans
10.500075,8.044659,0,KMeans
11.836052,3.7764685,0,KMeans
6.648876,2.834353,3,KMeans
10.649961,-0.39003575,3,KMeans
12.52703,-0.1445127,3,KMeans
9.083063,5.3841205,0,KMeans
12.492982,0.83303493,3,KMeans
10.238277,11.070645,2,KMeans
11.153115,1.0678605,3,KMeans
10.078283,8.144988,0,KMeans
9.679482,11.541865,2,KMeans
10.028027,5.438301,0,KMeans
12.410523,9.812531,2,KMeans
9.8024645,4.452898,0,KMeans
7.987416,6.431379,0,KMeans
12.198409,1.734628,3,KMeans
13.196018,14.040481,2,KMeans
7.855621,4.9954934,0,KMeans
9.958868,1.226813,3,KMeans
10.176882,12.073369,2,KMeans
10.361745,6.960516,0,KMeans
9.776011,6.979305,0,KMeans
10.329958,9.966991,2,KMeans
10.08962,5.2422924,0,KMeans
11.323931,0.7231144,3,KMeans
10.932197,12.117347,2,KMeans
10.585128,5.346944,0,KMeans
10.505178,5.6757417,0,KMeans
10.55643,10.596985,2,KMeans
12.642616,13.262573,2,KMeans
11.961164,6.87199,0,KMeans
9.302972,2.1100469,3,KMeans
10.273375,9.479595,2,KMeans
9.248082,11.361305,2,KMeans
11.549604,2.7245758,3,KMeans
9.5997095,8.787076,0,KMeans
13.069897,10.927653,2,KMeans
9.619446,7.3765163,0,KMeans
11.128074,9.136639,2,KMeans
8.593193,-0.9050033,3,KMeans
11.812456,3.0731103,2,KMeans
12.217363,13.377285,2,KMeans
13.231815,11.858501,2,KMeans
9.818794,0.45669985,3,KMeans
8.689861,-0.6286709,3,KMeans
8.536445,8.729228,0,KMeans
10.458661,-0.16148813,3,KMeans
13.435154,12.044545,2,KMeans
11.029234,3.3607945,0,KMeans
7.9716554,5.980269,0,KMeans
9.8677845,5.6661444,0,KMeans
7.8538837,10.028108,2,KMeans
9.49727,10.068728,2,KMeans
11.094834,9.079175,2,KMeans
11.2503605,6.5122027,0,KMeans
4.778135,2.4339187,1,KMeans
10.326202,6.3635726,0,KMeans
10.445946,4.93785,0,KMeans
9.89547,3.0239,3,KMeans
13.029109,13.049316,2,KMeans
11.963777,1.7685888,3,KMeans
11.190328,7.750467,0,KMeans
11.931482,9.263763,0,KMeans
9.774744,8.64888,0,KMeans
11.955738,0.49772373,3,KMeans
9.079623,9.07236,0,KMeans
9.835201,5.275332,0,KMeans
11.578333,9.632379,2,KMeans
12.290413,1.3698189,3,KMeans
12.81765,12.028547,2,KMeans
9.960053,0.5577863,3,KMeans
11.462389,3.6426713,0,KMeans
7.6832786,8.763956,0,KMeans
11.711394,9.09962,2,KMeans
8.966075,4.727162,0,KMeans
9.143405,8.562927,0,KMeans
9.700799,1.265996,3,KMeans
10.482853,10.998214,2,KMeans
10.034267,6.4950047,0,KMeans
9.113756,8.730107,0,KMeans
8.4631605,10.057535,2,KMeans
10.38945,4.8382525,0,KMeans
11.894731,0.3146946,3,KMeans
12.748169,13.943273,2,KMeans
12.591466,0.06294228,3,KMeans
9.134413,8.274852,0,KMeans
11.640582,12.391761,2,KMeans
12.080182,1.0154781,3,KMeans
8.753232,9.588592,0,KMeans
11.446508,10.998882,2,KMeans
9.842195,10.488625,2,KMeans
9.618462,-0.38086772,3,KMeans
9.463545,-0.66534877,3,KMeans
11.999254,13.635502,2,KMeans
10.574628,8.576068,0,KMeans
7.821491,6.920782,0,KMeans
11.582924,0.7701887,3,KMeans
10.469267,8.262379,0,KMeans
9.935118,5.1954503,0,KMeans
12.090017,9.062058,2,KMeans
5.771733,2.637544,1,KMeans
11.411347,9.746384,2,KMeans
9.393875,9.750541,2,KMeans
11.419436,-0.22545269,3,KMeans
10.530993,9.932391,2,KMeans
10.375887,6.6523643,0,KMeans
7.882788,8.343094,0,KMeans
11.611218,9.6524,2,KMeans
11.14496,11.454434,2,KMeans
9.599146,10.380107,2,KMeans
11.673174,-0.4452791,3,KMeans
10.9065695,8.912919,0,KMeans
6.883406,9.876959,0,KMeans
11.544397,5.5387425,0,KMeans
9.062882,2.4837015,3,KMeans
6.944061,2.879485,3,KMeans
7.881993,6.50947,0,KMeans
7.582518,10.552573,2,KMeans
12.404114,9.971946,2,KMeans
11.043646,10.401802,2,KMeans
11.13017,9.865532,2,KMeans
9.387358,11.525663,2,KMeans
9.502801,11.195485,2,KMeans
9.329226,9.009716,0,KMeans
8.712606,9.233406,0,KMeans
6.667614,9.591434,0,KMeans
11.331534,7.3781443,0,KMeans
12.294035,0.6629115,3,KMeans
9.484319,5.8253865,0,KMeans
9.614044,0.29268977,3,KMeans
12.282653,3.01972,3,KMeans
8.769418,0.32142895,3,KMeans
11.598865,4.0194883,0,KMeans
11.37539,11.435359,2,KMeans
10.651469,5.5060015,0,KMeans
10.400281,2.4587963,3,KMeans
9.720609,11.050118,2,KMeans
9.43277,9.959596,2,KMeans
10.433004,8.668984,0,KMeans
8.453285,5.549146,0,KMeans
11.037425,4.3600264,0,KMeans
8.497257,10.805982,2,KMeans
10.637533,-0.6262004,3,KMeans
11.293563,-0.7161516,3,KMeans
9.463209,9.198046,0,KMeans
10.29208,3.1559463,0,KMeans
9.479547,10.200025,2,KMeans
9.489494,9.746153,0,KMeans
9.7640915,0.5201501,3,KMeans
10.162907,9.172375,0,KMeans
10.814358,12.472625,2,KMeans
12.457425,10.042525,2,KMeans
9.852892,11.173709,2,KMeans
12.005015,6.0385685,0,KMeans
9.997552,8.079667,0,KMeans
11.9865265,2.3852196,3,KMeans
8.899351,-0.5083992,3,KMeans
11.350513,7.862851,0,KMeans
10.7507715,5.455863,0,KMeans
10.384953,2.216919,3,KMeans
13.449521,13.762592,2,KMeans
10.379979,5.027138,0,KMeans
9.2425375,3.3341691,0,KMeans
9.79856,6.7026668,0,KMeans
8.49332,6.7395163,0,KMeans
8.400036,5.618367,0,KMeans
10.981221,11.974232,2,KMeans
11.1043625,0.6755605,3,KMeans
9.213698,0.37070388,3,KMeans
9.768726,7.798279,0,KMeans
9.185648,0.6763933,3,KMeans
12.681408,11.44257,2,KMeans
12.554075,-0.5683665,3,KMeans
11.442136,4.86644,0,KMeans
11.980372,6.9956164,0,KMeans
9.815992,9.099088,0,KMeans
8.613792,10.928175,2,KMeans
8.022089,6.0130157,0,KMeans
10.936892,0.4423476,3,KMeans
7.4105277,9.16489,0,KMeans
10.23928,3.6441274,0,KMeans
7.418478,9.904609,0,KMeans
10.49915,6.0885057,0,KMeans
12.210203,9.74275,2,KMeans
9.888074,11.040762,2,KMeans
10.377011,5.408559,0,KMeans
7.52466,10.990022,2,KMeans
9.075626,2.1750836,3,KMeans
10.03114,7.1351256,0,KMeans
9.156516,-0.5575776,3,KMeans
10.103864,5.9179077,0,KMeans
12.4535,9.675484,2,KMeans
12.162152,10.603301,2,KMeans
11.599854,1.2913601,3,KMeans
8.458019,7.9191794,0,KMeans
10.905212,11.182068,2,KMeans
6.51423,3.026939,2,KMeans
10.901325,10.8489685,2,KMeans
11.5080185,3.5523887,2,KMeans
10.485407,8.969078,0,KMeans
9.686189,2.2260396,3,KMeans
9.908157,3.8294172,0,KMeans
11.745095,13.292696,2,KMeans
10.951271,6.228759,0,KMeans
13.529311,13.129902,2,KMeans
11.145154,7.31186,0,KMeans
10.502351,2.5442457,3,KMeans
10.686232,0.67425615,3,KMeans
10.1928,3.6761334,0,KMeans
11.6202,1.3996414,3,KMeans
10.730702,7.3412347,0,KMeans
9.186513,8.506484,0,KMeans
12.707733,13.014179,2,KMeans
7.0900774,2.4385877,3,KMeans
9.420698,12.106074,2,KMeans
10.435858,11.808699,2,KMeans
11.678614,4.1933937,0,KMeans
10.786644,5.9203033,0,KMeans
10.588532,3.712502,0,KMeans
11.481233,12.145338,2,KMeans
9.821842,5.835061,0,KMeans
5.5595064,2.5396128,1,KMeans
9.789507,0.87225777,3,KMeans
12.261101,2.2283468,3,KMeans
12.771542,9.8892765,2,KMeans
12.006843,13.032306,2,KMeans
9.3510895,7.531063,0,KMeans
13.146062,14.028529,2,KMeans
10.223701,5.2283483,0,KMeans
12.705756,7.686507,2,KMeans
9.863752,10.660846,2,KMeans
9.668316,1.1077694,3,KMeans
8.428742,9.929598,2,KMeans
13.019183,13.399514,2,KMeans
7.667486,6.1235495,0,KMeans
5.23943,2.520542,1,KMeans
9.493179,3.0764694,3,KMeans
12.198629,13.48801,2,KMeans
8.519028,1.5350258,3,KMeans
12.294985,6.477897,0,KMeans
11.712064,10.400517,2,KMeans
11.616583,12.194703,2,KMeans
13.02963,12.355279,2,KMeans
9.213376,6.107779,0,KMeans
10.18709,10.157175,2,KMeans
9.172411,0.8894726,3,KMeans
9.709873,6.5621142,0,KMeans
9.390382,11.767793,2,KMeans
10.044247,10.054192,2,KMeans
9.620036,10.673138,2,KMeans
11.319983,12.601374,2,KMeans
5.8305874,2.682062,1,KMeans
9.159135,8.717908,0,KMeans
10.0642185,2.828099,3,KMeans
12.25404,13.70781,2,KMeans
11.688963,4.600801,0,KMeans
10.688819,10.4396515,2,KMeans
10.118196,2.2948444,3,KMeans
10.316547,0.5269243,3,KMeans
9.857332,6.810638,0,KMeans
10.793874,4.665611,0,KMeans
10.966257,2.6244597,3,KMeans
9.822792,7.658179,0,KMeans
11.18085,12.756636,2,KMeans
12.937685,0.73931986,2,KMeans
9.341419,7.308576,0,KMeans
11.843776,2.422024,3,KMeans
9.989823,5.347285,0,KMeans
12.962931,13.788593,2,KMeans
10.049548,4.2369175,0,KMeans
7.746709,9.487629,0,KMeans
8.9853,5.2235627,0,KMeans
10.717665,5.6435122,0,KMeans
11.203356,8.834997,2,KMeans
7.030071,9.4611845,0,KMeans
9.35223,0.47036517,3,KMeans
9.11115,5.984488,0,KMeans
8.849818,9.677953,0,KMeans
8.751317,8.883094,0,KMeans
7.9120493,6.487027,0,KMeans
9.828931,3.1689441,3,KMeans
9.03356,1.9608909,3,KMeans
8.856384,3.0895548,3,KMeans
8.247561,9.324997,0,KMeans
9.33984,10.398044,2,KMeans
8.555081,7.1009026,0,KMeans
13.129638,11.056968,2,KMeans
9.208334,2.6348586,3,KMeans
11.06159,10.511657,2,KMeans
9.067107,3.0489092,0,KMeans
9.610354,8.14898,0,KMeans
12.032038,6.917723,0,KMeans
12.098122,12.355027,2,KMeans
8.904464,11.568924,2,KMeans
8.317285,4.515261,0,KMeans
11.633772,-0.7180046,3,KMeans
7.707873,6.0604415,0,KMeans
11.6577835,-0.805038,3,KMeans
12.893041,0.20469901,2,KMeans
9.578954,11.671082,2,KMeans
6.8256555,8.846345,0,KMeans
8.998233,3.354128,0,KMeans
10.391547,3.739847,0,KMeans
11.512778,2.3671854,3,KMeans
12.573493,13.1330805,2,KMeans
9.23074,9.176649,0,KMeans
10.53145,2.8677552,3,KMeans
7.3566413,9.225589,0,KMeans
12.746869,0.8642639,3,KMeans
10.413771,2.168832,3,KMeans
9.353891,6.55458,0,KMeans
10.881443,3.0274441,3,KMeans
11.670961,-0.47377834,3,KMeans
7.861324,3.313066,0,KMeans
9.116265,11.298492,2,KMeans
12.532695,1.7245097,3,KMeans
8.196427,9.266797,0,KMeans
11.442683,2.8582463,3,KMeans
12.339794,12.279469,2,KMeans
10.536014,6.079148,0,KMeans
11.358362,12.797892,2,KMeans
8.90972,6.3952765,0,KMeans
12.260367,7.501445,0,KMeans
9.9585905,5.599438,0,KMeans
10.331431,4.382609,0,KMeans
11.713957,-0.6194338,3,KMeans
9.512216,9.234456,0,KMeans
7.8367434,9.929793,2,KMeans
12.413762,1.4194031,3,KMeans
12.34329,10.440756,2,KMeans
10.710671,5.7678103,0,KMeans
6.5085793,9.530219,0,KMeans
9.418259,1.827068,3,KMeans
13.115813,13.958941,2,KMeans
6.8020196,9.08335,0,KMeans
9.555307,-0.70261747,3,KMeans
8.677179,7.7763095,0,KMeans
11.0307255,10.984526,2,KMeans
9.889221,7.4431434,0,KMeans
11.006979,10.938909,2,KMeans
10.070843,6.4144735,0,KMeans
8.488401,3.6413422,0,KMeans
7.7001224,10.201363,0,KMeans
10.966426,6.148774,0,KMeans
11.737858,9.151013,2,KMeans
9.881134,3.2094617,3,KMeans
7.9082193,10.989485,2,KMeans
12.510846,12.491146,2,KMeans
11.825685,3.8127072,0,KMeans
11.979558,3.9481633,0,KMeans
7.088658,9.66567,0,KMeans
12.635205,11.511193,2,KMeans
9.795032,9.801793,2,KMeans
8.610256,7.2440815,0,KMeans
9.255314,4.6503158,0,KMeans
10.429855,7.9908843,0,KMeans
11.434753,1.7619257,3,KMeans
13.114692,11.694453,2,KMeans
10.605493,11.209071,2,KMeans
8.7881,4.9934783,0,KMeans
10.57008,4.7741427,0,KMeans
11.803298,2.163604,3,KMeans
10.502716,12.27282,2,KMeans
5.892279,2.5417233,1,KMeans
10.452775,12.118447,2,KMeans
11.445992,11.195055,2,KMeans
11.578201,-0.1727256,3,KMeans
10.888308,7.676943,0,KMeans
9.502732,8.151807,0,KMeans
9.720327,8.6132555,0,KMeans
11.176642,1.3846079,3,KMeans
10.408941,8.651937,0,KMeans
10.92327,3.3494906,3,KMeans
11.224686,-0.10386337,3,KMeans
10.2403965,-0.5393418,3,KMeans
9.248486,8.036899,0,KMeans
10.230097,4.8758063,0,KMeans
8.670291,1.0743071,3,KMeans
9.776593,0.4771692,3,KMeans
10.179931,2.8445017,3,KMeans
9.237311,7.496184,0,KMeans
9.388282,7.571011,0,KMeans
8.653845,10.727645,2,KMeans
10.909403,1.6937295,3,KMeans
10.390946,2.454807,3,KMeans
11.160762,11.515586,2,KMeans
9.703873,11.703047,2,KMeans
10.415044,12.162586,2,KMeans
12.57407,3.0632381,2,KMeans
11.492694,2.2799032,3,KMeans
9.272051,2.261249,3,KMeans
9.001744,11.483036,2,KMeans
11.459399,9.112791,0,KMeans
6.8115044,3.0001633,0,KMeans
9.211305,4.015393,0,KMeans
13.113993,11.06103,2,KMeans
9.183403,0.42463362,3,KMeans
10.365817,10.666589,2,KMeans
11.382183,0.116089016,3,KMeans
12.711749,-0.2677606,3,KMeans
12.673838,13.305831,2,KMeans
9.324531,5.940087,0,KMeans
9.544678,0.33029696,3,KMeans
9.81902,4.4321165,0,KMeans
9.5028105,7.778363,0,KMeans
8.9321,10.790838,2,KMeans
7.9404745,7.623153,0,KMeans
11.34633,12.899374,2,KMeans
10.204324,11.155208,2,KMeans
10.646608,1.8197029,3,KMeans
11.878889,12.519332,2,KMeans
12.261445,3.1200848,3,KMeans
8.012507,11.064225,2,KMeans
11.268656,1.8798891,3,KMeans
8.971962,1.8509232,3,KMeans
13.221728,12.824389,2,KMeans
9.522534,5.911866,0,KMeans
8.925356,0.8309358,3,KMeans
10.871043,6.203954,0,KMeans
11.915813,8.622085,2,KMeans
9.728072,7.0646462,0,KMeans
12.147927,7.8915706,2,KMeans
8.930216,7.330129,0,KMeans
10.644688,5.3288355,0,KMeans
12.954139,10.565621,2,KMeans
12.859077,10.758669,3,KMeans
11.856937,0.13355546,3,KMeans
7.673408,9.542392,2,KMeans
11.114872,2.0078073,3,KMeans
9.386672,0.096744455,3,KMeans
10.302603,-0.756996,3,KMeans
9.743765,8.063144,0,KMeans
12.521828,2.2987857,2,KMeans
9.876856,8.870327,0,KMeans
12.571524,13.226534,2,KMeans
12.443293,2.9914694,2,KMeans
10.487865,11.776074,2,KMeans
11.393201,2.0072823,3,KMeans
8.6248865,8.805056,0,KMeans
12.583876,11.639397,2,KMeans
11.90581,3.1715806,3,KMeans
12.858755,0.746858,3,KMeans
10.516893,1.3580632,3,KMeans
10.601305,3.878781,0,KMeans
7.583808,8.992989,0,KMeans
10.885722,9.686528,2,KMeans
9.421945,2.6144083,3,KMeans
10.307436,7.7849936,0,KMeans
10.221304,4.3663387,0,KMeans
8.927551,3.8042767,0,KMeans
11.965848,10.756459,2,KMeans
10.002777,7.8301783,0,KMeans
8.046824,7.7486644,0,KMeans
10.91607,10.093827,2,KMeans
10.470291,7.0854406,0,KMeans
9.95687,12.181501,2,KMeans
10.144452,7.7019925,0,KMeans
12.254118,1.9098511,3,KMeans
10.160905,-0.32526845,3,KMeans
9.383934,10.4095335,2,KMeans
8.455556,5.194389,0,KMeans
9.90279,5.81408,0,KMeans
9.858355,2.7497115,0,KMeans
11.99807,3.064072,3,KMeans
12.39754,10.646884,2,KMeans
8.512046,7.806334,0,KMeans
12.554543,2.1274369,3,KMeans
9.05579,3.7389846,0,KMeans
7.826231,9.384494,0,KMeans
12.508663,12.165453,2,KMeans
9.237359,3.5320272,0,KMeans
8.941261,1.7751294,3,KMeans
11.048385,9.458924,0,KMeans
11.019022,0.05626806,3,KMeans
11.942201,9.969804,2,KMeans
13.207279,11.015081,2,KMeans
9.46793,7.782862,0,KMeans
9.730602,1.1362332,3,KMeans
11.944689,11.632803,2,KMeans
12.5815325,11.465547,2,KMeans
9.852335,11.579334,2,KMeans
7.3541794,10.219222,2,KMeans
7.9307017,3.1993346,0,KMeans
10.287645,-0.0007042873,3,KMeans
10.935716,9.031407,0,KMeans
8.720316,8.559137,0,KMeans
12.680791,11.903948,2,KMeans
6.2040095,2.7683554,1,KMeans
12.674954,0.85399127,3,KMeans
9.5776825,0.24826671,3,KMeans
13.143833,12.470312,2,KMeans
8.899917,-0.51563644,3,KMeans
10.7479515,2.2371998,3,KMeans
12.291696,13.323451,2,KMeans
12.022826,1.5311419,3,KMeans
9.889892,4.2164516,0,KMeans
12.134302,9.512716,2,KMeans
9.104171,1.5257851,3,KMeans
9.319397,3.724539,0,KMeans
10.012948,-0.3427883,3,KMeans
8.817819,2.7325964,3,KMeans
12.766468,13.935103,2,KMeans
10.4319515,4.3898573,0,KMeans
4.32853,2.2838206,1,KMeans
11.720665,9.438215,2,KMeans
9.297768,0.4398754,3,KMeans
11.586885,3.3973746,3,KMeans
11.537713,1.4811939,3,KMeans
13.346568,12.993442,2,KMeans
10.074523,1.9819273,3,KMeans
8.632934,0.07955858,3,KMeans
9.536086,2.0570626,3,KMeans
11.63415,9.531618,2,KMeans
11.595147,0.25646415,3,KMeans
9.77211,7.869856,0,KMeans
11.872245,13.495237,2,KMeans
9.80181,10.949735,2,KMeans
10.46008,1.6125621,3,KMeans
12.292693,7.353241,0,KMeans
8.906224,-0.6306388,3,KMeans
12.402894,9.358751,2,KMeans
10.676743,10.423482,2,KMeans
13.223484,10.388597,2,KMeans
6.4888983,9.673486,0,KMeans
8.7972145,4.2844157,0,KMeans
11.139311,10.301139,2,KMeans
10.109212,6.865365,0,KMeans
11.86462,10.200855,2,KMeans
9.310992,6.968087,0,KMeans
11.06651,12.66303,2,KMeans
12.543691,11.9415655,2,KMeans
12.526455,-0.04740571,3,KMeans
12.477412,2.0972998,2,KMeans
9.474449,1.1914642,3,KMeans
10.770153,8.316513,0,KMeans
12.238858,0.6900221,3,KMeans
13.127945,12.027207,2,KMeans
7.9852996,8.895639,0,KMeans
9.342355,0.73976463,3,KMeans
9.639588,3.1829975,3,KMeans
10.212515,3.2469773,3,KMeans
11.501309,4.6111865,0,KMeans
12.63569,10.22081,2,KMeans
12.002279,8.257548,2,KMeans
11.454003,12.675282,2,KMeans
11.677174,2.765993,3,KMeans
8.799613,2.0463765,3,KMeans
10.642925,5.3970904,0,KMeans
11.63097,1.2273058,3,KMeans
9.926437,3.0156698,3,KMeans
10.082661,4.9349294,0,KMeans
8.322632,6.9694653,0,KMeans
11.1132345,10.3851385,2,KMeans
8.759815,6.59838,0,KMeans
11.149532,9.410369,2,KMeans
9.034389,7.7043023,0,KMeans
9.306798,11.832329,2,KMeans
8.879373,1.294831,3,KMeans
8.608634,11.800224,2,KMeans
11.991297,12.737319,2,KMeans
11.533334,0.6679748,3,KMeans
5.9569435,2.7445781,1,KMeans
9.990026,5.2173467,0,KMeans
11.414897,2.009275,3,KMeans
12.849201,10.053096,2,KMeans
8.355006,7.5789533,0,KMeans
12.251325,7.136464,0,KMeans
9.5186615,4.269269,0,KMeans
4.4286156,2.3351886,1,KMeans
7.114195,3.0968099,0,KMeans
10.212657,4.168005,0,KMeans
12.672808,1.5519426,3,KMeans
12.368664,1.9351944,3,KMeans
11.500919,3.2114904,3,KMeans
8.845946,2.6494737,3,KMeans
9.818262,5.369744,0,KMeans
10.564447,12.271781,2,KMeans
7.737449,10.1752825,2,KMeans
8.318871,8.190249,0,KMeans
9.271699,-0.59424126,3,KMeans
9.540789,5.722943,0,KMeans
11.803257,8.084606,0,KMeans
8.621606,6.0573034,0,KMeans
12.385745,1.4732858,3,KMeans
11.451762,0.9363613,3,KMeans
11.119103,6.0462055,0,KMeans
12.466861,3.0901165,2,KMeans
13.46752,14.001017,2,KMeans
12.360695,9.540172,2,KMeans
10.140699,4.2390614,0,KMeans
9.130908,8.663471,0,KMeans
10.918411,7.238583,0,KMeans
12.323828,11.772756,2,KMeans
10.3467045,7.387103,0,KMeans
10.370844,11.827854,2,KMeans
13.06438,10.667003,2,KMeans
8.855871,11.6152115,2,KMeans
7.778362,6.5703096,0,KMeans
8.715997,-0.7135462,3,KMeans
11.3396845,1.9682325,3,KMeans
10.064555,0.46438906,3,KMeans
9.446083,5.274998,0,KMeans
11.77323,9.346465,2,KMeans
12.041909,12.734717,2,KMeans
10.553945,2.3647432,3,KMeans
10.781092,1.9565297,3,KMeans
8.473096,7.515272,0,KMeans
11.45972,8.0475025,0,KMeans
11.043471,1.7718304,3,KMeans
8.787568,6.6197753,0,KMeans
9.294233,8.151469,0,KMeans
9.553411,-0.39779943,3,KMeans
9.343706,-0.62653226,3,KMeans
10.737217,11.535863,2,KMeans
10.642339,11.477958,2,KMeans
10.745731,10.094518,2,KMeans
10.743237,5.680954,0,KMeans
10.865923,6.9855328,0,KMeans
13.42363,13.07965,2,KMeans
12.6343,2.7934747,2,KMeans
10.637575,-0.86701936,3,KMeans
7.79197,7.043007,0,KMeans
11.014046,-0.364606,3,KMeans
9.58627,5.0377054,0,KMeans
10.046749,5.2564197,0,KMeans
10.954955,9.85202,2,KMeans
10.4485855,0.49158797,3,KMeans
11.335692,13.211588,2,KMeans
11.094539,3.2564585,0,KMeans
8.441035,4.337232,0,KMeans
10.128708,11.577733,2,KMeans
11.451796,5.7556243,0,KMeans
10.168237,6.9943686,0,KMeans
11.537713,10.828967,2,KMeans
12.128162,13.10597,2,KMeans
11.083469,8.096729,0,KMeans
10.593433,5.243518,0,KMeans
11.09788,10.933168,2,KMeans
8.400681,10.017927,2,KMeans
12.704926,9.883977,2,KMeans
7.674858,9.710069,0,KMeans
10.698976,3.0014217,3,KMeans
12.201303,12.291311,2,KMeans
10.026564,6.256145,0,KMeans
12.346992,3.3801765,2,KMeans
9.779254,2.5876486,3,KMeans
8.5121565,8.3190975,0,KMeans
11.724042,7.442232,0,KMeans
9.617539,3.4898536,0,KMeans
10.813737,0.27957028,3,KMeans
10.320444,6.902347,0,KMeans
13.041765,12.8553705,2,KMeans
12.486707,8.782692,2,KMeans
11.99081,10.659974,2,KMeans
9.986522,5.6575046,0,KMeans
10.20061,7.446761,0,KMeans
11.350617,10.07657,2,KMeans
9.956087,11.05705,2,KMeans
10.410374,11.614026,2,KMeans
9.60219,8.675358,0,KMeans
9.349412,9.137954,0,KMeans
9.1946335,6.5689335,0,KMeans
12.716315,10.067518,2,KMeans
12.244941,7.598381,0,KMeans
11.325837,3.0470338,3,KMeans
11.0827875,12.623044,2,KMeans
9.185042,5.8794513,0,KMeans
10.456111,3.72039,0,KMeans
9.448152,8.669981,0,KMeans
11.559097,-0.8044082,3,KMeans
9.910873,8.252488,0,KMeans
10.033744,6.416007,0,KMeans
8.970927,11.921723,2,KMeans
13.182531,11.550381,2,KMeans
9.111087,6.5939016,0,KMeans
8.621731,9.640295,0,KMeans
7.2415524,9.393484,0,KMeans
8.759579,9.253104,0,KMeans
8.750139,-0.5745297,3,KMeans
7.7800474,5.936966,0,KMeans
12.10779,-0.5214139,3,KMeans
10.735724,2.8876064,3,KMeans
9.536742,0.37959978,3,KMeans
11.441078,8.399267,0,KMeans
8.8842,10.835,2,KMeans
10.743204,4.5034623,0,KMeans
10.507635,11.919804,2,KMeans
12.063934,7.688757,0,KMeans
8.8583765,8.502051,0,KMeans
11.921392,2.9660277,3,KMeans
9.798659,9.729738,2,KMeans
9.713911,4.018655,0,KMeans
11.775042,3.333319,3,KMeans
10.287951,7.23409,0,KMeans
11.403783,0.5319287,3,KMeans
11.162187,10.906121,2,KMeans
11.778162,0.48746943,3,KMeans
11.395964,12.034687,2,KMeans
8.11869,10.434487,2,KMeans
10.518552,0.08667894,3,KMeans
9.288282,9.545297,0,KMeans
11.120276,3.6337318,0,KMeans
11.43453,5.8707576,0,KMeans
11.2245865,10.799875,2,KMeans
10.714388,0.43116444,3,KMeans
9.120249,6.311014,0,KMeans
7.2433767,3.2019756,0,KMeans
8.2520275,9.453142,0,KMeans
10.746619,11.847679,2,KMeans
9.192254,9.311586,0,KMeans
7.7914767,8.225774,0,KMeans
12.365688,2.12581,3,KMeans
10.179197,0.6700618,3,KMeans
12.039079,-0.20500603,3,KMeans
8.881649,7.0045066,0,KMeans
8.643311,-0.6399225,3,KMeans
8.518072,8.744295,0,KMeans
12.607948,11.771859,2,KMeans
12.789313,13.20114,2,KMeans
8.185767,5.700765,0,KMeans
12.102393,13.532739,2,KMeans
9.06261,4.223945,0,KMeans
9.761282,4.3116317,0,KMeans
10.335599,6.211996,0,KMeans
9.408854,0.72111946,3,KMeans
12.292667,11.695988,2,KMeans
10.85025,7.463018,0,KMeans
12.028028,3.0473886,3,KMeans
10.8138075,12.543839,2,KMeans
10.081452,6.4088,0,KMeans
11.511396,13.148709,2,KMeans
11.94322,9.986924,2,KMeans
10.549424,6.4027324,0,KMeans
11.279459,10.174036,2,KMeans
11.122878,11.757157,2,KMeans
10.038869,5.856734,0,KMeans
9.118826,5.075079,0,KMeans
10.745403,8.717865,0,KMeans
10.265199,0.26017466,3,KMeans
10.438702,7.067318,0,KMeans
11.354874,4.409805,0,KMeans
10.748967,1.5487438,3,KMeans
9.029687,1.1364629,3,KMeans
11.299256,7.4269,0,KMeans
6.9728794,2.9618893,0,KMeans
10.094494,3.631628,0,KMeans
13.409155,13.196822,2,KMeans
11.589001,1.514273,3,KMeans
11.903514,2.644083,0,KMeans
10.5266,4.01374,0,KMeans
9.086719,7.186298,0,KMeans
10.799785,-0.34861597,3,KMeans
11.253315,1.7679684,3,KMeans
5.4654465,2.5214102,1,KMeans
11.388597,7.058017,0,KMeans
8.941358,9.864448,2,KMeans
8.359854,8.828637,0,KMeans
11.198832,11.704748,2,KMeans
11.837974,1.4063878,3,KMeans
12.381309,2.7978776,2,KMeans
10.319015,12.218052,2,KMeans
12.100217,10.022434,2,KMeans
8.15734,10.018393,2,KMeans
12.984515,0.5654058,2,KMeans
12.431832,12.542091,2,KMeans
9.217717,4.203679,0,KMeans
11.214802,9.627724,2,KMeans
9.629349,1.7223194,3,KMeans
10.951645,-0.62256014,3,KMeans
10.765554,2.3636549,3,KMeans
10.373046,4.40456,0,KMeans
12.918138,11.987399,2,KMeans
9.156443,12.154326,2,KMeans
9.0780525,2.3540444,3,KMeans
11.2590885,2.0365055,3,KMeans
11.804874,10.465884,2,KMeans
9.088817,10.075918,2,KMeans
7.9544897,10.968411,2,KMeans
7.762502,7.360647,0,KMeans
8.692713,9.820485,2,KMeans
8.957557,4.801424,0,KMeans
9.274972,5.2993407,0,KMeans
9.397235,1.8966601,3,KMeans
11.322035,8.870875,0,KMeans
9.119362,7.10437,0,KMeans
13.5057,13.905226,2,KMeans
11.553872,9.6159315,2,KMeans
8.705113,11.282283,2,KMeans
12.570348,11.060367,2,KMeans
5.7858615,2.7002242,1,KMeans
10.957191,0.1274457,3,KMeans
7.710353,7.055184,0,KMeans
10.08954,2.639322,3,KMeans
9.003647,5.7740664,0,KMeans
9.721558,3.9426312,0,KMeans
10.398522,3.718046,0,KMeans
11.238645,11.049472,2,KMeans
12.617444,2.2225084,2,KMeans
11.095733,9.776436,2,KMeans
9.537779,8.996651,0,KMeans
11.133989,12.271597,2,KMeans
11.023428,3.5373533,3,KMeans
9.603225,5.1460977,0,KMeans
11.907922,10.553472,2,KMeans
5.613966,2.5398414,1,KMeans
10.491941,7.402164,0,KMeans
10.775988,-0.7464263,3,KMeans
8.642476,-0.0009854216,3,KMeans
10.956299,2.4706159,3,KMeans
10.544144,11.479553,2,KMeans
9.01747,7.714008,0,KMeans
9.09013,4.0042043,0,KMeans
11.795478,0.30841178,3,KMeans
8.54361,5.6720686,0,KMeans
10.752773,8.701426,0,KMeans
11.889185,1.2341135,3,KMeans
9.305821,-0.9546986,3,KMeans
8.605296,7.659849,0,KMeans
11.316953,4.5187387,0,KMeans
9.848058,11.0754,2,KMeans
11.985183,9.679227,2,KMeans
9.835947,9.19735,0,KMeans
9.2905855,5.189934,0,KMeans
12.340903,1.6971059,3,KMeans
8.932537,7.424346,0,KMeans
8.708816,5.2913013,0,KMeans
8.568864,-0.6647501,3,KMeans
11.788355,12.924489,2,KMeans
10.524425,3.3653429,0,KMeans
9.7332735,8.750982,0,KMeans
9.271793,0.1445954,3,KMeans
10.902193,6.9815817,0,KMeans
10.252869,8.872289,0,KMeans
10.6373415,11.225995,2,KMeans
12.830965,12.860664,2,KMeans
11.663797,1.7527455,3,KMeans
12.8210335,13.294495,2,KMeans
9.210865,8.462702,0,KMeans
7.10561,8.010339,0,KMeans
10.392639,3.3676486,0,KMeans
9.852042,11.665959,2,KMeans
12.431813,9.549547,2,KMeans
8.668119,1.9184567,3,KMeans
7.4806876,8.016995,0,KMeans
12.21001,2.4788187,3,KMeans
11.908421,13.508253,2,KMeans
10.000402,11.057977,2,KMeans
13.010516,12.087982,2,KMeans
12.271898,2.3072376,3,KMeans
8.864122,2.3721147,3,KMeans
10.58331,6.364953,0,KMeans
10.551572,6.4532614,0,KMeans
9.443929,2.2161906,3,KMeans
12.145454,13.591927,2,KMeans
7.7671194,6.3254476,0,KMeans
9.343485,2.1556566,3,KMeans
8.669395,0.493457,3,KMeans
10.87577,6.1570325,0,KMeans
9.082183,8.083093,0,KMeans
10.570456,4.424985,0,KMeans
12.0608015,0.74861443,3,KMeans
12.596102,9.515661,2,KMeans
12.583543,-0.010193422,3,KMeans
11.491467,7.43623,0,KMeans
13.3719845,14.045337,2,KMeans
12.702996,1.78377,2,KMeans
10.891492,9.225865,2,KMeans
13.110736,14.008795,2,KMeans
8.921532,1.4212424,3,KMeans
7.770999,5.585399,0,KMeans
6.741265,9.085633,0,KMeans
8.593419,3.1769357,0,KMeans
9.523667,10.33569,2,KMeans
12.25798,12.350858,2,KMeans
11.161908,0.052999258,3,KMeans
12.348731,-0.19181064,3,KMeans
8.455516,2.0638971,3,KMeans
8.856862,6.365593,0,KMeans
10.832088,12.904753,2,KMeans
7.2055635,8.386733,0,KMeans
8.483514,5.874461,0,KMeans
12.130718,12.15693,2,KMeans
7.2965374,9.349668,0,KMeans
10.725967,7.0890236,0,KMeans
8.518507,0.018908883,3,KMeans
12.270554,2.4640458,3,KMeans
12.31789,10.854056,2,KMeans
10.770446,9.754071,2,KMeans
9.0169,11.954996,2,KMeans
9.75497,1.7514589,3,KMeans
12.467465,9.220488,2,KMeans
11.308964,5.9832616,0,KMeans
10.485735,9.262985,0,KMeans
7.549544,5.5038447,0,KMeans
11.822803,-0.12306328,3,KMeans
9.057103,6.585098,0,KMeans
11.772618,0.8749259,3,KMeans
11.296146,8.708447,0,KMeans
9.194067,6.1121144,0,KMeans
12.316382,13.093685,2,KMeans
10.862373,5.560402,0,KMeans
8.788494,0.16182207,3,KMeans
10.583977,3.701534,0,KMeans
9.892614,10.215898,2,KMeans
12.092329,-0.073620014,3,KMeans
10.234236,0.985384,3,KMeans
12.660325,0.45724946,3,KMeans
12.250333,0.21440569,3,KMeans
10.570449,9.1945715,2,KMeans
10.4614,12.146916,2,KMeans
11.348374,1.6606221,3,KMeans
10.344094,11.7409,2,KMeans
9.530703,0.38934743,3,KMeans
13.237205,10.915815,2,KMeans
9.775026,3.7673206,0,KMeans
9.885486,1.1105925,3,KMeans
12.520891,-0.30161932,3,KMeans
13.110197,12.599,2,KMeans
10.311958,1.2569001,3,KMeans
6.2257695,2.7195473,1,KMeans
9.134933,4.815835,0,KMeans
11.943958,12.016643,2,KMeans
10.0749655,8.948408,0,KMeans
11.31026,0.036236234,3,KMeans
9.651981,8.778651,0,KMeans
8.578605,10.234572,2,KMeans
9.25481,9.24593,0,KMeans
9.638774,3.4727032,0,KMeans
9.285813,2.6210885,3,KMeans
4.71809,2.421018,1,KMeans
12.758799,7.723821,2,KMeans
12.520469,11.945538,2,KMeans
10.910315,2.4436376,3,KMeans
11.599595,4.8463006,0,KMeans
11.277891,3.9768536,0,KMeans
9.148568,6.3863435,0,KMeans
11.087093,10.422344,2,KMeans
11.200999,6.4484367,0,KMeans
11.900106,10.26179,2,KMeans
10.144525,6.2881103,0,KMeans
8.649759,-0.16315143,3,KMeans
10.607232,0.7922847,3,KMeans
9.601293,9.970596,2,KMeans
10.428436,12.322008,2,KMeans
10.391519,2.8036523,3,KMeans
8.87092,4.350399,0,KMeans
8.323022,7.8979964,0,KMeans
8.208775,7.633526,0,KMeans
10.180296,11.707871,2,KMeans
9.490268,2.959638,3,KMeans
10.438029,11.522636,2,KMeans
8.714106,-0.66477084,3,KMeans
11.923118,13.384546,2,KMeans
9.785143,5.955409,0,KMeans
8.133149,10.714282,2,KMeans
8.898414,7.8471017,0,KMeans
8.8033085,4.219359,0,KMeans
9.331033,10.34637,2,KMeans
12.907325,11.530172,2,KMeans
12.465223,2.1378145,3,KMeans
11.063991,3.8254926,0,KMeans
10.091855,3.6043491,0,KMeans
10.859981,2.8488832,3,KMeans
11.624631,0.30415148,3,KMeans
8.8520565,8.620939,0,KMeans
10.384894,6.63705,0,KMeans
8.268131,4.3580937,0,KMeans
8.122252,5.686891,0,KMeans
10.133087,-0.45147339,3,KMeans
10.335414,11.40705,2,KMeans
12.481008,12.80468,2,KMeans
9.048903,2.6642826,3,KMeans
12.824588,0.11681728,2,KMeans
12.05833,-0.3361473,3,KMeans
8.7928915,11.627314,2,KMeans
10.996409,4.179254,0,KMeans
9.197022,2.5856295,3,KMeans
11.17613,0.047140412,3,KMeans
9.490898,2.2833552,3,KMeans
12.682196,12.604579,2,KMeans
12.0185175,7.042817,0,KMeans
8.6147,-0.2367044,3,KMeans
9.6649275,5.504449,0,KMeans
7.98169,10.564354,0,KMeans
11.218625,8.611689,0,KMeans
10.860463,1.5451875,3,KMeans
11.207028,0.32953167,3,KMeans
10.490127,10.334637,2,KMeans
9.974601,1.9888167,3,KMeans
11.118478,9.2492485,0,KMeans
9.653876,4.293452,0,KMeans
10.629754,11.369977,2,KMeans
8.720225,9.666245,0,KMeans
11.998323,3.1396053,3,KMeans
12.543436,1.8203301,2,KMeans
10.994193,4.7065086,0,KMeans
12.022575,9.770319,2,KMeans
7.4982095,9.257847,0,KMeans
9.4120035,11.528153,2,KMeans
12.4817915,7.5605083,0,KMeans
8.379302,7.9279804,0,KMeans
9.533867,2.5343702,3,KMeans
10.596847,1.645722,3,KMeans
11.439519,11.017065,2,KMeans
12.1532955,2.8402188,3,KMeans
10.338991,7.74861,0,KMeans
11.298482,-0.70268875,3,KMeans
10.630467,7.8504295,0,KMeans
10.643329,6.278638,0,KMeans
12.526838,1.0451993,3,KMeans
10.587225,10.983453,2,KMeans
11.922854,11.957935,2,KMeans
10.579069,2.8425746,3,KMeans
10.678142,5.801247,0,KMeans
9.342162,5.6796117,0,KMeans
8.904304,3.0263531,0,KMeans
10.854817,11.367696,2,KMeans
9.564778,2.6470652,3,KMeans
8.728679,-0.7535223,3,KMeans
8.97061,7.798316,0,KMeans
7.934479,9.746474,0,KMeans
11.189196,10.088954,2,KMeans
9.157759,11.879018,2,KMeans
10.903833,9.120572,0,KMeans
11.45671,1.011744,3,KMeans
12.257832,7.390515,0,KMeans
10.638049,8.649067,0,KMeans
11.396652,-0.38539648,3,KMeans
12.597851,13.194186,2,KMeans
6.933677,9.351284,0,KMeans
10.019035,-0.7629974,3,KMeans
9.082011,0.3736026,3,KMeans
9.283065,6.1588597,0,KMeans
12.5679245,3.1726246,2,KMeans
6.915508,9.434708,0,KMeans
9.062325,9.571777,0,KMeans
4.572614,2.422665,1,KMeans
11.823447,2.4977162,3,KMeans
8.832848,6.8956146,0,KMeans
11.744153,3.8354344,0,KMeans
9.460814,1.124803,3,KMeans
10.811171,3.5474153,0,KMeans
9.868829,8.88809,0,KMeans
11.698709,-0.56399566,3,KMeans
11.892273,3.8942251,0,KMeans
8.813818,7.1911106,0,KMeans
8.95465,3.1565313,0,KMeans
9.538106,2.0422826,3,KMeans
11.708192,7.0795937,0,KMeans
10.233291,11.216909,2,KMeans
8.568638,5.4987273,0,KMeans
9.64526,1.8749137,3,KMeans
9.540211,9.208016,0,KMeans
10.407323,0.097189486,3,KMeans
8.396134,6.1148562,0,KMeans
9.60412,0.7645332,3,KMeans
11.034099,7.8335776,0,KMeans
9.203163,2.8529887,3,KMeans
13.054712,13.544593,2,KMeans
12.951114,12.534293,2,KMeans
13.219743,13.202642,2,KMeans
7.458825,9.891059,0,KMeans
11.647928,-0.3317154,3,KMeans
8.646537,10.1169815,2,KMeans
12.667651,9.423288,2,KMeans
9.877822,8.978405,0,KMeans
12.168355,3.5656817,2,KMeans
8.582487,-0.86753947,3,KMeans
7.8971214,5.1804256,0,KMeans
9.661214,3.701563,0,KMeans
8.64146,4.4726696,0,KMeans
12.43806,11.138535,2,KMeans
11.488402,11.560797,2,KMeans
10.575708,2.5320537,3,KMeans
7.793713,9.390945,0,KMeans
11.529933,1.6896065,3,KMeans
8.885652,2.4718535,3,KMeans
9.055784,4.699456,0,KMeans
12.840225,9.567867,2,KMeans
9.113644,4.7704153,0,KMeans
10.5065365,9.414995,2,KMeans
10.472325,4.77134,0,KMeans
10.659087,0.07517789,3,KMeans
10.816793,10.557466,2,KMeans
10.514782,-0.512433,3,KMeans
9.317481,4.0806623,0,KMeans
10.248407,8.343114,0,KMeans
12.462684,-0.48634943,3,KMeans
8.4259,8.229873,0,KMeans
9.470728,0.774653,3,KMeans
10.058697,4.120629,0,KMeans
8.78839,10.35667,2,KMeans
13.508787,11.956277,2,KMeans
11.892128,7.254864,0,KMeans
9.969705,6.125451,0,KMeans
11.402415,11.682596,2,KMeans
11.4336405,6.756543,0,KMeans
10.587916,10.146355,2,KMeans
9.122965,3.706972,0,KMeans
9.175119,6.820508,0,KMeans
10.925794,11.336854,2,KMeans
10.2363405,2.7384253,3,KMeans
11.522928,11.886952,2,KMeans
12.084483,9.720839,2,KMeans
11.025905,9.791317,2,KMeans
11.29596,6.0359197,0,KMeans
12.460624,1.4596536,3,KMeans
8.539807,9.438741,0,KMeans
10.859924,7.255159,0,KMeans
11.916595,10.660337,2,KMeans
10.466607,0.90739113,3,KMeans
10.010332,0.91987336,3,KMeans
9.860399,0.669289,3,KMeans
11.129921,11.44218,2,KMeans
9.071145,2.3544154,3,KMeans
8.481621,3.5620522,0,KMeans
11.855523,7.620704,0,KMeans
9.44821,8.961545,0,KMeans
8.363375,3.5943098,0,KMeans
12.656796,12.755553,2,KMeans
9.451144,8.92325,0,KMeans
9.107633,11.431503,2,KMeans
12.444637,10.138748,2,KMeans
9.455299,9.448252,0,KMeans
7.6308694,9.134041,0,KMeans
9.007999,6.876234,0,KMeans
12.125098,6.917176,0,KMeans
10.979739,0.4447809,3,KMeans
12.692371,-0.11673738,3,KMeans
9.906871,7.649757,0,KMeans
9.606522,9.259657,0,KMeans
13.627882,13.462501,2,KMeans
11.742614,3.927918,0,KMeans
11.342436,12.577236,2,KMeans
10.561421,6.2869186,0,KMeans
11.006821,1.2343717,3,KMeans
11.575957,10.459566,2,KMeans
8.608223,1.5230634,3,KMeans
13.062634,12.250627,2,KMeans
9.246087,11.8241205,2,KMeans
13.71183,13.549671,2,KMeans
9.141182,9.610038,0,KMeans
9.519838,-0.06525282,3,KMeans
7.5106177,9.282251,0,KMeans
8.907732,0.56153893,3,KMeans
12.7087555,1.9347217,2,KMeans
11.301591,13.217908,2,KMeans
11.734825,6.2987323,0,KMeans
9.53309,6.903929,0,KMeans
12.431951,9.734858,2,KMeans
10.030187,8.38719,0,KMeans
8.829355,7.2616673,0,KMeans
6.9403596,10.065023,2,KMeans
10.584915,10.073742,2,KMeans
8.706055,8.802832,0,KMeans
11.944271,1.4407727,3,KMeans
9.789037,11.067613,2,KMeans
11.275127,1.0092413,3,KMeans
9.808395,0.32258093,3,KMeans
11.659827,7.0393953,0,KMeans
11.247369,9.525777,2,KMeans
9.852207,7.8780236,0,KMeans
10.255149,9.101916,0,KMeans
9.801833,6.522051,0,KMeans
10.401265,-0.9328235,3,KMeans
9.394656,2.7668943,3,KMeans
11.6789055,4.491295,0,KMeans
11.977435,4.1245527,0,KMeans
7.7728004,7.9173975,0,KMeans
9.922188,3.5491595,0,KMeans
10.426046,9.87185,2,KMeans
13.232344,11.932317,2,KMeans
9.080937,6.7504463,0,KMeans
12.25841,10.840762,2,KMeans
10.3121195,6.6567364,0,KMeans
13.624289,13.338616,2,KMeans
10.919666,10.577138,2,KMeans
9.472898,3.6655955,0,KMeans
9.290307,6.582476,0,KMeans
11.535357,2.2850504,3,KMeans
9.121898,2.396079,3,KMeans
12.981971,14.016042,2,KMeans
10.451585,11.332118,2,KMeans
10.259939,4.1643806,0,KMeans
12.9865675,0.8608721,2,KMeans
11.389732,8.763315,0,KMeans
7.8642836,5.3520026,0,KMeans
8.556708,7.91361,0,KMeans
10.460252,8.538832,0,KMeans
10.089417,6.3818984,0,KMeans
8.031907,9.903978,0,KMeans
6.7970815,9.893328,0,KMeans
12.953577,10.72035,2,KMeans
8.912086,5.1697893,0,KMeans
9.609205,1.5340499,3,KMeans
9.083785,5.3275857,0,KMeans
10.632461,9.114662,0,KMeans
8.859725,1.1079675,3,KMeans
11.855486,4.2714825,0,KMeans
10.581183,6.369762,0,KMeans
10.609938,10.495952,2,KMeans
8.350275,9.442482,0,KMeans
9.325902,10.184534,2,KMeans
9.015848,9.6628475,0,KMeans
9.0270195,1.7055079,3,KMeans
10.150453,5.2788124,0,KMeans
9.09188,2.2370138,3,KMeans
9.687132,6.162657,0,KMeans
9.78851,11.315176,2,KMeans
8.248207,6.861558,0,KMeans
8.512187,10.068102,2,KMeans
9.41652,7.1032457,0,KMeans
9.882546,8.758357,0,KMeans
11.166046,0.022172136,3,KMeans
6.6637173,9.534253,0,KMeans
8.6285,6.7522774,0,KMeans
11.120994,3.637655,0,KMeans
10.906861,8.013588,0,KMeans
10.497041,9.167395,0,KMeans
12.666761,1.1607056,3,KMeans
9.629636,5.203478,0,KMeans
8.022161,3.4257653,0,KMeans
8.095292,10.723187,2,KMeans
10.40003,9.753743,2,KMeans
11.550532,3.1345186,3,KMeans
9.232638,7.7661123,0,KMeans
10.801197,7.818697,0,KMeans
7.9398975,5.0092173,0,KMeans
11.583213,1.2385205,3,KMeans
13.271041,10.694096,2,KMeans
7.925024,10.549927,2,KMeans
7.1183133,8.992008,0,KMeans
10.572179,1.375384,3,KMeans
9.118961,4.1139607,0,KMeans
10.995397,8.136585,0,KMeans
10.606321,5.9673386,0,KMeans
9.501315,2.0237699,3,KMeans
12.46384,0.00084519276,3,KMeans
6.556315,2.9095592,1,KMeans
9.709405,5.9726605,0,KMeans
10.11623,2.9527583,3,KMeans
9.635662,7.2360497,0,KMeans
13.2870245,11.838891,2,KMeans
8.530738,4.5667796,0,KMeans
12.886751,13.445534,2,KMeans
12.411318,13.449707,2,KMeans
9.872636,7.3550196,0,KMeans
9.489042,9.781639,0,KMeans
9.985046,7.9240007,0,KMeans
10.883499,2.435479,3,KMeans
10.713425,0.5383323,3,KMeans
9.224414,11.903856,2,KMeans
10.857484,0.053877603,3,KMeans
11.924911,12.669261,2,KMeans
7.7650046,9.725069,2,KMeans
11.738974,1.1262738,3,KMeans
8.258162,9.423612,0,KMeans
11.11743,1.7614044,3,KMeans
8.871691,8.000664,0,KMeans
11.103008,0.58135825,3,KMeans
12.321731,11.233521,2,KMeans
10.145346,0.96966964,3,KMeans
10.751748,-0.22824974,3,KMeans
12.734732,0.7381248,3,KMeans
11.474673,13.068494,2,KMeans
9.60441,-0.6406385,3,KMeans
12.472763,10.094506,2,KMeans
11.695899,2.011302,3,KMeans
10.027301,0.1632291,3,KMeans
7.181071,9.369198,0,KMeans
8.918956,9.989338,2,KMeans
8.643817,7.48119,0,KMeans
9.49276,10.255944,2,KMeans
11.234236,8.060089,0,KMeans
8.790425,5.486085,0,KMeans
11.482117,12.504157,2,KMeans
11.938494,4.303239,0,KMeans
8.977063,4.1283216,0,KMeans
10.907864,7.443445,0,KMeans
12.053597,10.083438,2,KMeans
12.709219,-0.47747126,2,KMeans
8.800604,10.435463,2,KMeans
12.055817,9.447141,2,KMeans
9.746509,10.30063,2,KMeans
12.484907,0.9996126,3,KMeans
9.412927,1.4760901,3,KMeans
9.538259,6.351124,0,KMeans
11.73902,12.842379,2,KMeans
13.67777,13.753075,2,KMeans
8.969242,2.6057706,3,KMeans
10.429443,8.969283,0,KMeans
11.478215,11.536016,2,KMeans
10.893205,2.0222278,3,KMeans
9.515362,7.156352,0,KMeans
9.598485,1.5319661,3,KMeans
11.522699,10.580754,2,KMeans
10.719719,3.9220994,2,KMeans
11.023285,3.091558,3,KMeans
7.5641727,8.148111,0,KMeans
7.510048,8.032147,0,KMeans
11.386389,8.0272455,0,KMeans
10.108596,9.118206,0,KMeans
8.60101,5.4802523,0,KMeans
11.530795,3.4917068,0,KMeans
10.974166,0.56954455,3,KMeans
8.859996,9.497167,0,KMeans
10.622907,2.0651226,3,KMeans
10.997324,7.517995,0,KMeans
10.869872,0.5195485,3,KMeans
11.51016,9.663455,2,KMeans
8.610934,5.4152703,0,KMeans
10.9355135,8.498986,0,KMeans
10.377497,5.92389,0,KMeans
10.499636,1.1278951,3,KMeans
8.794456,3.0423076,0,KMeans
10.2116785,5.854693,0,KMeans
11.89942,10.079002,2,KMeans
9.765622,4.0126953,0,KMeans
7.6451764,9.816226,0,KMeans
10.016452,1.0133623,3,KMeans
6.341541,2.8925846,1,KMeans
10.943144,5.122102,0,KMeans
9.516093,5.6661925,0,KMeans
11.667724,3.2288337,2,KMeans
11.399277,11.662151,2,KMeans
9.6736145,7.186565,0,KMeans
11.09003,9.769953,2,KMeans
10.047534,11.093049,2,KMeans
12.081162,2.9703374,3,KMeans
9.637893,-0.65908414,3,KMeans
9.844472,0.8708295,3,KMeans
9.990519,6.5644355,0,KMeans
8.372304,3.1940045,3,KMeans
11.739688,10.296706,2,KMeans
11.188815,3.5168614,3,KMeans
10.87096,2.0586689,3,KMeans
9.108997,2.3281965,3,KMeans
9.085906,9.54798,0,KMeans
11.687726,12.760626,2,KMeans
10.85077,10.238046,2,KMeans
10.227929,1.6637626,3,KMeans
10.63022,5.953607,0,KMeans
12.0652,0.10488029,3,KMeans
9.8761425,0.77305573,3,KMeans
12.972663,11.172184,2,KMeans
9.084285,10.761405,2,KMeans
8.03388,9.607759,0,KMeans
8.785706,2.2490754,3,KMeans
10.635785,6.4838805,0,KMeans
11.439796,7.726958,0,KMeans
13.015685,13.745401,2,KMeans
10.861327,9.43997,2,KMeans
10.904602,3.5491092,0,KMeans
9.259805,10.957186,2,KMeans
8.8848915,9.639756,0,KMeans
8.646811,-0.05880412,3,KMeans
10.247406,2.9875548,3,KMeans
9.334689,7.943295,0,KMeans
11.209284,8.293916,0,KMeans
8.2163105,9.134511,0,KMeans
10.890192,1.4816607,3,KMeans
10.163004,6.967492,0,KMeans
10.558054,7.0206594,0,KMeans
10.216589,7.545275,0,KMeans
4.47156,2.3545995,1,KMeans
9.210645,4.413636,0,KMeans
11.545628,2.6683755,3,KMeans
9.070008,9.752076,2,KMeans
9.168689,10.275716,2,KMeans
11.481483,3.2521074,3,KMeans
9.02864,9.445547,0,KMeans
7.160902,9.074003,0,KMeans
12.068438,-0.122236714,3,KMeans
9.5196,5.6507535,0,KMeans
9.326347,5.0633135,0,KMeans
11.166035,4.2209024,0,KMeans
9.151537,0.8998226,3,KMeans
12.566141,12.302361,2,KMeans
7.1636114,9.315088,0,KMeans
10.737789,10.626455,2,KMeans
11.382625,4.37859,0,KMeans
10.106079,0.12299266,3,KMeans
10.985407,9.773405,2,KMeans
9.422311,5.981445,0,KMeans
9.694688,4.8340783,0,KMeans
12.837781,13.525319,2,KMeans
10.61741,1.4453984,3,KMeans
9.140809,-0.9303996,3,KMeans
8.129293,5.8458424,0,KMeans
7.536049,10.015289,2,KMeans
12.65815,9.87233,2,KMeans
11.307288,-0.8611949,3,KMeans
11.6516905,11.729524,2,KMeans
11.329475,2.8314884,3,KMeans
12.808422,13.38703,2,KMeans
8.650586,1.0939033,3,KMeans
8.944537,2.8936718,3,KMeans
7.678714,8.918802,0,KMeans
10.040782,-0.2991436,3,KMeans
7.7868237,10.180257,2,KMeans
11.297937,9.433049,2,KMeans
8.038883,7.267105,0,KMeans
9.5209055,2.8762603,3,KMeans
10.378865,10.153509,2,KMeans
8.593025,3.4561799,0,KMeans
9.870852,3.3261597,0,KMeans
10.609509,2.2664936,3,KMeans
8.68752,10.363327,2,KMeans
8.881391,7.9182243,0,KMeans
10.102491,10.222767,2,KMeans
10.035189,12.16041,2,KMeans
10.167315,12.067207,2,KMeans
11.138231,9.365788,2,KMeans
10.666166,1.332542,3,KMeans
9.20234,4.3744097,0,KMeans
10.306624,0.19848944,3,KMeans
11.152017,11.363943,2,KMeans
6.0189977,2.5425775,1,KMeans
12.184719,1.6865766,3,KMeans
9.527171,4.1830573,0,KMeans
8.662632,11.428116,2,KMeans
8.756157,6.5520344,0,KMeans
10.164568,10.744963,2,KMeans
9.305667,3.9735618,0,KMeans
13.064366,11.458549,2,KMeans
12.207118,-0.62227863,3,KMeans
10.628508,3.4859686,0,KMeans
11.608266,4.252962,0,KMeans
10.35897,3.5340674,0,KMeans
11.221444,9.165719,2,KMeans
9.713919,1.7613934,3,KMeans
9.322881,8.981334,0,KMeans
8.923961,2.0455372,3,KMeans
8.917392,7.4211097,0,KMeans
10.840893,10.42799,2,KMeans
13.137014,11.340952,2,KMeans
11.889521,3.9850657,0,KMeans
12.316854,13.194228,2,KMeans
12.022302,4.4541216,0,KMeans
9.573389,1.9677345,3,KMeans
8.81588,1.3583853,3,KMeans
10.2156725,5.9827466,0,KMeans
11.083253,9.764679,2,KMeans
12.6060505,2.7974913,2,KMeans
11.864892,11.839647,2,KMeans
10.103612,11.146772,2,KMeans
12.6461,2.1775224,2,KMeans
10.308125,11.965443,2,KMeans
10.767632,-0.5116642,3,KMeans
4.874192,2.4553013,1,KMeans
10.548163,1.9498099,3,KMeans
12.278927,7.6178503,0,KMeans
9.913027,8.790686,0,KMeans
11.920364,8.995834,2,KMeans
8.91194,10.553227,2,KMeans
10.582907,0.2845143,3,KMeans
9.672359,1.7287036,3,KMeans
12.255152,11.680954,2,KMeans
9.062387,2.750757,3,KMeans
10.388741,8.615052,0,KMeans
7.9773965,9.431952,0,KMeans
7.565658,8.952243,0,KMeans
8.550367,2.5866692,3,KMeans
12.598345,13.154822,2,KMeans
8.515464,2.3882878,3,KMeans
10.829471,11.5412,2,KMeans
10.276682,7.5723386,0,KMeans
12.125111,10.472176,2,KMeans
10.889908,0.48984185,3,KMeans
10.558402,2.5024133,3,KMeans
7.112932,9.97226,0,KMeans
10.31678,0.6419029,3,KMeans
11.369517,12.820051,2,KMeans
8.761182,5.6534534,0,KMeans
8.383216,7.441523,0,KMeans
10.937057,1.6424706,3,KMeans
12.6978035,12.364115,2,KMeans
8.783232,10.020676,2,KMeans
11.760367,11.352916,2,KMeans
7.5567865,8.686204,0,KMeans
9.871502,5.343804,0,KMeans
10.113343,1.6038066,3,KMeans
12.568102,12.299077,2,KMeans
10.95423,11.934928,2,KMeans
13.019353,11.0010605,2,KMeans
6.8491235,9.77258,2,KMeans
10.515662,6.7379384,0,KMeans
8.675655,9.092356,0,KMeans
8.448688,-0.098318554,3,KMeans
9.965506,11.846765,2,KMeans
11.598627,3.5535603,0,KMeans
11.220308,1.1410085,3,KMeans
10.925258,9.476429,2,KMeans
10.682451,8.716617,0,KMeans
8.956722,2.427722,3,KMeans
10.678936,5.490272,0,KMeans
13.03115,13.008119,2,KMeans
11.506776,1.3771441,3,KMeans
11.590663,4.086579,3,KMeans
8.353624,6.1128874,0,KMeans
8.470208,7.931866,0,KMeans
9.263122,2.8684862,3,KMeans
10.2025175,1.2753509,3,KMeans
11.457381,4.382164,0,KMeans
9.658855,10.933432,2,KMeans
10.170485,5.1701384,0,KMeans
11.715176,12.811538,2,KMeans
11.711696,9.331016,2,KMeans
6.899597,3.1836336,0,KMeans
8.141852,6.7517643,0,KMeans
8.03935,3.3399525,0,KMeans
9.470754,5.601665,0,KMeans
12.93813,11.328542,2,KMeans
11.351969,0.3167564,3,KMeans
9.439787,8.025349,0,KMeans
9.001165,7.8518677,0,KMeans
8.668652,0.04184399,3,KMeans
12.180567,0.5577194,3,KMeans
10.6609,0.16406253,3,KMeans
10.334367,2.468325,3,KMeans
13.183552,12.330285,2,KMeans
12.460081,13.845676,2,KMeans
9.233498,5.1463366,0,KMeans
13.664128,13.844744,2,KMeans
11.668468,-0.47025537,3,KMeans
9.791523,7.141215,0,KMeans
9.980629,7.332304,0,KMeans
13.13209,13.405043,2,KMeans
10.849007,6.244402,0,KMeans
7.2436023,9.143192,0,KMeans
9.4657,2.5225859,3,KMeans
10.940141,7.6145697,0,KMeans
8.889989,5.435272,0,KMeans
12.728764,13.340293,2,KMeans
10.730971,3.4030497,3,KMeans
10.14601,9.536507,0,KMeans
9.731632,4.3136163,0,KMeans
10.229825,11.5475,2,KMeans
11.062367,5.722212,0,KMeans
10.2021265,5.518712,0,KMeans
12.063567,12.731242,2,KMeans
8.520518,6.6580462,0,KMeans
7.3911786,9.495856,0,KMeans
8.930371,6.7718987,0,KMeans
10.881461,5.5493565,0,KMeans
10.2063055,0.77854836,3,KMeans
12.544379,9.48364,2,KMeans
9.919382,9.749266,0,KMeans
11.395978,1.6729971,3,KMeans
7.8862453,10.683823,2,KMeans
9.044983,4.7745013,0,KMeans
12.537951,2.2334738,3,KMeans
10.612499,5.0189114,0,KMeans
8.816764,4.8812175,0,KMeans
12.487983,1.7224009,3,KMeans
11.344318,3.3767674,3,KMeans
9.618046,5.733221,0,KMeans
10.263193,7.6825523,0,KMeans
10.388432,0.41228494,3,KMeans
10.998562,7.8483357,0,KMeans
11.151245,8.674807,0,KMeans
12.748569,13.286036,2,KMeans
10.063059,5.8523235,0,KMeans
13.375942,13.0257845,2,KMeans
11.49824,12.075608,2,KMeans
10.215495,2.7038014,3,KMeans
12.579951,13.72106,2,KMeans
8.529039,-0.6153261,3,KMeans
10.967068,8.715876,0,KMeans
6.368744,2.461765,3,KMeans
8.590063,9.309287,0,KMeans
12.891773,14.004784,2,KMeans
10.9338665,1.1209451,3,KMeans
6.385402,2.8677788,2,KMeans
11.517453,12.107338,2,KMeans
9.258054,4.027783,0,KMeans
9.287796,3.7975562,0,KMeans
9.040877,2.4809055,3,KMeans
8.31432,5.0088053,0,KMeans
10.88187,10.915578,2,KMeans
8.287321,4.6127496,0,KMeans
9.633154,9.2625675,0,KMeans
8.561045,5.097074,0,KMeans
10.320772,12.646974,2,KMeans
12.792308,0.39243034,2,KMeans
11.590315,11.518775,2,KMeans
12.732142,0.8409361,2,KMeans
10.168033,4.9402866,0,KMeans
8.742702,-0.07524313,3,KMeans
8.658164,9.255204,0,KMeans
11.940384,1.8329555,3,KMeans
12.235154,0.24298988,3,KMeans
10.709071,6.302342,0,KMeans
9.286344,5.971315,0,KMeans
11.767727,13.130108,2,KMeans
11.932481,-0.8017341,3,KMeans
11.733272,0.9471675,3,KMeans
12.741142,1.6469096,2,KMeans
11.34274,1.6006774,3,KMeans
11.967253,12.676155,2,KMeans
10.526336,6.2470407,0,KMeans
8.726877,5.339323,0,KMeans
4.385887,2.3146427,1,KMeans
8.566752,9.654331,0,KMeans
11.790211,10.642184,2,KMeans
12.284391,8.870227,2,KMeans
10.020283,9.095357,0,KMeans
12.6712475,1.6717486,2,KMeans
8.819602,11.690537,2,KMeans
9.036857,4.921839,0,KMeans
9.501429,9.11554,0,KMeans
10.006775,6.7140555,0,KMeans
9.713227,5.5199895,0,KMeans
10.8311615,8.9762,0,KMeans
10.488533,7.472218,0,KMeans
9.57598,5.876956,0,KMeans
11.499596,3.3680642,0,KMeans
11.758319,12.7903805,2,KMeans
8.588702,10.252179,2,KMeans
11.129301,3.2739344,3,KMeans
12.674663,-0.4421476,3,KMeans
8.086246,5.612629,0,KMeans
10.844827,7.4782686,0,KMeans
11.824037,7.5166016,0,KMeans
12.083556,6.299304,0,KMeans
6.9345665,10.128323,2,KMeans
11.03455,8.265819,0,KMeans
10.736046,3.0951998,3,KMeans
12.895338,12.694667,2,KMeans
11.550836,10.276145,2,KMeans
10.146059,5.7084165,0,KMeans
11.0749235,3.5110047,3,KMeans
11.882105,2.1119545,3,KMeans
12.511036,9.523134,2,KMeans
10.163209,10.833562,2,KMeans
9.9275255,1.1359345,3,KMeans
12.448786,13.456144,2,KMeans
10.071242,8.108496,0,KMeans
7.1808066,9.599477,0,KMeans
10.198351,7.0305037,0,KMeans
7.8081856,7.464486,0,KMeans
8.809473,8.429793,0,KMeans
11.691793,11.512481,2,KMeans
12.076454,-0.25700256,3,KMeans
8.005097,3.5747097,0,KMeans
11.005243,-0.6228503,3,KMeans
11.5958185,1.2352517,3,KMeans
10.414394,10.078384,2,KMeans
12.152134,1.4794384,3,KMeans
11.464443,12.233865,2,KMeans
8.511266,0.4173758,3,KMeans
9.398796,-0.19768256,3,KMeans
9.477027,10.739475,2,KMeans
8.2535305,7.684105,0,KMeans
9.4514885,8.878092,0,KMeans
12.085169,12.668947,2,KMeans
10.326742,11.314781,2,KMeans
12.55551,9.819852,2,KMeans
12.40529,12.47826,2,KMeans
11.099473,9.72514,2,KMeans
9.869429,2.2553067,3,KMeans
7.786946,10.516113,2,KMeans
12.539038,7.405261,2,KMeans
11.805349,12.6584425,2,KMeans
9.7253065,10.820812,2,KMeans
10.442259,2.481554,3,KMeans
10.228672,10.354717,2,KMeans
9.959883,2.494152,3,KMeans
11.719524,3.6269503,0,KMeans
10.945325,12.651074,2,KMeans
9.7015505,0.0022323206,3,KMeans
9.016163,2.519912,3,KMeans
10.778247,5.7361946,0,KMeans
8.424348,10.595796,2,KMeans
8.215567,8.768197,0,KMeans
10.829616,5.8507023,0,KMeans
11.4592285,2.9100947,3,KMeans
10.734019,-0.75343186,3,KMeans
8.640163,1.6223516,3,KMeans
7.689797,6.0968423,0,KMeans
9.320197,2.8775723,3,KMeans
6.9150653,9.963697,2,KMeans
10.8375635,11.700657,2,KMeans
10.544949,-0.58558947,3,KMeans
8.465187,7.678886,0,KMeans
11.711606,11.368899,2,KMeans
10.480985,3.8861542,0,KMeans
9.288481,7.692812,0,KMeans
8.632222,2.9572895,0,KMeans
9.517618,9.193152,0,KMeans
9.246942,1.2332301,3,KMeans
10.591425,9.346597,2,KMeans
10.207067,3.2136748,3,KMeans
10.411676,1.7258474,3,KMeans
10.3893385,0.84346503,3,KMeans
7.708122,8.864555,0,KMeans
9.923756,-0.49103236,3,KMeans
10.471529,4.627126,0,KMeans
11.284322,2.0138698,3,KMeans
11.218433,5.426662,0,KMeans
5.9187856,2.6644015,1,KMeans
8.336122,11.25695,2,KMeans
8.472801,1.5577726,0,KMeans
12.423319,13.117606,2,KMeans
10.555868,4.3080454,0,KMeans
7.1727157,9.555015,0,KMeans
9.253916,2.7167091,3,KMeans
8.925738,0.76975507,3,KMeans
10.58215,11.476807,2,KMeans
10.503496,6.905364,0,KMeans
8.429342,8.352377,0,KMeans
9.240456,7.742085,0,KMeans
10.181725,6.8703766,0,KMeans
12.294179,9.761413,2,KMeans
9.316253,4.8221617,0,KMeans
9.663642,0.06957586,3,KMeans
11.808154,-0.63220876,3,KMeans
9.670526,3.73801,0,KMeans
13.111787,12.631181,2,KMeans
10.344133,11.174623,2,KMeans
11.370358,1.8837727,3,KMeans
8.989514,6.8696265,0,KMeans
9.008032,9.269235,0,KMeans
11.279741,9.683231,2,KMeans
9.267655,9.116086,0,KMeans
11.562204,10.721135,2,KMeans
10.455052,6.0357246,0,KMeans
12.094934,7.1201305,0,KMeans
12.970662,13.7776985,2,KMeans
8.669025,11.948265,2,KMeans
9.303402,8.728628,0,KMeans
10.3544035,11.891293,2,KMeans
12.168466,9.168923,2,KMeans
5.2938595,2.5518315,1,KMeans
10.858082,9.42237,2,KMeans
12.3120575,9.098576,2,KMeans
11.343929,9.5058155,2,KMeans
8.673262,9.720804,2,KMeans
5.2381682,2.5397842,1,KMeans
9.284325,8.662756,0,KMeans
12.9636,9.836196,2,KMeans
9.001074,8.737709,0,KMeans
8.992383,4.844432,0,KMeans
10.984029,9.206792,0,KMeans
6.5480046,3.0156157,2,KMeans
10.341903,3.5548162,0,KMeans
10.190916,1.4827963,3,KMeans
10.060256,-0.02282979,3,KMeans
9.34189,-0.70896536,3,KMeans
8.279091,8.191135,0,KMeans
10.468347,4.775245,0,KMeans
11.685578,9.375407,2,KMeans
12.896236,0.5356974,2,KMeans
13.601733,12.890103,2,KMeans
9.899458,8.439317,0,KMeans
9.090507,10.080421,2,KMeans
10.249202,0.35341272,3,KMeans
9.903365,3.6600635,0,KMeans
8.103106,4.8921943,0,KMeans
8.662523,9.349895,0,KMeans
6.7792363,9.843849,2,KMeans
8.274788,7.4622583,0,KMeans
11.301482,2.0996518,3,KMeans
12.353657,2.2990303,3,KMeans
9.049719,10.223516,2,KMeans
9.956371,8.826733,0,KMeans
11.011348,0.31414708,3,KMeans
11.8189945,9.359988,2,KMeans
11.062624,5.011944,0,KMeans
9.199868,7.712249,0,KMeans
11.093686,7.4702125,0,KMeans
10.520294,7.861548,0,KMeans
8.449234,9.656761,0,KMeans
10.038307,5.560295,0,KMeans
7.752098,5.5803504,0,KMeans
12.126637,0.86787915,3,KMeans
9.617253,3.6228476,0,KMeans
11.787048,3.2222638,3,KMeans
9.885066,6.244534,0,KMeans
4.640646,2.40599,1,KMeans
6.2412076,2.8508418,1,KMeans
8.964847,1.1496787,3,KMeans
9.207559,11.125908,2,KMeans
9.974067,6.4471755,0,KMeans
12.660549,-0.44037366,3,KMeans
11.435477,2.1226923,3,KMeans
8.989615,3.885444,0,KMeans
12.223072,1.98096,3,KMeans
9.698643,7.8197446,0,KMeans
10.387852,4.7021255,0,KMeans
10.654256,2.3291469,3,KMeans
13.024889,10.262192,2,KMeans
8.613594,8.333103,0,KMeans
8.544999,10.482167,2,KMeans
11.250206,-0.129713,3,KMeans
11.902393,0.14954536,3,KMeans
9.029065,8.842479,0,KMeans
8.265857,6.9466934,0,KMeans
11.108061,8.9398,0,KMeans
7.717252,8.064959,0,KMeans
9.096541,2.4847581,3,KMeans
11.002747,3.8958607,0,KMeans
9.244016,-0.55059,3,KMeans
12.681673,9.313316,2,KMeans
10.93561,5.5291505,0,KMeans
11.769978,12.070397,2,KMeans
8.778157,6.6162024,0,KMeans
8.518037,3.6923254,0,KMeans
8.700562,4.305714,0,KMeans
9.689244,7.820073,0,KMeans
10.978007,11.257434,2,KMeans
12.110659,12.488703,2,KMeans
11.954702,2.3818898,3,KMeans
8.208402,10.265419,2,KMeans
12.1134815,3.3536575,2,KMeans
11.528745,8.676065,0,KMeans
9.009499,4.994265,0,KMeans
8.538143,7.158339,0,KMeans
10.568085,5.0118327,0,KMeans
12.544613,9.967455,2,KMeans
8.508954,9.475936,0,KMeans
12.121119,12.062684,2,KMeans
9.2247925,4.4509244,0,KMeans
10.5415325,9.771373,2,KMeans
6.7830977,8.9035425,0,KMeans
10.447251,11.0187845,2,KMeans
11.865551,11.292079,2,KMeans
9.687723,1.8501458,3,KMeans
9.661723,7.370625,0,KMeans
12.271504,-0.80403525,3,KMeans
9.413036,3.481046,0,KMeans
12.568066,11.785328,2,KMeans
13.570572,13.588427,2,KMeans
12.653186,10.944668,2,KMeans
10.484805,11.45143,2,KMeans
11.913867,0.7080493,3,KMeans
11.821714,0.74261665,3,KMeans
9.692105,7.182919,0,KMeans
9.593049,-0.7213983,3,KMeans
11.704916,3.3095932,0,KMeans
12.205295,1.9957231,3,KMeans
12.657044,11.0252285,2,KMeans
10.219808,-0.90650827,3,KMeans
13.013318,13.797925,2,KMeans
13.289889,11.374837,2,KMeans
10.157908,10.913867,2,KMeans
10.881411,5.581872,0,KMeans
10.956121,5.2985563,0,KMeans
9.842252,10.363101,2,KMeans
11.069803,3.0182743,3,KMeans
10.61573,1.4704925,3,KMeans
8.010461,6.418381,0,KMeans
12.44855,13.853488,2,KMeans
9.252148,3.1093645,0,KMeans
10.932321,2.249022,3,KMeans
9.3186655,3.0066626,0,KMeans
7.869659,10.202695,2,KMeans
9.756875,10.290018,2,KMeans
8.856259,2.153812,3,KMeans
9.883696,0.14622402,3,KMeans
11.413266,2.2115247,3,KMeans
7.7486377,7.580872,0,KMeans
6.774128,3.0874958,0,KMeans
13.413324,12.434788,2,KMeans
8.719698,-0.9631428,3,KMeans
13.529803,13.515991,2,KMeans
10.818529,5.859061,0,KMeans
9.070947,7.228699,0,KMeans
9.759491,10.353775,2,KMeans
9.742629,11.795697,2,KMeans
10.489743,3.636656,0,KMeans
10.11142,4.409553,0,KMeans
11.002483,8.510555,0,KMeans
11.83594,10.689779,2,KMeans
12.440377,-0.26474833,3,KMeans
12.9181185,11.29656,2,KMeans
7.9338255,5.21319,0,KMeans
10.626933,4.9752707,0,KMeans
8.327788,7.4050016,0,KMeans
13.592606,13.440438,2,KMeans
7.363548,8.186049,0,KMeans
9.026525,1.8144846,3,KMeans
10.094506,3.2232647,0,KMeans
9.159843,6.5299335,0,KMeans
12.307919,11.033472,2,KMeans
11.381327,0.059664432,3,KMeans
5.067639,2.4788468,1,KMeans
10.006306,5.183011,0,KMeans
12.019559,1.661665,3,KMeans
8.565342,2.1544435,3,KMeans
12.041963,10.620491,2,KMeans
9.94392,5.906502,0,KMeans
9.393252,11.3483095,2,KMeans
12.282055,13.58319,2,KMeans
12.905429,10.365857,2,KMeans
10.765929,10.994135,2,KMeans
11.757982,2.906911,3,KMeans
12.85498,11.1883335,2,KMeans
9.926654,0.5217387,3,KMeans
10.184827,6.308417,0,KMeans
7.9686255,6.1483626,0,KMeans
9.281224,10.1845665,2,KMeans
11.909614,1.7140229,3,KMeans
10.250743,0.54577947,3,KMeans
11.042426,11.989374,2,KMeans
10.955003,2.9570527,0,KMeans
9.903961,8.637286,0,KMeans
12.588954,13.331892,2,KMeans
8.95148,10.249961,2,KMeans
11.606583,8.632481,0,KMeans
10.850027,6.202869,0,KMeans
9.820011,9.550182,0,KMeans
9.607414,5.3639736,0,KMeans
12.006782,1.850321,3,KMeans
9.8661585,0.11793094,3,KMeans
7.824152,8.476708,0,KMeans
8.776157,6.9913597,0,KMeans
11.012177,6.3798637,0,KMeans
11.292295,2.305948,3,KMeans
9.135615,5.8208632,0,KMeans
10.320647,1.2637851,3,KMeans
8.888925,0.6897118,3,KMeans
8.673166,10.317297,2,KMeans
12.785722,10.185608,2,KMeans
8.831753,6.45191,0,KMeans
9.855768,5.685106,0,KMeans
8.704037,4.566588,0,KMeans
10.413511,8.669636,0,KMeans
13.548982,13.371153,2,KMeans
10.20156,9.870333,2,KMeans
11.270608,1.0220774,3,KMeans
7.2105722,7.8890495,0,KMeans
10.808077,9.663166,2,KMeans
7.599842,9.459737,0,KMeans
11.900636,7.7863097,0,KMeans
12.685999,9.76534,2,KMeans
8.592052,5.6582775,0,KMeans
7.217322,9.130516,0,KMeans
9.0045595,4.3604493,0,KMeans
10.563709,4.260357,0,KMeans
8.38985,11.488028,2,KMeans
10.929363,2.4522817,3,KMeans
13.261991,13.610686,2,KMeans
9.125183,9.701389,2,KMeans
10.388379,9.265172,0,KMeans
8.158542,10.451148,2,KMeans
12.07875,13.101589,2,KMeans
10.430345,-0.87151873,3,KMeans
12.885693,11.028898,2,KMeans
12.634438,11.057742,2,KMeans
8.843448,5.9535265,0,KMeans
11.105005,1.6359518,3,KMeans
9.96388,-0.3798025,3,KMeans
11.086998,4.285041,0,KMeans
11.030816,7.094998,0,KMeans
9.09686,3.593212,0,KMeans
13.076134,12.8028555,2,KMeans
10.656668,1.9089044,3,KMeans
10.285806,2.1770046,3,KMeans
11.686762,2.0723612,3,KMeans
8.870624,10.379864,2,KMeans
9.185408,7.212333,0,KMeans
10.351728,5.11775,0,KMeans
9.116249,2.51798,3,KMeans
8.354872,4.017087,0,KMeans
9.8942795,9.360806,0,KMeans
12.037026,2.396305,3,KMeans
13.263331,10.374557,3,KMeans
6.773561,9.139163,0,KMeans
9.518293,-0.6859185,3,KMeans
11.3961315,2.418978,3,KMeans
12.095706,0.95589966,3,KMeans
12.665291,1.809891,3,KMeans
9.075091,0.19600095,3,KMeans
11.338751,9.807598,2,KMeans
11.247861,2.0530775,3,KMeans
10.883022,-0.020797132,3,KMeans
8.330227,4.2833123,0,KMeans
11.085267,10.9143305,2,KMeans
10.477359,9.465755,0,KMeans
12.447688,2.7849715,2,KMeans
9.773216,1.0055729,3,KMeans
11.648325,0.12622762,3,KMeans
8.859018,-0.36412233,3,KMeans
11.401904,2.1628428,3,KMeans
8.112418,7.479417,0,KMeans
11.815182,-0.31150776,3,KMeans
12.439638,10.418928,2,KMeans
6.474358,2.7844987,3,KMeans
12.9501705,10.616305,2,KMeans
8.910452,0.8968667,3,KMeans
12.67183,13.15783,2,KMeans
8.801077,-0.47726288,3,KMeans
10.52291,3.2644417,3,KMeans
11.454383,10.014464,2,KMeans
11.897292,7.81592,0,KMeans
8.947136,6.2333884,0,KMeans
8.3033285,7.4124117,0,KMeans
9.549669,9.396782,0,KMeans
7.0252876,9.62685,0,KMeans
10.671739,11.00154,2,KMeans
10.632239,0.37678924,3,KMeans
10.305015,0.4538261,3,KMeans
10.195645,3.489757,0,KMeans
8.668414,10.264937,2,KMeans
8.622626,7.8489394,0,KMeans
9.636632,4.326768,0,KMeans
9.608921,11.4795475,2,KMeans
11.691849,7.3734627,2,KMeans
9.526728,8.481266,0,KMeans
8.396731,7.6427045,0,KMeans
8.751142,2.1260293,3,KMeans
11.706914,12.115399,2,KMeans
9.965737,2.5630481,3,KMeans
11.6448345,-0.058652777,3,KMeans
10.586032,1.7379956,3,KMeans
11.158674,12.295419,2,KMeans
10.797154,11.262798,2,KMeans
12.394093,10.093947,2,KMeans
13.00154,11.318452,2,KMeans
9.494238,0.5580673,3,KMeans
8.624682,2.292849,3,KMeans
10.744789,10.437656,2,KMeans
11.861555,7.190877,0,KMeans
13.501489,13.265355,2,KMeans
9.846482,10.855582,2,KMeans
12.304469,12.837167,2,KMeans
10.336863,11.68188,2,KMeans
9.1490135,10.256456,2,KMeans
10.08241,4.0658107,0,KMeans
13.200062,12.567943,2,KMeans
8.100297,5.233536,0,KMeans
9.1321945,5.0043607,0,KMeans
9.135548,6.4915986,0,KMeans
9.454868,0.08869057,3,KMeans
12.405631,9.97219,2,KMeans
7.518568,8.982603,0,KMeans
8.46862,0.14072733,3,KMeans
10.372923,0.75433004,3,KMeans
8.021653,9.503444,0,KMeans
7.982797,7.737825,0,KMeans
9.908452,6.7686343,0,KMeans
11.613038,1.2481548,3,KMeans
8.638981,1.2827271,3,KMeans
8.118564,5.513789,0,KMeans
12.628001,1.4561511,2,KMeans
10.560959,12.1837015,2,KMeans
10.6604395,12.49199,2,KMeans
10.053493,7.2675977,0,KMeans
11.256767,11.067534,2,KMeans
12.045041,9.465438,2,KMeans
11.804801,0.8687577,3,KMeans
10.606323,12.4132595,2,KMeans
10.248631,9.92237,2,KMeans
7.0190806,10.194352,2,KMeans
10.72172,0.17396782,3,KMeans
11.966288,9.689067,2,KMeans
11.356701,7.242246,0,KMeans
10.890632,2.7519145,3,KMeans
12.494039,1.0151104,3,KMeans
12.134376,6.9216857,0,KMeans
12.161344,3.9962342,0,KMeans
8.422828,8.694645,0,KMeans
9.773183,9.948672,2,KMeans
8.348414,4.900833,0,KMeans
9.691715,3.5223546,0,KMeans
12.253159,8.361536,2,KMeans
11.213572,9.102732,0,KMeans
10.853621,9.101433,0,KMeans
10.155926,1.1330405,3,KMeans
9.2763195,2.6943,3,KMeans
12.773336,13.233451,2,KMeans
11.401497,3.2814238,3,KMeans
12.255045,9.435759,2,KMeans
9.546555,11.785965,2,KMeans
9.845435,1.8138779,3,KMeans
9.202948,9.741267,0,KMeans
12.136577,0.7561234,3,KMeans
12.580695,0.07572802,3,KMeans
10.082764,1.4826186,3,KMeans
8.275841,7.4587097,0,KMeans
10.628386,11.735255,2,KMeans
9.687507,8.8358135,0,KMeans
11.205594,3.6363025,0,KMeans
11.083337,5.670144,0,KMeans
9.76793,9.243385,0,KMeans
8.144794,9.299549,0,KMeans
13.152315,13.929651,2,KMeans
12.302592,0.23945022,3,KMeans
7.860977,8.070288,0,KMeans
8.785043,0.99895066,3,KMeans
10.146395,9.388279,0,KMeans
10.722969,0.6992496,3,KMeans
9.561335,0.64866155,3,KMeans
9.705319,7.6998653,0,KMeans
8.353576,7.156166,0,KMeans
12.018285,1.3172615,3,KMeans
8.186571,9.726117,0,KMeans
7.523165,10.761733,2,KMeans
7.605639,10.81538,2,KMeans
7.870804,5.5594153,0,KMeans
8.894102,9.53876,0,KMeans
11.932412,1.4759942,3,KMeans
9.143819,2.8042138,3,KMeans
10.967698,4.6054506,0,KMeans
12.940209,1.0566918,2,KMeans
11.611568,7.024444,0,KMeans
11.614543,0.83823276,3,KMeans
11.85443,1.4302464,3,KMeans
12.490586,11.756445,2,KMeans
10.42422,6.3037896,0,KMeans
9.826524,5.961905,0,KMeans
12.38896,7.5785127,0,KMeans
11.372669,11.530632,2,KMeans
11.588578,4.9304194,0,KMeans
10.668984,0.21664137,3,KMeans
11.352098,7.361283,0,KMeans
12.892994,13.761205,2,KMeans
12.911127,12.808584,2,KMeans
8.769183,5.7252893,0,KMeans
9.581713,8.203363,0,KMeans
11.134966,4.6714973,0,KMeans
10.704453,6.5343943,0,KMeans
12.258609,1.7157849,3,KMeans
11.054745,7.1416965,0,KMeans
13.010177,14.0360155,2,KMeans
9.328103,8.550198,0,KMeans
10.418248,3.0883229,3,KMeans
12.762713,9.567627,2,KMeans
11.052235,-0.73753613,3,KMeans
12.38688,8.10972,2,KMeans
12.804801,13.0630045,2,KMeans
10.231882,0.82692194,3,KMeans
8.470665,7.269359,0,KMeans
11.542895,8.988976,2,KMeans
9.027778,1.0064886,3,KMeans
13.215179,10.713137,2,KMeans
5.9035606,2.6156163,1,KMeans
9.363768,9.984519,2,KMeans
11.338386,2.4284785,3,KMeans
12.96235,11.307376,2,KMeans
9.910111,10.841175,2,KMeans
8.622087,10.223688,2,KMeans
9.265871,4.9212112,0,KMeans
10.836096,-0.74473566,3,KMeans
9.378165,5.3225484,0,KMeans
12.161791,2.8299778,3,KMeans
7.3219852,9.430681,0,KMeans
11.824552,-0.54115224,3,KMeans
12.557106,0.069040895,3,KMeans
11.133517,0.34837657,3,KMeans
10.861421,9.061965,0,KMeans
13.212464,13.497642,2,KMeans
11.519386,1.5923805,3,KMeans
12.103523,7.1681437,0,KMeans
9.788348,9.001913,0,KMeans
8.627599,-0.9106753,3,KMeans
9.048768,2.2393594,3,KMeans
9.124209,7.5221634,0,KMeans
9.051782,10.659408,2,KMeans
9.59297,7.676337,0,KMeans
8.543098,0.1303715,3,KMeans
10.159166,6.600429,0,KMeans
12.427222,6.914021,0,KMeans
9.099627,2.2711105,3,KMeans
12.155023,-0.41297594,3,KMeans
12.498999,9.821837,2,KMeans
10.779969,9.353864,0,KMeans
9.404656,0.036002204,3,KMeans
7.866134,5.254608,0,KMeans
13.355965,12.432956,2,KMeans
9.610616,4.7380123,0,KMeans
9.727311,-0.20918402,3,KMeans
11.6333065,3.9742692,0,KMeans
8.780692,0.009180475,3,KMeans
9.842456,8.929496,0,KMeans
9.820803,7.999859,0,KMeans
12.040057,2.3444784,3,KMeans
7.046081,3.0817742,0,KMeans
10.786633,-0.0571809,3,KMeans
12.161094,2.7994375,3,KMeans
11.9436,6.9305196,0,KMeans
12.658477,9.75895,2,KMeans
10.095837,8.024679,0,KMeans
9.917485,2.7245152,3,KMeans
9.235786,8.108578,0,KMeans
12.367999,3.0876637,2,KMeans
10.164895,9.305666,0,KMeans
11.974323,12.739156,2,KMeans
10.183008,10.292639,2,KMeans
10.600482,4.9855547,0,KMeans
10.760054,11.312356,2,KMeans
11.416181,7.2539062,0,KMeans
12.915302,9.781948,2,KMeans
12.241026,1.7465857,3,KMeans
10.485029,11.237856,2,KMeans
8.775509,2.5279286,3,KMeans
8.5655,1.1246015,3,KMeans
8.730082,10.396734,2,KMeans
9.001113,11.619229,2,KMeans
12.333057,12.858492,2,KMeans
10.71214,11.388007,2,KMeans
9.591222,2.5798388,3,KMeans
12.441562,10.048364,2,KMeans
11.544215,8.169468,0,KMeans
10.185954,3.7121933,0,KMeans
9.602613,4.2124877,0,KMeans
13.142218,10.415683,2,KMeans
12.813041,8.079901,2,KMeans
9.099826,1.0064268,3,KMeans
12.616512,-0.5803451,3,KMeans
7.905916,6.966498,0,KMeans
11.777375,11.582206,2,KMeans
10.306537,0.10558244,3,KMeans
9.18368,8.190379,0,KMeans
9.428197,7.3624883,0,KMeans
12.000674,4.311682,0,KMeans
5.9687304,2.7705896,1,KMeans
10.589699,10.80604,2,KMeans
11.943735,6.8882647,0,KMeans
11.594825,9.624465,2,KMeans
6.7417893,9.532797,0,KMeans
6.9342566,2.3487723,3,KMeans
13.497131,13.497312,2,KMeans
9.749509,9.002042,0,KMeans
11.47755,1.6234679,3,KMeans
12.120122,0.51326853,3,KMeans
9.440316,9.306628,0,KMeans
7.856947,11.104439,2,KMeans
6.7132006,9.540596,0,KMeans
9.404335,8.257321,0,KMeans
10.806687,11.326641,2,KMeans
11.891435,11.118324,2,KMeans
9.26658,6.523106,0,KMeans
11.566795,10.846402,2,KMeans
5.4864054,2.565236,1,KMeans
8.413006,3.811509,0,KMeans
12.754207,12.389593,2,KMeans
13.5344095,12.141929,2,KMeans
12.17551,6.4644475,0,KMeans
9.65385,6.584647,0,KMeans
11.473151,2.4033933,3,KMeans
12.640939,1.6123177,3,KMeans
9.834306,9.395888,0,KMeans
11.736466,3.366176,0,KMeans
8.950499,6.7362475,0,KMeans
10.016601,6.4680624,0,KMeans
9.768619,1.2932494,3,KMeans
9.35585,9.16969,0,KMeans
10.513571,4.4001718,0,KMeans
11.775739,1.3669627,3,KMeans
7.2578034,10.48253,2,KMeans
12.624941,1.2441882,2,KMeans
10.894739,10.235935,2,KMeans
10.325632,-0.9082068,3,KMeans
10.008336,11.30976,2,KMeans
12.295476,7.828654,0,KMeans
11.8954115,3.177298,3,KMeans
7.2266765,9.400747,0,KMeans
8.851207,-0.9489842,3,KMeans
12.409265,10.168063,2,KMeans
11.69885,4.6034603,0,KMeans
10.997083,4.1012373,0,KMeans
10.124125,1.5595112,3,KMeans
10.881007,2.8085647,3,KMeans
9.325022,2.2320135,3,KMeans
10.214653,6.334941,0,KMeans
7.9780793,9.218749,0,KMeans
10.688307,0.4681317,3,KMeans
10.810813,11.961965,2,KMeans
9.48841,0.26403147,3,KMeans
9.71533,12.0773325,2,KMeans
8.993857,3.6789207,0,KMeans
8.661856,-0.7808331,3,KMeans
10.762054,10.369921,2,KMeans
8.562724,3.636728,0,KMeans
12.291371,13.69313,2,KMeans
11.995995,4.2813654,0,KMeans
6.1235166,2.8510902,1,KMeans
11.993851,9.417776,2,KMeans
9.978179,9.766739,0,KMeans
9.839688,10.0756645,2,KMeans
11.049804,9.055388,0,KMeans
10.628081,5.5494485,0,KMeans
10.051713,1.1626717,3,KMeans
11.83404,-0.5156685,3,KMeans
10.129588,6.3391004,0,KMeans
10.296862,9.95744,2,KMeans
10.722129,8.241581,0,KMeans
12.449061,1.1911322,2,KMeans
8.542863,2.4889503,3,KMeans
10.769581,0.061312463,3,KMeans
9.205696,11.76152,2,KMeans
10.410272,2.3563776,3,KMeans
11.549748,0.8061174,3,KMeans
10.83334,6.2958574,0,KMeans
8.949615,0.94947666,3,KMeans
12.462593,8.450761,2,KMeans
10.901849,2.1478598,3,KMeans
8.169508,11.171043,2,KMeans
10.659991,1.333449,3,KMeans
11.906191,-0.8466509,3,KMeans
11.581599,7.4924245,0,KMeans
10.8335285,3.074313,3,KMeans
11.497357,0.92107534,3,KMeans
9.776158,4.292299,0,KMeans
11.205472,9.205494,2,KMeans
9.129261,4.707604,0,KMeans
11.141042,12.369421,2,KMeans
11.562117,9.187414,2,KMeans
10.504374,6.2569127,0,KMeans
7.8074484,9.735573,0,KMeans
11.355,2.2031145,3,KMeans
10.109995,10.75404,2,KMeans
12.141246,7.021835,0,KMeans
10.917185,11.890515,2,KMeans
12.331109,7.934274,2,KMeans
10.397741,1.3519069,3,KMeans
13.345472,13.347657,2,KMeans
8.999004,7.286842,0,KMeans
11.249961,1.2391211,3,KMeans
9.239244,5.5816307,0,KMeans
10.045986,12.002576,2,KMeans
9.094064,3.0579834,0,KMeans
10.982785,2.042781,3,KMeans
6.742169,9.898592,2,KMeans
8.3651495,5.510374,0,KMeans
8.162033,10.759455,2,KMeans
7.716473,6.038014,0,KMeans
10.334727,10.834794,2,KMeans
8.563258,6.2800736,0,KMeans
11.159081,1.8287983,3,KMeans
8.170776,9.171492,0,KMeans
10.573364,7.73475,0,KMeans
9.966193,7.2990785,0,KMeans
6.7670293,9.947728,0,KMeans
9.0984335,10.27799,2,KMeans
9.799783,1.9530133,3,KMeans
11.69175,4.382717,0,KMeans
12.635835,9.736575,2,KMeans
12.548069,11.952358,2,KMeans
9.184799,-0.7079608,3,KMeans
7.652582,6.3398385,0,KMeans
11.632321,0.90763867,3,KMeans
12.934526,11.360565,2,KMeans
10.754612,9.232609,2,KMeans
8.791802,2.6369922,3,KMeans
10.344939,7.637,0,KMeans
10.473416,1.8033009,3,KMeans
12.990701,12.592332,2,KMeans
9.599513,3.7244666,0,KMeans
4.3335505,2.2925084,1,KMeans
9.262223,1.2139643,3,KMeans
11.985819,9.94405,2,KMeans
8.629416,9.426216,0,KMeans
12.1564045,-0.5593451,3,KMeans
8.977609,10.220998,2,KMeans
12.682698,12.093881,2,KMeans
10.56808,8.228669,0,KMeans
11.040758,8.832028,0,KMeans
11.497347,12.651501,2,KMeans
10.354853,1.2041652,3,KMeans
10.482043,0.082013205,3,KMeans
8.837499,11.824361,2,KMeans
13.461594,13.134232,2,KMeans
11.321347,12.9508705,2,KMeans
11.930644,7.8483744,2,KMeans
8.565534,6.1550903,0,KMeans
11.256435,4.2587633,0,KMeans
9.713164,2.8139,0,KMeans
11.029815,10.868699,2,KMeans
11.112856,11.548585,2,KMeans
7.940795,11.465133,2,KMeans
9.288229,4.525883,0,KMeans
10.462315,1.8948557,3,KMeans
11.501315,9.3920145,2,KMeans
8.571846,7.8795757,0,KMeans
7.4888844,9.020197,0,KMeans
11.06539,9.052023,2,KMeans
12.4673815,-0.7284847,3,KMeans
9.34861,11.104307,2,KMeans
10.357147,3.8295586,0,KMeans
8.956588,3.9829633,0,KMeans
9.847144,9.728555,2,KMeans
8.882023,5.7104816,0,KMeans
12.040231,1.3401744,3,KMeans
9.014122,2.561223,3,KMeans
12.370998,13.701978,2,KMeans
7.4269013,7.9153957,0,KMeans
8.205318,7.6171207,0,KMeans
10.74072,12.210792,2,KMeans
10.712363,7.436801,0,KMeans
8.290389,9.389134,0,KMeans
12.374182,10.136121,2,KMeans
9.974128,11.196432,2,KMeans
8.676336,8.744452,0,KMeans
12.880256,12.023743,2,KMeans
9.839253,3.1812189,3,KMeans
5.3893204,2.5583472,1,KMeans
9.538746,9.982099,2,KMeans
11.378071,8.490541,0,KMeans
8.630446,2.7158802,0,KMeans
9.233413,5.3266754,0,KMeans
7.738673,6.03549,0,KMeans
11.389885,1.0599283,3,KMeans
11.2474785,1.005445,3,KMeans
9.735565,3.5518057,0,KMeans
8.757423,2.427828,3,KMeans
9.755675,0.5468557,3,KMeans
12.518176,10.533032,2,KMeans
13.064493,12.309533,2,KMeans
12.369671,9.143557,2,KMeans
11.907007,1.04259,3,KMeans
9.726708,8.062924,0,KMeans
11.219219,10.756531,2,KMeans
11.916409,1.9725121,3,KMeans
9.640111,7.4759192,0,KMeans
9.4979925,9.725787,2,KMeans
10.6381,6.338953,0,KMeans
6.614634,9.534211,0,KMeans
8.997451,7.744327,0,KMeans
12.539926,1.2865256,2,KMeans
12.590467,-0.17965499,3,KMeans
11.057892,4.011382,0,KMeans
11.549583,5.764558,0,KMeans
11.006029,0.23637798,3,KMeans
10.705529,3.0917027,3,KMeans
10.884196,-0.48675138,3,KMeans
9.778869,4.036107,0,KMeans
9.868174,8.629843,0,KMeans
10.7432,6.116145,0,KMeans
12.6913185,11.454868,2,KMeans
11.140396,3.4397862,3,KMeans
10.051635,11.698937,2,KMeans
12.721145,13.6211605,2,KMeans
8.628197,5.2994285,0,KMeans
9.756567,3.281285,3,KMeans
7.077411,3.0670183,0,KMeans
11.649144,-0.15818399,3,KMeans
12.374186,10.348475,2,KMeans
8.682853,-0.6390835,3,KMeans
7.449615,10.462259,2,KMeans
10.056162,5.09133,0,KMeans
9.492476,10.651064,2,KMeans
11.685371,8.659142,0,KMeans
9.707421,4.9880276,0,KMeans
11.059873,10.599629,2,KMeans
12.595001,1.6046934,3,KMeans
8.453994,11.029527,2,KMeans
12.687096,2.0241208,2,KMeans
11.261082,8.0317955,0,KMeans
8.089781,6.390786,0,KMeans
10.945966,11.254398,2,KMeans
11.492042,7.3137774,0,KMeans
12.1531315,6.7068353,0,KMeans
9.924599,5.595713,0,KMeans
11.759869,1.8014386,3,KMeans
10.994204,7.332942,0,KMeans
9.801694,7.3202887,0,KMeans
11.267521,5.1460176,0,KMeans
9.074854,4.766995,0,KMeans
13.028799,11.4456,2,KMeans
8.669932,0.47521982,3,KMeans
11.770715,10.926878,2,KMeans
11.767444,3.8800442,0,KMeans
8.04163,9.398101,0,KMeans
12.239558,0.6501005,3,KMeans
8.250102,5.9826107,0,KMeans
10.575541,-0.45641443,3,KMeans
8.263322,11.381557,2,KMeans
9.788005,8.708323,0,KMeans
11.122603,10.612166,2,KMeans
7.8672185,6.0566673,0,KMeans
8.558687,7.0344944,0,KMeans
8.542099,7.6087995,0,KMeans
8.631602,4.646106,0,KMeans
4.801515,2.4410045,1,KMeans
9.60472,3.5953686,0,KMeans
8.009546,8.279704,0,KMeans
8.436495,9.359619,0,KMeans
11.602308,-0.7593421,3,KMeans
10.373068,3.2127097,3,KMeans
10.329584,0.71272194,3,KMeans
11.588975,2.1683354,3,KMeans
9.022739,11.657066,2,KMeans
11.541025,2.531683,3,KMeans
10.398035,2.7420363,3,KMeans
10.274004,1.6734483,3,KMeans
11.387757,9.186676,2,KMeans
6.932319,8.68767,0,KMeans
11.061566,1.9936239,3,KMeans
9.805302,0.36267683,3,KMeans
7.749419,11.231025,2,KMeans
10.492259,6.4341164,0,KMeans
10.702591,12.074014,2,KMeans
8.009146,9.264207,0,KMeans
9.386218,2.6200507,3,KMeans
8.243743,10.279178,2,KMeans
12.187511,13.720606,2,KMeans
11.414259,7.209634,0,KMeans
11.869295,10.741219,2,KMeans
11.002146,11.472752,2,KMeans
12.115385,10.199495,2,KMeans
6.683869,9.4638605,0,KMeans
10.12964,8.187569,0,KMeans
11.244014,4.3109965,0,KMeans
12.621517,13.117096,2,KMeans
12.61971,13.057256,2,KMeans
11.292072,3.9477108,0,KMeans
12.97976,13.2023115,2,KMeans
10.601088,2.8220522,3,KMeans
8.5238905,4.0228667,0,KMeans
9.595711,10.125132,2,KMeans
8.872456,10.97956,2,KMeans
8.350108,7.0004163,0,KMeans
13.457786,12.312272,2,KMeans
8.853165,9.643416,0,KMeans
11.902337,9.882103,2,KMeans
10.601392,-0.9129703,3,KMeans
10.697787,8.646268,0,KMeans
8.90792,10.085859,2,KMeans
9.778164,11.105874,2,KMeans
8.312321,9.0533085,0,KMeans
12.711975,12.721938,2,KMeans
9.989415,8.351141,0,KMeans
12.225738,7.55833,0,KMeans
11.379738,5.688196,0,KMeans
9.812222,10.103664,2,KMeans
8.74963,6.679578,0,KMeans
10.346678,1.761913,3,KMeans
7.045184,9.387195,0,KMeans
10.906459,4.106633,0,KMeans
9.246132,10.2246475,2,KMeans
6.4694467,9.52855,0,KMeans
12.426081,9.275276,2,KMeans
11.48893,7.1628213,0,KMeans
9.725349,9.993452,2,KMeans
11.25831,11.065995,2,KMeans
11.98636,1.9843473,3,KMeans
12.228496,7.106033,0,KMeans
11.166731,12.747893,2,KMeans
10.452118,10.731764,2,KMeans
9.54097,10.194843,2,KMeans
10.058122,12.092454,2,KMeans
5.808183,2.6074007,1,KMeans
7.045391,3.150883,0,KMeans
9.023603,5.656127,0,KMeans
12.045734,10.7118225,2,KMeans
11.484824,0.31203154,3,KMeans
9.553419,-0.6798782,3,KMeans
9.082758,9.2994795,0,KMeans
9.785455,5.8796954,0,KMeans
13.09436,10.92765,2,KMeans
12.153911,0.5446756,3,KMeans
10.720809,0.8244733,3,KMeans
9.162208,-0.2780237,3,KMeans
10.1111,9.429917,2,KMeans
11.046797,10.621232,2,KMeans
9.473166,1.429516,3,KMeans
8.597259,8.807579,0,KMeans
10.008053,5.9403434,0,KMeans
10.370158,2.9395423,3,KMeans
9.292595,5.267402,0,KMeans
10.0270605,6.901945,0,KMeans
12.813178,12.413911,2,KMeans
12.8838215,10.7560215,2,KMeans
11.851232,0.51009095,3,KMeans
12.581112,1.7332379,3,KMeans
12.380189,0.54122204,3,KMeans
11.105101,7.8725333,0,KMeans
5.4671087,2.5078163,1,KMeans
11.024773,4.2259526,0,KMeans
10.238367,8.605046,0,KMeans
10.370215,9.514753,2,KMeans
11.511503,10.84714,2,KMeans
8.046156,5.883783,0,KMeans
8.346532,10.995276,2,KMeans
11.791059,2.7893088,3,KMeans
10.479656,0.8179064,3,KMeans
8.091283,8.919486,0,KMeans
9.878418,11.109619,2,KMeans
8.539983,1.7509377,3,KMeans
5.120133,2.5195122,1,KMeans
9.255361,8.743155,0,KMeans
8.411249,5.4988604,0,KMeans
11.138168,8.916657,2,KMeans
11.591315,10.838576,2,KMeans
12.045154,7.8268766,0,KMeans
11.6736765,-0.31542513,3,KMeans
10.501974,9.873708,2,KMeans
9.20257,9.705151,0,KMeans
10.248004,0.9616425,3,KMeans
4.744536,2.4241493,1,KMeans
11.983336,6.900526,0,KMeans
10.394297,2.4938219,3,KMeans
8.383976,4.5819817,0,KMeans
10.462822,-0.71633476,3,KMeans
11.095488,8.668265,0,KMeans
7.667928,10.587477,2,KMeans
11.590729,8.912188,2,KMeans
10.830537,8.435886,0,KMeans
8.781419,1.2475377,3,KMeans
9.509776,-0.62733155,3,KMeans
9.173669,10.371243,2,KMeans
10.180912,6.73177,0,KMeans
11.770926,12.485181,2,KMeans
9.012305,11.575145,2,KMeans
11.927035,2.175797,3,KMeans
8.560964,4.824997,0,KMeans
10.83754,0.9099898,3,KMeans
12.014857,13.167916,2,KMeans
10.104518,2.6558013,3,KMeans
10.281665,6.138545,0,KMeans
11.025321,9.387074,2,KMeans
10.540548,9.837314,2,KMeans
8.398091,3.2868237,3,KMeans
12.472637,13.533762,2,KMeans
9.349708,4.540996,0,KMeans
8.295742,10.489107,2,KMeans
9.211416,7.8866534,0,KMeans
12.0655155,9.6889305,2,KMeans
10.405878,2.6587644,3,KMeans
12.620427,11.393531,2,KMeans
10.517771,0.33094501,3,KMeans
9.981128,9.415922,0,KMeans
11.251081,1.7961218,3,KMeans
11.605419,12.722742,2,KMeans
11.240739,4.730119,0,KMeans
6.7115364,9.473313,0,KMeans
10.787832,11.990301,2,KMeans
9.354797,2.3204594,3,KMeans
9.820848,0.2708252,3,KMeans
9.039892,10.814423,2,KMeans
9.818739,1.1363517,3,KMeans
11.225313,9.9803295,2,KMeans
7.2142825,10.181279,2,KMeans
11.152684,12.669845,2,KMeans
12.185302,2.48661,3,KMeans
10.195782,11.955318,2,KMeans
8.894113,8.181035,0,KMeans
9.6722555,3.3514931,0,KMeans
10.403055,11.766565,2,KMeans
8.724687,9.222137,0,KMeans
10.624666,6.823638,0,KMeans
12.080023,7.194029,0,KMeans
7.899681,10.012123,2,KMeans
4.463384,2.351529,1,KMeans
10.426806,2.3983934,3,KMeans
8.330311,5.816405,0,KMeans
9.597351,11.190737,2,KMeans
11.297918,6.518317,0,KMeans
9.483202,10.303779,2,KMeans
11.027167,10.519257,2,KMeans
8.589274,2.3155496,3,KMeans
9.19952,1.085489,3,KMeans
11.1967745,11.246586,2,KMeans
11.215254,12.59581,2,KMeans
7.430786,10.135292,2,KMeans
10.135302,4.017637,0,KMeans
10.594461,1.3730934,3,KMeans
12.387759,-0.6617942,3,KMeans
7.7360964,5.8034754,0,KMeans
9.938499,0.025218561,3,KMeans
11.278225,1.699837,3,KMeans
10.110815,10.119172,2,KMeans
10.7668085,0.20174377,3,KMeans
10.403358,6.1048784,0,KMeans
9.878953,10.749531,2,KMeans
11.260204,9.047514,0,KMeans
11.899506,13.145606,2,KMeans
11.44204,9.057352,2,KMeans
11.179618,9.906949,2,KMeans
11.957072,7.4305534,0,KMeans
12.58778,13.809442,2,KMeans
12.166322,7.4432707,0,KMeans
9.933965,9.428149,0,KMeans
9.883508,7.482745,0,KMeans
8.319041,10.731318,2,KMeans
9.3473425,5.24344,0,KMeans
12.573378,1.0083162,3,KMeans
9.935657,3.8553236,0,KMeans
9.351754,-0.854231,3,KMeans
12.459473,12.395029,2,KMeans
7.3638644,2.5461051,3,KMeans
10.99185,2.3853598,3,KMeans
9.693103,0.7367443,3,KMeans
8.8567915,5.4452367,0,KMeans
8.089645,7.8242373,0,KMeans
7.285676,7.9652233,0,KMeans
13.498681,12.740729,2,KMeans
11.69284,9.954888,2,KMeans
12.011668,2.9280658,3,KMeans
12.338896,2.3874218,3,KMeans
10.93076,9.29978,2,KMeans
7.9457483,4.977387,0,KMeans
8.182927,4.874851,0,KMeans
11.017995,7.2666264,0,KMeans
9.081408,5.889822,0,KMeans
8.63604,9.070167,0,KMeans
10.001079,3.5737615,0,KMeans
10.06359,6.7345014,0,KMeans
9.591759,4.493731,0,KMeans
9.310161,1.4500135,3,KMeans
11.445729,2.119548,3,KMeans
10.191697,6.6427755,0,KMeans
7.2064734,9.500704,0,KMeans
9.980979,3.7791917,0,KMeans
11.520948,10.848648,2,KMeans
11.445974,1.2913287,3,KMeans
8.69004,-0.42924508,3,KMeans
13.356924,13.09242,2,KMeans
6.452826,2.7968526,3,KMeans
9.492652,3.9249012,0,KMeans
8.150679,7.2791386,0,KMeans
12.079686,3.424359,0,KMeans
9.970421,3.1790304,3,KMeans
12.604128,1.8920306,3,KMeans
4.9368544,2.4669113,1,KMeans
10.921672,2.7641213,3,KMeans
8.24006,9.61553,0,KMeans
9.157991,2.6905172,3,KMeans
10.542859,6.2621484,0,KMeans
9.058659,4.224786,0,KMeans
10.906501,0.7800462,3,KMeans
10.226649,11.494016,2,KMeans
11.416751,11.188407,2,KMeans
8.858237,8.350425,0,KMeans
12.29183,12.744804,2,KMeans
8.841144,10.478463,2,KMeans
8.047623,10.444991,0,KMeans
8.431911,7.450687,0,KMeans
5.3085604,2.5114815,1,KMeans
12.086117,2.9719558,3,KMeans
7.56227,2.553829,3,KMeans
8.297265,6.1538634,0,KMeans
10.50419,4.127036,0,KMeans
12.9635935,11.049405,2,KMeans
8.6951685,3.045846,3,KMeans
10.045178,4.772829,0,KMeans
8.865386,7.4462028,0,KMeans
8.963541,8.925504,0,KMeans
9.047675,9.850468,0,KMeans
11.009861,2.6273186,3,KMeans
9.521592,11.457247,2,KMeans
7.0109515,3.0118442,0,KMeans
8.03433,7.5429587,0,KMeans
10.554895,11.625967,2,KMeans
9.264037,1.2512026,3,KMeans
12.008885,11.6770935,2,KMeans
11.870124,11.969051,2,KMeans
8.731519,-0.86585677,3,KMeans
10.464015,4.5745683,0,KMeans
10.085803,6.743359,0,KMeans
9.914829,4.1259947,0,KMeans
12.394837,10.158009,2,KMeans
10.797589,9.261972,0,KMeans
12.591804,9.362089,2,KMeans
10.815426,9.54624,2,KMeans
8.105759,10.333975,2,KMeans
9.105455,0.96727747,3,KMeans
11.421845,4.3556404,0,KMeans
9.868106,4.0095935,0,KMeans
10.452283,7.9745727,0,KMeans
9.366244,11.999126,2,KMeans
10.40047,3.1419535,0,KMeans
12.371003,7.346504,0,KMeans
13.208847,11.350503,2,KMeans
12.311325,9.900581,2,KMeans
8.165641,10.900296,2,KMeans
9.385811,-0.38437948,3,KMeans
8.403905,8.725913,0,KMeans
9.415015,10.217409,2,KMeans
9.03072,5.5910606,0,KMeans
10.14863,10.122339,2,KMeans
11.629701,4.1170716,0,KMeans
8.70636,0.2439553,3,KMeans
10.938669,7.5535417,0,KMeans
6.4965606,2.8921385,2,KMeans
10.638313,8.882821,0,KMeans
8.967312,-0.33154365,3,KMeans
10.554654,6.3548574,0,KMeans
10.646646,0.761657,3,KMeans
11.959673,1.0129288,3,KMeans
9.249768,12.098332,2,KMeans
10.364357,-0.941345,3,KMeans
11.112221,10.161738,2,KMeans
13.679168,13.888328,2,KMeans
9.486519,9.009989,0,KMeans
12.526076,2.2553735,2,KMeans
11.0114355,4.7573085,0,KMeans
11.807452,1.667054,3,KMeans
10.8716,6.0647936,0,KMeans
7.987348,9.585594,0,KMeans
8.650554,2.5580854,0,KMeans
10.315014,6.893593,0,KMeans
9.257922,1.7807318,3,KMeans
9.967545,8.669818,0,KMeans
10.093606,6.262089,0,KMeans
8.247178,9.744242,0,KMeans
8.500185,0.04236914,3,KMeans
12.325677,7.2402744,0,KMeans
11.475593,12.705408,2,KMeans
8.837364,10.586754,2,KMeans
10.708742,4.3811126,0,KMeans
8.3272085,11.053382,2,KMeans
10.873103,7.5837555,0,KMeans
11.257552,11.034571,2,KMeans
6.2626843,2.8156736,1,KMeans
9.641133,7.3076425,0,KMeans
8.603324,7.0492735,0,KMeans
10.692032,8.668373,0,KMeans
10.202849,10.155309,2,KMeans
11.90876,4.982843,0,KMeans
12.516319,-0.5784659,3,KMeans
10.017304,8.111873,0,KMeans
9.155987,8.032931,0,KMeans
9.915646,11.783035,2,KMeans
10.868345,10.592413,2,KMeans
7.1875544,10.4988165,2,KMeans
13.276519,13.89681,2,KMeans
12.288491,3.0814443,0,KMeans
8.742311,1.3766688,3,KMeans
9.655794,0.14101438,3,KMeans
10.85832,2.857762,3,KMeans
9.658682,6.280385,0,KMeans
8.983811,5.2664433,0,KMeans
8.177257,6.49016,0,KMeans
9.906563,7.0280075,0,KMeans
11.70438,1.3584148,3,KMeans
10.143359,0.44030905,3,KMeans
7.622535,8.811048,0,KMeans
9.566225,11.304541,2,KMeans
11.062316,9.048895,0,KMeans
12.005572,0.78359455,3,KMeans
10.044897,9.551481,0,KMeans
9.324048,10.152966,2,KMeans
10.586698,8.137452,0,KMeans
13.659384,13.877924,2,KMeans
9.890933,12.030159,2,KMeans
12.10825,9.70183,2,KMeans
8.387398,10.25244,2,KMeans
10.279727,7.5582666,0,KMeans
11.336155,0.61482614,3,KMeans
8.372564,11.109521,2,KMeans
10.946824,2.5682042,3,KMeans
13.145153,11.035773,2,KMeans
11.483596,6.112072,0,KMeans
9.631232,10.695572,2,KMeans
12.188473,0.5429864,3,KMeans
7.742618,5.353735,0,KMeans
12.899169,12.765662,2,KMeans
11.16566,10.435333,2,KMeans
8.576088,-0.72138155,3,KMeans
11.795504,3.323168,3,KMeans
11.748199,6.8803635,0,KMeans
12.051688,11.245281,2,KMeans
11.312427,4.5812306,0,KMeans
8.549545,7.659294,0,KMeans
12.5381155,12.017003,2,KMeans
10.002849,3.875853,0,KMeans
9.649581,6.3547626,0,KMeans
11.384424,3.614331,2,KMeans
10.339508,9.589734,2,KMeans
10.138251,2.4071367,3,KMeans
10.660996,5.9554877,0,KMeans
9.738281,7.379873,0,KMeans
9.388103,4.952606,0,KMeans
10.401553,7.665819,0,KMeans
7.368659,9.097888,0,KMeans
5.778087,2.6388445,1,KMeans
9.806873,3.1460655,0,KMeans
10.4026,7.870214,0,KMeans
10.27476,10.79923,2,KMeans
11.078653,8.76917,0,KMeans
8.477429,4.1214504,0,KMeans
12.025136,9.708743,2,KMeans
12.196225,-0.81047213,3,KMeans
10.319393,4.5635386,0,KMeans
7.1194477,9.521886,0,KMeans
11.549532,-0.11040028,3,KMeans
9.014228,2.4187214,0,KMeans
12.964509,0.8239588,2,KMeans
12.261756,11.65534,2,KMeans
9.105983,-0.7656652,3,KMeans
9.259756,11.586442,2,KMeans
7.6193237,8.111635,0,KMeans
10.425233,-1.0534474,3,KMeans
10.132004,10.385208,2,KMeans
9.517323,3.35219,3,KMeans
9.7130375,4.2291675,0,KMeans
11.423903,11.700727,2,KMeans
9.746649,7.4225755,0,KMeans
12.040214,9.389826,2,KMeans
9.530879,4.621425,0,KMeans
10.405909,2.3752515,3,KMeans
12.295781,3.457352,2,KMeans
9.738942,11.22754,2,KMeans
8.19971,9.961912,2,KMeans
9.12776,9.595735,0,KMeans
8.372094,10.48575,2,KMeans
9.885391,7.92235,0,KMeans
10.181951,8.59725,0,KMeans
8.351117,7.982181,0,KMeans
11.321838,2.3459816,3,KMeans
8.530482,7.847382,0,KMeans
10.424218,2.8312218,3,KMeans
10.621229,-0.80819553,3,KMeans
11.050569,11.570416,2,KMeans
9.63883,4.5849485,0,KMeans
12.914526,12.676874,2,KMeans
8.889224,11.667774,2,KMeans
9.079091,3.1868894,0,KMeans
10.258756,12.125411,2,KMeans
12.082363,9.045789,2,KMeans
12.156009,7.71934,0,KMeans
11.928023,9.855312,2,KMeans
8.654279,8.832909,0,KMeans
9.246653,0.7982446,3,KMeans
9.69682,0.102796644,3,KMeans
9.422356,0.1927513,3,KMeans
7.744002,9.709171,0,KMeans
11.559172,3.681647,0,KMeans
12.861072,13.005906,2,KMeans
11.550079,3.658926,2,KMeans
12.002278,2.0753326,3,KMeans
12.447245,7.4739575,0,KMeans
10.359427,10.801648,2,KMeans
9.995167,7.325215,0,KMeans
12.523744,0.90535766,3,KMeans
12.609442,0.8407378,3,KMeans
11.642038,9.893282,2,KMeans
13.279141,12.117888,2,KMeans
7.356217,9.318459,0,KMeans
11.790264,2.986671,3,KMeans
7.88558,5.9076185,0,KMeans
10.128743,2.0898204,3,KMeans
9.339653,-0.18752997,3,KMeans
12.311604,7.1698747,0,KMeans
10.515623,11.930032,2,KMeans
7.77503,5.8770175,0,KMeans
9.52983,3.6235762,0,KMeans
9.825475,5.721794,0,KMeans
10.496901,1.147371,3,KMeans
10.9993,3.656167,0,KMeans
9.278046,6.766487,0,KMeans
11.045655,11.023602,2,KMeans
10.173952,1.2891463,3,KMeans
9.354578,8.56827,0,KMeans
8.662593,11.254489,2,KMeans
12.380171,3.13636,0,KMeans
8.043807,11.470022,2,KMeans
9.153136,8.60128,0,KMeans
9.969152,10.994607,2,KMeans
11.392256,10.391741,2,KMeans
10.132716,9.176408,0,KMeans
9.871729,9.088485,0,KMeans
11.354894,2.278739,3,KMeans
10.280563,10.493465,2,KMeans
9.125453,4.260117,0,KMeans
9.290583,6.7157183,0,KMeans
8.619918,0.26029676,3,KMeans
10.467824,8.087787,0,KMeans
9.832341,11.03009,2,KMeans
10.546084,5.8306894,0,KMeans
8.339435,9.622342,0,KMeans
12.951031,13.273277,2,KMeans
12.384764,12.21503,2,KMeans
11.602619,6.778653,0,KMeans
8.218994,7.3172064,0,KMeans
11.543583,13.031703,2,KMeans
8.835342,2.1337504,3,KMeans
10.930644,9.770953,2,KMeans
11.347408,5.8950615,0,KMeans
12.1410885,6.950412,0,KMeans
8.693437,2.2770317,3,KMeans
11.596463,3.2120845,3,KMeans
12.2403755,6.7530293,0,KMeans
11.072247,4.3741865,0,KMeans
10.430052,9.162982,0,KMeans
9.150099,10.142631,2,KMeans
13.192266,12.746308,2,KMeans
10.576276,-0.5754502,3,KMeans
10.356103,5.6324263,0,KMeans
9.21643,12.008498,2,KMeans
13.150212,13.099249,2,KMeans
8.998627,5.5479164,0,KMeans
12.471117,2.0450022,3,KMeans
9.789096,6.264716,0,KMeans
9.235944,6.243059,0,KMeans
10.84511,2.5453503,3,KMeans
8.110911,7.868189,0,KMeans
12.942347,13.2381735,2,KMeans
10.644341,9.501964,2,KMeans
8.95336,8.541331,0,KMeans
7.9546013,9.4997425,0,KMeans
11.4210415,9.330281,2,KMeans
9.375648,9.197258,0,KMeans
10.940602,9.788689,2,KMeans
9.019969,0.20446439,3,KMeans
10.773295,4.032733,0,KMeans
11.564119,1.6543134,3,KMeans
11.739339,7.4776397,0,KMeans
11.833782,12.772672,2,KMeans
8.469841,7.107648,0,KMeans
10.408418,7.4782944,0,KMeans
11.087374,13.010179,2,KMeans
12.653899,1.8545537,2,KMeans
12.987622,10.28748,2,KMeans
10.607428,3.0419524,3,KMeans
9.099787,-0.6493039,3,KMeans
11.810582,1.6421651,3,KMeans
10.91673,3.523307,3,KMeans
10.559607,1.0996954,3,KMeans
12.53871,1.9296298,2,KMeans
9.417453,4.1198153,0,KMeans
12.342662,12.780272,2,KMeans
9.543794,9.304874,0,KMeans
10.183376,6.534741,0,KMeans
10.387884,5.6411276,0,KMeans
8.563688,2.5109575,3,KMeans
10.331363,12.09548,2,KMeans
12.330751,8.647989,2,KMeans
12.839016,13.163152,2,KMeans
9.495644,7.2944045,0,KMeans
7.4181466,10.079828,0,KMeans
11.869357,6.781423,0,KMeans
12.291279,9.561282,2,KMeans
9.874122,9.24805,0,KMeans
4.8412247,2.447158,1,KMeans
9.126263,2.9307323,3,KMeans
10.910092,10.535364,2,KMeans
10.035646,6.6746974,0,KMeans
13.185052,11.841299,2,KMeans
12.114167,0.39776894,3,KMeans
10.607449,9.34357,0,KMeans
8.917538,3.1736536,0,KMeans
11.165068,7.207171,0,KMeans
10.443415,8.524161,0,KMeans
9.054834,9.930523,2,KMeans
12.296531,0.5658709,3,KMeans
10.381315,10.786009,2,KMeans
10.764238,9.535653,2,KMeans
12.195718,9.847811,2,KMeans
12.569181,10.684655,2,KMeans
11.360052,-0.31248134,3,KMeans
8.536298,0.22013901,3,KMeans
10.743699,8.759303,0,KMeans
7.4628997,10.595695,2,KMeans
8.25724,6.9331293,0,KMeans
8.821343,3.6936998,0,KMeans
9.119747,2.621958,3,KMeans
9.068232,4.8132925,0,KMeans
9.63814,10.322966,2,KMeans
12.280762,8.166493,2,KMeans
11.374052,12.689097,2,KMeans
10.054324,3.4185221,0,KMeans
11.150539,0.32116172,3,KMeans
9.575669,4.1681857,0,KMeans
9.622135,3.8222923,0,KMeans
12.686217,13.81053,2,KMeans
9.644368,3.9559844,0,KMeans
10.4422655,7.7686067,0,KMeans
9.204824,3.4367824,0,KMeans
11.021235,10.980981,2,KMeans
7.1380763,8.707657,0,KMeans
8.540182,9.237157,0,KMeans
9.758452,11.290106,2,KMeans
9.291424,9.29882,0,KMeans
10.350938,0.015053974,3,KMeans
10.882248,-0.4272255,3,KMeans
11.54362,12.229404,2,KMeans
12.72662,7.702658,2,KMeans
9.966508,-0.5743697,3,KMeans
13.106889,11.961283,2,KMeans
10.28766,6.078609,0,KMeans
8.418515,10.441832,2,KMeans
12.034325,2.393563,3,KMeans
12.509508,10.046893,2,KMeans
10.386024,8.232908,0,KMeans
12.552128,0.27657673,3,KMeans
12.942702,11.22976,2,KMeans
12.204597,12.874842,2,KMeans
11.213074,-0.4532642,3,KMeans
11.742742,4.026646,0,KMeans
10.583483,7.292176,0,KMeans
11.544695,-0.32053265,3,KMeans
8.39628,4.1873813,0,KMeans
7.3433146,8.960551,0,KMeans
11.439829,9.07608,2,KMeans
9.216768,1.1649753,3,KMeans
9.752098,-0.12413766,3,KMeans
9.896036,8.477801,0,KMeans
12.208637,6.3396087,0,KMeans
10.029702,6.0684595,0,KMeans
9.535793,6.8580976,0,KMeans
12.471336,9.359856,2,KMeans
10.3044405,4.292584,0,KMeans
11.364252,9.467615,2,KMeans
11.672718,-0.8007662,3,KMeans
12.589821,-0.082091406,3,KMeans
12.371288,8.0594225,2,KMeans
8.973816,2.3708038,3,KMeans
10.32423,4.064033,0,KMeans
13.0778265,10.129664,2,KMeans
7.916514,8.747542,0,KMeans
11.217361,1.0635835,3,KMeans
13.675064,13.804702,2,KMeans
12.762918,11.970084,2,KMeans
8.147794,9.1407,0,KMeans
12.370219,0.97302383,3,KMeans
10.2004385,9.423581,0,KMeans
13.144013,11.41553,2,KMeans
8.888121,2.1856096,3,KMeans
9.418274,2.015923,3,KMeans
9.191992,7.3072114,0,KMeans
10.378314,8.983306,0,KMeans
8.260621,7.077238,0,KMeans
9.634613,0.4478262,3,KMeans
11.959636,13.112576,2,KMeans
12.322148,10.741124,2,KMeans
8.251166,9.729707,2,KMeans
10.204103,7.04473,0,KMeans
10.06742,8.566909,0,KMeans
12.77713,13.365902,2,KMeans
10.52451,10.787196,2,KMeans
11.431851,12.467705,2,KMeans
11.689741,12.590609,2,KMeans
12.512237,10.036924,2,KMeans
9.580724,11.521831,2,KMeans
11.236023,10.101444,2,KMeans
13.547163,11.839225,2,KMeans
12.792931,12.916695,2,KMeans
11.832032,3.2904885,3,KMeans
7.902206,9.549032,0,KMeans
10.328246,6.0272555,0,KMeans
12.243149,3.2746437,3,KMeans
12.319218,13.139446,2,KMeans
10.492095,3.7368188,0,KMeans
7.7122316,9.905492,0,KMeans
7.782109,5.5298243,0,KMeans
10.59374,9.983421,2,KMeans
9.098607,6.0033817,0,KMeans
10.6984005,10.389908,2,KMeans
9.84559,3.301265,3,KMeans
10.788807,-0.68119323,3,KMeans
11.014598,10.425621,2,KMeans
12.816449,10.409736,2,KMeans
9.422973,1.0928692,3,KMeans
9.072184,8.912515,0,KMeans
9.9966135,3.7463465,0,KMeans
10.70309,10.690125,2,KMeans
11.04748,-0.587583,3,KMeans
13.045682,11.908756,2,KMeans
11.429666,12.144424,2,KMeans
10.81894,5.6669636,0,KMeans
12.167029,2.665263,3,KMeans
7.021253,10.287629,2,KMeans
9.414101,3.0571735,0,KMeans
11.883397,1.7997646,3,KMeans
12.727226,12.503797,2,KMeans
11.374329,11.893892,2,KMeans
9.743859,9.204906,0,KMeans
8.532051,2.768011,0,KMeans
10.985919,10.984302,2,KMeans
6.070384,2.5501363,1,KMeans
10.404967,5.763751,0,KMeans
10.329044,6.6941123,0,KMeans
11.952442,7.169676,0,KMeans
9.657867,0.3087362,3,KMeans
7.927802,9.243287,0,KMeans
11.228281,4.2714806,0,KMeans
8.986426,6.983925,0,KMeans
8.709324,1.6273242,3,KMeans
11.21536,1.8808602,3,KMeans
12.823781,1.3978002,2,KMeans
6.861358,2.9073358,3,KMeans
9.701861,3.528152,0,KMeans
7.1649184,9.080806,0,KMeans
10.606082,5.055633,0,KMeans
11.740083,11.592281,2,KMeans
10.538551,7.7328973,0,KMeans
11.375818,1.4148525,3,KMeans
9.375046,2.8355742,3,KMeans
7.5786815,8.627632,0,KMeans
9.287174,8.194207,0,KMeans
11.625202,7.136057,0,KMeans
12.753971,11.777132,2,KMeans
10.421345,2.3430905,3,KMeans
10.085496,10.445752,2,KMeans
12.390463,2.1310654,3,KMeans
9.984848,4.9700127,0,KMeans
11.437803,0.039900817,3,KMeans
9.652007,8.372361,0,KMeans
12.059756,12.995076,2,KMeans
12.33886,1.6554264,3,KMeans
8.954695,0.60627913,3,KMeans
11.948857,11.5560055,2,KMeans
9.839109,0.41390118,3,KMeans
11.988835,8.882066,2,KMeans
11.401521,7.2652507,0,KMeans
10.882472,1.4651974,3,KMeans
11.039907,7.6692595,0,KMeans
9.869506,2.4908845,3,KMeans
10.936062,12.904063,2,KMeans
12.978515,11.39597,2,KMeans
12.300446,2.2938762,3,KMeans
13.051682,13.339527,2,KMeans
10.09731,4.751614,0,KMeans
10.525036,6.593921,0,KMeans
9.294004,10.000321,2,KMeans
11.571775,-0.43967023,3,KMeans
10.44901,5.090236,0,KMeans
10.248225,6.803221,0,KMeans
10.780364,1.1877726,3,KMeans
10.611325,10.185931,2,KMeans
9.369064,7.8829265,0,KMeans
9.65576,3.4075735,3,KMeans
10.142192,6.2515836,0,KMeans
9.10466,10.230344,2,KMeans
7.829647,8.902147,0,KMeans
10.393934,11.364618,2,KMeans
10.663019,1.6041356,3,KMeans
8.264841,9.260441,0,KMeans
13.380207,13.996805,2,KMeans
6.293087,2.8670526,1,KMeans
10.291452,1.120392,3,KMeans
11.890847,-0.7720604,3,KMeans
9.270395,-0.10098448,3,KMeans
9.95472,6.428826,0,KMeans
8.790933,7.162099,0,KMeans
7.8043065,5.551346,0,KMeans
8.546381,4.1142035,0,KMeans
8.981942,1.847375,3,KMeans
10.603888,7.2058415,0,KMeans
5.978956,2.7210069,1,KMeans
9.302689,7.509714,0,KMeans
11.478699,2.2186294,3,KMeans
9.931062,5.7906895,0,KMeans
10.055356,6.258896,0,KMeans
9.448876,0.3185324,3,KMeans
8.814734,8.702932,0,KMeans
11.257798,7.6318336,0,KMeans
9.631568,9.008737,0,KMeans
10.380658,7.377835,0,KMeans
9.139626,0.9746038,3,KMeans
13.152057,13.804057,2,KMeans
8.54892,4.9259815,0,KMeans
10.886349,9.349988,2,KMeans
9.219049,9.938848,2,KMeans
9.06215,3.3806913,0,KMeans
12.673934,10.106121,2,KMeans
12.296718,10.437196,2,KMeans
10.802647,9.997307,2,KMeans
9.093094,5.220982,0,KMeans
11.105715,-0.12278707,3,KMeans
7.9654064,8.170694,0,KMeans
10.043904,0.5550035,3,KMeans
11.296253,5.166171,0,KMeans
10.509868,0.21810788,3,KMeans
7.3990135,9.703555,0,KMeans
12.773767,7.9070916,2,KMeans
9.607178,9.121386,0,KMeans
8.293065,4.3438005,0,KMeans
9.102752,-0.7258948,3,KMeans
9.770361,5.7117567,0,KMeans
10.465961,5.0318284,0,KMeans
10.146811,8.85104,0,KMeans
10.088738,12.238124,2,KMeans
10.871801,9.709335,2,KMeans
9.905343,9.039518,0,KMeans
12.66494,1.4734147,3,KMeans
10.585969,1.7123817,3,KMeans
12.522233,1.878396,3,KMeans
8.5880785,3.8246634,0,KMeans
11.326092,8.910267,0,KMeans
8.691595,3.3809705,3,KMeans
9.252167,4.2869906,0,KMeans
9.924279,2.7305522,3,KMeans
12.027727,3.9598658,0,KMeans
10.75606,2.2695503,3,KMeans
11.835354,12.029276,2,KMeans
10.053634,6.069325,0,KMeans
10.541253,1.8489,3,KMeans
11.045779,1.3350711,3,KMeans
9.733425,8.574984,0,KMeans
8.9390135,7.0336185,0,KMeans
10.084848,9.275594,0,KMeans
9.322125,8.80603,0,KMeans
8.364822,5.963434,0,KMeans
11.159859,4.3982844,0,KMeans
10.84411,2.5313253,3,KMeans
13.075001,11.427493,2,KMeans
12.65634,1.7144003,2,KMeans
8.994085,8.538362,0,KMeans
11.610343,9.35186,2,KMeans
8.829657,7.0576305,0,KMeans
12.6740265,2.0433574,2,KMeans
12.035485,13.480944,2,KMeans
9.260832,9.817022,2,KMeans
9.823942,3.0692568,0,KMeans
11.271713,8.213235,0,KMeans
10.640869,9.815959,2,KMeans
11.1488695,7.844972,0,KMeans
11.920176,11.169118,2,KMeans
9.373662,0.78071856,3,KMeans
10.101177,12.015624,2,KMeans
11.950355,13.65556,2,KMeans
10.518996,6.6748085,0,KMeans
13.075699,13.479256,2,KMeans
11.508577,8.760217,0,KMeans
10.353332,5.9532666,0,KMeans
11.297336,11.499147,2,KMeans
9.475117,8.681544,0,KMeans
12.387551,-0.081380285,3,KMeans
10.299225,7.0269475,0,KMeans
11.965625,0.028354466,3,KMeans
10.494641,2.027336,3,KMeans
10.352637,2.8479004,3,KMeans
9.762759,10.533639,2,KMeans
11.301456,6.297333,0,KMeans
8.25679,4.9220643,0,KMeans
8.562773,10.329318,2,KMeans
10.321208,0.97162634,3,KMeans
10.362855,1.9777515,3,KMeans
12.534712,10.027017,2,KMeans
9.968803,6.5782986,0,KMeans
11.4731245,13.014622,2,KMeans
9.096841,9.25323,0,KMeans
8.600501,4.3331223,0,KMeans
9.629919,7.7675953,0,KMeans
8.594873,4.5678973,0,KMeans
9.749297,1.2945155,3,KMeans
11.803792,9.732064,2,KMeans
11.481491,-0.030570444,3,KMeans
7.1614685,8.566043,0,KMeans
11.961436,10.304738,2,KMeans
10.238541,9.1143875,0,KMeans
12.510018,12.239451,2,KMeans
12.18675,8.783071,2,KMeans
9.316415,-0.30102956,3,KMeans
12.3421135,0.3299785,3,KMeans
9.497223,8.191257,0,KMeans
9.164012,3.046043,0,KMeans
9.090102,4.4710655,0,KMeans
12.592003,11.078944,2,KMeans
10.834699,5.6340046,0,KMeans
10.847376,5.6476884,0,KMeans
10.17458,1.5409368,3,KMeans
9.668771,5.773481,0,KMeans
7.4862456,9.8746605,2,KMeans
12.864927,0.6576596,2,KMeans
12.291677,12.232406,2,KMeans
10.369789,5.504696,0,KMeans
9.462368,6.17052,0,KMeans
12.838415,11.111852,2,KMeans
11.023539,7.159337,0,KMeans
11.033606,3.5074487,0,KMeans
8.773833,1.8845448,3,KMeans
10.248342,4.3560996,0,KMeans
10.928307,5.4721265,0,KMeans
11.283408,0.9096524,3,KMeans
10.955625,7.4899607,0,KMeans
8.842498,0.57384413,3,KMeans
11.452176,2.6144757,3,KMeans
9.338723,10.832809,2,KMeans
11.277151,13.198569,2,KMeans
8.33912,4.291109,0,KMeans
11.739586,9.313043,2,KMeans
7.032229,10.066454,0,KMeans
12.1896925,13.24991,2,KMeans
10.094832,2.625659,3,KMeans
11.188021,7.1838536,0,KMeans
8.678452,0.6623072,3,KMeans
9.245619,2.4157684,3,KMeans
7.58549,9.729132,0,KMeans
10.110541,4.799015,0,KMeans
10.33245,11.747967,2,KMeans
12.03526,12.663863,2,KMeans
9.243133,8.29038,0,KMeans
11.594203,0.8047953,3,KMeans
9.439465,6.8492703,0,KMeans
9.624934,8.094247,0,KMeans
11.002995,3.7636023,2,KMeans
11.111699,10.790517,2,KMeans
11.413943,13.077469,2,KMeans
9.590335,11.37153,2,KMeans
8.731501,9.570573,2,KMeans
10.48568,10.543532,2,KMeans
13.100855,12.792528,2,KMeans
10.906933,10.398129,2,KMeans
12.893204,12.504913,2,KMeans
8.220435,10.838763,2,KMeans
10.212207,4.2050247,0,KMeans
8.846478,9.159953,0,KMeans
10.324649,11.27261,2,KMeans
8.393793,3.8672802,0,KMeans
11.695893,7.295561,0,KMeans
11.085864,9.846198,2,KMeans
9.655886,6.86962,0,KMeans
8.881202,5.812431,0,KMeans
12.3865,1.7083952,3,KMeans
7.3843384,9.769009,0,KMeans
7.793191,5.7937975,0,KMeans
10.545632,6.3138504,0,KMeans
7.827701,9.7915125,0,KMeans
8.469737,6.0225654,0,KMeans
10.500355,12.274111,2,KMeans
10.716648,0.5722484,3,KMeans
9.221241,3.889822,0,KMeans
8.9166,9.983373,2,KMeans
8.750749,11.683436,2,KMeans
8.746668,6.4755177,0,KMeans
11.632308,13.207686,2,KMeans
10.069628,6.2383294,0,KMeans
10.682622,6.435116,0,KMeans
7.827643,10.415776,2,KMeans
9.2956705,7.625047,0,KMeans
8.349927,4.3745446,0,KMeans
10.258681,8.80032,0,KMeans
9.771067,7.74986,0,KMeans
8.823415,4.0890985,0,KMeans
9.848258,-0.36683756,3,KMeans
10.827641,9.951365,2,KMeans
9.99871,7.6157894,0,KMeans
8.294421,11.158215,2,KMeans
9.467937,5.28913,0,KMeans
9.5119505,11.096454,2,KMeans
9.241501,0.5361951,3,KMeans
10.37519,7.2904687,0,KMeans
11.503048,6.121985,0,KMeans
10.826142,2.3493242,3,KMeans
7.7347474,9.720513,0,KMeans
12.220301,0.49798548,3,KMeans
9.123596,3.1865988,3,KMeans
8.405339,7.8517165,0,KMeans
9.239441,2.3511834,3,KMeans
7.5754504,10.12649,2,KMeans
9.820889,9.037526,0,KMeans
11.115108,12.785256,2,KMeans
12.339673,13.264498,2,KMeans
11.777015,1.077704,3,KMeans
9.937151,11.463939,2,KMeans
11.243696,5.6411247,0,KMeans
10.591206,0.31767082,3,KMeans
13.509958,13.613107,2,KMeans
9.892399,0.8361824,3,KMeans
8.946151,10.031878,2,KMeans
7.819842,10.39443,2,KMeans
8.564871,5.2603836,0,KMeans
10.091521,9.025534,0,KMeans
8.533201,0.7881042,3,KMeans
11.595491,1.3091521,3,KMeans
10.857253,1.427562,3,KMeans
11.654809,8.70067,2,KMeans
9.196364,6.914616,0,KMeans
11.471748,2.796457,3,KMeans
10.594882,11.753525,2,KMeans
9.730451,5.3612795,0,KMeans
7.1280627,9.664155,0,KMeans
9.041847,7.4582276,0,KMeans
9.446871,3.2485857,0,KMeans
10.573254,1.2917093,3,KMeans
6.7489223,3.1325,0,KMeans
11.917203,-0.82388896,3,KMeans
8.594861,3.6760952,0,KMeans
10.669511,10.796566,2,KMeans
11.104639,10.385719,2,KMeans
8.853955,8.919403,0,KMeans
9.542092,1.7538534,3,KMeans
10.865675,10.981948,2,KMeans
7.788048,8.37198,0,KMeans
8.81248,2.5785832,3,KMeans
11.283312,7.780457,0,KMeans
11.106613,1.8265712,3,KMeans
10.711276,10.699042,2,KMeans
10.531599,12.023799,2,KMeans
8.608081,2.3962624,3,KMeans
9.310878,5.60498,0,KMeans
10.461674,-0.8523428,3,KMeans
9.633134,5.279078,0,KMeans
10.838296,12.250421,2,KMeans
10.362907,-0.9589544,3,KMeans
12.010644,2.8976464,3,KMeans
12.587458,3.092228,2,KMeans
10.3283,11.732573,2,KMeans
8.4919615,10.645967,2,KMeans
10.567213,10.355379,2,KMeans
10.4313,8.950845,0,KMeans
8.32306,5.18883,0,KMeans
8.324427,8.857536,0,KMeans
7.005442,9.746635,2,KMeans
9.409432,2.0624833,3,KMeans
12.465884,12.177682,2,KMeans
10.170745,4.0736866,0,KMeans
10.926579,11.684978,2,KMeans
11.716955,0.3989807,3,KMeans
11.901528,1.5161256,3,KMeans
10.511772,12.245065,2,KMeans
10.56146,0.984637,3,KMeans
7.746947,9.895604,2,KMeans
11.156936,7.087891,0,KMeans
10.512206,11.802452,2,KMeans
11.315295,11.393311,2,KMeans
11.861028,12.622805,2,KMeans
13.424049,13.780159,2,KMeans
10.784334,5.880963,0,KMeans
8.671305,1.774637,3,KMeans
10.146289,10.649048,2,KMeans
8.709818,8.596551,0,KMeans
10.246112,6.0645757,0,KMeans
10.528772,4.2403955,0,KMeans
5.5386963,2.624409,1,KMeans
8.596839,-0.03338588,3,KMeans
8.70163,2.227497,3,KMeans
10.481005,3.1849236,3,KMeans
8.825325,4.2934637,0,KMeans
13.03651,13.919442,2,KMeans
9.141764,6.514121,0,KMeans
8.856266,4.1177197,0,KMeans
10.514773,2.1477726,3,KMeans
10.523474,0.7276862,3,KMeans
12.016163,-0.62160534,3,KMeans
13.054272,13.898777,2,KMeans
12.659463,11.596168,2,KMeans
9.31771,0.83698237,3,KMeans
10.359608,6.886153,0,KMeans
7.0595517,9.307251,0,KMeans
12.073283,13.594242,2,KMeans
9.189852,11.738942,2,KMeans
11.483456,3.476104,0,KMeans
11.356913,11.515115,2,KMeans
10.061095,4.3116083,0,KMeans
11.017827,8.626115,0,KMeans
12.013523,3.3741264,2,KMeans
9.233237,5.881716,0,KMeans
6.3539605,2.9113996,1,KMeans
12.758902,7.6549296,2,KMeans
7.732564,9.492504,0,KMeans
11.310681,0.22081985,3,KMeans
4.8102527,2.4406312,1,KMeans
13.582704,13.792581,2,KMeans
12.343944,3.477299,0,KMeans
9.676585,3.9402678,0,KMeans
9.192134,5.847685,0,KMeans
8.913201,10.683593,2,KMeans
7.722972,10.820497,2,KMeans
11.812481,6.758896,0,KMeans
12.429689,1.2409264,3,KMeans
11.219855,1.2937406,3,KMeans
9.523715,4.4524374,0,KMeans
10.9499,11.715232,2,KMeans
10.6607065,10.282508,2,KMeans
9.805335,7.97605,0,KMeans
4.8132687,2.4438415,1,KMeans
9.842324,1.3302759,3,KMeans
9.669259,9.925898,2,KMeans
8.244642,4.742499,0,KMeans
8.954658,1.0835854,3,KMeans
9.397176,11.171411,2,KMeans
6.555103,9.405456,0,KMeans
9.156632,2.618982,3,KMeans
12.213018,10.310638,2,KMeans
10.79258,5.9972315,0,KMeans
11.205309,7.1065593,0,KMeans
9.097166,2.871861,0,KMeans
9.792505,5.7405725,0,KMeans
7.641324,10.101125,2,KMeans
7.445632,9.204557,0,KMeans
11.871883,2.0065684,3,KMeans
9.790303,3.3049867,0,KMeans
12.262432,10.310922,2,KMeans
8.997317,4.957332,0,KMeans
12.497189,12.627464,2,KMeans
10.503759,6.8469315,0,KMeans
9.352711,6.0542955,0,KMeans
10.910043,7.358256,0,KMeans
10.089055,10.670728,2,KMeans
8.925485,10.0727415,2,KMeans
11.689046,0.073324576,3,KMeans
8.791577,8.538102,0,KMeans
8.542365,6.4749722,0,KMeans
13.455589,12.605761,2,KMeans
9.562684,4.8244896,0,KMeans
9.155231,2.0646498,3,KMeans
10.230026,6.3718066,0,KMeans
10.035838,3.6505318,0,KMeans
10.974134,3.7471752,0,KMeans
10.505703,4.9469433,0,KMeans
10.646209,10.858725,2,KMeans
10.233558,10.34376,2,KMeans
11.517902,0.2410088,3,KMeans
12.936486,10.443016,2,KMeans
8.107767,9.97511,2,KMeans
10.023911,9.631742,0,KMeans
10.360597,5.7556367,0,KMeans
10.082476,7.618592,0,KMeans
12.492583,-0.33209196,3,KMeans
8.699368,8.265084,0,KMeans
10.057944,8.074241,0,KMeans
10.111881,7.5289025,0,KMeans
11.782515,12.416365,2,KMeans
10.711226,3.1190403,3,KMeans
11.536922,9.395359,2,KMeans
9.650672,9.613033,2,KMeans
12.772865,13.545096,2,KMeans
8.878684,7.83179,0,KMeans
10.045135,10.858601,2,KMeans
11.881551,12.717599,2,KMeans
10.367299,9.545371,0,KMeans
7.311803,9.58559,0,KMeans
9.821292,4.145473,0,KMeans
10.131015,-0.38723767,3,KMeans
10.852074,11.893779,2,KMeans
12.605579,12.455286,2,KMeans
10.651924,1.9254307,3,KMeans
12.55728,2.7212532,3,KMeans
11.03584,2.8618646,3,KMeans
9.615061,4.965371,0,KMeans
11.355561,12.469579,2,KMeans
8.13148,9.691186,0,KMeans
6.06369,2.6456485,1,KMeans
9.032692,1.8507853,3,KMeans
9.761593,7.786453,0,KMeans
11.837676,2.0725322,3,KMeans
11.504272,12.508151,2,KMeans
11.097574,4.78132,0,KMeans
11.029008,-0.087516166,3,KMeans
9.264898,6.6787963,0,KMeans
12.731672,-0.03394403,2,KMeans
12.673936,1.1376536,3,KMeans
8.356077,6.8508687,0,KMeans
7.748979,9.623614,0,KMeans
8.615638,-0.77257526,3,KMeans
7.7612967,11.269338,2,KMeans
9.106546,1.0266328,3,KMeans
10.882664,5.3023567,0,KMeans
10.218507,7.9943895,0,KMeans
8.589806,5.0982914,0,KMeans
8.512636,2.5113034,3,KMeans
12.049098,12.910713,2,KMeans
11.782895,0.7373736,3,KMeans
11.2193,4.929923,0,KMeans
10.906423,12.547915,2,KMeans
8.115208,7.1001215,0,KMeans
9.934006,4.808612,0,KMeans
9.06672,9.705224,0,KMeans
8.250566,7.736927,0,KMeans
11.734592,4.2467713,0,KMeans
9.504047,10.130316,2,KMeans
9.995058,3.918018,0,KMeans
9.792946,5.4064083,0,KMeans
10.52542,1.185842,3,KMeans
10.431288,1.8987212,3,KMeans
8.123704,9.506846,0,KMeans
9.987158,6.5370035,0,KMeans
11.495242,0.04055894,3,KMeans
9.625975,2.1965241,3,KMeans
9.579462,1.1763133,3,KMeans
9.251503,4.5170937,0,KMeans
12.45109,9.407972,2,KMeans
9.1965275,4.7251577,0,KMeans
11.551258,4.8630476,0,KMeans
12.690106,0.06998764,3,KMeans
9.32085,3.2807531,0,KMeans
10.539819,4.071035,0,KMeans
10.374067,0.11725324,3,KMeans
6.5761466,9.603382,0,KMeans
10.10625,-0.98252296,3,KMeans
8.529476,-0.15447406,3,KMeans
9.669404,10.258456,2,KMeans
11.482255,8.8222475,2,KMeans
8.323328,11.1149645,2,KMeans
10.639012,7.3022375,0,KMeans
12.613194,1.2850676,3,KMeans
12.253782,7.110472,0,KMeans
10.851974,2.8105671,3,KMeans
12.508726,-0.5560881,3,KMeans
8.506746,1.3210847,3,KMeans
11.302009,0.40420467,3,KMeans
7.8299513,9.000146,0,KMeans
8.96164,4.9144864,0,KMeans
9.899674,6.396308,0,KMeans
8.255167,7.5946226,0,KMeans
10.018538,9.084944,0,KMeans
10.445445,8.478306,0,KMeans
10.772795,10.2925415,2,KMeans
9.384859,4.2502613,0,KMeans
11.76681,1.2716953,3,KMeans
8.7291765,10.106063,2,KMeans
8.495953,-0.38612407,3,KMeans
11.15371,2.2444513,3,KMeans
9.79246,3.6007,0,KMeans
12.826911,11.02463,2,KMeans
10.648876,11.528147,2,KMeans
7.8306503,7.9385014,0,KMeans
13.298648,12.541052,2,KMeans
10.597523,7.4339204,0,KMeans
8.777638,-0.60337454,3,KMeans
9.741364,3.500711,0,KMeans
6.9524493,10.013187,0,KMeans
10.481428,5.437217,0,KMeans
8.876141,8.428682,0,KMeans
9.886713,6.092712,0,KMeans
10.111611,11.342307,2,KMeans
10.898559,1.7234653,3,KMeans
10.665672,11.9187975,2,KMeans
11.532835,1.2278006,3,KMeans
11.904682,9.174952,2,KMeans
9.098928,8.103892,0,KMeans
8.647537,10.004483,2,KMeans
11.813429,1.171811,3,KMeans
11.272492,11.467146,2,KMeans
11.6465,3.671784,0,KMeans
7.7704844,8.993734,0,KMeans
11.470476,10.704382,2,KMeans
7.8485856,8.952947,0,KMeans
9.830283,6.114422,0,KMeans
10.125881,7.7249103,0,KMeans
9.146991,10.874295,2,KMeans
6.5791497,2.7295125,3,KMeans
11.530747,1.9252205,3,KMeans
10.92977,9.5123205,2,KMeans
11.760139,10.947656,2,KMeans
10.651939,8.595342,0,KMeans
8.521902,11.861018,2,KMeans
11.133163,12.020927,2,KMeans
12.718659,11.236983,2,KMeans
11.686313,9.198848,2,KMeans
7.728319,5.3917236,0,KMeans
9.635872,9.313014,0,KMeans
8.170473,11.103237,2,KMeans
9.007812,1.8425035,3,KMeans
11.373642,10.115009,2,KMeans
11.00031,10.623454,2,KMeans
11.993156,9.874209,2,KMeans
10.188198,5.164399,0,KMeans
8.909134,9.906367,2,KMeans
13.034943,11.564597,2,KMeans
8.89737,11.891175,2,KMeans
11.822536,-0.8733609,3,KMeans
10.345868,3.0004208,3,KMeans
7.4574175,10.959695,2,KMeans
12.11289,10.193331,2,KMeans
10.549985,-0.3932523,3,KMeans
10.508234,5.677692,0,KMeans
9.866275,6.4294558,0,KMeans
12.65941,10.610128,2,KMeans
11.142937,12.168717,2,KMeans
4.4362736,2.3386688,1,KMeans
8.6478615,7.5076275,0,KMeans
9.309157,5.8630414,0,KMeans
10.840964,12.211417,2,KMeans
9.165727,2.4880128,3,KMeans
9.514075,10.281992,2,KMeans
7.204077,7.959324,0,KMeans
8.747788,0.54268426,3,KMeans
10.101716,4.0707183,0,KMeans
8.596213,5.5109034,0,KMeans
8.015089,9.349068,0,KMeans
8.787422,0.42647734,3,KMeans
8.484444,5.6772213,0,KMeans
9.927457,11.757205,2,KMeans
11.467282,0.76558644,3,KMeans
10.156604,9.295105,0,KMeans
10.704004,12.506536,2,KMeans
10.387879,4.8104334,0,KMeans
12.390125,-0.12071395,3,KMeans
11.182047,12.687694,2,KMeans
9.596268,4.5796337,0,KMeans
10.818274,5.6438265,0,KMeans
10.127642,8.27173,0,KMeans
8.800308,9.317101,0,KMeans
8.365743,9.281921,0,KMeans
9.968776,8.333426,0,KMeans
12.204734,0.43554252,3,KMeans
11.845497,13.081906,2,KMeans
5.1376576,2.493284,1,KMeans
11.048376,1.0033773,3,KMeans
12.127603,7.0877347,0,KMeans
13.204207,12.960352,2,KMeans
6.9168086,8.770971,0,KMeans
8.645922,-0.07751261,3,KMeans
11.751505,4.183448,0,KMeans
11.629321,10.399383,2,KMeans
12.785262,10.517642,2,KMeans
12.006415,-0.91546935,3,KMeans
9.205237,5.2670283,0,KMeans
11.778543,12.393979,2,KMeans
12.581737,-0.039137673,3,KMeans
8.681615,8.655833,0,KMeans
9.028558,3.7437692,0,KMeans
10.096168,2.0493104,3,KMeans
8.07335,11.142887,2,KMeans
11.242118,2.7970874,3,KMeans
8.445199,5.7517753,0,KMeans
9.638331,10.85666,2,KMeans
8.270141,11.330794,2,KMeans
10.870389,9.130171,0,KMeans
9.592838,2.1085868,3,KMeans
9.226046,2.353269,3,KMeans
8.585365,-0.3902401,3,KMeans
10.74282,6.363619,0,KMeans
11.52247,9.995899,2,KMeans
10.031264,8.675871,0,KMeans
12.960498,12.997653,2,KMeans
8.716137,0.40368342,3,KMeans
12.292108,12.551509,2,KMeans
8.0523615,10.078449,2,KMeans
10.363894,4.810838,0,KMeans
10.471594,3.159728,3,KMeans
8.366858,6.485854,0,KMeans
9.25651,7.2334867,0,KMeans
8.691609,-0.38624433,3,KMeans
10.155767,8.221732,0,KMeans
9.33209,9.17851,0,KMeans
10.985467,9.094373,0,KMeans
10.793853,1.7778536,3,KMeans
12.375478,13.320915,2,KMeans
11.868188,-0.81401587,3,KMeans
8.104445,7.9883776,0,KMeans
7.9478374,11.21965,2,KMeans
8.781967,2.5013356,3,KMeans
12.938251,0.66162604,2,KMeans
10.865349,5.266952,0,KMeans
7.91653,10.477068,0,KMeans
12.145448,8.091899,2,KMeans
11.533579,11.277532,2,KMeans
9.373503,3.0726163,3,KMeans
11.979423,3.8950145,3,KMeans
8.831606,7.645155,0,KMeans
4.353739,2.3051739,1,KMeans
9.976813,7.2308536,0,KMeans
10.482451,8.347934,0,KMeans
10.469009,7.847577,0,KMeans
10.133583,8.9952345,0,KMeans
10.241279,7.83847,0,KMeans
9.318469,2.9053268,3,KMeans
9.53848,10.994075,2,KMeans
7.1861115,9.09542,0,KMeans
11.259099,7.217569,0,KMeans
12.556546,12.955913,2,KMeans
11.708648,12.025464,2,KMeans
11.488161,12.853825,2,KMeans
11.866714,0.97248024,3,KMeans
10.479312,7.303588,0,KMeans
10.085694,11.504223,2,KMeans
7.0410795,2.9663022,0,KMeans
9.627305,8.995675,0,KMeans
10.249526,7.2654023,0,KMeans
11.858509,7.5906386,0,KMeans
11.040516,10.577439,2,KMeans
11.631537,11.175243,2,KMeans
8.306087,6.6625757,0,KMeans
12.786102,11.607765,2,KMeans
11.645504,6.810117,0,KMeans
8.254097,9.991603,2,KMeans
11.0531,2.6641257,3,KMeans
11.991879,7.4065437,0,KMeans
8.909302,8.461825,0,KMeans
10.6552725,8.817012,0,KMeans
6.9733386,8.627974,0,KMeans
12.153227,2.2942083,3,KMeans
12.086774,7.041155,0,KMeans
9.057208,4.980914,0,KMeans
9.559537,1.0681953,3,KMeans
12.301596,9.965577,2,KMeans
10.716209,10.671044,2,KMeans
11.952224,4.105256,0,KMeans
10.104542,4.8018856,0,KMeans
8.586803,3.0548112,0,KMeans
10.975716,1.0513159,3,KMeans
11.207051,5.287378,0,KMeans
12.950178,0.8467128,2,KMeans
10.463793,6.2120557,0,KMeans
7.9614205,7.9015055,0,KMeans
11.227856,1.016899,3,KMeans
10.551842,12.287059,2,KMeans
12.495875,13.350525,2,KMeans
10.821252,9.522964,2,KMeans
12.276699,13.478627,2,KMeans
9.06907,2.4804423,3,KMeans
12.196277,7.0503316,0,KMeans
9.290922,-0.5325574,3,KMeans
8.495353,5.0618095,0,KMeans
11.37081,10.28575,2,KMeans
10.671981,2.7430573,3,KMeans
9.127065,1.1365768,3,KMeans
11.63652,1.3965174,3,KMeans
10.241292,8.939536,0,KMeans
7.8369303,5.5334525,0,KMeans
13.422116,12.137705,2,KMeans
8.789873,-0.7913261,3,KMeans
10.813393,2.6869864,3,KMeans
11.136242,3.5776854,3,KMeans
12.663395,13.888214,2,KMeans
8.811018,9.946597,0,KMeans
10.991859,2.1767504,3,KMeans
9.485825,11.283156,2,KMeans
11.112599,6.2503405,0,KMeans
8.862062,6.7898297,0,KMeans
10.297407,0.97804296,3,KMeans
10.644347,2.0920286,3,KMeans
10.8163,2.0099843,3,KMeans
8.850638,10.888788,2,KMeans
11.695808,0.076585025,3,KMeans
10.181036,2.587199,3,KMeans
10.274923,5.54055,0,KMeans
12.719357,11.3075695,2,KMeans
8.677381,-0.5345648,3,KMeans
9.061794,11.490126,2,KMeans
12.093366,-0.009738409,3,KMeans
9.917963,2.605485,3,KMeans
9.617021,3.3934796,0,KMeans
10.631032,0.4823647,3,KMeans
9.329957,11.652574,2,KMeans
12.048577,2.591268,3,KMeans
10.853467,6.221761,0,KMeans
9.529654,4.2199144,0,KMeans
9.322282,1.3438712,3,KMeans
10.5460825,4.5604944,0,KMeans
11.689077,1.1894529,3,KMeans
12.360834,13.431935,2,KMeans
9.107486,10.05494,2,KMeans
9.494311,9.148782,0,KMeans
11.12727,3.0611293,3,KMeans
12.324481,3.043531,2,KMeans
10.519962,0.3373046,3,KMeans
10.363381,8.714829,0,KMeans
10.805336,11.098239,2,KMeans
7.6500726,10.993198,2,KMeans
10.190889,0.69240016,3,KMeans
12.104279,1.2672465,3,KMeans
12.759723,11.265527,2,KMeans
12.952079,13.903901,2,KMeans
8.269799,9.258926,0,KMeans
11.090362,1.9841748,3,KMeans
12.795645,12.583084,2,KMeans
10.443032,5.1337914,0,KMeans
13.11171,10.349297,2,KMeans
8.935735,8.250988,0,KMeans
9.6620655,1.6720307,3,KMeans
10.410093,12.00475,2,KMeans
9.145411,9.486638,0,KMeans
10.700088,2.3490584,3,KMeans
11.692425,4.1709285,0,KMeans
10.838831,12.52131,2,KMeans
9.027173,3.2229207,0,KMeans
11.652707,11.421788,2,KMeans
9.27387,4.111104,0,KMeans
11.035481,10.327336,2,KMeans
9.724763,4.6012225,0,KMeans
10.1537895,5.126189,0,KMeans
9.639965,12.262158,2,KMeans
11.493219,11.292847,2,KMeans
10.909823,0.30406803,3,KMeans
8.811786,-0.5416711,3,KMeans
12.302894,12.662053,2,KMeans
10.2431,2.6173508,3,KMeans
10.9763975,9.894932,2,KMeans
10.772193,2.7701235,3,KMeans
11.525133,11.615308,2,KMeans
9.568558,10.63104,2,KMeans
10.959691,11.148305,2,KMeans
11.359876,4.4095044,0,KMeans
9.017786,5.4007235,0,KMeans
8.904961,5.063994,0,KMeans
9.069432,6.498678,0,KMeans
11.045444,12.132868,2,KMeans
10.588429,6.241822,0,KMeans
10.644956,5.4825425,0,KMeans
12.667801,12.562939,2,KMeans
12.247701,8.505097,2,KMeans
11.432382,10.602869,2,KMeans
10.162834,7.839871,0,KMeans
9.143697,6.4713016,0,KMeans
12.342601,11.574737,2,KMeans
11.192227,2.7984853,3,KMeans
9.463494,2.628158,3,KMeans
10.323868,9.030274,0,KMeans
10.939896,11.369343,2,KMeans
9.124076,2.3953753,0,KMeans
8.400545,6.791719,0,KMeans
8.453467,9.181375,0,KMeans
8.966468,9.432036,0,KMeans
6.375057,2.833876,1,KMeans
8.837452,-0.48592168,3,KMeans
10.401895,0.7404592,3,KMeans
11.432376,0.3844063,3,KMeans
10.023555,6.7898364,0,KMeans
11.291785,2.003407,3,KMeans
10.199279,2.7889428,3,KMeans
10.644703,4.455835,0,KMeans
8.637855,-0.025401773,3,KMeans
12.202555,2.283287,3,KMeans
7.541254,10.964796,2,KMeans
9.326375,7.929295,0,KMeans
9.105034,7.252534,0,KMeans
13.120599,12.273708,2,KMeans
9.1645565,1.9570655,3,KMeans
12.031421,11.098269,2,KMeans
9.764964,-0.8628448,3,KMeans
9.202681,3.3672478,0,KMeans
8.272513,6.2924037,0,KMeans
12.220606,7.7849817,0,KMeans
9.222868,9.716094,0,KMeans
6.6734333,9.759439,0,KMeans
11.917076,0.41871983,3,KMeans
9.376676,4.2174788,0,KMeans
7.658227,3.2456157,0,KMeans
10.635383,9.406433,2,KMeans
9.387732,4.2883706,0,KMeans
9.871765,8.803004,0,KMeans
12.4398,7.9184265,0,KMeans
7.776617,5.3911657,0,KMeans
6.3973846,2.8790247,2,KMeans
9.795313,10.626883,2,KMeans
12.989625,1.2244378,2,KMeans
12.178999,8.087923,2,KMeans
8.414514,10.441408,2,KMeans
11.499868,4.8830247,0,KMeans
11.0882,11.702184,2,KMeans
12.535235,11.146265,2,KMeans
9.875233,7.4750333,0,KMeans
13.066322,12.748847,2,KMeans
9.093278,0.18095087,3,KMeans
11.374301,2.2455673,3,KMeans
10.993139,-0.71711886,3,KMeans
10.102193,2.301593,3,KMeans
9.210724,6.651817,0,KMeans
12.34566,0.07296611,3,KMeans
10.498258,5.330553,0,KMeans
10.161084,0.18290667,3,KMeans
10.471655,1.061968,3,KMeans
11.638764,3.049657,3,KMeans
7.6384706,6.607037,0,KMeans
8.485435,-0.4044971,3,KMeans
10.573007,0.079377815,3,KMeans
11.452443,12.147114,2,KMeans
10.48753,2.5019214,3,KMeans
7.9397326,11.343354,2,KMeans
10.251435,2.697621,3,KMeans
9.8751955,6.167447,0,KMeans
10.794671,3.2363398,3,KMeans
12.013401,12.693123,2,KMeans
11.432997,3.64211,0,KMeans
9.429115,7.355255,0,KMeans
10.170334,11.606888,2,KMeans
11.319264,6.725815,0,KMeans
10.231834,9.4751,2,KMeans
10.863123,5.6067,0,KMeans
11.536561,3.7377305,0,KMeans
8.543524,11.061541,2,KMeans
12.160238,12.937415,2,KMeans
11.383531,11.777332,2,KMeans
12.238672,12.075028,2,KMeans
10.173825,5.4008627,0,KMeans
12.052567,6.4596906,0,KMeans
10.815885,11.062762,2,KMeans
12.254442,7.457732,0,KMeans
8.796255,0.5196237,3,KMeans
11.499388,2.8250978,3,KMeans
9.308182,6.0075784,0,KMeans
10.572519,6.3314943,0,KMeans
7.5055614,7.8177853,0,KMeans
12.678979,-0.38759962,3,KMeans
11.932345,0.89805204,3,KMeans
11.133183,0.8099511,3,KMeans
12.010389,2.4715853,3,KMeans
10.333651,3.0141926,3,KMeans
9.851796,11.603835,2,KMeans
10.772475,5.518692,0,KMeans
10.899079,-0.7471885,3,KMeans
11.34415,2.0572705,3,KMeans
12.216247,10.026875,2,KMeans
10.772083,1.2676268,3,KMeans
7.677089,9.169567,0,KMeans
11.483783,1.6147848,3,KMeans
10.954219,3.6767094,0,KMeans
9.442694,5.8005857,0,KMeans
11.039603,4.5332565,0,KMeans
9.192911,2.9192338,0,KMeans
12.780195,13.61695,2,KMeans
8.485644,9.9421625,2,KMeans
10.340932,12.482385,2,KMeans
10.360205,8.123372,0,KMeans
11.662063,4.139423,0,KMeans
11.591403,-0.59416634,3,KMeans
7.786972,9.48468,0,KMeans
9.443934,2.7114637,3,KMeans
8.009207,7.690913,0,KMeans
13.084771,10.747383,2,KMeans
12.048469,1.8051137,3,KMeans
11.086044,13.0665455,2,KMeans
11.49499,1.3850346,3,KMeans
9.229632,11.263719,2,KMeans
10.663239,6.855875,0,KMeans
12.320489,12.747091,2,KMeans
9.127022,0.1380291,3,KMeans
10.110524,5.649804,0,KMeans
12.582498,-0.6126322,3,KMeans
9.121122,3.010797,0,KMeans
11.310344,10.862598,2,KMeans
6.576692,2.8175073,2,KMeans
9.956325,7.7202706,0,KMeans
11.505687,3.945471,0,KMeans
8.726294,9.964056,2,KMeans
10.71882,12.215557,2,KMeans
9.274585,-0.09274925,3,KMeans
9.170015,7.5053487,0,KMeans
12.874978,1.3655562,2,KMeans
10.913552,10.940515,2,KMeans
10.573738,5.3507614,0,KMeans
11.584494,-0.10332084,3,KMeans
10.351943,3.2819796,3,KMeans
11.029765,9.872915,2,KMeans
12.311386,10.872956,2,KMeans
8.478543,9.702658,0,KMeans
9.552178,3.3652415,0,KMeans
7.9133434,9.516851,0,KMeans
11.982935,3.679258,3,KMeans
12.412759,9.971506,2,KMeans
12.637432,-0.46829268,3,KMeans
9.9318075,7.4109697,0,KMeans
12.35726,13.553804,2,KMeans
12.689707,2.011533,2,KMeans
10.235368,4.9702888,0,KMeans
7.7157044,6.982111,0,KMeans
9.535002,5.3760633,0,KMeans
10.011712,6.1611357,0,KMeans
7.5547123,6.2604413,0,KMeans
11.571681,8.636548,0,KMeans
9.904547,7.4043713,0,KMeans
7.7194843,8.497316,0,KMeans
9.209726,11.976742,2,KMeans
11.178097,8.654062,0,KMeans
8.855938,-0.9436346,3,KMeans
9.97802,6.877991,0,KMeans
9.206334,-0.94839203,3,KMeans
11.057486,7.702568,0,KMeans
8.154973,5.7574778,0,KMeans
9.758915,1.6599456,3,KMeans
8.717939,6.012389,0,KMeans
10.244058,8.507712,0,KMeans
12.4389515,12.957625,2,KMeans
8.521711,-0.49481642,3,KMeans
10.79549,1.9061167,3,KMeans
10.470229,3.7357957,0,KMeans
12.145993,12.878603,2,KMeans
8.35931,9.423241,0,KMeans
9.357607,6.124379,0,KMeans
10.228974,8.6578,0,KMeans
10.445202,1.0916942,3,KMeans
9.634515,6.704736,0,KMeans
11.293409,12.357579,2,KMeans
9.226842,3.3025405,3,KMeans
10.827135,6.66196,0,KMeans
7.8307805,5.4828234,0,KMeans
10.030115,11.513228,2,KMeans
10.843377,7.3097925,0,KMeans
11.440064,11.286634,2,KMeans
8.502588,9.776069,0,KMeans
8.92159,3.96643,0,KMeans
10.62505,5.098908,0,KMeans
11.079148,7.032487,0,KMeans
8.868012,10.332835,2,KMeans
9.38462,7.6150265,0,KMeans
12.19502,2.41759,3,KMeans
10.6766405,3.399402,0,KMeans
11.313716,-0.45625404,3,KMeans
9.735094,6.4400525,0,KMeans
12.035992,13.494861,2,KMeans
10.1843195,5.0173125,0,KMeans
9.3661375,5.550659,0,KMeans
11.44169,2.6349018,3,KMeans
6.2498727,2.7840352,1,KMeans
10.177538,12.041356,2,KMeans
12.074341,1.3409548,3,KMeans
12.912278,9.597067,2,KMeans
11.2721405,12.763081,2,KMeans
7.524074,11.010638,2,KMeans
11.178787,0.90358245,3,KMeans
10.20861,11.915119,2,KMeans
9.583204,2.609744,3,KMeans
8.575069,8.721715,0,KMeans
11.892167,10.63384,2,KMeans
11.236822,4.041166,0,KMeans
7.6202946,2.9751444,3,KMeans
10.389169,6.2788386,0,KMeans
12.006513,11.917779,2,KMeans
10.571849,3.6780746,0,KMeans
11.881615,4.1845613,0,KMeans
8.770026,8.211781,0,KMeans
7.900508,6.438967,0,KMeans
8.914508,6.864996,0,KMeans
10.608695,11.525386,2,KMeans
9.599669,10.23936,2,KMeans
10.638823,8.456287,0,KMeans
9.016604,6.547616,0,KMeans
13.413036,12.621617,2,KMeans
8.9958725,2.391549,0,KMeans
10.89152,3.792226,0,KMeans
8.454625,1.6057994,3,KMeans
9.70467,7.0194197,0,KMeans
9.934539,5.0787835,0,KMeans
8.973597,2.9438808,0,KMeans
4.4134398,2.3422346,1,KMeans
10.11996,8.308645,0,KMeans
11.062716,1.3876009,3,KMeans
9.93283,3.3887641,0,KMeans
11.018196,2.1340888,3,KMeans
10.858918,9.565035,2,KMeans
8.675881,5.1673503,0,KMeans
12.601436,10.843374,2,KMeans
10.23278,10.66333,2,KMeans
10.908714,1.6298355,3,KMeans
11.011315,8.7935915,0,KMeans
12.762521,0.2546662,3,KMeans
4.663123,2.4106498,1,KMeans
8.859821,-0.22880217,3,KMeans
10.001511,-0.14073534,3,KMeans
9.296217,8.949617,0,KMeans
8.234105,7.8912034,0,KMeans
10.995034,10.453658,2,KMeans
9.574117,0.3370201,3,KMeans
12.752793,1.1172705,3,KMeans
6.6407022,2.9403915,1,KMeans
7.466496,8.028769,0,KMeans
12.604606,12.31167,2,KMeans
13.1672125,11.77259,2,KMeans
12.055397,2.8787394,3,KMeans
11.887691,3.5341246,0,KMeans
11.831152,11.723936,2,KMeans
11.817666,8.865669,2,KMeans
10.373814,2.5290422,3,KMeans
9.06307,7.172931,0,KMeans
8.443883,7.9151263,0,KMeans
8.489437,6.4534993,0,KMeans
11.311902,9.524327,2,KMeans
12.199638,6.37936,0,KMeans
12.867887,9.519061,2,KMeans
10.05409,2.3994386,3,KMeans
10.325186,6.1629486,0,KMeans
11.037124,12.742248,2,KMeans
10.368476,10.261968,2,KMeans
9.786263,3.6198735,0,KMeans
9.607306,10.391133,2,KMeans
12.788898,10.591954,2,KMeans
9.492126,2.207899,3,KMeans
10.495948,2.5420845,3,KMeans
8.493478,1.4951937,0,KMeans
9.732417,9.941669,2,KMeans
9.063869,11.546764,2,KMeans
10.370375,7.494844,0,KMeans
9.8563595,8.592431,0,KMeans
8.939535,2.418484,3,KMeans
11.360723,6.7332435,0,KMeans
9.478706,9.657058,2,KMeans
12.139658,12.315601,2,KMeans
11.044007,2.156544,3,KMeans
11.388848,9.039034,2,KMeans
10.16246,2.3818436,3,KMeans
8.937703,10.97738,2,KMeans
12.018076,9.563709,2,KMeans
10.0163765,4.9160204,0,KMeans
10.598506,12.68628,2,KMeans
8.235946,10.772921,2,KMeans
10.529148,2.3178504,3,KMeans
10.111206,0.8169491,3,KMeans
11.637935,-0.07457536,3,KMeans
12.280229,3.4037735,3,KMeans
11.398462,10.291871,2,KMeans
11.529084,0.77651256,3,KMeans
7.6214547,11.102361,2,KMeans
8.544995,1.1006824,3,KMeans
7.0874553,3.2514899,0,KMeans
10.625017,4.170797,0,KMeans
8.4528475,5.4104347,0,KMeans
11.922305,12.730628,2,KMeans
11.343851,7.758327,0,KMeans
13.224876,10.600858,2,KMeans
10.341087,3.5562487,0,KMeans
12.971708,13.913615,2,KMeans
11.055467,3.3701446,3,KMeans
11.280415,11.5019,2,KMeans
7.2472878,8.153623,0,KMeans
6.5626373,9.7769985,0,KMeans
11.052895,3.4229422,2,KMeans
11.878582,13.116324,2,KMeans
8.901974,7.901672,0,KMeans
10.990762,7.223231,0,KMeans
10.376312,11.510968,2,KMeans
12.503746,7.653601,0,KMeans
11.684469,-0.7892108,3,KMeans
11.980639,1.1293913,3,KMeans
12.667982,2.1199763,2,KMeans
9.407787,10.138303,2,KMeans
9.4147215,-0.6568568,3,KMeans
10.914697,5.8505473,0,KMeans
8.963345,-0.56164545,3,KMeans
9.688883,0.9245803,3,KMeans
5.986881,2.741492,1,KMeans
12.857261,11.435173,2,KMeans
11.941547,1.8034416,3,KMeans
7.8469424,8.025682,0,KMeans
9.972767,6.394112,0,KMeans
9.23764,4.44184,0,KMeans
12.196988,2.6999695,2,KMeans
10.048077,6.231457,0,KMeans
11.559754,2.9228663,0,KMeans
9.433178,1.1571393,3,KMeans
9.810153,7.189503,0,KMeans
7.7813063,11.25551,2,KMeans
10.383765,3.4139044,0,KMeans
13.149855,13.7375765,2,KMeans
10.255929,4.8259406,0,KMeans
8.59511,5.4525466,0,KMeans
8.248956,5.400006,0,KMeans
12.582284,1.6505289,3,KMeans
10.689156,5.468718,0,KMeans
9.656916,9.948436,2,KMeans
9.096302,6.2537947,0,KMeans
9.865047,9.024121,0,KMeans
8.734304,6.3472695,0,KMeans
11.104604,7.490203,0,KMeans
9.914967,6.515863,0,KMeans
12.720896,12.577683,2,KMeans
8.639475,8.796351,0,KMeans
11.0037365,3.579492,0,KMeans
9.744537,4.2656126,0,KMeans
10.0704775,11.581985,2,KMeans
9.599531,11.517557,2,KMeans
10.097109,6.632653,0,KMeans
4.5595455,2.3848734,1,KMeans
8.472509,-0.07477414,3,KMeans
8.780715,9.29938,0,KMeans
9.640423,12.30542,2,KMeans
10.1777,10.837135,2,KMeans
12.802772,13.764535,2,KMeans
7.6526413,10.751584,2,KMeans
11.73301,-0.63684285,3,KMeans
8.628743,9.274984,0,KMeans
12.17859,13.493331,2,KMeans
11.842842,4.1001353,0,KMeans
5.1338615,2.5250106,1,KMeans
8.756252,9.904613,2,KMeans
9.995601,-0.5733489,3,KMeans
10.189713,3.5353563,0,KMeans
10.775905,5.9032946,0,KMeans
12.211691,13.765155,2,KMeans
9.564157,11.026199,2,KMeans
11.666165,1.8087763,3,KMeans
12.754782,10.379175,2,KMeans
9.511204,10.310899,2,KMeans
9.39017,6.855444,0,KMeans
6.811105,3.0055132,0,KMeans
9.244124,10.4641,2,KMeans
10.327482,6.5866227,0,KMeans
9.526717,11.919157,2,KMeans
10.979698,3.7215512,0,KMeans
8.81145,5.3463836,0,KMeans
10.12861,4.347073,0,KMeans
10.489696,0.88845813,3,KMeans
12.264817,0.57930475,3,KMeans
12.365954,11.930428,2,KMeans
12.13223,12.703693,2,KMeans
9.340881,4.747776,0,KMeans
10.178593,12.048614,2,KMeans
8.760782,4.1394134,0,KMeans
9.24799,2.199273,3,KMeans
11.657646,2.9601161,3,KMeans
9.317944,5.634733,0,KMeans
11.085028,2.1377857,3,KMeans
12.019866,1.7175792,3,KMeans
8.227479,11.020469,2,KMeans
11.877657,2.8568504,3,KMeans
9.482335,9.392296,0,KMeans
6.6893225,9.871893,2,KMeans
10.056016,6.6393476,0,KMeans
12.63443,2.9162967,2,KMeans
9.863556,8.946269,0,KMeans
8.591938,8.728213,0,KMeans
12.539374,0.72170293,3,KMeans
10.930938,7.7911043,0,KMeans
7.164933,9.386334,0,KMeans
9.795591,2.0641222,3,KMeans
8.980593,2.511372,3,KMeans
9.339907,9.921149,2,KMeans
10.575675,1.173543,3,KMeans
10.425906,1.8749676,3,KMeans
9.435012,8.594897,0,KMeans
8.704325,8.522296,0,KMeans
6.384148,2.8186564,1,KMeans
12.605686,-0.33237568,3,KMeans
8.499776,4.156123,0,KMeans
9.488126,0.35673448,3,KMeans
11.634887,-0.6283254,3,KMeans
10.205232,-0.26027596,3,KMeans
10.91816,0.80763113,3,KMeans
7.766792,5.8337126,0,KMeans
10.470219,0.94625014,3,KMeans
12.634407,12.448353,2,KMeans
10.806021,9.033368,0,KMeans
10.574028,2.7127376,3,KMeans
11.44615,1.1000062,3,KMeans
10.393229,2.8165162,3,KMeans
11.946082,6.9904156,0,KMeans
12.311177,10.104394,2,KMeans
7.988608,9.942306,2,KMeans
9.142464,4.8317113,0,KMeans
11.144078,12.787467,2,KMeans
9.570678,6.943896,0,KMeans
9.252432,2.0192432,3,KMeans
9.427414,6.9200335,0,KMeans
7.721562,9.611911,2,KMeans
9.694622,6.189399,0,KMeans
9.295501,4.3409986,0,KMeans
8.590485,0.15331993,3,KMeans
9.96623,8.070372,0,KMeans
9.911099,7.7910333,0,KMeans
8.886565,10.185875,2,KMeans
9.298653,2.982021,0,KMeans
9.83446,5.121782,0,KMeans
8.814927,2.143435,3,KMeans
8.551498,6.920685,0,KMeans
13.037472,11.837516,2,KMeans
7.0870547,9.387744,0,KMeans
12.615529,12.371613,2,KMeans
10.2628765,4.2796173,0,KMeans
11.008354,2.1842918,3,KMeans
9.628064,2.6883802,3,KMeans
12.333965,-0.81653446,3,KMeans
9.864862,-0.7081466,3,KMeans
8.963933,2.7621465,0,KMeans
11.084523,12.601251,2,KMeans
7.858121,11.081268,2,KMeans
10.724212,5.6123967,0,KMeans
9.873165,10.188022,2,KMeans
12.444398,3.0779788,2,KMeans
6.640296,9.877759,2,KMeans
9.445874,9.39935,0,KMeans
11.4893055,8.348913,0,KMeans
9.646589,2.849721,3,KMeans
10.857771,1.7634896,3,KMeans
10.405692,6.231767,0,KMeans
11.557447,11.574835,2,KMeans
10.584351,5.506073,0,KMeans
9.026541,4.133871,0,KMeans
7.1373367,9.701604,0,KMeans
10.499144,4.8045187,0,KMeans
9.162628,8.407172,0,KMeans
9.14998,3.092936,3,KMeans
9.498648,10.170556,2,KMeans
12.443188,1.1965251,3,KMeans
7.8343763,5.8427463,0,KMeans
6.1021047,2.7217073,1,KMeans
9.033237,2.8886616,0,KMeans
8.659923,9.026363,0,KMeans
6.5078483,2.899595,1,KMeans
11.039128,11.2952175,2,KMeans
13.53881,12.156146,2,KMeans
12.033932,9.574259,2,KMeans
9.511262,-0.13786349,3,KMeans
10.699007,9.372605,2,KMeans
9.942649,6.330431,0,KMeans
12.428564,9.224366,2,KMeans
12.307785,13.781279,2,KMeans
9.244209,4.9872546,0,KMeans
8.434964,10.854289,2,KMeans
9.57755,-0.82417923,3,KMeans
6.7593384,9.797575,0,KMeans
5.2286897,2.5286827,1,KMeans
8.839371,-0.5067064,3,KMeans
9.565976,-0.5394082,3,KMeans
8.000845,7.544191,0,KMeans
9.06334,2.3710928,3,KMeans
12.686541,0.8211547,3,KMeans
10.173712,11.777879,2,KMeans
8.909996,6.944083,0,KMeans
6.782964,9.280766,0,KMeans
12.942328,10.189682,2,KMeans
11.779499,-0.34577096,3,KMeans
7.0140905,3.0033913,2,KMeans
9.92422,6.7620025,0,KMeans
11.435842,10.547101,2,KMeans
9.48977,8.626643,0,KMeans
8.54084,7.6330056,0,KMeans
11.502586,1.2496868,3,KMeans
7.8793664,10.291184,2,KMeans
11.182748,7.677782,0,KMeans
7.242205,9.13466,0,KMeans
7.055837,7.9434867,0,KMeans
10.156099,2.6615129,3,KMeans
8.89852,6.2595696,0,KMeans
8.59667,-0.8095679,3,KMeans
11.51156,11.159589,2,KMeans
13.1284275,10.333219,2,KMeans
7.9449725,7.115873,0,KMeans
12.297756,9.941919,2,KMeans
7.1571317,9.619141,0,KMeans
13.158713,14.033346,2,KMeans
9.073194,8.603427,0,KMeans
11.7902355,11.438679,2,KMeans
12.464871,-0.42640328,3,KMeans
8.564587,2.671666,0,KMeans
12.425956,10.931783,2,KMeans
8.634493,5.003646,0,KMeans
10.803131,8.97465,0,KMeans
8.4338455,4.7227745,0,KMeans
12.222535,2.051047,3,KMeans
10.32001,7.947302,0,KMeans
12.601498,2.2705305,2,KMeans
7.743577,5.9926867,0,KMeans
9.172121,7.8195205,0,KMeans
7.846546,7.562289,0,KMeans
12.114639,-0.036579587,3,KMeans
13.2671175,12.290724,2,KMeans
9.901902,5.800314,0,KMeans
8.303801,8.0915,0,KMeans
8.910755,1.9078432,3,KMeans
10.523343,2.557164,3,KMeans
7.5674953,11.0034275,2,KMeans
10.37818,-0.73679084,3,KMeans
9.666931,6.516349,0,KMeans
12.115935,1.1480782,3,KMeans
9.977802,8.0292845,0,KMeans
10.578136,3.4195402,3,KMeans
10.216673,3.0899174,3,KMeans
10.58135,0.45959696,3,KMeans
9.507166,8.100235,0,KMeans
11.434912,10.011121,2,KMeans
12.436892,1.2847778,3,KMeans
11.091895,3.3429759,3,KMeans
12.280364,9.596576,2,KMeans
10.809268,1.3398719,3,KMeans
11.450888,12.061458,2,KMeans
12.559686,1.003392,3,KMeans
5.848118,2.576355,1,KMeans
12.037177,2.4244506,3,KMeans
10.314461,3.2783456,0,KMeans
11.405478,2.7081072,3,KMeans
10.043301,0.6918185,3,KMeans
11.224261,10.964369,2,KMeans
8.689269,5.610632,0,KMeans
9.935848,7.9869123,0,KMeans
9.30269,9.124501,0,KMeans
9.898194,7.1175222,0,KMeans
9.922066,5.6725197,0,KMeans
9.439781,1.247113,3,KMeans
8.626083,1.6423763,3,KMeans
12.352217,13.842229,2,KMeans
8.728873,8.227176,0,KMeans
12.239186,2.6430972,3,KMeans
10.339021,10.892946,2,KMeans
8.151877,6.4662905,0,KMeans
9.299188,1.3531328,3,KMeans
7.4887395,9.115834,0,KMeans
9.147006,1.207074,3,KMeans
9.37455,0.03444451,3,KMeans
7.3125505,9.612454,0,KMeans
10.817235,10.431478,2,KMeans
12.651461,13.859986,2,KMeans
9.072694,7.1443715,0,KMeans
10.539876,5.5556974,0,KMeans
11.953311,4.0364385,0,KMeans
10.354231,10.726509,2,KMeans
9.037971,4.531376,0,KMeans
10.653119,5.8615484,0,KMeans
10.053496,6.138049,0,KMeans
11.833353,7.352492,0,KMeans
8.34951,9.490674,0,KMeans
11.063396,12.440323,2,KMeans
11.643524,5.907651,0,KMeans
8.477285,0.058640517,3,KMeans
10.312679,8.193469,0,KMeans
8.990905,-0.097218186,3,KMeans
8.523506,9.32293,0,KMeans
13.04119,11.819617,2,KMeans
7.687053,8.860085,0,KMeans
10.976051,9.990472,2,KMeans
8.716608,11.120663,2,KMeans
12.565501,12.271654,2,KMeans
8.369846,8.885865,0,KMeans
11.37251,11.249914,2,KMeans
8.117802,7.1164227,0,KMeans
10.776336,3.7902586,0,KMeans
11.014356,7.7466383,0,KMeans
7.024638,9.813329,0,KMeans
9.865285,11.199471,2,KMeans
11.18588,2.9039505,3,KMeans
9.656941,11.751539,2,KMeans
8.664543,2.4598768,0,KMeans
10.747018,8.047375,0,KMeans
9.051185,3.1355507,0,KMeans
9.068449,-0.4793516,3,KMeans
10.193615,6.475577,0,KMeans
10.555342,-0.31770828,3,KMeans
9.288113,4.8536944,0,KMeans
10.920729,4.2962894,0,KMeans
12.030964,2.8157911,3,KMeans
9.769193,8.873211,0,KMeans
11.864443,9.126765,2,KMeans
12.148132,8.147178,0,KMeans
9.040538,0.95458466,3,KMeans
12.285295,8.273799,2,KMeans
6.8361864,10.124708,2,KMeans
10.101916,3.5024123,0,KMeans
11.343025,11.819475,2,KMeans
10.561022,11.945738,2,KMeans
6.5843716,9.657892,0,KMeans
8.8930025,5.5403886,0,KMeans
10.53011,11.366246,2,KMeans
12.9062395,11.1205635,2,KMeans
9.473669,10.690349,2,KMeans
9.240053,9.655652,2,KMeans
11.816468,-0.8708621,3,KMeans
7.240771,9.889721,0,KMeans
12.364671,1.568617,3,KMeans
9.119243,0.7075351,3,KMeans
9.4473915,0.7193499,3,KMeans
12.033771,8.620905,2,KMeans
8.046423,9.5625925,0,KMeans
10.527683,5.872636,0,KMeans
13.367296,13.146667,2,KMeans
9.376718,8.62545,0,KMeans
11.476567,11.035873,2,KMeans
12.16785,6.6399612,0,KMeans
11.97624,3.834787,0,KMeans
11.986487,3.576054,0,KMeans
10.335001,6.4591904,0,KMeans
10.581959,1.5356243,3,KMeans
10.191309,0.24479635,3,KMeans
11.641457,2.2040188,3,KMeans
8.870535,1.6931134,3,KMeans
10.417455,0.90593696,3,KMeans
10.3885145,12.126091,2,KMeans
12.210532,2.435593,2,KMeans
11.333628,5.7997885,0,KMeans
8.600285,2.480478,3,KMeans
9.461203,9.029548,0,KMeans
13.273577,14.0543995,2,KMeans
9.155146,3.526329,0,KMeans
10.15677,6.872243,0,KMeans
12.941272,12.490774,2,KMeans
10.065558,9.2216835,0,KMeans
7.334975,10.374281,2,KMeans
12.562178,1.0596744,2,KMeans
9.807396,-0.40573528,3,KMeans
12.155808,12.122103,2,KMeans
12.645875,-0.0070170066,3,KMeans
11.005784,5.291891,0,KMeans
9.356575,2.5490103,3,KMeans
8.863108,6.4187403,0,KMeans
11.388412,2.3039594,3,KMeans
12.37206,13.818707,2,KMeans
12.150519,2.7135854,3,KMeans
8.76295,2.0857513,3,KMeans
10.043659,8.533559,0,KMeans
10.201205,6.469136,0,KMeans
7.024112,3.2819,0,KMeans
9.976583,4.2418003,0,KMeans
11.688948,3.5544121,0,KMeans
11.463909,3.3215773,3,KMeans
11.095142,10.65365,2,KMeans
9.880215,8.646108,0,KMeans
11.259111,0.97764176,3,KMeans
8.970677,-0.60348547,3,KMeans
9.559616,9.291837,0,KMeans
9.451516,8.930609,0,KMeans
8.685208,3.2803466,0,KMeans
10.416653,7.7785573,0,KMeans
11.387706,-0.012108883,3,KMeans
11.124489,-0.15378934,3,KMeans
11.159686,2.3240812,3,KMeans
10.443991,5.459864,0,KMeans
8.868748,8.330295,0,KMeans
9.174314,9.289931,0,KMeans
4.924105,2.4614828,1,KMeans
12.527251,10.005402,2,KMeans
13.070602,12.468245,2,KMeans
10.496851,1.6183858,3,KMeans
9.284519,7.674258,0,KMeans
8.114126,7.5682654,0,KMeans
9.541077,10.32775,2,KMeans
10.570519,5.7891765,0,KMeans
12.432596,-0.18176153,3,KMeans
9.167261,3.1715465,0,KMeans
11.498712,5.371255,0,KMeans
10.820598,-0.07957139,3,KMeans
11.66413,8.661941,2,KMeans
12.499213,13.355866,2,KMeans
8.611422,4.712623,0,KMeans
9.596595,5.160531,0,KMeans
6.587164,3.061328,0,KMeans
8.67919,7.440689,0,KMeans
10.812231,5.6824007,0,KMeans
10.956333,1.7217566,3,KMeans
9.3502445,5.1644297,0,KMeans
8.672773,5.8850737,0,KMeans
11.175421,1.9813466,3,KMeans
11.479449,1.2969041,3,KMeans
9.924916,4.818555,0,KMeans
9.0048485,-0.18347873,3,KMeans
10.152722,7.935161,0,KMeans
10.981683,11.422411,2,KMeans
10.026593,1.5383013,3,KMeans
9.66686,7.684425,0,KMeans
10.027115,4.890298,0,KMeans
12.132744,4.292876,0,KMeans
9.218905,1.5326519,3,KMeans
11.209683,2.8802283,3,KMeans
12.298843,7.318952,0,KMeans
10.955088,5.52552,0,KMeans
7.402595,7.5803294,0,KMeans
8.930727,7.2773013,0,KMeans
8.906879,11.954503,2,KMeans
8.292637,10.732231,2,KMeans
13.088796,11.128286,2,KMeans
8.978418,2.089704,3,KMeans
9.992676,5.4197164,0,KMeans
9.096659,4.84435,0,KMeans
8.124484,5.943124,0,KMeans
8.6973715,5.6341977,0,KMeans
8.476228,8.516055,0,KMeans
13.032789,13.992672,2,KMeans
9.963045,2.8464084,3,KMeans
12.807295,13.034226,2,KMeans
11.881889,6.34426,0,KMeans
11.310495,7.2970376,0,KMeans
11.8390255,3.0094404,3,KMeans
12.612272,13.362453,2,KMeans
10.316457,7.719928,0,KMeans
9.687794,9.543795,0,KMeans
8.005184,9.658015,0,KMeans
7.7699456,10.793339,2,KMeans
12.036011,0.18481493,3,KMeans
7.5659604,10.1387,2,KMeans
13.354888,13.87746,2,KMeans
12.185788,9.147323,2,KMeans
10.17331,8.625887,0,KMeans
11.16026,1.8640844,3,KMeans
7.4426155,8.972524,0,KMeans
9.039467,5.9784255,0,KMeans
11.348827,12.607739,2,KMeans
10.2620325,3.234861,0,KMeans
12.875118,11.912019,2,KMeans
9.717122,-0.10625939,3,KMeans
12.938347,1.1770177,2,KMeans
7.965037,7.9116406,0,KMeans
12.277593,0.22431648,3,KMeans
9.456941,1.9999352,3,KMeans
12.596259,2.0170236,2,KMeans
10.967963,9.318466,2,KMeans
10.855372,9.090332,2,KMeans
7.1690288,8.612667,0,KMeans
10.95355,7.441791,0,KMeans
10.350708,12.352047,2,KMeans
12.228149,-0.083853394,3,KMeans
8.64431,2.6894445,3,KMeans
6.652447,9.728479,0,KMeans
11.08732,10.959314,2,KMeans
9.122085,10.171485,2,KMeans
12.332916,3.4517944,2,KMeans
9.594084,4.8049855,0,KMeans
10.857209,10.855745,2,KMeans
12.483521,1.7864176,3,KMeans
10.068526,2.8468604,3,KMeans
9.041191,1.4230132,3,KMeans
10.286053,6.316239,0,KMeans
11.553226,1.65437,3,KMeans
12.347439,3.2464173,2,KMeans
9.836383,8.301933,0,KMeans
9.336525,2.284544,3,KMeans
11.97855,3.6762404,3,KMeans
11.832465,-0.21132468,3,KMeans
9.710023,3.4796307,0,KMeans
9.183746,4.7029443,0,KMeans
10.86461,10.030881,2,KMeans
8.694025,-0.61934114,3,KMeans
11.108211,1.850269,3,KMeans
11.240287,1.6651219,3,KMeans
8.879581,6.772662,0,KMeans
9.186086,4.2629585,0,KMeans
10.983051,8.12143,0,KMeans
9.977442,2.9425921,3,KMeans
8.15095,10.704998,2,KMeans
9.122897,4.1413007,0,KMeans
10.6294365,8.259926,0,KMeans
9.294925,9.116472,0,KMeans
9.61479,1.1220154,3,KMeans
12.628364,7.57109,0,KMeans
12.39337,1.823508,3,KMeans
10.682832,9.972904,2,KMeans
9.010735,2.9436114,3,KMeans
4.655177,2.3958983,1,KMeans
10.761518,5.827806,0,KMeans
12.9170885,13.734505,2,KMeans
12.256569,6.6477394,0,KMeans
6.458937,3.0419106,2,KMeans
10.025087,6.793198,0,KMeans
11.992339,9.095191,2,KMeans
10.8119755,3.344497,0,KMeans
7.7860956,2.9327145,3,KMeans
8.448127,7.956055,0,KMeans
7.6205993,9.874604,2,KMeans
10.813363,0.76183873,3,KMeans
13.042161,10.503071,2,KMeans
10.486279,3.447942,3,KMeans
9.689229,8.7928,0,KMeans
11.601572,6.7136645,0,KMeans
8.3955145,6.3636694,0,KMeans
9.842185,5.4688706,0,KMeans
9.650709,2.610976,3,KMeans
10.509856,0.59349656,3,KMeans
9.290197,6.2855525,0,KMeans
8.891132,4.794044,0,KMeans
10.4460335,1.4050382,3,KMeans
9.29526,-0.25266996,3,KMeans
12.021016,0.85852176,3,KMeans
11.490342,12.421271,2,KMeans
11.04068,9.494467,2,KMeans
9.804284,5.055457,0,KMeans
11.057408,0.24759996,3,KMeans
10.308621,6.794428,0,KMeans
11.574337,8.652401,0,KMeans
10.101632,0.38640723,3,KMeans
9.375393,5.6571755,0,KMeans
11.101008,4.4176145,0,KMeans
9.152721,0.7573038,3,KMeans
10.2459955,12.194249,2,KMeans
11.579391,0.17636038,3,KMeans
8.929923,1.9556324,3,KMeans
13.555926,13.343335,2,KMeans
12.24151,2.5404072,3,KMeans
8.79858,0.5728858,3,KMeans
10.473792,6.248483,0,KMeans
10.104473,3.8779588,0,KMeans
9.819948,5.5601535,0,KMeans
9.185805,4.67605,0,KMeans
10.286823,4.8617992,0,KMeans
6.569458,9.533564,0,KMeans
10.470591,9.160309,0,KMeans
11.399149,2.500154,3,KMeans
8.099285,9.416844,0,KMeans
13.544762,13.611722,2,KMeans
7.834137,5.6216884,0,KMeans
9.77925,10.813398,2,KMeans
12.62358,1.1748426,3,KMeans
10.914446,6.2401958,0,KMeans
11.840113,13.621096,2,KMeans
9.1174135,10.144565,2,KMeans
11.668637,10.779209,2,KMeans
11.811453,3.5717237,0,KMeans
11.817372,10.707465,2,KMeans
12.14791,2.2239065,3,KMeans
11.197759,-0.13699028,3,KMeans
11.749598,6.08469,0,KMeans
8.733956,8.737362,0,KMeans
12.18931,12.9180355,2,KMeans
8.301878,11.551574,2,KMeans
9.264211,0.32628185,3,KMeans
8.434265,10.655804,2,KMeans
11.132096,-0.3141082,3,KMeans
6.5046864,2.8966684,1,KMeans
10.414222,9.786573,2,KMeans
10.413722,7.198628,0,KMeans
11.916706,12.493403,2,KMeans
9.223523,2.244694,3,KMeans
8.070565,4.80235,0,KMeans
9.951066,8.810766,0,KMeans
9.413053,9.5412245,2,KMeans
9.343775,6.8453774,0,KMeans
11.478028,-0.36021012,3,KMeans
11.453685,12.823305,2,KMeans
9.110896,2.932548,0,KMeans
11.546426,-0.08321162,3,KMeans
9.205843,4.6677446,0,KMeans
9.587319,2.8020866,3,KMeans
9.911328,6.1027536,0,KMeans
9.974568,4.583135,0,KMeans
11.259458,2.3023658,3,KMeans
12.169122,2.588005,3,KMeans
10.731099,0.54521996,3,KMeans
8.999149,-0.9178837,3,KMeans
9.877316,6.255897,0,KMeans
9.304653,7.2758594,0,KMeans
8.956484,-0.57273614,3,KMeans
6.508947,3.087509,2,KMeans
12.387283,8.55253,2,KMeans
9.864458,7.712772,0,KMeans
12.59104,2.8908405,2,KMeans
11.005822,10.427873,2,KMeans
10.562859,8.795605,0,KMeans
9.9470415,5.5370865,0,KMeans
10.223537,4.884986,0,KMeans
10.976922,1.0430838,3,KMeans
10.506375,12.356726,2,KMeans
10.354716,6.9656672,0,KMeans
12.203352,3.0055811,3,KMeans
12.368398,12.937047,2,KMeans
8.348461,8.001479,0,KMeans
10.246135,1.9456375,3,KMeans
9.901132,-0.9017802,3,KMeans
10.279305,3.7547925,0,KMeans
5.405133,2.5135148,1,KMeans
8.152147,11.565013,2,KMeans
11.229905,1.0901735,3,KMeans
10.866952,9.789769,2,KMeans
11.472804,5.779848,0,KMeans
9.597108,10.102374,2,KMeans
12.507682,9.878326,2,KMeans
9.193243,10.294593,2,KMeans
8.585244,-0.07411135,3,KMeans
9.44335,8.114974,0,KMeans
9.919776,4.668494,0,KMeans
8.714522,2.6313756,0,KMeans
10.501273,9.774686,2,KMeans
9.715415,8.253014,0,KMeans
6.814834,10.206189,2,KMeans
10.396645,9.842935,2,KMeans
9.576398,5.0396547,0,KMeans
10.195851,3.3497207,3,KMeans
10.103472,8.650412,0,KMeans
9.822879,6.771625,0,KMeans
11.736967,9.756418,2,KMeans
11.882733,10.059973,2,KMeans
10.957266,4.0073915,0,KMeans
9.037888,9.457383,0,KMeans
13.39972,12.824735,2,KMeans
8.26376,7.374169,0,KMeans
10.465166,4.2183614,0,KMeans
7.7211924,9.756568,0,KMeans
13.207527,13.584705,2,KMeans
12.444287,0.9861119,3,KMeans
9.62569,6.9412613,0,KMeans
10.778098,5.8575835,0,KMeans
11.551378,13.121199,2,KMeans
8.288957,4.327492,0,KMeans
11.660298,12.794784,2,KMeans
8.890093,9.451736,0,KMeans
10.430609,9.802869,2,KMeans
12.965128,12.695623,2,KMeans
11.131389,3.2915611,3,KMeans
8.953837,5.7233295,0,KMeans
11.805848,11.494365,2,KMeans
9.828409,9.779831,2,KMeans
9.891295,6.4210916,0,KMeans
8.074411,7.8639574,0,KMeans
11.650934,4.5601206,0,KMeans
8.6044655,2.7557523,0,KMeans
8.190259,7.4366536,0,KMeans
8.821144,0.4049932,3,KMeans
10.37546,5.346958,0,KMeans
8.247298,6.283788,0,KMeans
8.956588,7.341994,0,KMeans
10.634771,10.665703,2,KMeans
12.417424,13.291357,2,KMeans
7.7319283,6.779709,0,KMeans
11.996559,3.925069,0,KMeans
10.156817,6.7014613,0,KMeans
11.896167,2.9928472,3,KMeans
11.72121,-0.018019108,3,KMeans
12.880876,10.599775,2,KMeans
9.904217,4.625765,0,KMeans
9.502387,11.821943,2,KMeans
9.996441,10.115203,2,KMeans
9.418762,-0.6260588,3,KMeans
10.332584,5.251279,0,KMeans
10.886725,4.1603575,0,KMeans
4.30887,2.2870476,1,KMeans
11.442482,9.180381,2,KMeans
11.7922535,9.31773,2,KMeans
9.825243,6.6820884,0,KMeans
8.99496,6.60133,0,KMeans
11.499404,1.5215576,3,KMeans
10.312869,1.4374373,3,KMeans
9.851762,7.615891,0,KMeans
12.774195,-0.57360226,2,KMeans
8.812278,-0.5926637,3,KMeans
10.13733,0.86841625,3,KMeans
11.893803,13.553685,2,KMeans
10.047393,11.207292,2,KMeans
12.3224125,7.1709094,0,KMeans
13.613219,13.460841,2,KMeans
12.330854,0.600549,3,KMeans
10.646577,5.931317,0,KMeans
10.261664,-0.46031564,3,KMeans
10.470726,3.7749162,0,KMeans
8.929332,11.792674,2,KMeans
11.418663,3.0532458,3,KMeans
8.865117,7.1280484,0,KMeans
11.885732,3.9285367,0,KMeans
9.19101,3.1472921,3,KMeans
9.594265,5.3449583,0,KMeans
9.226503,0.2314033,3,KMeans
10.413954,0.66036123,3,KMeans
10.645118,0.35799032,3,KMeans
11.702015,10.664886,2,KMeans
9.652547,10.9753685,2,KMeans
8.628385,3.4101622,0,KMeans
10.355392,1.244763,3,KMeans
9.056008,12.065055,2,KMeans
9.093232,1.2299626,3,KMeans
11.662422,-0.8178175,3,KMeans
7.580768,9.952016,0,KMeans
12.517398,2.6799276,2,KMeans
10.776964,5.5357447,0,KMeans
6.55186,9.705224,0,KMeans
9.924841,1.8214271,3,KMeans
11.578995,5.116306,0,KMeans
11.386733,7.679082,0,KMeans
12.823199,13.202416,2,KMeans
8.004921,11.133142,2,KMeans
10.375461,5.792477,0,KMeans
7.7103643,8.833349,0,KMeans
12.183743,10.249138,2,KMeans
9.765985,4.5009823,0,KMeans
7.9291844,3.3561206,0,KMeans
11.165911,12.286424,2,KMeans
11.029921,9.983356,2,KMeans
11.965304,11.691442,2,KMeans
10.606197,11.857551,2,KMeans
9.583795,8.985315,0,KMeans
9.577053,5.827226,0,KMeans
12.07585,10.137339,2,KMeans
8.501359,2.6146798,3,KMeans
10.351885,2.3745203,3,KMeans
11.552899,7.001648,0,KMeans
11.643553,11.97314,2,KMeans
11.512224,3.8672724,3,KMeans
10.162574,9.436058,0,KMeans
11.126441,10.512642,2,KMeans
7.41043,10.1049795,2,KMeans
12.634687,7.742047,2,KMeans
12.793738,11.327091,2,KMeans
10.601763,4.6386976,0,KMeans
9.596157,5.9035535,0,KMeans
9.170262,6.974995,0,KMeans
10.209031,1.812583,3,KMeans
9.109064,6.0681567,0,KMeans
12.355227,7.119937,0,KMeans
9.179285,2.4242659,3,KMeans
8.729865,7.4647274,0,KMeans
9.892194,12.025191,2,KMeans
11.940009,0.23801975,3,KMeans
10.322846,7.5328183,0,KMeans
10.823507,10.750738,2,KMeans
11.787657,9.92136,2,KMeans
8.823586,11.924347,2,KMeans
13.193976,11.573324,2,KMeans
9.359554,8.118328,0,KMeans
10.685145,1.1444572,3,KMeans
12.415915,13.461661,2,KMeans
5.1795425,2.4983351,1,KMeans
10.864629,8.322005,0,KMeans
9.193953,8.377391,0,KMeans
8.9891405,0.20104504,3,KMeans
10.576733,-0.4062863,3,KMeans
8.826726,-0.3391039,3,KMeans
13.105996,14.048958,2,KMeans
9.75552,1.0632571,3,KMeans
12.4566345,10.426049,2,KMeans
12.00792,0.9774558,3,KMeans
10.057741,7.149547,0,KMeans
10.205346,2.8358536,0,KMeans
8.610762,2.8134823,0,KMeans
9.482123,8.768655,0,KMeans
11.154516,3.7567165,0,KMeans
10.979603,7.205072,0,KMeans
7.837768,9.785642,2,KMeans
10.911063,-0.7465267,3,KMeans
8.662796,9.425019,0,KMeans
10.782716,3.5313232,0,KMeans
10.784328,5.3001657,0,KMeans
9.875408,5.1115675,0,KMeans
9.305555,9.947394,2,KMeans
10.590327,2.7753453,3,KMeans
12.118804,3.0690055,2,KMeans
12.440972,7.6875243,2,KMeans
12.315546,7.2495522,0,KMeans
11.350297,5.3763256,0,KMeans
12.256548,1.7398192,3,KMeans
8.527733,9.123794,0,KMeans
8.675532,0.45133722,3,KMeans
12.2585125,0.19945624,3,KMeans
9.067544,8.574613,0,KMeans
5.838135,2.6722777,1,KMeans
9.159415,4.090743,0,KMeans
8.6007395,9.4090805,0,KMeans
11.83328,11.988411,2,KMeans
11.457938,8.96073,0,KMeans
11.330153,10.758407,2,KMeans
8.835749,-0.62697446,3,KMeans
11.825076,11.320528,2,KMeans
7.3831005,9.517409,0,KMeans
12.948828,10.772426,2,KMeans
7.3365993,3.2464814,2,KMeans
11.404914,0.3769571,3,KMeans
7.738511,5.9442263,0,KMeans
8.99781,2.0242465,3,KMeans
10.006016,3.779832,0,KMeans
7.933526,10.200441,2,KMeans
11.218736,10.111529,2,KMeans
8.090267,10.85697,2,KMeans
12.890641,11.404981,2,KMeans
9.360618,7.065384,0,KMeans
10.063493,2.833947,3,KMeans
11.431984,11.723205,2,KMeans
11.258835,11.665197,2,KMeans
13.250632,11.75965,2,KMeans
10.616977,1.8079424,3,KMeans
8.493829,9.816416,0,KMeans
12.804378,12.135277,2,KMeans
10.185323,10.797944,2,KMeans
8.775831,8.716991,0,KMeans
10.848101,10.220132,2,KMeans
7.89775,9.321595,0,KMeans
9.07055,4.6766033,0,KMeans
10.867405,0.6856848,3,KMeans
8.5362015,0.26991442,3,KMeans
12.735674,13.926235,2,KMeans
10.394826,11.090917,2,KMeans
10.701812,10.740136,2,KMeans
11.007339,11.009136,2,KMeans
11.9064455,13.683279,2,KMeans
9.512901,4.692915,0,KMeans
11.813757,12.345634,2,KMeans
11.437157,4.140822,0,KMeans
11.334418,8.927128,2,KMeans
11.069545,8.6611595,0,KMeans
12.711889,13.909629,2,KMeans
9.075742,1.0236955,3,KMeans
8.686456,2.5802038,3,KMeans
10.518518,8.286986,0,KMeans
11.227953,4.892616,0,KMeans
12.017568,0.90997016,3,KMeans
11.629471,11.465091,2,KMeans
11.867794,11.384609,2,KMeans
9.8972,5.631391,0,KMeans
8.412328,3.4891047,0,KMeans
12.89905,1.1868802,2,KMeans
12.495449,10.105351,2,KMeans
10.081781,6.9135222,0,KMeans
11.370799,7.7695103,0,KMeans
9.045875,0.9333642,3,KMeans
9.508706,2.4597435,3,KMeans
12.108659,2.5863087,3,KMeans
10.506133,12.470666,2,KMeans
9.001395,9.958641,0,KMeans
10.098979,9.380854,0,KMeans
12.783674,13.41206,2,KMeans
8.627355,11.454067,2,KMeans
11.135833,-0.22819126,3,KMeans
10.447262,9.857069,2,KMeans
11.223381,0.45511684,3,KMeans
10.415902,6.513205,0,KMeans
12.312807,0.056870926,3,KMeans
9.32443,0.44312936,3,KMeans
13.060755,11.191666,2,KMeans
8.404935,8.629122,0,KMeans
11.291105,11.886975,2,KMeans
7.723631,10.173655,2,KMeans
8.554835,10.080962,2,KMeans
7.691644,9.411881,0,KMeans
8.639932,2.0219276,3,KMeans
9.624997,7.0410876,0,KMeans
11.926368,13.652248,2,KMeans
10.278152,6.6648602,0,KMeans
8.444174,6.904289,0,KMeans
7.9419184,7.5728455,0,KMeans
10.512826,10.345622,2,KMeans
9.651733,11.748777,2,KMeans
10.473429,10.939476,2,KMeans
8.000653,8.754745,0,KMeans
10.810752,0.4594257,3,KMeans
7.8572526,6.3337207,0,KMeans
11.321508,4.403973,0,KMeans
8.423548,4.2315297,0,KMeans
9.961137,6.7676005,0,KMeans
10.15637,6.824661,0,KMeans
12.394866,10.245038,2,KMeans
10.1782675,9.302058,2,KMeans
9.842769,0.9103242,3,KMeans
8.721167,9.882426,2,KMeans
9.382312,1.1780273,3,KMeans
9.74893,-0.9465361,3,KMeans
9.667237,3.4112587,0,KMeans
8.531798,9.234896,0,KMeans
8.740571,8.044432,0,KMeans
10.345784,8.241091,0,KMeans
8.963498,2.288666,3,KMeans
12.292776,1.0550822,3,KMeans
8.037267,8.457861,0,KMeans
11.5814,10.929065,2,KMeans
12.496236,12.150499,2,KMeans
6.7388206,3.1147532,0,KMeans
8.808264,7.7459245,0,KMeans
10.878455,7.516547,0,KMeans
9.691859,9.66425,0,KMeans
9.95366,3.273075,0,KMeans
11.199879,3.6265273,0,KMeans
12.50492,9.416805,2,KMeans
10.002069,0.73024654,3,KMeans
10.758892,3.5854378,0,KMeans
11.323027,2.9607024,3,KMeans
10.2153015,6.4222026,0,KMeans
10.4770565,0.23790173,3,KMeans
10.321389,4.6634116,0,KMeans
9.195977,4.8911204,0,KMeans
9.417593,2.75353,3,KMeans
9.148855,6.1706085,0,KMeans
10.452991,5.741946,0,KMeans
9.35531,9.577461,0,KMeans
9.963343,0.071371555,3,KMeans
12.475501,9.461385,2,KMeans
10.750928,1.8362907,3,KMeans
8.442468,-0.10634793,3,KMeans
9.736953,0.97022057,3,KMeans
4.3917046,2.3165343,1,KMeans
10.052876,1.8341552,3,KMeans
10.290438,3.4194462,0,KMeans
12.097141,10.798247,2,KMeans
12.8215885,0.51587945,2,KMeans
12.035031,12.950243,2,KMeans
11.421466,11.445154,2,KMeans
9.632437,7.110699,0,KMeans
11.015725,12.430047,2,KMeans
10.211837,5.7436795,0,KMeans
12.089906,2.7685347,3,KMeans
8.876913,7.0596805,0,KMeans
10.198464,3.21212,0,KMeans
9.882274,11.531142,2,KMeans
11.058689,2.1787522,3,KMeans
12.557475,12.503242,2,KMeans
12.74924,13.331557,2,KMeans
9.643908,1.7045397,3,KMeans
10.825835,11.199789,2,KMeans
12.597984,9.950906,2,KMeans
8.578192,-0.6304129,3,KMeans
11.45454,11.747597,2,KMeans
10.603727,10.848983,2,KMeans
9.311661,1.4509776,3,KMeans
10.66987,2.1376793,3,KMeans
9.593739,0.31533787,3,KMeans
8.458129,11.3189335,2,KMeans
9.478659,9.584641,0,KMeans
12.878861,10.562872,2,KMeans
7.6000714,10.734162,2,KMeans
10.871593,4.413268,0,KMeans
8.30081,11.095638,2,KMeans
9.853599,10.636531,2,KMeans
9.58653,0.67023367,3,KMeans
10.919546,0.094824456,3,KMeans
8.393754,10.238429,2,KMeans
10.778946,9.90813,2,KMeans
11.4237385,4.487963,0,KMeans
11.74189,10.767606,2,KMeans
11.524484,7.986319,2,KMeans
6.0348463,2.8126822,1,KMeans
7.23346,9.317404,0,KMeans
10.788214,2.2986453,3,KMeans
8.89055,5.656373,0,KMeans
10.547097,7.9915066,0,KMeans
8.6700115,-0.41472948,3,KMeans
11.009712,7.135079,0,KMeans
8.592585,4.04994,0,KMeans
11.424524,-0.7211754,3,KMeans
13.270426,11.882583,2,KMeans
8.8341,10.271664,2,KMeans
12.634516,1.8620054,2,KMeans
11.916471,2.5576286,3,KMeans
11.511298,7.171298,0,KMeans
12.321751,9.827325,2,KMeans
10.9433155,10.439551,2,KMeans
9.62931,6.1942835,0,KMeans
8.451802,7.7731752,0,KMeans
8.826362,6.883334,0,KMeans
9.784785,0.54438096,3,KMeans
11.790168,7.781798,0,KMeans
13.18911,12.665992,2,KMeans
10.532534,8.685698,0,KMeans
8.811026,0.85855937,3,KMeans
10.894905,11.973359,2,KMeans
8.616163,8.309501,0,KMeans
9.92761,4.8467183,0,KMeans
10.784391,1.9084506,3,KMeans
13.525811,13.330102,2,KMeans
10.670084,1.6806101,3,KMeans
8.486769,1.8510815,3,KMeans
9.038083,6.276791,0,KMeans
10.200477,3.8413203,0,KMeans
10.379774,10.057734,2,KMeans
11.908718,9.325969,0,KMeans
10.811041,7.9828115,0,KMeans
11.126709,10.762731,2,KMeans
10.421982,9.674696,2,KMeans
12.394333,-0.58428407,3,KMeans
11.064684,7.283449,0,KMeans
9.371552,3.0244012,0,KMeans
12.390535,2.8559635,3,KMeans
10.618534,2.9540915,3,KMeans
11.186623,13.159121,2,KMeans
11.630063,1.6727679,3,KMeans
10.794611,9.90894,2,KMeans
11.707403,7.4777904,0,KMeans
9.004707,6.258902,0,KMeans
10.627309,3.5123737,0,KMeans
11.622524,3.0713289,0,KMeans
8.776491,9.790976,0,KMeans
11.776879,6.211869,0,KMeans
9.962774,2.2355108,3,KMeans
8.189065,10.60059,2,KMeans
10.5602665,8.2775135,0,KMeans
12.163289,10.62118,2,KMeans
12.120652,9.877448,2,KMeans
13.020321,10.673632,2,KMeans
11.594823,4.361775,0,KMeans
12.720753,0.3899184,3,KMeans
11.971706,-0.8679862,3,KMeans
9.85317,5.482825,0,KMeans
10.466188,8.898486,0,KMeans
12.21976,8.350353,2,KMeans
11.066537,12.198583,2,KMeans
10.011301,8.281295,0,KMeans
9.087969,2.0728483,3,KMeans
9.842168,0.9171651,3,KMeans
8.3670845,6.987678,0,KMeans
10.406434,8.946115,0,KMeans
9.230278,9.995063,2,KMeans
8.790115,8.348834,0,KMeans
10.773533,6.3470078,0,KMeans
9.814247,9.571368,2,KMeans
8.64902,4.798541,0,KMeans
11.496578,11.643879,2,KMeans
10.378376,9.149111,0,KMeans
12.505568,7.1276283,0,KMeans
9.81675,7.7904816,0,KMeans
8.272668,7.7172084,0,KMeans
12.522255,0.982122,2,KMeans
10.465926,6.073295,0,KMeans
10.726588,2.7161589,3,KMeans
12.088511,10.345378,2,KMeans
10.425981,2.827821,3,KMeans
9.090835,9.751042,0,KMeans
12.754331,13.850648,2,KMeans
10.794545,7.4469857,0,KMeans
10.641173,6.9651995,0,KMeans
11.898836,12.5687475,2,KMeans
7.934655,10.173946,0,KMeans
8.616023,4.5879297,0,KMeans
7.8264127,9.348734,0,KMeans
10.722855,1.3095121,3,KMeans
9.593649,5.287661,0,KMeans
8.701719,11.861793,2,KMeans
8.255081,5.3737383,0,KMeans
12.7082815,9.605965,2,KMeans
6.535201,2.8829675,3,KMeans
8.734372,9.655368,0,KMeans
8.605137,7.6609497,0,KMeans
8.4872875,3.5316868,3,KMeans
12.63387,10.519356,2,KMeans
7.8431263,6.1689653,0,KMeans
8.661011,8.431635,0,KMeans
11.410745,7.113949,0,KMeans
4.5644603,2.3777492,1,KMeans
11.5698595,-0.44203907,3,KMeans
11.383231,9.3973255,2,KMeans
9.913224,0.4316764,3,KMeans
9.91568,0.39065105,3,KMeans
11.314237,-0.20191923,3,KMeans
8.601429,2.6691866,0,KMeans
12.560021,-0.30812907,3,KMeans
9.73102,7.307142,0,KMeans
12.077324,7.2910447,0,KMeans
10.196539,8.344196,0,KMeans
10.923602,4.71227,0,KMeans
11.775946,6.382132,0,KMeans
10.105473,5.9297333,0,KMeans
10.025688,9.009993,0,KMeans
9.818236,5.8661084,0,KMeans
8.470368,4.4371314,0,KMeans
12.012709,7.424601,0,KMeans
10.511772,0.740996,3,KMeans
6.7830305,9.0390835,0,KMeans
11.220017,0.11769996,3,KMeans
8.361855,9.820035,2,KMeans
11.394556,1.5696355,3,KMeans
8.765939,5.903655,0,KMeans
10.267109,5.304737,0,KMeans
6.2800117,2.8584604,1,KMeans
11.020265,2.2536945,3,KMeans
8.508696,10.158773,2,KMeans
10.615343,8.877959,0,KMeans
9.572964,10.93444,2,KMeans
9.996234,5.8303065,0,KMeans
10.4346,2.542693,3,KMeans
8.541512,-0.45600316,3,KMeans
11.152686,1.1882213,3,KMeans
10.648225,11.515182,2,KMeans
9.667809,6.0300875,0,KMeans
10.608516,2.3104317,3,KMeans
10.254867,10.018919,2,KMeans
8.640269,8.9093275,0,KMeans
10.244891,9.893683,2,KMeans
11.158405,-0.76701605,3,KMeans
10.281551,9.339691,0,KMeans
11.77133,2.2656314,3,KMeans
10.26228,8.004419,0,KMeans
13.674697,13.588591,2,KMeans
13.198161,12.448583,2,KMeans
12.753238,-0.40756115,2,KMeans
10.996412,2.5661092,3,KMeans
11.531218,11.520094,2,KMeans
8.500803,-0.5772808,3,KMeans
11.72492,4.380624,0,KMeans
8.995646,6.3789,0,KMeans
12.49191,13.8691025,2,KMeans
7.5593214,8.44607,0,KMeans
9.475649,1.8970902,3,KMeans
7.798442,6.3898726,0,KMeans
10.881501,11.35296,2,KMeans
11.108636,0.72013724,3,KMeans
12.817178,11.213371,2,KMeans
8.512451,10.031756,2,KMeans
7.938127,10.385139,2,KMeans
8.898725,11.089668,2,KMeans
7.2197547,9.158714,0,KMeans
12.55673,10.511468,2,KMeans
9.24457,4.9945908,0,KMeans
8.685243,9.4061775,0,KMeans
12.333609,2.0831094,3,KMeans
6.548194,2.9069417,2,KMeans
10.704579,5.3080688,0,KMeans
12.758542,2.335696,2,KMeans
12.765312,-0.57518613,2,KMeans
12.447677,2.4995444,2,KMeans
10.733089,5.202756,0,KMeans
7.1131363,9.572609,0,KMeans
9.8860655,10.693774,2,KMeans
7.6693954,10.177377,2,KMeans
13.022176,0.86010766,2,KMeans
9.17983,4.4839993,0,KMeans
11.4108095,1.9842083,3,KMeans
8.262701,9.085872,0,KMeans
11.895635,11.656602,2,KMeans
12.052788,12.965007,2,KMeans
9.036999,6.330482,0,KMeans
9.85879,0.12387399,3,KMeans
9.18369,9.602849,0,KMeans
9.230844,0.102927215,3,KMeans
8.510291,4.593192,0,KMeans
11.020234,9.134049,2,KMeans
9.800764,8.712707,0,KMeans
8.196618,9.175369,0,KMeans
10.316693,5.5547385,0,KMeans
11.427402,12.18746,2,KMeans
10.653225,5.4104214,0,KMeans
11.82102,1.5830553,3,KMeans
11.242807,3.1503623,3,KMeans
11.178677,12.400444,2,KMeans
13.205518,10.242207,2,KMeans
10.173262,8.391308,0,KMeans
9.443222,0.10674361,3,KMeans
11.770628,1.6822765,3,KMeans
7.0670085,2.7285388,3,KMeans
8.685496,11.241063,2,KMeans
10.410384,6.7613907,0,KMeans
6.3831706,2.835216,1,KMeans
13.172688,12.627609,2,KMeans
6.4721437,9.706186,0,KMeans
9.586569,6.081914,0,KMeans
8.067605,3.1716614,0,KMeans
12.733345,1.9606575,2,KMeans
8.650893,3.3201241,3,KMeans
8.498694,2.0286064,3,KMeans
9.6188755,3.3709774,0,KMeans
12.183009,13.197876,2,KMeans
12.214265,2.3302753,3,KMeans
11.492518,3.4642832,3,KMeans
10.017532,8.642195,0,KMeans
7.976423,5.8075037,0,KMeans
9.162665,7.019691,0,KMeans
10.455186,11.194912,2,KMeans
8.524998,1.3423841,3,KMeans
10.175497,2.419499,3,KMeans
12.480791,-0.5579522,3,KMeans
11.484505,5.484642,0,KMeans
10.377717,10.124249,2,KMeans
9.130408,1.8241001,3,KMeans
13.494461,13.386542,2,KMeans
12.648904,2.3529224,2,KMeans
12.072554,3.5079734,2,KMeans
10.7392235,2.4086778,3,KMeans
13.050936,13.78494,2,KMeans
10.776907,7.363155,0,KMeans
11.307927,3.8911667,0,KMeans
9.140628,5.159079,0,KMeans
12.259427,9.912538,2,KMeans
12.182287,2.3104837,3,KMeans
10.6868105,4.06647,0,KMeans
6.757777,8.99982,0,KMeans
8.646903,3.3220515,3,KMeans
12.604272,11.867894,2,KMeans
10.002438,1.2008592,3,KMeans
9.802835,-0.5339711,3,KMeans
8.805507,4.262066,0,KMeans
12.242838,13.057311,2,KMeans
11.777754,10.408337,2,KMeans
6.980339,2.8384473,0,KMeans
8.56979,7.929261,0,KMeans
7.4345856,9.89911,0,KMeans
9.741871,5.1902814,0,KMeans
10.784598,10.96308,2,KMeans
8.205219,5.893695,0,KMeans
12.83955,0.7561006,2,KMeans
10.579937,7.441232,0,KMeans
12.963982,12.890848,2,KMeans
10.119786,3.5217624,0,KMeans
8.3845625,1.7228031,0,KMeans
13.080642,10.78477,2,KMeans
8.760132,0.19090499,3,KMeans
7.9368844,9.346647,0,KMeans
9.036177,5.347579,0,KMeans
10.052964,8.56496,0,KMeans
10.864141,11.284222,2,KMeans
10.167627,-0.74783814,3,KMeans
10.157168,3.6944394,0,KMeans
12.189036,3.5973055,0,KMeans
5.291605,2.5576708,1,KMeans
12.268636,-0.5342856,3,KMeans
11.053381,8.630439,0,KMeans
8.420167,-0.15175433,3,KMeans
10.164336,7.2631764,0,KMeans
11.6043415,0.16468659,3,KMeans
9.587749,9.014943,0,KMeans
12.948327,9.712393,2,KMeans
9.6753,-0.0752261,3,KMeans
11.135213,4.2604656,0,KMeans
9.781974,3.3980699,0,KMeans
10.970212,12.667989,2,KMeans
10.1300335,7.905558,0,KMeans
8.072371,6.3762927,0,KMeans
10.602448,11.974323,2,KMeans
12.284742,10.152426,2,KMeans
10.155899,8.81996,0,KMeans
11.777151,12.569495,2,KMeans
12.415086,0.9961117,3,KMeans
9.013076,2.8779142,3,KMeans
11.995248,13.741193,2,KMeans
8.903215,-0.03147451,3,KMeans
9.719747,1.2574021,3,KMeans
8.080156,6.897511,0,KMeans
12.652086,10.035079,2,KMeans
8.752099,1.9006172,3,KMeans
9.884382,8.770778,0,KMeans
11.331543,9.16872,0,KMeans
7.62376,9.920468,0,KMeans
9.344817,-0.5812122,3,KMeans
12.397637,2.5538237,2,KMeans
9.7112055,1.2485223,3,KMeans
11.82413,12.695072,2,KMeans
9.195032,8.4287815,0,KMeans
11.476354,2.8188417,3,KMeans
7.5244594,8.932473,0,KMeans
9.458685,9.049765,0,KMeans
9.6792,7.4665027,0,KMeans
12.153555,10.474987,2,KMeans
8.578283,6.366079,0,KMeans
9.578384,2.7393653,3,KMeans
7.7286367,10.80456,2,KMeans
8.313063,10.612695,2,KMeans
10.086504,8.684311,0,KMeans
8.889237,11.837917,2,KMeans
11.434879,1.6871643,3,KMeans
7.753365,9.252291,0,KMeans
11.757505,2.2284892,3,KMeans
10.745833,8.051649,0,KMeans
9.087936,3.2196674,0,KMeans
9.917752,12.38954,2,KMeans
8.61984,0.3717437,3,KMeans
9.597567,8.909358,0,KMeans
10.352466,1.520246,3,KMeans
11.794627,7.263299,0,KMeans
12.379241,12.577212,2,KMeans
9.748475,-0.3560747,3,KMeans
9.264653,1.2538646,3,KMeans
10.538976,5.206701,0,KMeans
11.093901,3.9121473,0,KMeans
7.8180127,10.194373,0,KMeans
9.3775425,8.546319,0,KMeans
10.083836,10.910911,2,KMeans
10.706695,10.246149,2,KMeans
12.435575,3.3365839,2,KMeans
9.022502,6.567705,0,KMeans
12.382254,-0.28177834,3,KMeans
10.593973,6.5575156,0,KMeans
10.195361,8.367806,0,KMeans
9.787101,11.78737,2,KMeans
11.421248,-0.35344374,3,KMeans
8.158629,11.248228,2,KMeans
8.91582,10.3933735,2,KMeans
10.77091,6.4145036,0,KMeans
10.369579,7.3042974,0,KMeans
10.058107,11.658578,2,KMeans
10.2622795,6.520208,0,KMeans
10.809353,10.429163,2,KMeans
8.655374,-0.57225454,3,KMeans
8.587949,11.530494,2,KMeans
10.720492,7.116166,0,KMeans
10.464941,0.099217124,3,KMeans
10.662714,11.723884,2,KMeans
8.67519,4.0918164,0,KMeans
11.376454,-0.26794228,3,KMeans
11.880088,9.728137,2,KMeans
12.773964,-0.44801906,2,KMeans
11.107823,11.442019,2,KMeans
8.559584,10.136207,2,KMeans
8.609552,6.592078,0,KMeans
12.586014,-0.68211454,2,KMeans
11.394275,4.1356907,0,KMeans
10.766196,2.0254378,3,KMeans
11.494743,10.482717,2,KMeans
8.044497,10.07359,2,KMeans
11.907276,2.5165899,3,KMeans
10.621118,6.325596,0,KMeans
8.499623,7.263915,0,KMeans
9.573634,8.937017,0,KMeans
8.348085,7.508793,0,KMeans
11.528302,6.1165524,0,KMeans
8.799378,-0.29554227,3,KMeans
10.72491,2.558802,3,KMeans
10.4002,7.372008,0,KMeans
7.7308254,7.9499135,0,KMeans
8.492869,9.646745,2,KMeans
10.265735,5.456596,0,KMeans
9.198771,0.76861626,3,KMeans
11.485727,11.265081,2,KMeans
10.691885,7.550327,0,KMeans
12.163989,13.54478,2,KMeans
8.34627,9.887589,0,KMeans
12.476863,10.374321,2,KMeans
11.149273,4.9020643,0,KMeans
8.749334,2.9253395,0,KMeans
8.913886,6.778622,0,KMeans
9.609369,2.967036,3,KMeans
11.022011,2.0160697,3,KMeans
11.339161,3.0463004,3,KMeans
12.1097975,10.293459,2,KMeans
7.073971,8.276141,0,KMeans
11.655388,2.0325642,3,KMeans
10.809196,4.338146,0,KMeans
12.66962,11.297064,2,KMeans
10.775877,11.55864,2,KMeans
7.8803196,6.3805966,0,KMeans
7.771458,10.25801,2,KMeans
11.577327,1.6411268,3,KMeans
8.628163,5.694887,0,KMeans
11.031166,7.1076636,0,KMeans
11.416716,11.345889,2,KMeans
10.579213,0.47770554,3,KMeans
12.3251505,10.865769,2,KMeans
12.448171,-0.3365123,3,KMeans
10.63266,7.526653,0,KMeans
9.126999,7.356946,0,KMeans
9.988203,2.6873693,3,KMeans
11.873426,3.4611833,0,KMeans
5.2396927,2.487771,1,KMeans
10.579013,4.7253585,0,KMeans
12.055858,11.219012,2,KMeans
9.067323,9.84605,0,KMeans
7.315914,7.91208,0,KMeans
8.717684,6.4193068,0,KMeans
8.559308,-0.065611765,3,KMeans
6.614227,2.9675088,0,KMeans
10.588817,2.840602,3,KMeans
7.858174,5.5421467,0,KMeans
12.073545,7.1603193,0,KMeans
12.554209,9.926667,2,KMeans
7.948248,5.6042986,0,KMeans
13.416408,14.044648,2,KMeans
10.735915,5.432677,0,KMeans
9.094858,5.0999794,0,KMeans
8.252154,11.277008,2,KMeans
10.54207,3.2213562,3,KMeans
9.934946,0.9966328,3,KMeans
5.094025,2.5160253,1,KMeans
11.080809,3.6492498,2,KMeans
11.299284,0.2590132,3,KMeans
9.489169,10.015872,2,KMeans
10.017163,3.9639516,0,KMeans
9.051991,1.9240578,3,KMeans
8.51344,7.7093167,0,KMeans
10.616588,5.1751738,0,KMeans
11.225193,10.237233,2,KMeans
10.150333,2.8161662,3,KMeans
10.80318,5.117726,0,KMeans
12.078661,11.235581,2,KMeans
9.995855,9.434208,0,KMeans
12.625802,11.977216,2,KMeans
10.133505,3.2931292,3,KMeans
8.6725445,3.4292223,0,KMeans
11.461769,1.2265933,3,KMeans
9.903496,7.51812,0,KMeans
11.60535,3.1798668,0,KMeans
7.0192084,9.369882,0,KMeans
8.912951,-0.116121545,3,KMeans
4.612569,2.424579,1,KMeans
12.330666,12.518813,2,KMeans
8.158297,6.377366,0,KMeans
12.526516,1.1334509,3,KMeans
10.913116,5.374835,0,KMeans
8.7795,1.3921375,3,KMeans
11.421391,13.026844,2,KMeans
11.6552515,13.333814,2,KMeans
9.353557,3.478439,0,KMeans
7.685864,6.0369096,0,KMeans
9.765659,9.918632,2,KMeans
10.087073,7.894633,0,KMeans
8.53839,10.411117,2,KMeans
11.633018,11.920726,2,KMeans
9.860342,4.8270288,0,KMeans
11.91148,0.6412822,3,KMeans
12.514822,0.13332525,3,KMeans
12.46397,3.2513435,2,KMeans
8.879186,6.5695305,0,KMeans
8.332393,7.9874353,0,KMeans
10.5853615,-0.1997793,3,KMeans
8.371726,10.231613,2,KMeans
7.9900155,10.020524,0,KMeans
10.995859,1.8591363,3,KMeans
10.657575,11.739095,2,KMeans
9.048991,4.4633493,0,KMeans
10.296931,4.990718,0,KMeans
12.225769,11.608052,2,KMeans
11.612811,0.18670823,3,KMeans
10.30725,8.438567,0,KMeans
12.296585,12.093349,2,KMeans
8.3959055,7.768654,0,KMeans
12.9071,10.649081,2,KMeans
12.650562,9.302501,2,KMeans
10.370548,1.4350426,3,KMeans
9.818386,0.09937153,3,KMeans
9.983088,4.051577,0,KMeans
10.42209,10.776673,2,KMeans
10.466297,6.2016854,0,KMeans
12.527816,11.237319,2,KMeans
9.984134,3.5556474,0,KMeans
7.0267615,8.901143,0,KMeans
10.323297,9.860745,2,KMeans
11.023016,2.0268953,3,KMeans
10.790477,10.290761,2,KMeans
8.933371,1.6311017,3,KMeans
9.333338,5.152977,0,KMeans
10.989842,3.7142332,0,KMeans
11.657778,4.3780546,0,KMeans
8.087762,8.120436,0,KMeans
6.7207513,3.1039987,0,KMeans
9.653671,9.834167,2,KMeans
10.480221,7.3824415,0,KMeans
10.145464,6.757481,0,KMeans
9.801558,4.0985837,0,KMeans
8.77248,1.2618698,3,KMeans
11.056987,0.8878066,3,KMeans
12.257876,10.169241,2,KMeans
10.716324,6.3271956,0,KMeans
8.47651,8.359724,0,KMeans
9.387494,0.17219742,3,KMeans
8.98428,-0.5141601,3,KMeans
10.941952,6.972138,0,KMeans
9.825369,4.2799754,0,KMeans
11.796309,9.657761,2,KMeans
8.533835,0.2177908,3,KMeans
9.169933,8.540433,0,KMeans
12.413715,7.565769,0,KMeans
9.239977,4.591326,0,KMeans
8.395605,11.030569,2,KMeans
11.853967,7.761646,0,KMeans
12.017526,0.4164189,3,KMeans
8.823633,6.9360094,0,KMeans
10.146857,8.098558,0,KMeans
10.958865,3.5957165,2,KMeans
11.769257,7.7267127,0,KMeans
10.346988,1.1813214,3,KMeans
10.2257395,1.4535353,3,KMeans
12.400656,11.592895,2,KMeans
11.523093,12.755124,2,KMeans
10.314891,1.6505328,3,KMeans
9.708013,3.4354458,0,KMeans
11.679419,0.6059696,3,KMeans
12.702347,1.9646244,2,KMeans
10.9718485,4.2113137,0,KMeans
11.817506,12.412834,2,KMeans
11.580289,8.406944,0,KMeans
10.727162,7.2757406,0,KMeans
10.3935,0.42443147,3,KMeans
9.812064,3.1931672,3,KMeans
10.121612,8.942125,0,KMeans
11.750751,7.3916297,0,KMeans
11.303449,4.295334,0,KMeans
12.23051,11.287258,2,KMeans
11.903958,10.090292,2,KMeans
10.219487,5.9658513,0,KMeans
8.241565,10.745805,2,KMeans
10.255241,9.185388,0,KMeans
10.961178,10.344058,2,KMeans
11.636666,0.6786889,3,KMeans
12.109416,-0.052039355,3,KMeans
11.281622,-0.014424319,3,KMeans
8.242284,7.926782,0,KMeans
7.749629,9.54846,0,KMeans
9.664409,-0.00043103858,3,KMeans
10.91809,2.4339123,3,KMeans
10.724329,11.724888,2,KMeans
12.640187,11.58669,2,KMeans
10.475804,7.7658286,0,KMeans
11.690986,-0.6202765,3,KMeans
10.724494,8.877138,0,KMeans
10.276864,3.6475637,0,KMeans
10.981873,2.82294,3,KMeans
8.399962,4.9551535,0,KMeans
7.1352735,8.368496,0,KMeans
11.579683,9.560141,2,KMeans
10.061571,6.7093706,0,KMeans
11.225979,2.3679721,3,KMeans
9.930813,10.059047,2,KMeans
9.989426,0.44243565,3,KMeans
8.895024,2.8832667,0,KMeans
12.401124,12.568737,2,KMeans
12.008067,1.2335384,3,KMeans
11.338486,9.365777,2,KMeans
9.842906,10.759869,2,KMeans
10.713323,1.698176,3,KMeans
8.908692,10.0291605,2,KMeans
9.986554,7.0999947,0,KMeans
10.824521,8.06047,0,KMeans
7.9474196,5.549405,0,KMeans
12.899232,10.716806,2,KMeans
9.779775,5.6916213,0,KMeans
10.418024,8.698897,0,KMeans
9.030262,3.5955064,0,KMeans
12.039891,2.9145217,3,KMeans
11.364828,-0.44556105,3,KMeans
11.146089,2.1173103,3,KMeans
10.288009,1.7069368,3,KMeans
11.89274,-0.30109304,3,KMeans
12.076131,12.713674,2,KMeans
9.406852,5.0137424,0,KMeans
7.4112463,7.8929224,0,KMeans
8.751046,-0.98918146,3,KMeans
13.106657,14.005235,2,KMeans
11.201091,2.3671565,3,KMeans
8.559992,-0.4291615,3,KMeans
11.676852,-0.31514663,3,KMeans
7.997991,8.5579,0,KMeans
11.475032,12.554474,2,KMeans
10.2374935,6.392767,0,KMeans
5.47283,2.6048987,1,KMeans
10.760915,5.9507065,0,KMeans
10.967234,12.243337,2,KMeans
10.173019,11.7967005,2,KMeans
11.469863,3.952909,0,KMeans
8.764207,4.839575,0,KMeans
10.197835,2.7419746,3,KMeans
9.728583,7.4930844,0,KMeans
9.809338,4.0679507,0,KMeans
10.916942,-0.8642747,3,KMeans
10.437208,6.8627768,0,KMeans
9.990568,6.9080343,0,KMeans
8.615596,8.765908,0,KMeans
8.08611,4.740101,0,KMeans
11.798814,1.4327766,3,KMeans
9.935291,3.0293906,0,KMeans
7.034755,9.659355,0,KMeans
10.509057,7.976967,0,KMeans
12.678285,10.032133,2,KMeans
10.47146,2.2920892,3,KMeans
13.026165,13.3399,2,KMeans
9.0956,11.581897,2,KMeans
7.903584,5.8414507,0,KMeans
9.2306385,1.4011081,3,KMeans
10.564543,6.292155,0,KMeans
7.6524496,11.090168,2,KMeans
11.483099,1.2833426,3,KMeans
10.463085,11.628406,2,KMeans
10.365513,-0.68379974,3,KMeans
8.376298,8.006347,0,KMeans
8.204512,5.9662747,0,KMeans
7.159311,9.688364,0,KMeans
10.63246,5.3505893,0,KMeans
10.734995,10.248264,2,KMeans
9.836278,6.0641255,0,KMeans
10.740273,7.6039143,0,KMeans
10.146525,3.3845725,3,KMeans
10.706214,10.936692,2,KMeans
10.583618,10.661581,2,KMeans
12.696587,10.2825365,2,KMeans
5.830609,2.7001002,1,KMeans
9.432541,10.217394,2,KMeans
9.1999,1.7152143,3,KMeans
9.294662,-0.40985563,3,KMeans
10.86095,3.0217066,3,KMeans
11.597084,2.8535295,3,KMeans
12.21739,3.5593996,3,KMeans
12.931466,11.602231,2,KMeans
9.642132,8.415775,0,KMeans
8.821251,0.2502761,3,KMeans
12.338861,0.36081016,3,KMeans
8.1316,4.7991834,0,KMeans
9.128041,1.0690881,3,KMeans
8.359162,9.698972,0,KMeans
12.344911,3.1786318,2,KMeans
11.826866,11.999023,2,KMeans
9.118114,0.924052,3,KMeans
12.462813,1.1408309,3,KMeans
8.799411,0.09090141,3,KMeans
8.077739,9.845944,0,KMeans
10.870702,2.0373867,3,KMeans
11.490429,1.830837,3,KMeans
9.005168,10.534888,2,KMeans
12.121753,12.70546,2,KMeans
8.996376,9.477185,0,KMeans
9.182234,4.233486,0,KMeans
9.062369,5.5304637,0,KMeans
12.594151,12.532509,2,KMeans
12.721607,12.4804945,2,KMeans
10.78081,9.373984,2,KMeans
12.312412,12.263792,2,KMeans
11.053454,12.700251,2,KMeans
6.658912,9.318977,0,KMeans
8.461321,4.270126,0,KMeans
10.154963,3.1715374,3,KMeans
13.574864,13.198521,2,KMeans
12.190766,0.8708736,3,KMeans
9.486561,3.2315848,0,KMeans
9.197541,11.107567,2,KMeans
9.379679,11.153886,2,KMeans
7.849407,9.407311,0,KMeans
8.525695,4.58395,0,KMeans
10.259618,8.481563,0,KMeans
12.437666,7.950075,2,KMeans
9.8370495,8.90534,0,KMeans
12.224639,12.360136,2,KMeans
9.077074,7.141731,0,KMeans
8.920295,9.420138,0,KMeans
12.252417,10.9012785,2,KMeans
11.605952,0.01636352,3,KMeans
11.550147,13.264281,2,KMeans
10.319635,11.333243,2,KMeans
10.492789,4.2331853,0,KMeans
10.545464,4.693826,0,KMeans
11.31883,9.782311,2,KMeans
9.215855,9.326384,0,KMeans
7.519534,7.6113725,0,KMeans
6.6189346,9.664119,0,KMeans
11.618869,11.990771,2,KMeans
10.145925,1.6130437,3,KMeans
11.349944,11.586128,2,KMeans
8.687087,6.672734,0,KMeans
12.271121,12.144643,2,KMeans
11.314989,7.7064843,0,KMeans
12.41132,8.014693,2,KMeans
10.513337,7.9082727,0,KMeans
9.2433,7.5451226,0,KMeans
9.011931,6.4117336,0,KMeans
11.957042,1.0655681,3,KMeans
11.623492,3.1617813,2,KMeans
11.416806,10.765351,2,KMeans
11.849238,1.3468187,3,KMeans
12.466509,1.1066196,3,KMeans
11.914516,1.6815535,3,KMeans
7.1639524,9.855901,2,KMeans
10.336341,4.4304757,0,KMeans
8.016503,4.724458,0,KMeans
9.430149,11.023708,2,KMeans
13.539435,12.459962,2,KMeans
11.237147,1.788765,3,KMeans
10.329135,4.8242245,0,KMeans
7.961527,8.528406,0,KMeans
12.0275,11.369652,2,KMeans
9.502849,1.9851042,3,KMeans
9.430009,10.934101,2,KMeans
11.836914,6.9891353,0,KMeans
7.710494,11.226662,2,KMeans
9.621827,1.5085766,3,KMeans
7.2513447,9.449217,0,KMeans
11.576516,0.9880675,3,KMeans
6.9789176,3.172411,0,KMeans
10.145248,2.817851,0,KMeans
10.584031,3.591245,0,KMeans
8.07443,10.799436,2,KMeans
10.632547,9.982997,2,KMeans
7.154685,9.711005,0,KMeans
9.07959,3.994409,0,KMeans
8.175484,10.408041,2,KMeans
8.882378,10.34032,2,KMeans
9.885573,0.8303235,3,KMeans
10.868877,4.271357,0,KMeans
12.690652,13.808201,2,KMeans
10.840063,2.3578293,3,KMeans
9.222984,9.165893,0,KMeans
12.978064,10.432513,2,KMeans
8.878078,5.4327226,0,KMeans
7.2264295,9.646278,0,KMeans
10.916027,9.132592,2,KMeans
10.518296,4.710533,0,KMeans
9.116515,3.6025498,0,KMeans
10.638113,6.832022,0,KMeans
11.205845,0.15506099,3,KMeans
9.822002,10.277498,2,KMeans
9.085956,-0.51035434,3,KMeans
12.79268,13.97879,2,KMeans
8.178428,6.157894,0,KMeans
8.563156,6.8739634,0,KMeans
10.427721,5.4035153,0,KMeans
9.839001,5.8430567,0,KMeans
9.109739,11.913076,2,KMeans
11.203756,1.529725,3,KMeans
12.58004,0.061917797,3,KMeans
10.311764,8.346141,0,KMeans
12.775683,10.489023,2,KMeans
10.624006,6.5864315,0,KMeans
12.327904,3.1707835,3,KMeans
9.44841,8.465989,0,KMeans
10.428534,7.694306,0,KMeans
9.653846,3.4823368,0,KMeans
10.706974,5.1217403,0,KMeans
11.713788,8.0776,0,KMeans
12.140388,7.3765225,0,KMeans
11.845179,6.9989305,0,KMeans
11.474203,8.444682,0,KMeans
11.078632,6.7735143,0,KMeans
11.246295,5.241941,0,KMeans
11.736036,9.237239,2,KMeans
10.479167,12.141101,2,KMeans
11.997103,0.57108444,3,KMeans
11.129238,11.58335,2,KMeans
10.564758,5.4567504,0,KMeans
10.806195,3.2626238,3,KMeans
10.927512,2.3881521,3,KMeans
13.447241,13.09984,2,KMeans
11.744447,8.983801,2,KMeans
12.556298,2.6396654,2,KMeans
9.209972,7.877092,0,KMeans
11.97895,7.0645595,0,KMeans
9.607819,1.7829034,3,KMeans
12.85499,13.837805,2,KMeans
4.408812,2.326971,1,KMeans
10.910644,10.379951,2,KMeans
8.759868,7.2560368,0,KMeans
8.222536,5.8302584,0,KMeans
9.151761,5.9311633,0,KMeans
11.30725,10.317052,2,KMeans
12.105493,-0.09474324,3,KMeans
11.092982,2.5061445,3,KMeans
11.684414,8.262549,0,KMeans
10.950169,4.3222284,0,KMeans
7.7327995,10.953862,2,KMeans
7.699857,10.808264,2,KMeans
9.693455,3.0238888,3,KMeans
9.6638975,5.675197,0,KMeans
9.087529,7.360558,0,KMeans
10.5694895,-0.08279872,3,KMeans
10.450184,7.151009,0,KMeans
11.556487,11.81703,2,KMeans
12.678755,0.8482789,3,KMeans
8.76771,7.949031,0,KMeans
9.942416,7.2825437,0,KMeans
8.969082,2.5602582,3,KMeans
10.316782,6.2434287,0,KMeans
9.904926,5.758427,0,KMeans
8.455422,-0.35589805,3,KMeans
11.486029,11.290388,2,KMeans
12.24408,12.961647,2,KMeans
10.813284,11.530856,2,KMeans
10.587981,1.088703,3,KMeans
11.600949,12.544879,2,KMeans
8.650294,-0.59711105,3,KMeans
10.198575,3.5520196,3,KMeans
10.651145,0.6332807,3,KMeans
7.8531055,8.708598,0,KMeans
10.432911,1.398199,3,KMeans
11.627215,3.2636716,3,KMeans
8.98597,2.3216617,3,KMeans
9.183302,11.6607065,2,KMeans
11.166285,9.150799,0,KMeans
11.451888,9.779441,2,KMeans
7.9787464,8.514612,0,KMeans
8.59155,8.581156,0,KMeans
10.589922,12.699716,2,KMeans
12.305951,10.794334,2,KMeans
11.830542,12.049557,2,KMeans
9.693513,7.9779825,0,KMeans
10.791785,5.466001,0,KMeans
10.867115,9.567037,2,KMeans
10.258176,6.684802,0,KMeans
7.7745957,6.340279,0,KMeans
11.574245,12.78581,2,KMeans
9.618915,5.8788657,0,KMeans
8.000629,3.1230633,3,KMeans
9.391502,0.33180532,3,KMeans
10.144357,-0.0085472725,3,KMeans
8.356703,9.658164,0,KMeans
9.33348,1.288364,3,KMeans
9.681253,11.8421,2,KMeans
8.442191,6.249004,0,KMeans
10.779629,4.0368905,0,KMeans
11.979266,4.016244,0,KMeans
7.4301906,9.789703,0,KMeans
8.436379,11.455863,2,KMeans
8.853215,6.8748813,0,KMeans
6.0311694,2.6570108,1,KMeans
9.347008,1.7335157,3,KMeans
9.921745,5.5474253,0,KMeans
9.120554,-0.7294429,3,KMeans
11.095539,2.6130364,3,KMeans
8.224803,9.71094,2,KMeans
7.9814343,10.687444,2,KMeans
10.680912,2.8496747,3,KMeans
11.678878,9.49563,2,KMeans
10.968051,8.563056,0,KMeans
9.676943,8.856292,0,KMeans
9.540215,10.92179,2,KMeans
8.499551,10.277846,2,KMeans
9.18707,9.743196,0,KMeans
12.357824,6.8647995,0,KMeans
9.505212,10.000768,2,KMeans
10.7247715,5.066332,0,KMeans
8.795179,7.8580155,0,KMeans
10.583016,8.618435,0,KMeans
10.392466,1.042719,3,KMeans
10.301227,5.4670687,0,KMeans
12.455976,0.9689406,3,KMeans
10.115315,3.7288504,0,KMeans
8.56778,4.211838,0,KMeans
10.9961195,12.881549,2,KMeans
11.376648,11.576633,2,KMeans
11.911819,7.0801296,0,KMeans
11.977981,12.712363,2,KMeans
8.4826565,4.251139,0,KMeans
9.091804,4.8787074,0,KMeans
10.950538,8.552733,0,KMeans
9.455073,6.043435,0,KMeans
13.216495,13.488345,2,KMeans
7.777144,11.328261,2,KMeans
11.5930195,2.3435843,3,KMeans
10.696535,4.650388,0,KMeans
8.747526,5.508195,0,KMeans
10.239675,4.574272,0,KMeans
7.607158,8.935479,0,KMeans
8.853408,8.45529,0,KMeans
10.756926,4.3564167,0,KMeans
10.580002,8.678335,0,KMeans
12.113153,11.011542,2,KMeans
13.252044,10.774283,2,KMeans
11.775113,6.1176515,0,KMeans
8.834996,3.3759475,0,KMeans
9.146054,7.102993,0,KMeans
11.734509,9.389488,2,KMeans
9.419882,3.9171464,0,KMeans
7.777757,5.334577,0,KMeans
9.363068,2.7043571,0,KMeans
11.349854,10.371608,2,KMeans
13.099309,11.250275,2,KMeans
11.599922,10.337689,2,KMeans
4.506659,2.368069,1,KMeans
7.1250277,10.394975,2,KMeans
9.403597,4.3695607,0,KMeans
10.897711,12.497782,2,KMeans
12.565224,12.641639,2,KMeans
7.798697,9.334222,0,KMeans
11.6267185,2.0226247,3,KMeans
12.012928,13.767886,2,KMeans
11.992765,6.647576,0,KMeans
10.56655,-0.39832866,3,KMeans
9.286123,8.109323,0,KMeans
8.307635,11.323449,2,KMeans
6.7764273,3.2167647,2,KMeans
8.724797,10.867271,2,KMeans
10.405212,9.974981,2,KMeans
12.493865,7.990702,2,KMeans
10.518417,5.7311254,0,KMeans
10.145792,4.9898205,0,KMeans
8.112241,9.377266,0,KMeans
8.180792,3.5449224,0,KMeans
10.206112,0.10478127,3,KMeans
10.730271,10.349317,2,KMeans
12.609034,11.687041,2,KMeans
11.741629,3.4786596,3,KMeans
10.796171,0.36471424,3,KMeans
10.175116,10.084794,2,KMeans
10.007875,11.513741,2,KMeans
11.847927,1.5995817,3,KMeans
9.771903,6.404214,0,KMeans
7.6328387,7.081713,0,KMeans
11.195838,7.998288,0,KMeans
11.116159,3.8861392,0,KMeans
12.582987,0.011355404,3,KMeans
8.539619,6.8007135,0,KMeans
10.820662,10.686198,2,KMeans
9.6037655,1.7052363,3,KMeans
10.939181,4.5161753,0,KMeans
10.661095,2.7928724,3,KMeans
10.036192,0.7501359,3,KMeans
11.096133,1.1239371,3,KMeans
12.084999,1.5696648,3,KMeans
11.887132,12.773166,2,KMeans
12.139371,11.990638,2,KMeans
9.687968,12.204903,2,KMeans
12.70548,12.418937,2,KMeans
10.288476,11.132158,2,KMeans
11.750406,7.3233557,0,KMeans
9.514598,4.8727713,0,KMeans
11.121353,9.105241,2,KMeans
11.8217,5.1343613,0,KMeans
8.711364,7.693756,0,KMeans
10.895597,-0.6592891,3,KMeans
11.347595,-0.23274048,3,KMeans
9.671068,0.49912164,3,KMeans
12.104442,9.753259,2,KMeans
13.044564,13.792658,2,KMeans
12.155271,10.157422,2,KMeans
12.650549,1.8499322,2,KMeans
8.991165,8.657267,0,KMeans
7.833604,5.54598,0,KMeans
11.593778,-0.402095,3,KMeans
9.563511,9.800743,2,KMeans
12.346297,10.068171,2,KMeans
11.307632,9.757058,2,KMeans
10.997613,5.3054123,0,KMeans
9.040264,1.360025,3,KMeans
7.8078575,11.139724,2,KMeans
10.2463455,5.1857214,0,KMeans
8.720644,7.472384,0,KMeans
9.791638,10.230809,2,KMeans
9.069838,4.1742845,0,KMeans
9.729122,7.48253,0,KMeans
9.976173,7.649128,0,KMeans
8.734109,-0.39204326,3,KMeans
11.111418,2.2982383,3,KMeans
9.773939,7.629951,0,KMeans
9.627056,-0.671569,3,KMeans
10.724123,5.4712043,0,KMeans
13.493638,13.624341,2,KMeans
11.107596,12.621681,2,KMeans
9.195347,8.75615,0,KMeans
7.4826155,3.1598155,0,KMeans
12.331454,11.362086,2,KMeans
11.069386,7.682916,0,KMeans
6.3546753,2.8887703,1,KMeans
10.351785,7.897733,0,KMeans
8.730073,-0.26546058,3,KMeans
9.807377,9.567408,0,KMeans
9.000859,3.1261258,0,KMeans
11.769886,12.79526,2,KMeans
6.976751,8.555796,0,KMeans
11.565594,12.110987,2,KMeans
9.606086,5.7097607,0,KMeans
9.873797,5.9572167,0,KMeans
11.985837,-0.34885547,3,KMeans
10.941288,7.3539944,0,KMeans
9.257526,3.018494,3,KMeans
10.18486,11.417792,2,KMeans
11.210069,9.105055,2,KMeans
9.318169,9.193449,0,KMeans
13.150023,13.489199,2,KMeans
11.909641,-0.13019611,3,KMeans
8.728996,6.6636505,0,KMeans
9.4326315,9.043321,0,KMeans
9.175101,11.3902645,2,KMeans
11.509901,8.976947,2,KMeans
9.247316,6.21328,0,KMeans
11.839726,-0.7267117,3,KMeans
7.653222,5.351247,0,KMeans
12.220418,-0.052974597,3,KMeans
11.136416,4.1301994,0,KMeans
12.875837,13.352586,2,KMeans
10.947447,0.44646254,3,KMeans
8.330299,9.216495,0,KMeans
9.677912,1.0192938,3,KMeans
11.410991,3.557996,0,KMeans
8.282577,7.083221,0,KMeans
10.215878,1.2469133,3,KMeans
11.570217,2.0148363,3,KMeans
11.375957,10.757459,2,KMeans
8.060443,7.756774,0,KMeans
11.711542,12.701875,2,KMeans
11.268451,2.5700805,3,KMeans
9.685228,6.5331073,0,KMeans
10.735434,0.15571292,3,KMeans
4.732469,2.4231613,1,KMeans
8.520589,9.415185,0,KMeans
10.856581,6.2516313,0,KMeans
8.950168,1.9493778,3,KMeans
11.59949,1.0538883,3,KMeans
9.935065,2.2683098,3,KMeans
11.084655,2.4543707,3,KMeans
11.801444,4.3963785,0,KMeans
10.44323,3.692448,0,KMeans
9.480977,-0.2837191,3,KMeans
11.073895,0.07415498,3,KMeans
11.125007,10.338067,2,KMeans
8.611016,2.300187,3,KMeans
10.754826,12.512606,2,KMeans
9.130036,6.6876445,0,KMeans
10.295792,8.423454,0,KMeans
7.036215,8.500307,0,KMeans
10.047894,4.851793,0,KMeans
11.465371,2.18455,3,KMeans
11.387372,11.5026455,2,KMeans
11.279327,3.4242656,3,KMeans
10.670254,9.406474,2,KMeans
10.03075,7.1195717,0,KMeans
11.4901285,11.163363,2,KMeans
8.7919855,11.289229,2,KMeans
11.33575,12.739894,2,KMeans
8.192999,7.360683,0,KMeans
9.103147,4.957679,0,KMeans
10.160815,9.241842,0,KMeans
12.720226,9.982767,2,KMeans
9.407881,4.1691837,0,KMeans
11.294149,11.463497,2,KMeans
10.514,0.37435678,3,KMeans
10.339494,8.416103,0,KMeans
11.47909,6.2680387,0,KMeans
11.423961,1.6880059,3,KMeans
12.488306,8.194589,2,KMeans
12.063473,9.992186,2,KMeans
9.993814,7.0069556,0,KMeans
12.69346,-0.18575506,3,KMeans
10.73378,6.3343606,0,KMeans
11.756847,12.840961,2,KMeans
7.963371,8.835442,0,KMeans
8.537487,-0.8397171,3,KMeans
10.833676,0.006970407,3,KMeans
8.707939,9.182262,0,KMeans
9.303481,7.063648,0,KMeans
11.329149,12.389007,2,KMeans
11.564576,5.187581,0,KMeans
10.711338,10.951084,2,KMeans
10.877538,2.4401672,3,KMeans
9.160326,3.7056646,0,KMeans
11.049853,4.737125,0,KMeans
9.264832,11.756965,2,KMeans
8.212736,10.722322,2,KMeans
11.473022,5.773338,0,KMeans
7.7066374,8.37248,0,KMeans
11.529474,11.554978,2,KMeans
9.355779,2.2297018,3,KMeans
9.175861,4.0204372,0,KMeans
4.324588,2.2885742,1,KMeans
11.069217,2.8655386,3,KMeans
10.913033,-0.43951592,3,KMeans
8.978674,2.1925309,3,KMeans
10.343337,3.1130862,3,KMeans
9.669817,9.620694,2,KMeans
11.500125,11.683728,2,KMeans
11.812912,9.623913,2,KMeans
12.744992,0.17055078,2,KMeans
11.635852,1.2238023,3,KMeans
8.507506,9.919799,2,KMeans
7.7710156,7.372633,0,KMeans
9.003532,-0.9837052,3,KMeans
11.175448,-0.14139988,3,KMeans
10.440759,8.730833,0,KMeans
12.766923,0.4944562,3,KMeans
8.5069685,6.1499085,0,KMeans
9.974832,5.8942394,0,KMeans
10.337362,9.112422,0,KMeans
13.612731,13.940727,2,KMeans
8.863044,8.830189,0,KMeans
8.339602,9.438908,0,KMeans
10.241453,-0.20021243,3,KMeans
7.181813,9.648668,0,KMeans
10.985069,11.184869,2,KMeans
10.739744,5.056553,0,KMeans
12.440276,3.0732412,2,KMeans
10.537732,6.0262866,0,KMeans
9.699504,10.504289,2,KMeans
9.111523,6.01233,0,KMeans
8.486854,9.846849,0,KMeans
12.320717,-0.57888645,3,KMeans
9.532844,2.6317692,3,KMeans
9.826726,8.5230255,0,KMeans
10.378191,10.138182,2,KMeans
8.846979,5.5963464,0,KMeans
8.815623,-0.84778994,3,KMeans
6.7822375,9.81692,2,KMeans
9.172747,9.38847,0,KMeans
10.366336,12.278045,2,KMeans
10.957833,9.628656,2,KMeans
8.630599,6.7019806,0,KMeans
8.498689,-0.5841078,3,KMeans
10.800856,0.8628609,3,KMeans
11.449897,-0.3571054,3,KMeans
8.846568,4.6686926,0,KMeans
11.49475,7.7117844,0,KMeans
10.302594,5.604728,0,KMeans
10.824814,3.245907,3,KMeans
9.323554,1.1817847,3,KMeans
9.822698,1.4446558,3,KMeans
8.522268,-0.87573624,3,KMeans
13.707392,13.404566,2,KMeans
10.43518,12.112668,2,KMeans
11.356989,11.185828,2,KMeans
8.397745,7.167951,0,KMeans
9.204651,5.2759666,0,KMeans
8.930169,3.9363797,0,KMeans
10.772043,4.4597025,0,KMeans
11.602226,8.909787,2,KMeans
9.304397,9.931007,2,KMeans
12.945557,12.818445,2,KMeans
11.023282,2.8757763,3,KMeans
12.432856,2.1304643,3,KMeans
11.822582,12.6382065,2,KMeans
11.71973,9.647771,2,KMeans
9.659086,-0.8908528,3,KMeans
11.363356,11.225464,2,KMeans
12.152302,2.639131,3,KMeans
11.227972,11.533195,2,KMeans
11.342302,12.177587,2,KMeans
8.4298115,5.0206976,0,KMeans
10.976496,3.2250698,3,KMeans
13.385927,14.045935,2,KMeans
9.662344,6.122402,0,KMeans
9.655775,0.10144509,3,KMeans
9.943735,11.011051,2,KMeans
9.850625,9.724137,2,KMeans
8.494074,9.260547,0,KMeans
11.336406,11.835636,2,KMeans
7.6498632,10.654244,2,KMeans
10.577075,6.0058084,0,KMeans
8.34992,4.845418,0,KMeans
11.562833,7.673474,0,KMeans
12.745462,12.352729,2,KMeans
11.980527,7.492098,0,KMeans
10.138595,4.150948,0,KMeans
11.283113,7.4611406,0,KMeans
9.135132,4.263445,0,KMeans
12.629493,-0.14482749,3,KMeans
12.013836,9.505951,2,KMeans
8.816633,6.6264696,0,KMeans
10.912503,2.2428327,3,KMeans
10.354403,5.3314257,0,KMeans
10.683484,11.624701,2,KMeans
12.874555,1.2790027,2,KMeans
9.187178,9.740144,2,KMeans
12.093667,-0.9039755,3,KMeans
12.367552,8.425195,2,KMeans
10.572452,12.113097,2,KMeans
9.182513,9.641212,0,KMeans
11.922691,3.2357357,3,KMeans
12.406852,12.169544,2,KMeans
11.471429,4.234018,0,KMeans
9.060307,7.7276096,0,KMeans
9.299317,9.509331,2,KMeans
9.54345,0.9744823,3,KMeans
8.251189,7.0270786,0,KMeans
11.841414,2.9256124,3,KMeans
9.461874,6.1297297,0,KMeans
8.979278,1.2563244,3,KMeans
9.183185,10.863135,2,KMeans
11.334303,4.454686,0,KMeans
9.186524,4.4159136,0,KMeans
9.78126,3.054705,3,KMeans
10.078906,3.3130958,0,KMeans
10.06697,8.655401,0,KMeans
9.787578,5.3289156,0,KMeans
8.725227,9.078847,0,KMeans
12.040107,8.60038,2,KMeans
13.290699,11.321673,2,KMeans
9.571683,7.293545,0,KMeans
9.275488,8.3811035,0,KMeans
12.093487,10.11753,2,KMeans
7.5345607,2.4007201,3,KMeans
9.413511,4.4814105,0,KMeans
11.770557,11.462705,2,KMeans
8.146097,9.118951,0,KMeans
10.465198,10.807634,2,KMeans
6.194628,2.6214383,3,KMeans
10.844581,1.6955842,3,KMeans
10.510524,-0.9750527,3,KMeans
10.038595,7.2494397,0,KMeans
11.231897,11.608768,2,KMeans
7.851882,8.517451,0,KMeans
9.125618,5.892591,0,KMeans
9.308595,9.672125,0,KMeans
7.5481286,8.931473,0,KMeans
13.430672,12.625468,2,KMeans
9.90304,5.66797,0,KMeans
7.43665,7.9354644,0,KMeans
10.476306,3.4921541,0,KMeans
9.844485,8.762288,0,KMeans
10.2319145,4.02962,0,KMeans
11.803338,7.255926,0,KMeans
11.539302,12.866189,2,KMeans
11.770016,12.797007,2,KMeans
11.08806,2.549173,3,KMeans
10.4149685,10.747478,2,KMeans
9.385363,11.056112,2,KMeans
8.9901905,8.043407,0,KMeans
11.999772,-0.9017272,3,KMeans
12.283966,10.613407,2,KMeans
12.29982,1.9233773,3,KMeans
8.60022,1.6253449,3,KMeans
8.8374815,9.702988,2,KMeans
10.727499,5.9868035,0,KMeans
11.702695,13.215181,2,KMeans
12.127196,11.07116,2,KMeans
12.61072,9.569884,2,KMeans
11.751276,1.5460391,3,KMeans
9.902912,6.285172,0,KMeans
6.1267734,2.7376835,1,KMeans
11.017061,7.913191,0,KMeans
12.459549,-0.14171553,3,KMeans
12.472341,12.468717,2,KMeans
9.885753,3.842191,0,KMeans
6.043079,2.591733,1,KMeans
6.956068,8.690923,0,KMeans
10.038812,6.0826406,0,KMeans
9.178216,4.1583376,0,KMeans
11.492663,6.7516527,0,KMeans
10.653328,4.626065,0,KMeans
12.869507,11.850003,2,KMeans
9.022834,9.108045,0,KMeans
10.215246,11.7285595,2,KMeans
12.576979,1.6844305,3,KMeans
8.74263,11.238261,2,KMeans
10.96245,7.329451,0,KMeans
11.051129,9.252047,0,KMeans
9.542301,9.038609,0,KMeans
9.502895,2.4450922,3,KMeans
8.628454,1.0247883,3,KMeans
13.024349,12.482287,2,KMeans
11.3043165,10.017361,2,KMeans
10.71549,-0.091283455,3,KMeans
10.624506,0.9572432,3,KMeans
12.134698,3.6400435,0,KMeans
10.52125,2.646977,3,KMeans
8.8319845,7.258601,0,KMeans
7.187176,9.826189,0,KMeans
9.028395,9.585966,0,KMeans
7.2274814,9.567224,0,KMeans
8.093777,10.606524,2,KMeans
10.99529,9.016841,0,KMeans
8.248979,10.040759,2,KMeans
9.855682,8.995472,0,KMeans
11.315469,7.6443367,0,KMeans
8.822955,9.93554,2,KMeans
9.207011,10.081584,2,KMeans
12.16193,-0.22360721,3,KMeans
9.791666,7.8164444,0,KMeans
8.88308,-0.13857095,3,KMeans
11.006269,10.099195,2,KMeans
8.612439,6.425428,0,KMeans
11.560517,3.1772654,2,KMeans
12.1038065,9.09796,2,KMeans
8.271652,9.862258,2,KMeans
8.335014,6.296966,0,KMeans
6.8500695,9.451989,0,KMeans
11.417703,9.714814,2,KMeans
9.44654,7.5934825,0,KMeans
10.285657,8.1087885,0,KMeans
10.230593,9.945351,2,KMeans
10.293162,0.33144805,3,KMeans
11.0692,9.019421,0,KMeans
10.590035,7.064745,0,KMeans
6.7195344,9.397157,0,KMeans
10.789582,4.552158,0,KMeans
11.601031,3.0176132,3,KMeans
10.687806,10.178658,2,KMeans
10.846165,8.375437,0,KMeans
8.873576,11.905601,2,KMeans
10.806914,0.75237274,3,KMeans
8.554328,3.0713463,0,KMeans
13.120991,11.436609,2,KMeans
9.080822,6.119916,0,KMeans
10.959572,1.5717455,3,KMeans
9.664977,9.84367,2,KMeans
12.133499,9.1446085,2,KMeans
10.626693,5.7831225,0,KMeans
9.256723,0.9260988,3,KMeans
7.946373,5.0880246,0,KMeans
9.835194,4.796548,0,KMeans
13.08502,13.690081,2,KMeans
11.354544,8.97979,0,KMeans
11.95071,7.2794495,0,KMeans
13.025886,13.99016,2,KMeans
12.141404,7.1481705,0,KMeans
12.113159,3.1005447,3,KMeans
7.7044525,9.044169,0,KMeans
12.110117,-0.40115568,3,KMeans
12.464046,-0.044968385,3,KMeans
10.2482605,0.89867973,3,KMeans
8.624074,5.8331776,0,KMeans
11.079003,9.513477,2,KMeans
10.335919,11.207254,2,KMeans
12.577375,-0.66598976,3,KMeans
8.092596,10.697158,2,KMeans
10.826688,4.9598546,0,KMeans
12.883076,10.355098,2,KMeans
10.649523,2.803189,3,KMeans
12.208985,11.56247,2,KMeans
11.836061,0.31048173,3,KMeans
8.52847,1.6514485,3,KMeans
10.266843,6.6668463,0,KMeans
9.825959,4.2474313,0,KMeans
9.91566,11.322614,2,KMeans
10.2537,6.4259186,0,KMeans
12.045694,10.029223,2,KMeans
10.220139,7.6478915,0,KMeans
10.291719,10.2679615,2,KMeans
11.742301,12.177014,2,KMeans
10.212833,11.493398,2,KMeans
10.866864,6.182357,0,KMeans
9.80015,-0.10471799,3,KMeans
11.737748,-0.72187144,3,KMeans
7.498374,11.015038,2,KMeans
8.951368,5.7561865,0,KMeans
12.4625225,7.647694,0,KMeans
7.78232,10.954993,2,KMeans
10.219821,0.2541643,3,KMeans
11.0202265,10.740618,2,KMeans
8.726662,10.518933,2,KMeans
11.63474,9.444141,2,KMeans
11.290977,-0.1880454,3,KMeans
8.534072,7.187567,0,KMeans
9.838873,7.082185,0,KMeans
11.003628,5.2456727,0,KMeans
10.413434,5.821885,0,KMeans
8.700677,4.4968514,0,KMeans
9.3249,11.202611,2,KMeans
8.816399,1.9890703,3,KMeans
11.004779,1.7748219,3,KMeans
8.936422,9.374989,0,KMeans
10.531789,6.3095493,0,KMeans
8.904649,2.2156808,3,KMeans
13.2244,12.415451,2,KMeans
11.535978,1.9057862,3,KMeans
9.506149,11.61489,2,KMeans
12.718306,7.756629,2,KMeans
9.395465,8.484952,0,KMeans
12.333313,-0.51710343,3,KMeans
11.167439,11.332628,2,KMeans
8.9676075,7.08608,0,KMeans
7.981754,10.515271,2,KMeans
11.557529,-0.6968437,3,KMeans
10.238518,0.67515194,3,KMeans
8.163614,6.9603457,0,KMeans
9.14193,10.201495,2,KMeans
12.181123,13.575594,2,KMeans
8.023085,8.565049,0,KMeans
9.236953,1.4935085,3,KMeans
10.764777,11.24148,2,KMeans
8.220553,9.796871,0,KMeans
10.543505,1.4617794,3,KMeans
9.529876,0.25203437,3,KMeans
9.015677,1.2678165,3,KMeans
11.898516,9.890343,2,KMeans
10.559838,7.4465213,0,KMeans
8.942053,3.028321,0,KMeans
12.911411,11.218676,2,KMeans
10.448412,1.087725,3,KMeans
10.425954,0.8648213,3,KMeans
9.604843,10.339758,2,KMeans
12.37724,1.1479096,3,KMeans
10.02615,3.1655748,3,KMeans
9.75768,10.853105,2,KMeans
9.058961,9.751098,0,KMeans
12.38716,3.4773927,2,KMeans
10.540314,3.9830718,0,KMeans
10.007915,5.263046,0,KMeans
12.9651165,12.312867,2,KMeans
9.419154,2.0763793,3,KMeans
8.770468,10.4135065,2,KMeans
12.065065,13.671825,2,KMeans
10.693298,4.249412,0,KMeans
10.15567,9.819419,2,KMeans
11.350723,8.322112,0,KMeans
9.382075,0.22036839,3,KMeans
12.623821,-0.15663737,3,KMeans
10.512599,12.439745,2,KMeans
12.645533,0.58140814,3,KMeans
11.073084,7.9980164,0,KMeans
9.349296,7.618779,0,KMeans
11.82974,8.544019,0,KMeans
12.248189,2.9911773,3,KMeans
9.281712,3.6642816,0,KMeans
10.708332,-0.6280253,3,KMeans
11.857991,1.7927941,3,KMeans
8.362307,8.753686,0,KMeans
10.755229,9.831145,2,KMeans
10.762265,0.086099826,3,KMeans
8.022958,4.30007,0,KMeans
9.128096,2.9025512,0,KMeans
10.813075,6.4607053,0,KMeans
10.662057,11.133312,2,KMeans
12.136651,6.9448004,0,KMeans
10.053492,7.856367,0,KMeans
9.917988,0.24245659,3,KMeans
12.126794,-0.5653463,3,KMeans
9.3866205,2.5982804,3,KMeans
10.995679,8.331495,0,KMeans
9.088972,2.5383255,3,KMeans
13.135372,11.46501,2,KMeans
11.428974,12.649691,2,KMeans
11.4038925,-0.33524814,3,KMeans
12.648638,1.3131934,3,KMeans
11.948751,6.8880887,0,KMeans
11.343015,13.274582,2,KMeans
7.65594,9.498355,0,KMeans
12.407755,7.0765147,0,KMeans
10.429468,-0.80636644,3,KMeans
11.562747,11.920034,2,KMeans
10.308398,5.925094,0,KMeans
8.64631,5.683501,0,KMeans
10.447956,11.936132,2,KMeans
9.92323,7.406931,0,KMeans
11.739604,0.4723717,3,KMeans
10.360568,7.4315248,0,KMeans
9.249922,3.842725,0,KMeans
8.205826,10.718545,2,KMeans
10.667197,-0.10296121,3,KMeans
10.050613,5.0802937,0,KMeans
11.844343,13.4419565,2,KMeans
9.163754,0.86658704,3,KMeans
9.389507,5.9142747,0,KMeans
9.917649,-0.6438458,3,KMeans
10.097048,12.035412,2,KMeans
7.058317,9.418437,0,KMeans
4.4070067,2.329651,1,KMeans
8.56041,5.194341,0,KMeans
10.323911,11.960036,2,KMeans
12.589629,10.245082,2,KMeans
10.761866,8.859671,0,KMeans
6.480077,9.795546,2,KMeans
8.231594,6.004687,0,KMeans
9.069134,1.0789691,3,KMeans
8.765165,2.0379472,3,KMeans
10.632936,3.964367,0,KMeans
10.161626,7.351693,0,KMeans
7.9152355,8.972878,0,KMeans
11.86936,3.2293744,3,KMeans
9.643673,2.4151874,3,KMeans
11.797524,11.15567,2,KMeans
9.909271,3.8053467,0,KMeans
11.4309845,9.756286,2,KMeans
12.528627,11.467233,2,KMeans
11.693609,2.291336,3,KMeans
11.253758,9.393313,2,KMeans
12.50291,10.231394,2,KMeans
10.773746,4.80275,0,KMeans
11.841191,0.8951964,3,KMeans
4.3229628,2.291612,1,KMeans
6.901531,10.053447,2,KMeans
7.8766284,3.4640508,0,KMeans
8.809438,6.87403,0,KMeans
11.168574,0.5303956,3,KMeans
7.8739185,9.084879,0,KMeans
12.810183,-0.35796475,2,KMeans
11.365879,1.3993009,3,KMeans
11.857491,12.887533,2,KMeans
9.695006,9.717523,0,KMeans
9.840474,11.572491,2,KMeans
8.945628,11.99121,2,KMeans
7.705636,10.627049,2,KMeans
9.620708,7.478329,0,KMeans
10.29669,2.772529,0,KMeans
10.617947,5.5971594,0,KMeans
12.650188,1.9896264,2,KMeans
10.382287,8.948376,0,KMeans
12.553305,1.0633999,2,KMeans
9.381049,10.316562,2,KMeans
11.048768,9.450803,2,KMeans
7.7006016,5.9031444,0,KMeans
9.34297,9.910794,0,KMeans
11.587517,12.8488245,2,KMeans
10.168078,0.2308761,3,KMeans
13.239851,13.982083,2,KMeans
9.1326065,6.4453945,0,KMeans
9.624282,11.825609,2,KMeans
11.415286,2.7576008,3,KMeans
11.128827,4.249351,0,KMeans
11.144192,11.524659,2,KMeans
11.472794,1.2248404,3,KMeans
8.907445,11.966721,2,KMeans
8.576931,2.6064136,0,KMeans
9.094767,1.5732795,3,KMeans
9.425214,6.0015664,0,KMeans
8.453216,5.045084,0,KMeans
10.834947,0.111651696,3,KMeans
10.656121,3.626558,0,KMeans
11.236567,11.132992,2,KMeans
11.245962,7.4939585,0,KMeans
11.347064,12.639893,2,KMeans
8.858351,6.092992,0,KMeans
8.16357,10.649771,2,KMeans
9.886515,11.852856,2,KMeans
9.546713,4.3014693,0,KMeans
11.080992,10.874072,2,KMeans
8.573117,9.378482,0,KMeans
8.576932,8.787773,0,KMeans
8.218841,6.810592,0,KMeans
7.7505965,11.038597,2,KMeans
10.942551,11.426529,2,KMeans
10.620591,9.573554,0,KMeans
12.35038,9.614591,2,KMeans
12.004104,3.5298097,0,KMeans
12.2772455,0.5989024,3,KMeans
4.700309,2.4205275,1,KMeans
10.952572,-0.73841625,3,KMeans
9.926311,5.4548607,0,KMeans
9.435623,2.1991024,3,KMeans
11.557218,-0.048684463,3,KMeans
10.771836,-0.93482786,3,KMeans
9.591826,3.424206,3,KMeans
8.86606,9.320048,0,KMeans
11.666223,1.2248142,3,KMeans
8.86611,9.76534,0,KMeans
10.470871,3.8842533,0,KMeans
10.566545,8.873446,0,KMeans
9.164578,3.8146656,0,KMeans
12.24169,2.718191,2,KMeans
10.349555,0.71910226,3,KMeans
10.758785,11.413567,2,KMeans
12.036185,12.013486,2,KMeans
10.254179,2.5634167,3,KMeans
10.642767,8.852163,0,KMeans
7.742189,10.576826,2,KMeans
12.421793,9.462416,2,KMeans
11.494265,1.2422336,3,KMeans
8.962921,-0.39486825,3,KMeans
9.92143,-0.18879892,3,KMeans
8.871499,2.818875,3,KMeans
9.8828535,7.3283668,0,KMeans
12.036664,3.380565,3,KMeans
9.364514,0.045391258,3,KMeans
8.362602,9.514202,0,KMeans
6.3293443,2.8315425,1,KMeans
12.914249,13.427514,2,KMeans
10.294244,8.918935,0,KMeans
8.491949,4.714143,0,KMeans
12.360065,11.453828,2,KMeans
10.22375,-0.10130381,3,KMeans
11.33095,10.9981,2,KMeans
10.590621,9.714018,2,KMeans
10.2967415,9.767898,2,KMeans
9.388273,2.3691285,3,KMeans
10.991131,12.436942,2,KMeans
11.71021,6.0013843,0,KMeans
9.737965,-0.017995186,3,KMeans
10.071462,4.4365473,0,KMeans
10.001668,5.7839575,0,KMeans
12.068353,7.778663,0,KMeans
11.88615,12.418822,2,KMeans
11.7714205,0.7329535,3,KMeans
12.232201,1.9198874,3,KMeans
11.999777,13.033938,2,KMeans
10.229674,1.535297,3,KMeans
9.598393,3.144355,0,KMeans
11.310114,0.93273324,3,KMeans
10.60785,6.212851,0,KMeans
10.959182,11.161408,2,KMeans
7.7995934,9.664157,0,KMeans
7.847197,6.9643526,0,KMeans
8.415311,4.124726,0,KMeans
9.09519,0.4795741,3,KMeans
11.52441,0.7347165,3,KMeans
11.897051,9.231117,2,KMeans
11.985084,-0.41621134,3,KMeans
9.929131,5.5757723,0,KMeans
11.707411,11.339027,2,KMeans
8.489152,8.871335,0,KMeans
9.304463,5.9495683,0,KMeans
10.9113455,-0.39246997,3,KMeans
9.455576,6.669185,0,KMeans
7.9054217,9.714964,0,KMeans
9.835821,10.592961,2,KMeans
11.7635145,6.594172,0,KMeans
8.758102,2.4321196,3,KMeans
9.274311,9.42668,0,KMeans
10.891297,8.232427,0,KMeans
10.965968,12.879742,2,KMeans
13.355936,13.005208,2,KMeans
8.89811,8.589558,0,KMeans
8.991905,8.472355,0,KMeans
12.438225,0.3909033,3,KMeans
10.075304,4.154903,0,KMeans
9.78016,5.2620797,0,KMeans
9.363688,3.8748894,0,KMeans
12.149696,7.33035,0,KMeans
11.600612,11.965855,2,KMeans
11.582213,6.4490075,0,KMeans
10.110582,11.227524,2,KMeans
7.5956573,8.53504,0,KMeans
11.161328,8.977711,2,KMeans
8.974526,0.22856705,3,KMeans
8.697848,9.199547,0,KMeans
12.804666,0.2948602,2,KMeans
10.348786,1.1042892,3,KMeans
10.1978035,5.8478794,0,KMeans
12.554255,1.326461,3,KMeans
9.670885,9.409102,0,KMeans
6.659513,9.259548,0,KMeans
9.849607,5.570494,0,KMeans
11.410732,0.087967336,3,KMeans
12.65485,7.93314,2,KMeans
10.996692,0.042979248,3,KMeans
11.990075,2.046625,3,KMeans
8.25436,7.889901,0,KMeans
11.420435,11.584433,2,KMeans
11.752274,1.9883872,3,KMeans
11.941281,6.831758,0,KMeans
10.238585,-0.12416065,3,KMeans
9.077194,4.387627,0,KMeans
7.9728622,9.270785,0,KMeans
8.971901,8.307042,0,KMeans
8.886836,6.9832125,0,KMeans
10.157982,11.631936,2,KMeans
10.298522,11.244885,2,KMeans
9.818706,11.688606,2,KMeans
12.761534,10.033037,2,KMeans
10.254777,0.52328175,3,KMeans
9.322826,8.281159,0,KMeans
11.417182,0.9734148,3,KMeans
12.010563,-0.895007,3,KMeans
9.734364,7.837344,0,KMeans
6.0607343,2.5509367,1,KMeans
9.716314,3.9176328,0,KMeans
8.04091,7.9465175,0,KMeans
9.10083,9.2131605,0,KMeans
11.185201,12.590617,2,KMeans
9.756624,6.552821,0,KMeans
12.188332,13.690915,2,KMeans
10.622646,10.916017,2,KMeans
8.910007,-0.42687505,3,KMeans
10.605388,7.4608383,0,KMeans
8.249733,6.3887043,0,KMeans
11.327329,10.158862,2,KMeans
11.213379,-0.09348705,3,KMeans
9.139902,5.9093795,0,KMeans
10.015974,3.2213564,3,KMeans
7.6033683,10.268247,0,KMeans
10.904538,8.7853565,0,KMeans
12.212395,12.180512,2,KMeans
8.929409,8.199533,0,KMeans
13.431183,14.06597,2,KMeans
10.542846,2.7927005,3,KMeans
10.580147,9.978641,2,KMeans
8.559785,5.593401,0,KMeans
9.5259695,1.7826062,3,KMeans
10.43374,1.1830028,3,KMeans
10.00716,3.2197335,0,KMeans
10.752181,8.703964,0,KMeans
12.125346,6.6745567,0,KMeans
9.063982,6.515706,0,KMeans
12.47922,11.845717,2,KMeans
11.503541,1.241922,3,KMeans
12.023294,7.132309,0,KMeans
10.080565,10.020952,2,KMeans
8.634343,-0.7462931,3,KMeans
13.36397,14.071546,2,KMeans
11.168734,10.432891,2,KMeans
12.713954,13.21237,2,KMeans
11.2112,-0.36142442,3,KMeans
8.840699,7.4173007,0,KMeans
6.6721272,9.864303,2,KMeans
9.942237,4.30362,0,KMeans
12.271768,2.4425716,3,KMeans
9.369488,0.76723146,3,KMeans
10.100565,8.107111,0,KMeans
10.713628,8.593934,0,KMeans
11.448412,2.2728713,3,KMeans
7.274508,8.699684,0,KMeans
9.686177,4.977599,0,KMeans
7.264209,9.1310835,0,KMeans
12.08042,1.9384627,3,KMeans
11.059811,12.5707035,2,KMeans
11.883964,10.364953,2,KMeans
9.053736,6.0250163,0,KMeans
12.392007,12.069547,2,KMeans
9.96763,2.489597,3,KMeans
10.046011,2.6338592,3,KMeans
10.124012,4.469222,0,KMeans
10.337688,1.6901709,3,KMeans
7.5534143,8.035495,0,KMeans
11.512474,6.8046045,0,KMeans
9.699935,2.1256156,3,KMeans
9.2970915,11.673331,2,KMeans
10.040278,8.726546,0,KMeans
10.385277,9.606647,2,KMeans
6.926228,9.946179,0,KMeans
11.546709,10.207961,2,KMeans
11.035482,1.888865,3,KMeans
9.964616,-0.06616548,3,KMeans
9.348774,11.679946,2,KMeans
7.391672,8.234939,0,KMeans
12.072056,13.096565,2,KMeans
9.856353,10.614157,2,KMeans
13.28603,13.504069,2,KMeans
11.936384,-0.12783806,3,KMeans
9.916952,3.1899498,3,KMeans
13.0876875,12.119467,2,KMeans
6.6567025,2.9948127,0,KMeans
9.058787,1.036846,3,KMeans
11.906237,3.1652849,3,KMeans
8.610634,3.234002,0,KMeans
10.524698,0.83148295,3,KMeans
12.249866,0.17587478,3,KMeans
10.231856,7.63371,0,KMeans
10.346878,12.038585,2,KMeans
11.8417,11.760251,2,KMeans
11.441045,2.3758276,3,KMeans
10.013363,8.596581,0,KMeans
9.6515,9.761581,2,KMeans
10.552456,5.4166455,0,KMeans
7.5978103,6.481853,0,KMeans
13.065277,11.46671,2,KMeans
12.743868,-0.55800474,2,KMeans
11.633946,5.104713,0,KMeans
10.632334,0.8122874,3,KMeans
10.161838,2.8695426,3,KMeans
10.790047,12.5544815,2,KMeans
12.42391,10.67938,2,KMeans
10.28531,6.382056,0,KMeans
9.3938465,0.7784934,3,KMeans
9.150218,7.237489,0,KMeans
11.628659,2.85038,3,KMeans
8.40582,11.467645,2,KMeans
11.5583,11.9034605,2,KMeans
10.797822,6.4077644,0,KMeans
10.519887,10.44583,2,KMeans
10.643608,5.492031,0,KMeans
9.662624,-0.77103,3,KMeans
9.819156,5.5502343,0,KMeans
10.004649,-0.33566833,3,KMeans
7.7447042,5.163763,0,KMeans
11.040831,10.925941,2,KMeans
9.222861,1.9111427,3,KMeans
11.401856,2.5409381,3,KMeans
8.756567,8.917827,0,KMeans
11.4546385,2.806248,3,KMeans
8.8226,7.9453235,0,KMeans
8.875565,8.63216,0,KMeans
11.657562,0.5344906,3,KMeans
10.220005,3.3451552,0,KMeans
7.055614,8.619597,0,KMeans
11.665022,2.9526513,3,KMeans
11.99805,8.905482,2,KMeans
9.562413,10.610268,2,KMeans
10.405047,-1.0286415,3,KMeans
10.691721,12.504592,2,KMeans
9.283924,9.85351,0,KMeans
9.632483,1.3780676,3,KMeans
11.68676,2.5608504,3,KMeans
10.245181,11.180736,2,KMeans
8.077318,10.043708,0,KMeans
10.082107,0.35421905,3,KMeans
10.955171,8.125008,0,KMeans
9.761958,9.793491,2,KMeans
12.268227,12.123345,2,KMeans
8.679206,2.0685344,3,KMeans
10.226851,3.2476013,3,KMeans
10.987592,4.8687057,0,KMeans
9.863144,-0.876945,3,KMeans
7.773113,5.277177,0,KMeans
10.310124,5.6181436,0,KMeans
10.860161,2.0359516,3,KMeans
11.978186,0.60677874,3,KMeans
11.283144,1.0377862,3,KMeans
9.061132,1.4380648,3,KMeans
10.86431,9.270409,0,KMeans
9.12655,1.8393455,3,KMeans
12.097058,7.7151666,0,KMeans
7.076306,10.131895,2,KMeans
11.956001,12.385804,2,KMeans
9.216806,2.284007,3,KMeans
11.900291,10.517717,2,KMeans
10.850152,6.1567245,0,KMeans
10.864399,1.1024846,3,KMeans
11.982442,12.831364,2,KMeans
9.009007,0.37011302,3,KMeans
10.179293,4.063274,0,KMeans
11.250049,2.4661038,3,KMeans
11.575398,10.423202,2,KMeans
13.326598,12.726033,2,KMeans
12.490702,13.282884,2,KMeans
8.664084,5.8025007,0,KMeans
9.847581,3.5584145,0,KMeans
9.03306,2.3577685,3,KMeans
10.11025,6.0233426,0,KMeans
13.045295,12.794694,2,KMeans
10.034032,6.601016,0,KMeans
9.41018,-0.34745944,3,KMeans
11.631335,9.48908,2,KMeans
10.630854,4.2324967,0,KMeans
10.744672,1.9927868,3,KMeans
13.042804,13.75931,2,KMeans
11.9893875,0.6794646,3,KMeans
12.374173,0.074394286,3,KMeans
7.673653,8.429327,0,KMeans
8.251496,9.699491,0,KMeans
9.526468,-0.13505964,3,KMeans
8.229639,6.4465866,0,KMeans
8.667165,7.189414,0,KMeans
10.970816,1.5921184,3,KMeans
7.1129355,9.384432,0,KMeans
9.767161,7.74055,0,KMeans
8.879966,0.19726829,3,KMeans
10.34907,11.634833,2,KMeans
12.594031,10.478986,2,KMeans
11.482501,7.4402003,0,KMeans
12.548571,1.1202339,3,KMeans
5.4068184,2.588436,1,KMeans
8.642471,8.2116785,0,KMeans
12.50128,13.869987,2,KMeans
9.669094,6.217367,0,KMeans
11.309764,11.055177,2,KMeans
11.354039,11.776076,2,KMeans
7.9426694,10.492256,2,KMeans
12.755745,10.678206,2,KMeans
8.6276045,10.645202,2,KMeans
8.804077,7.226034,0,KMeans
10.537695,0.29441547,3,KMeans
12.759923,10.264642,2,KMeans
12.13503,9.053284,2,KMeans
7.671387,10.19685,2,KMeans
10.151224,6.3598742,0,KMeans
8.960126,5.076935,0,KMeans
10.596767,11.589695,2,KMeans
13.137792,14.048993,2,KMeans
7.6304607,8.542083,0,KMeans
11.22629,0.043204535,3,KMeans
10.210802,7.3094406,0,KMeans
10.804952,11.555877,2,KMeans
9.661181,11.769092,2,KMeans
9.995374,6.2384434,0,KMeans
13.031168,11.047015,2,KMeans
10.680444,0.41531003,3,KMeans
9.350873,8.37434,0,KMeans
11.797829,9.580685,2,KMeans
7.3770466,8.303168,0,KMeans
10.367626,4.010983,0,KMeans
10.631868,9.149156,0,KMeans
10.806975,11.780053,2,KMeans
8.959225,6.9798307,0,KMeans
9.198574,7.7485623,0,KMeans
6.0266323,2.577434,1,KMeans
11.673297,11.151064,2,KMeans
10.911164,10.947577,2,KMeans
10.312221,9.309698,0,KMeans
12.483957,0.53987294,3,KMeans
10.35692,3.7005064,0,KMeans
8.849801,2.5458033,3,KMeans
10.366704,0.28158692,3,KMeans
10.353078,5.8860636,0,KMeans
13.666264,13.870366,2,KMeans
10.005955,12.244732,2,KMeans
10.241273,2.4980052,3,KMeans
10.484127,11.586115,2,KMeans
11.667532,5.2731347,0,KMeans
11.224906,11.272032,2,KMeans
9.651972,8.922528,0,KMeans
8.66782,8.831974,0,KMeans
9.456226,7.3457527,0,KMeans
11.20765,7.7781267,0,KMeans
11.807775,6.47895,0,KMeans
8.2336035,6.842367,0,KMeans
9.768221,4.856312,0,KMeans
9.717479,0.034776993,3,KMeans
10.609729,3.7920783,0,KMeans
10.468424,9.233115,0,KMeans
10.176605,5.3253903,0,KMeans
10.081056,9.284451,0,KMeans
10.635198,6.0331273,0,KMeans
13.263562,13.4649935,2,KMeans
11.163031,11.354876,2,KMeans
8.268741,7.060965,0,KMeans
12.72985,10.783323,2,KMeans
12.222231,11.9260025,2,KMeans
11.979092,10.951833,2,KMeans
13.314297,12.534659,2,KMeans
11.690588,4.3805766,0,KMeans
9.465269,1.3664293,3,KMeans
11.175205,0.046394974,3,KMeans
10.147726,6.694302,0,KMeans
11.201047,8.025034,0,KMeans
10.967663,0.56774205,3,KMeans
13.10694,13.283128,2,KMeans
13.085131,12.706033,2,KMeans
10.878639,11.363451,2,KMeans
9.961836,7.41123,0,KMeans
7.5808225,8.938595,0,KMeans
9.784297,9.351756,0,KMeans
10.335445,11.8171,2,KMeans
4.3677015,2.3051472,1,KMeans
7.6014295,9.159497,0,KMeans
7.9798045,5.1133184,0,KMeans
11.8227,7.2504597,0,KMeans
11.020159,8.566824,0,KMeans
8.235708,10.885635,2,KMeans
9.212425,7.4677753,0,KMeans
11.615525,0.89274967,3,KMeans
9.012319,2.0147307,3,KMeans
7.272365,9.955463,0,KMeans
11.976883,10.773776,2,KMeans
11.144003,6.159264,0,KMeans
8.528453,5.8681827,0,KMeans
7.8305607,8.411365,0,KMeans
9.514181,9.211071,0,KMeans
11.848603,7.297216,0,KMeans
9.344648,9.758893,0,KMeans
12.947176,12.432675,2,KMeans
6.4863877,9.776728,0,KMeans
10.851605,6.25486,0,KMeans
11.166112,2.4583428,3,KMeans
10.005603,5.0660486,0,KMeans
9.534471,2.9440162,3,KMeans
11.302617,6.525651,0,KMeans
10.122266,2.7883563,3,KMeans
10.19065,2.716384,3,KMeans
7.99787,6.951141,0,KMeans
10.055636,4.4589276,0,KMeans
11.452659,13.148454,2,KMeans
10.937096,3.1900518,0,KMeans
10.022337,8.519547,0,KMeans
8.378537,6.7392187,0,KMeans
7.792039,6.2416778,0,KMeans
12.285908,0.770886,3,KMeans
11.008007,10.890244,2,KMeans
7.812122,11.033811,2,KMeans
9.727528,4.9029055,0,KMeans
10.418124,0.16075854,3,KMeans
9.944454,5.542716,0,KMeans
9.600645,0.024938533,3,KMeans
10.032718,6.3170667,0,KMeans
11.961939,1.1950363,3,KMeans
9.171632,5.5213394,0,KMeans
12.796874,13.188903,2,KMeans
6.676182,2.6857219,3,KMeans
8.893832,8.81754,0,KMeans
11.536157,3.19036,3,KMeans
9.240238,1.933665,3,KMeans
10.096304,2.7234282,3,KMeans
12.058235,6.8818197,0,KMeans
9.119288,9.420683,0,KMeans
10.288996,11.449823,2,KMeans
7.6844206,6.950239,0,KMeans
9.711349,1.1971104,3,KMeans
9.036286,9.984756,2,KMeans
8.060239,6.799248,0,KMeans
12.647559,1.4929206,3,KMeans
8.62224,2.5687761,0,KMeans
9.879096,10.617584,2,KMeans
8.124701,10.300246,2,KMeans
11.64211,1.258332,3,KMeans
9.878947,-0.20546938,3,KMeans
10.990347,9.824878,2,KMeans
11.5906925,9.372538,2,KMeans
12.051657,13.628369,2,KMeans
10.281351,8.909968,0,KMeans
8.150965,11.043924,2,KMeans
12.056524,0.16765305,3,KMeans
10.893381,7.056479,0,KMeans
12.357334,0.61839235,3,KMeans
12.450053,2.2066472,3,KMeans
5.6514077,2.6419199,1,KMeans
9.987866,3.0359514,0,KMeans
9.626761,8.959474,0,KMeans
9.626311,7.076912,0,KMeans
9.876019,9.542389,2,KMeans
5.647978,2.6280818,1,KMeans
10.303546,5.9554167,0,KMeans
10.67285,10.8033905,2,KMeans
10.648588,3.9682915,0,KMeans
13.533562,13.960981,2,KMeans
12.082627,9.752837,2,KMeans
12.642929,0.9275968,3,KMeans
10.748454,11.388347,2,KMeans
10.064278,6.7081275,0,KMeans
10.299817,4.741297,0,KMeans
10.151321,5.603755,0,KMeans
9.624545,5.535136,0,KMeans
12.185714,0.0634655,3,KMeans
10.15317,2.679022,3,KMeans
12.310611,2.92394,3,KMeans
12.81848,13.356588,2,KMeans
9.640537,5.7816753,0,KMeans
12.671523,13.788923,2,KMeans
6.599909,3.0366914,0,KMeans
10.612527,6.7223268,0,KMeans
8.69282,4.577145,0,KMeans
9.362991,1.4162953,3,KMeans
9.910891,6.8961253,0,KMeans
10.67869,4.7716093,0,KMeans
10.412874,8.913555,0,KMeans
10.790518,10.590123,2,KMeans
10.132742,10.765704,2,KMeans
9.411953,7.449996,0,KMeans
10.453992,10.879209,2,KMeans
9.912897,8.181896,0,KMeans
9.832591,8.350653,0,KMeans
11.373517,2.01952,3,KMeans
10.504964,11.117806,2,KMeans
9.614459,8.435043,0,KMeans
10.472173,2.13472,3,KMeans
12.306797,1.1723356,3,KMeans
9.916138,-0.69550705,3,KMeans
9.778351,9.078352,0,KMeans
10.955191,8.864971,0,KMeans
10.3772135,2.0772505,3,KMeans
10.342535,-0.30658165,3,KMeans
8.512131,1.8768414,3,KMeans
7.9973288,8.905369,0,KMeans
12.823751,9.9837885,2,KMeans
10.170259,9.6616745,2,KMeans
10.264358,7.430356,0,KMeans
12.165731,0.4779376,3,KMeans
11.998641,-0.85367936,3,KMeans
9.133878,2.4209023,3,KMeans
7.721568,10.5519285,2,KMeans
8.867409,1.1917917,3,KMeans
12.539854,1.4776491,3,KMeans
8.106183,6.757415,0,KMeans
10.738847,9.725695,2,KMeans
11.984813,10.0233965,2,KMeans
11.483606,11.549906,2,KMeans
9.35146,1.726398,3,KMeans
9.254829,4.027613,0,KMeans
9.215353,0.5304321,3,KMeans
9.443728,8.834595,0,KMeans
12.2369,12.28708,2,KMeans
11.334565,1.4653469,3,KMeans
10.22874,10.440541,2,KMeans
9.264506,12.062551,2,KMeans
4.8925204,2.4608266,1,KMeans
10.533152,7.6597357,0,KMeans
11.097698,12.317973,2,KMeans
10.623012,7.7479377,0,KMeans
8.525639,-0.3249111,3,KMeans
13.601743,13.480142,2,KMeans
8.711678,-0.93557143,3,KMeans
8.178682,6.9195294,0,KMeans
9.237327,6.528729,0,KMeans
12.642734,-0.055826742,3,KMeans
9.788198,7.5725307,0,KMeans
8.358944,4.0617585,0,KMeans
12.448015,10.496593,2,KMeans
11.982974,9.847232,2,KMeans
9.972873,10.854366,2,KMeans
11.713052,1.0649912,3,KMeans
10.106387,7.1896105,0,KMeans
10.677124,11.286048,2,KMeans
7.6897264,9.66358,0,KMeans
9.201335,0.7602876,3,KMeans
8.160974,9.231115,0,KMeans
9.32557,11.814229,2,KMeans
7.9050684,3.3259153,0,KMeans
11.6564865,11.297013,2,KMeans
7.8913946,6.826955,0,KMeans
12.087838,12.894394,2,KMeans
12.03226,1.3797829,3,KMeans
10.291705,3.2446132,0,KMeans
8.385553,3.9472601,0,KMeans
10.594077,12.681087,2,KMeans
8.987441,10.545288,2,KMeans
12.577592,2.9298685,2,KMeans
9.531107,11.722095,2,KMeans
12.012772,8.080823,2,KMeans
9.55056,3.860409,0,KMeans
12.323274,11.159956,2,KMeans
8.536192,2.0541527,3,KMeans
10.340628,4.5052238,0,KMeans
9.46714,4.7386265,0,KMeans
10.966603,9.569301,2,KMeans
9.25462,1.3255564,3,KMeans
12.081133,9.549282,2,KMeans
9.475546,1.045794,3,KMeans
7.52674,6.4291344,0,KMeans
8.096694,7.699494,0,KMeans
8.768086,3.052142,0,KMeans
9.557107,7.4777393,0,KMeans
12.315499,-0.7143021,3,KMeans
12.054542,0.053662267,3,KMeans
12.924044,12.598228,2,KMeans
7.722479,5.300487,0,KMeans
12.982398,12.531084,2,KMeans
7.8214445,6.493216,0,KMeans
11.181084,12.783432,2,KMeans
8.295561,7.229721,0,KMeans
10.123071,5.5051055,0,KMeans
10.086963,5.318894,0,KMeans
9.490914,-0.20132893,3,KMeans
12.7652645,10.845509,2,KMeans
7.782669,6.9789057,0,KMeans
11.533891,10.850871,2,KMeans
9.756626,7.4673896,0,KMeans
10.403905,11.74225,2,KMeans
8.975347,10.527274,2,KMeans
11.624925,11.9011755,2,KMeans
9.183565,5.265815,0,KMeans
9.569924,11.446022,2,KMeans
10.293288,0.7364123,3,KMeans
9.502254,11.789173,2,KMeans
9.896833,12.009619,2,KMeans
12.167473,3.940637,2,KMeans
8.5019655,5.8580055,0,KMeans
8.8183,7.046323,0,KMeans
12.311559,10.641628,2,KMeans
9.41501,0.16249923,3,KMeans
9.963171,1.1475698,3,KMeans
10.859173,6.184451,0,KMeans
8.46006,5.050071,0,KMeans
10.636672,6.7275715,0,KMeans
9.304086,3.15038,0,KMeans
11.895061,-0.510732,3,KMeans
9.337838,0.4313657,3,KMeans
12.912543,13.909579,2,KMeans
9.063998,8.897146,0,KMeans
9.335067,5.145544,0,KMeans
10.705929,9.643787,2,KMeans
8.316902,8.76986,0,KMeans
12.40148,13.372338,2,KMeans
8.963878,-0.70916617,3,KMeans
9.135394,1.1937981,3,KMeans
9.427082,-0.66392285,3,KMeans
11.46582,12.039813,2,KMeans
6.978801,8.663659,0,KMeans
10.751412,9.813731,2,KMeans
11.43787,5.521095,0,KMeans
8.733691,0.12276111,3,KMeans
10.514737,11.528196,2,KMeans
11.726091,11.839993,2,KMeans
12.003471,1.8384315,3,KMeans
11.272362,8.645325,0,KMeans
12.875161,14.000058,2,KMeans
9.711883,5.612488,0,KMeans
10.380499,11.223009,2,KMeans
12.468336,2.8601112,3,KMeans
10.181181,2.2443454,3,KMeans
8.638562,10.065348,2,KMeans
12.250626,9.048251,2,KMeans
10.909902,3.4161336,2,KMeans
8.955114,4.175826,0,KMeans
10.553052,1.4391999,3,KMeans
10.526964,9.47743,0,KMeans
9.766675,4.8309784,0,KMeans
12.138017,13.624584,2,KMeans
10.869151,11.515614,2,KMeans
7.364812,3.1657212,0,KMeans
12.167181,2.6823287,3,KMeans
10.144903,8.124653,0,KMeans
9.343034,5.872242,0,KMeans
10.452706,-0.485247,3,KMeans
10.467524,7.4513674,0,KMeans
10.514539,-0.24158542,3,KMeans
6.3046947,2.7604752,1,KMeans
10.342927,9.785599,2,KMeans
9.400989,6.3835254,0,KMeans
12.486635,1.1605245,3,KMeans
10.926815,5.9216194,0,KMeans
9.828986,7.2902308,0,KMeans
9.689632,4.1512704,0,KMeans
11.850586,1.1827531,3,KMeans
12.458174,11.312494,2,KMeans
11.455971,2.2277217,3,KMeans
12.626173,-0.37841797,3,KMeans
8.786044,0.60868293,3,KMeans
11.141723,6.298076,0,KMeans
12.258919,11.492106,2,KMeans
9.659051,5.9870825,0,KMeans
11.918537,9.764462,2,KMeans
10.388485,10.524185,2,KMeans
9.570816,0.4496011,3,KMeans
11.879376,10.496625,2,KMeans
10.955743,11.50196,2,KMeans
9.526233,10.159019,2,KMeans
11.1494055,1.0687016,3,KMeans
8.615396,7.6324058,0,KMeans
10.4404545,6.5014,0,KMeans
9.924676,4.2050557,0,KMeans
10.615949,11.914187,2,KMeans
11.1969385,2.4834936,3,KMeans
12.301343,12.012413,2,KMeans
7.994748,8.420741,0,KMeans
10.420172,10.844879,2,KMeans
8.625539,4.245772,0,KMeans
10.521771,10.992583,2,KMeans
10.732407,2.3926554,3,KMeans
12.423616,13.540142,2,KMeans
12.122395,12.651866,2,KMeans
9.694791,8.197437,0,KMeans
10.535731,11.683368,2,KMeans
10.282999,3.2240446,0,KMeans
8.888128,1.0814964,3,KMeans
12.137075,3.2029603,2,KMeans
10.022862,9.643306,2,KMeans
6.4717493,2.839607,1,KMeans
10.509957,10.273832,2,KMeans
10.757457,2.6420538,3,KMeans
11.064518,12.087499,2,KMeans
12.242238,1.8222731,3,KMeans
9.760173,4.0888944,0,KMeans
11.051167,3.5719452,3,KMeans
9.520261,8.433512,0,KMeans
10.153046,-0.44802564,3,KMeans
5.1874356,2.4700322,1,KMeans
10.80536,3.6042392,0,KMeans
10.316987,5.2953277,0,KMeans
6.8303704,10.08558,2,KMeans
12.180755,12.658244,2,KMeans
10.929119,0.5733734,3,KMeans
8.505002,6.906028,0,KMeans
10.068901,0.014223532,3,KMeans
10.595458,10.669142,2,KMeans
10.6213875,-0.50621676,3,KMeans
8.079312,4.8680143,0,KMeans
10.394885,8.693938,0,KMeans
10.037245,11.287898,2,KMeans
8.585332,11.195972,2,KMeans
12.423212,10.089826,2,KMeans
9.462066,9.503283,0,KMeans
10.770064,6.163517,0,KMeans
10.9320545,1.7419336,3,KMeans
11.758933,4.7550993,0,KMeans
11.058178,6.3562064,0,KMeans
9.180543,6.6345844,0,KMeans
13.555767,13.479848,2,KMeans
8.741524,5.5482373,0,KMeans
9.6362095,4.0971103,0,KMeans
9.536083,1.6178604,3,KMeans
8.019708,8.21707,0,KMeans
10.12152,1.6575295,3,KMeans
10.383281,1.0387884,3,KMeans
11.007691,11.633772,2,KMeans
10.204258,6.1293683,0,KMeans
10.49087,4.27119,0,KMeans
7.279221,8.157057,0,KMeans
10.714802,9.8249655,2,KMeans
10.484767,5.071662,0,KMeans
10.512384,10.948607,2,KMeans
10.0438595,11.230791,2,KMeans
8.275621,9.792477,0,KMeans
11.57813,6.216181,0,KMeans
8.911999,6.948096,0,KMeans
11.422215,9.706226,2,KMeans
9.456485,3.7206354,0,KMeans
10.159896,10.974448,2,KMeans
8.331099,8.092679,0,KMeans
8.776974,-0.38207173,3,KMeans
11.075243,11.840562,2,KMeans
10.184758,3.8966591,0,KMeans
11.446296,7.973784,0,KMeans
9.76456,3.5204773,0,KMeans
7.130895,9.496348,0,KMeans
12.508569,1.839264,3,KMeans
9.444952,10.0300665,2,KMeans
11.244007,2.555745,3,KMeans
5.7385297,2.6702006,1,KMeans
10.2415695,2.0969875,3,KMeans
10.019054,6.500421,0,KMeans
12.898758,13.322628,2,KMeans
8.40698,10.102416,2,KMeans
10.868333,8.142195,0,KMeans
8.277585,7.8407063,0,KMeans
10.340353,6.2813263,0,KMeans
11.748408,13.232992,2,KMeans
12.528049,13.47226,2,KMeans
10.106102,3.4005282,0,KMeans
11.648648,1.3445312,3,KMeans
9.006915,7.1056504,0,KMeans
10.226641,0.6971341,3,KMeans
8.208394,7.8775325,0,KMeans
11.928297,2.3650873,3,KMeans
10.476385,1.1114044,3,KMeans
8.861274,9.899975,0,KMeans
9.191702,2.6095634,3,KMeans
10.799376,4.204276,0,KMeans
11.054594,2.9190524,3,KMeans
11.306316,11.203578,2,KMeans
12.566369,13.701113,2,KMeans
10.127484,0.91061497,3,KMeans
11.039367,9.231884,2,KMeans
9.011864,4.0542455,0,KMeans
8.932742,1.2743578,3,KMeans
11.438859,8.434229,0,KMeans
11.69729,6.1208587,0,KMeans
9.658244,0.4459329,3,KMeans
9.570515,6.566618,0,KMeans
12.004096,12.993898,2,KMeans
11.544979,2.9433284,3,KMeans
10.701149,2.2598357,3,KMeans
9.030699,6.628378,0,KMeans
10.709426,0.052172054,3,KMeans
10.610697,10.638823,2,KMeans
11.499967,10.42392,2,KMeans
10.711869,2.2805605,3,KMeans
11.799637,0.24971367,3,KMeans
9.902921,9.297075,0,KMeans
11.62912,11.222669,2,KMeans
9.506922,0.85080063,3,KMeans
8.707805,0.3941386,3,KMeans
10.030574,7.072809,0,KMeans
10.169748,5.1404586,0,KMeans
8.019589,5.6633515,0,KMeans
10.144476,6.9756794,0,KMeans
8.77368,9.250494,0,KMeans
9.354626,3.7639878,0,KMeans
8.493415,1.417488,3,KMeans
12.941704,9.901384,2,KMeans
9.495477,4.046189,0,KMeans
9.198088,9.690877,2,KMeans
9.810001,5.8428154,0,KMeans
9.303834,5.8776007,0,KMeans
11.025035,2.7300286,3,KMeans
10.36946,0.44065258,3,KMeans
10.473129,2.7564178,3,KMeans
12.5816765,1.2337492,3,KMeans
10.29034,2.8086412,3,KMeans
12.123597,13.695668,2,KMeans
12.619448,2.7059734,2,KMeans
7.752478,7.457945,0,KMeans
10.94347,10.308522,2,KMeans
9.739081,8.480217,0,KMeans
9.340442,0.98071796,3,KMeans
13.042686,13.972362,2,KMeans
10.488945,11.786758,2,KMeans
9.379697,7.3981586,0,KMeans
8.647531,4.980957,0,KMeans
11.386994,9.311827,2,KMeans
9.22419,6.5136843,0,KMeans
9.575854,10.208441,2,KMeans
10.453457,10.85224,2,KMeans
8.362981,7.261574,0,KMeans
9.791672,6.4860454,0,KMeans
12.186691,0.6730206,3,KMeans
8.484872,3.334817,3,KMeans
5.371928,2.5353076,1,KMeans
10.690413,9.225382,0,KMeans
9.122459,0.38464954,3,KMeans
9.170138,11.708437,2,KMeans
9.039099,6.0716047,0,KMeans
10.692046,8.730593,0,KMeans
9.197063,2.6236672,0,KMeans
10.356454,5.234498,0,KMeans
10.384744,5.882519,0,KMeans
9.747407,8.904389,0,KMeans
7.494732,9.81948,0,KMeans
10.205463,8.979678,0,KMeans
11.946949,3.7272186,3,KMeans
11.272342,1.9334774,3,KMeans
12.101761,13.16822,2,KMeans
10.100246,12.324166,2,KMeans
11.343847,12.519119,2,KMeans
8.668022,9.002158,0,KMeans
9.4157915,6.640307,0,KMeans
10.42413,11.176176,2,KMeans
10.887371,4.9456363,0,KMeans
10.068783,5.9985094,0,KMeans
10.28628,11.1911,2,KMeans
10.506821,10.871364,2,KMeans
10.338937,6.5376515,0,KMeans
9.056193,5.1576195,0,KMeans
10.718956,11.373597,2,KMeans
11.480057,-0.22743711,3,KMeans
11.466304,4.6293025,0,KMeans
11.731189,2.686105,3,KMeans
12.073242,3.4324954,2,KMeans
11.332606,7.2984176,0,KMeans
11.853637,12.798926,2,KMeans
9.956377,4.289424,0,KMeans
7.8179455,6.2121134,0,KMeans
8.972719,2.7269874,0,KMeans
12.798703,10.330026,2,KMeans
9.296814,5.761278,0,KMeans
11.316972,-0.65101326,3,KMeans
10.195489,11.192365,2,KMeans
10.967782,9.943008,2,KMeans
11.957931,7.0045333,0,KMeans
11.3493395,2.3239522,3,KMeans
8.982742,7.6740317,0,KMeans
10.6237755,7.2921777,0,KMeans
11.624916,7.6320515,0,KMeans
10.479468,0.43805626,3,KMeans
12.644317,12.609942,2,KMeans
10.793326,10.982544,2,KMeans
11.430912,11.260799,2,KMeans
11.989188,3.0718791,3,KMeans
10.637604,2.1468337,3,KMeans
9.1158495,2.4292178,3,KMeans
10.26301,5.0427547,0,KMeans
8.769285,8.844506,0,KMeans
10.159579,7.415738,0,KMeans
11.170372,12.13172,2,KMeans
12.748049,-0.39783576,2,KMeans
11.354057,12.959227,2,KMeans
10.002268,12.456841,2,KMeans
10.25212,9.306577,0,KMeans
10.260188,9.550853,0,KMeans
11.694478,2.5676122,3,KMeans
11.551876,-0.72898155,3,KMeans
8.31563,5.2542276,0,KMeans
9.041124,11.586323,2,KMeans
7.652979,6.441559,0,KMeans
9.697007,1.2888628,3,KMeans
9.053393,8.404864,0,KMeans
10.288031,11.896467,2,KMeans
10.383752,8.379249,0,KMeans
7.8249025,9.758396,2,KMeans
8.994023,2.4926033,3,KMeans
10.252366,6.3028994,0,KMeans
10.7091055,6.452819,0,KMeans
10.726034,1.80007,3,KMeans
12.714862,0.8099027,3,KMeans
11.389249,3.8437438,0,KMeans
8.565501,10.997108,2,KMeans
9.142634,-0.059455097,3,KMeans
6.744491,9.639531,0,KMeans
7.5599833,10.319072,0,KMeans
8.947116,-0.62067926,3,KMeans
11.777395,13.148767,2,KMeans
11.933052,6.964277,0,KMeans
9.499858,4.526498,0,KMeans
8.52716,9.867028,2,KMeans
8.7417145,7.3576975,0,KMeans
11.140569,5.669899,0,KMeans
9.335609,7.6310086,0,KMeans
11.836618,1.3970548,3,KMeans
9.477974,3.0010667,3,KMeans
9.182058,0.8740358,3,KMeans
9.736363,8.665913,0,KMeans
10.543536,2.9469235,3,KMeans
10.2904625,8.4489355,0,KMeans
5.2077255,2.5234528,1,KMeans
8.441144,9.746444,0,KMeans
11.80167,0.09645356,3,KMeans
12.072336,3.4547253,0,KMeans
10.2008705,4.1590447,0,KMeans
11.0698805,6.0067053,0,KMeans
8.607891,3.1506076,0,KMeans
8.694025,4.2475824,0,KMeans
10.445048,2.5025113,3,KMeans
11.728611,6.8689575,0,KMeans
8.404146,3.4052649,0,KMeans
13.302218,13.969991,2,KMeans
9.385935,10.255704,2,KMeans
11.185125,12.000544,2,KMeans
10.69605,4.0827174,0,KMeans
11.340498,1.9762129,3,KMeans
10.054068,8.186522,0,KMeans
10.846234,6.0857244,0,KMeans
10.545426,1.4206735,3,KMeans
9.535843,9.258992,0,KMeans
8.262938,5.419826,0,KMeans
10.060172,1.4938946,3,KMeans
11.61014,1.1536318,3,KMeans
8.433987,3.5748398,0,KMeans
8.498294,7.849533,0,KMeans
10.251619,7.8724117,0,KMeans
11.569423,9.427312,2,KMeans
10.670032,1.4829986,3,KMeans
9.221567,5.3084316,0,KMeans
10.919926,8.035761,0,KMeans
9.660546,4.5559554,0,KMeans
8.460054,4.7560377,0,KMeans
11.093568,4.387741,0,KMeans
8.895797,0.34594765,3,KMeans
10.532502,6.13121,0,KMeans
10.196722,9.301925,2,KMeans
12.37324,10.325076,2,KMeans
9.519703,7.5307975,0,KMeans
12.002752,12.685278,2,KMeans
11.912331,1.6837617,3,KMeans
10.558811,8.367251,0,KMeans
8.297185,8.04359,0,KMeans
7.5740824,9.448848,0,KMeans
12.087602,9.006024,2,KMeans
9.7495365,6.113349,0,KMeans
10.922542,7.9849653,0,KMeans
10.141217,7.199047,0,KMeans
10.878615,0.51080644,3,KMeans
9.106017,6.016662,0,KMeans
10.906878,3.3620253,3,KMeans
11.5071,9.394,2,KMeans
10.1686325,6.384792,0,KMeans
8.533012,8.368811,0,KMeans
9.061679,-0.09840648,3,KMeans
12.851827,9.822487,2,KMeans
9.633064,6.515023,0,KMeans
11.613527,10.077843,2,KMeans
11.202239,8.52711,0,KMeans
10.152689,8.595958,0,KMeans
10.04433,0.9356488,3,KMeans
10.000954,3.41747,0,KMeans
8.296194,9.671755,2,KMeans
11.602332,1.324232,3,KMeans
8.790209,8.348938,0,KMeans
10.546595,4.944893,0,KMeans
9.239638,1.2931279,3,KMeans
12.952129,9.616389,2,KMeans
7.1258492,8.910646,0,KMeans
12.362231,13.1136,2,KMeans
10.409575,11.573897,2,KMeans
10.487811,4.205078,0,KMeans
10.153757,3.512622,0,KMeans
12.698707,10.6659975,2,KMeans
9.356974,8.561789,0,KMeans
10.267777,11.942591,2,KMeans
7.474579,2.561687,3,KMeans
10.393843,8.234625,0,KMeans
10.315206,3.0565856,3,KMeans
11.207834,-0.8918736,3,KMeans
11.5523205,11.264675,2,KMeans
7.0930305,3.3278253,0,KMeans
11.542337,8.209745,0,KMeans
8.050753,4.8840475,0,KMeans
8.489017,2.4040937,3,KMeans
12.366464,1.879946,3,KMeans
11.604903,4.784349,0,KMeans
8.545723,2.700162,3,KMeans
10.280854,6.3055215,0,KMeans
9.838741,0.8971553,3,KMeans
10.907147,10.400847,2,KMeans
9.54186,1.3742118,3,KMeans
11.968207,2.4145124,3,KMeans
8.396558,7.7647195,0,KMeans
10.173301,0.8595432,3,KMeans
13.061312,10.210249,2,KMeans
6.449571,2.4359887,3,KMeans
8.400954,4.8546515,0,KMeans
10.185288,5.8786907,0,KMeans
11.126767,10.401604,2,KMeans
11.640278,-0.72602767,3,KMeans
9.723185,7.808989,0,KMeans
5.3970637,2.5220482,1,KMeans
8.720181,0.86993796,3,KMeans
11.263506,9.429627,2,KMeans
11.931113,2.7812207,3,KMeans
11.534456,9.725801,2,KMeans
8.007926,9.100126,0,KMeans
10.483517,-0.40379775,3,KMeans
8.613205,2.2461717,3,KMeans
12.441118,13.493558,2,KMeans
8.6628065,4.7656927,0,KMeans
10.688013,12.327013,2,KMeans
12.013136,11.193267,2,KMeans
11.769898,3.929997,0,KMeans
9.207748,11.665471,2,KMeans
10.299506,11.844676,2,KMeans
11.182753,8.427205,0,KMeans
10.3121605,11.097008,2,KMeans
8.878805,10.932361,2,KMeans
13.453035,13.473106,2,KMeans
8.773323,8.599919,0,KMeans
9.527376,5.5841746,0,KMeans
9.7572775,10.257101,2,KMeans
11.637988,1.519296,3,KMeans
12.378899,9.481006,2,KMeans
10.684345,8.774679,0,KMeans
7.400895,9.565854,0,KMeans
9.647171,8.128076,0,KMeans
8.444725,7.611673,0,KMeans
10.513733,11.212444,2,KMeans
11.891369,9.585195,2,KMeans
8.866228,1.861031,3,KMeans
9.012498,4.0552297,0,KMeans
10.475022,3.4408214,0,KMeans
10.454349,8.206709,0,KMeans
10.143436,7.230218,0,KMeans
12.763224,11.090128,2,KMeans
12.514115,2.1935012,3,KMeans
10.639406,2.37673,3,KMeans
11.641258,-0.3569823,3,KMeans
11.122902,4.3859906,0,KMeans
12.695975,2.2953954,2,KMeans
10.49948,3.5740497,0,KMeans
11.327202,5.493343,0,KMeans
10.52544,0.1662075,3,KMeans
10.359861,-0.18221168,3,KMeans
10.368,11.381593,2,KMeans
8.602342,2.3937185,3,KMeans
9.422876,3.0495162,3,KMeans
8.176932,10.968007,2,KMeans
13.1109705,13.480684,2,KMeans
8.480141,8.521587,0,KMeans
10.454531,4.1183553,0,KMeans
8.852036,5.590698,0,KMeans
10.610841,4.4490724,0,KMeans
9.122717,2.3094406,3,KMeans
10.452251,12.341685,2,KMeans
10.710417,12.248346,2,KMeans
9.070247,9.86587,2,KMeans
9.411795,10.727352,2,KMeans
12.419956,7.0604606,0,KMeans
11.947357,10.413771,2,KMeans
12.233779,13.009606,2,KMeans
7.5900755,8.513264,0,KMeans
9.766113,7.527318,0,KMeans
8.860288,1.1197903,3,KMeans
9.2900715,7.7060018,0,KMeans
10.049356,12.5566025,2,KMeans
9.048451,10.095838,2,KMeans
10.939323,2.2225044,3,KMeans
7.8424835,8.964888,0,KMeans
7.24615,10.498261,2,KMeans
11.322068,7.2148128,0,KMeans
12.273657,7.01,2,KMeans
9.46859,5.2606964,0,KMeans
11.517413,-0.22721657,3,KMeans
9.517424,10.316731,2,KMeans
9.33552,2.9294019,0,KMeans
11.483294,12.861216,2,KMeans
9.584069,7.5804534,0,KMeans
9.709553,10.031121,2,KMeans
10.707318,5.6192956,0,KMeans
10.264677,9.891211,2,KMeans
11.158226,3.4055479,3,KMeans
10.012772,3.8516252,0,KMeans
11.671036,-0.7804193,3,KMeans
12.258324,-0.20405386,3,KMeans
11.069803,1.958571,3,KMeans
7.6765795,5.8695498,0,KMeans
10.646617,6.857899,0,KMeans
11.377447,12.622823,2,KMeans
8.239973,10.8275585,2,KMeans
11.312622,5.028684,0,KMeans
9.588898,11.058456,2,KMeans
10.496733,1.4792967,3,KMeans
9.759694,3.0235572,0,KMeans
10.888265,1.3522882,3,KMeans
11.1174345,8.839787,0,KMeans
10.206086,4.729724,0,KMeans
8.835715,7.953663,0,KMeans
11.93909,12.886135,2,KMeans
10.832246,3.4013803,3,KMeans
9.2357235,3.8365982,0,KMeans
7.598747,8.762336,0,KMeans
10.595618,6.059912,0,KMeans
11.058776,12.104674,2,KMeans
8.547946,10.105749,2,KMeans
10.482568,2.547024,3,KMeans
9.152555,8.91268,0,KMeans
8.764732,0.90251863,3,KMeans
12.248004,10.6771,2,KMeans
9.396281,7.4228873,0,KMeans
8.993777,10.834819,2,KMeans
9.571083,8.591534,0,KMeans
7.787215,9.981679,0,KMeans
7.4485188,10.11705,2,KMeans
8.43675,7.8403153,0,KMeans
12.36623,11.286477,2,KMeans
9.584397,2.8249314,0,KMeans
9.88903,8.129451,0,KMeans
8.654112,8.626811,0,KMeans
12.56115,9.048336,2,KMeans
5.7435474,2.6351228,1,KMeans
9.557136,5.494835,0,KMeans
11.323152,7.5999603,0,KMeans
8.369489,9.980084,2,KMeans
11.861659,12.60395,2,KMeans
9.140777,11.995964,2,KMeans
11.602155,11.947034,2,KMeans
9.449336,4.6434402,0,KMeans
11.05057,11.820029,2,KMeans
10.289029,7.4861984,0,KMeans
12.633342,10.077925,2,KMeans
12.505813,-0.013060595,3,KMeans
9.493009,8.787223,0,KMeans
8.339863,4.3660774,0,KMeans
12.304292,9.885076,2,KMeans
11.040814,8.946783,0,KMeans
8.405211,3.4190784,0,KMeans
8.720737,10.020668,2,KMeans
10.703581,5.6211753,0,KMeans
8.711028,7.782763,0,KMeans
7.6744504,9.440981,0,KMeans
7.487807,9.367943,0,KMeans
7.6059947,9.96216,2,KMeans
9.578592,7.7954516,0,KMeans
11.396793,12.235815,2,KMeans
9.6019,7.900877,0,KMeans
10.196613,9.266248,0,KMeans
12.503953,0.058960967,3,KMeans
10.5437355,0.8497328,3,KMeans
12.20807,13.275794,2,KMeans
5.4088993,2.5509434,1,KMeans
9.139419,2.214404,3,KMeans
8.542637,3.7316468,0,KMeans
10.819717,9.123273,0,KMeans
12.957884,13.947791,2,KMeans
9.514633,6.1378927,0,KMeans
12.790325,-0.67314166,2,KMeans
10.327438,5.707173,0,KMeans
9.823367,6.063987,0,KMeans
9.437901,10.412091,2,KMeans
8.913517,5.9029913,0,KMeans
10.879536,10.48637,2,KMeans
10.102976,10.992228,2,KMeans
12.040057,4.493441,0,KMeans
9.976885,11.611172,2,KMeans
8.6428795,8.282594,0,KMeans
12.200785,12.960468,2,KMeans
9.883514,7.488644,0,KMeans
10.354079,11.950669,2,KMeans
8.858319,0.8828999,3,KMeans
9.114475,1.8382452,3,KMeans
8.367482,4.2445197,0,KMeans
9.729156,5.318888,0,KMeans
9.084156,0.8866764,3,KMeans
12.5800705,13.40354,2,KMeans
12.4265995,12.018748,2,KMeans
11.075996,8.002739,0,KMeans
10.823841,12.579807,2,KMeans
11.587178,2.9043338,3,KMeans
8.710612,2.1817832,3,KMeans
10.1764765,10.922823,2,KMeans
9.668094,0.15181753,3,KMeans
8.478272,7.857752,0,KMeans
9.747893,10.253723,2,KMeans
12.230738,12.313283,2,KMeans
11.171595,3.1725225,3,KMeans
8.832503,1.1274464,3,KMeans
12.769141,1.5175891,2,KMeans
11.483667,9.459365,2,KMeans
8.63069,9.117602,0,KMeans
7.9056664,8.682263,0,KMeans
10.366134,0.38350838,3,KMeans
10.779991,3.9708247,0,KMeans
11.833304,-0.537273,3,KMeans
9.938369,10.692673,2,KMeans
9.788007,-0.10914627,3,KMeans
10.72609,5.8913755,0,KMeans
12.201518,11.7417345,2,KMeans
10.592988,4.6504555,0,KMeans
6.5971303,9.291657,0,KMeans
8.167214,8.824616,0,KMeans
11.179096,10.117013,2,KMeans
10.562143,9.913875,2,KMeans
9.5067625,9.567558,0,KMeans
12.051776,1.2686546,3,KMeans
12.032407,2.3773096,3,KMeans
10.227357,5.2360253,0,KMeans
10.940379,0.62637895,3,KMeans
11.333441,8.731674,0,KMeans
9.59951,7.334422,0,KMeans
6.711422,9.066213,0,KMeans
9.946718,0.42944163,3,KMeans
10.5805645,7.0056496,0,KMeans
8.267783,7.5471764,0,KMeans
11.581433,2.180101,3,KMeans
10.122488,3.3834405,0,KMeans
11.721331,9.570532,2,KMeans
8.983651,3.5527782,0,KMeans
10.418163,6.796889,0,KMeans
12.177547,2.8859766,3,KMeans
9.1772,9.333669,0,KMeans
10.372998,8.347556,0,KMeans
12.28134,11.5241165,2,KMeans
10.288456,7.465658,0,KMeans
9.664742,10.698919,2,KMeans
8.236626,10.706569,2,KMeans
9.151025,2.25111,3,KMeans
9.842396,5.9979305,0,KMeans
9.250802,0.21874511,3,KMeans
10.119317,4.4996347,0,KMeans
8.857677,8.588978,0,KMeans
11.755278,2.97059,3,KMeans
8.715089,0.4830572,3,KMeans
9.801701,6.03556,0,KMeans
10.031736,7.5889254,0,KMeans
12.610229,10.901468,2,KMeans
9.233537,9.060568,2,KMeans
11.870292,1.5122888,3,KMeans
9.91204,7.7424355,0,KMeans
8.979601,6.3630195,0,KMeans
11.311054,10.197458,2,KMeans
9.063201,3.630952,0,KMeans
10.749282,0.6628932,3,KMeans
8.972378,7.334046,0,KMeans
10.851218,2.0205593,3,KMeans
12.253626,10.923622,2,KMeans
12.771274,13.489145,2,KMeans
7.9586554,8.270011,0,KMeans
10.141452,9.907934,2,KMeans
10.15271,0.63722736,3,KMeans
11.978739,8.397555,2,KMeans
11.882567,12.944206,2,KMeans
12.282283,3.4033325,3,KMeans
10.705342,10.271978,2,KMeans
9.133591,2.4755137,3,KMeans
11.496987,8.615599,2,KMeans
9.706885,0.5591154,3,KMeans
8.390817,5.483646,0,KMeans
9.571616,9.699316,2,KMeans
9.15903,4.9246545,0,KMeans
12.563318,11.804073,2,KMeans
10.000473,5.595654,0,KMeans
10.7229,7.1209364,0,KMeans
10.721122,4.6659646,0,KMeans
12.683248,11.511447,2,KMeans
9.899223,9.699327,2,KMeans
11.900284,6.7151017,0,KMeans
11.401396,8.651777,0,KMeans
11.443914,13.062979,2,KMeans
10.739318,10.208525,2,KMeans
11.205343,4.4882264,0,KMeans
9.457029,-0.77975893,3,KMeans
8.878411,-0.54747736,3,KMeans
8.648415,-0.042359125,3,KMeans
8.618049,2.27759,3,KMeans
9.401233,6.7578216,0,KMeans
10.350695,5.417215,0,KMeans
13.004617,10.070229,2,KMeans
8.654507,-0.84269637,3,KMeans
10.341286,10.492885,2,KMeans
10.843174,5.648118,0,KMeans
10.104213,9.841428,2,KMeans
11.587042,12.672322,2,KMeans
11.921245,3.8461928,0,KMeans
12.447321,12.215241,2,KMeans
9.557567,9.962632,0,KMeans
12.219547,7.1844845,0,KMeans
9.386948,6.2000504,0,KMeans
11.524883,-0.11097974,3,KMeans
7.7939916,11.139581,2,KMeans
9.153402,7.2884254,0,KMeans
8.69061,0.47037524,3,KMeans
9.847452,1.564319,3,KMeans
9.253231,11.357782,2,KMeans
9.333913,0.11557805,3,KMeans
9.776393,4.1354256,0,KMeans
11.874754,12.777126,2,KMeans
9.414568,6.832747,0,KMeans
10.523181,4.443226,0,KMeans
10.606194,9.261993,0,KMeans
10.6777525,5.623364,0,KMeans
9.160993,2.6992793,3,KMeans
10.703485,8.777318,2,KMeans
10.489783,11.96176,2,KMeans
12.344112,13.784194,2,KMeans
10.945162,0.29363906,3,KMeans
9.901366,5.4019656,0,KMeans
8.093068,8.062246,0,KMeans
6.8601403,8.820698,0,KMeans
11.476874,2.4045954,3,KMeans
11.079185,1.889848,3,KMeans
9.822225,7.4185905,0,KMeans
8.341576,3.7190745,0,KMeans
8.152192,6.043119,0,KMeans
10.146486,6.0634418,0,KMeans
12.7593,7.549591,2,KMeans
7.973441,9.056938,0,KMeans
9.469891,-0.16843416,3,KMeans
8.70893,10.238214,2,KMeans
8.538455,8.923387,0,KMeans
10.037413,3.679485,0,KMeans
10.040554,11.637127,2,KMeans
11.163133,-0.72357255,3,KMeans
11.311615,4.470527,0,KMeans
11.276677,-0.4754167,3,KMeans
11.343833,3.2663183,3,KMeans
7.7682757,6.01606,0,KMeans
12.7725935,1.5668857,2,KMeans
9.201233,-0.6234606,3,KMeans
9.306989,2.508395,3,KMeans
9.912909,9.4420185,0,KMeans
9.912496,-0.39159015,3,KMeans
9.566057,1.6203132,3,KMeans
9.443039,1.515417,3,KMeans
9.046747,-0.028854987,3,KMeans
10.632444,11.177344,2,KMeans
9.257745,7.7996445,0,KMeans
13.279358,10.384957,3,KMeans
9.348849,4.9193254,0,KMeans
9.9517565,10.838551,2,KMeans
9.069023,1.0919703,3,KMeans
12.130919,0.39745894,3,KMeans
9.39764,7.3272853,0,KMeans
8.439987,-0.44791082,3,KMeans
10.670326,10.100748,2,KMeans
6.323117,2.8423693,1,KMeans
9.325995,11.171872,2,KMeans
9.879935,6.9827952,0,KMeans
9.355409,10.092832,2,KMeans
10.420379,5.297725,0,KMeans
9.632484,3.754314,0,KMeans
10.988311,2.1194043,3,KMeans
9.786707,2.3690588,3,KMeans
8.2711525,4.3343873,0,KMeans
9.617757,-0.4689339,3,KMeans
11.221504,4.507222,0,KMeans
10.350671,11.505244,2,KMeans
9.1984215,6.1257596,0,KMeans
10.003946,8.077379,0,KMeans
8.765597,8.22395,0,KMeans
12.33829,7.449114,0,KMeans
9.378981,7.881156,0,KMeans
10.085185,8.023115,0,KMeans
10.031624,2.0580702,3,KMeans
11.000346,11.563053,2,KMeans
12.606844,1.4273679,2,KMeans
8.818754,9.253311,0,KMeans
9.091405,5.5331373,0,KMeans
10.684601,4.081419,0,KMeans
12.23305,13.64406,2,KMeans
11.741898,2.231517,3,KMeans
10.920745,4.5161676,0,KMeans
9.979693,11.029063,2,KMeans
9.228771,4.2780414,0,KMeans
9.878152,2.9458232,3,KMeans
13.121578,11.74334,2,KMeans
10.635147,12.346851,2,KMeans
9.044769,7.5236096,0,KMeans
8.075858,7.7816486,0,KMeans
7.616061,9.940432,0,KMeans
10.700384,5.2916136,0,KMeans
9.289073,12.04549,2,KMeans
9.142642,7.9180536,0,KMeans
11.800463,7.112392,0,KMeans
8.713444,-0.71991414,3,KMeans
10.693602,7.2292724,0,KMeans
9.798897,3.2532406,0,KMeans
10.98435,0.25065804,3,KMeans
9.966144,7.1569552,0,KMeans
10.099631,9.77468,2,KMeans
11.318064,12.533374,2,KMeans
10.952525,4.6781507,0,KMeans
12.07959,13.449031,2,KMeans
7.7158504,6.031739,0,KMeans
10.415388,0.8782286,3,KMeans
10.510055,8.923285,0,KMeans
9.187164,4.3296943,0,KMeans
12.92809,10.565247,2,KMeans
11.594518,9.945034,2,KMeans
12.586027,13.839819,2,KMeans
11.542278,2.7176626,3,KMeans
8.604131,3.0431867,0,KMeans
9.086726,6.592673,0,KMeans
11.8955555,3.5532386,0,KMeans
12.391529,0.767481,3,KMeans
11.738264,-0.6489729,3,KMeans
8.757241,5.667647,0,KMeans
12.463987,13.798011,2,KMeans
8.87566,5.647307,0,KMeans
11.350686,-0.13724063,3,KMeans
9.770237,4.385001,0,KMeans
10.389048,7.0241895,0,KMeans
9.936882,3.6566687,0,KMeans
10.494898,5.9379973,0,KMeans
8.670579,6.997387,0,KMeans
12.293142,12.37667,2,KMeans
11.461196,6.922852,0,KMeans
12.093146,4.3982735,0,KMeans
12.303643,12.258599,2,KMeans
12.457238,0.17682844,3,KMeans
4.832911,2.4498136,1,KMeans
7.438968,9.259479,0,KMeans
9.623588,11.698149,2,KMeans
8.007545,11.111077,2,KMeans
9.078144,4.6413155,0,KMeans
11.177068,4.4609075,0,KMeans
9.010673,5.674908,0,KMeans
9.702018,5.4401517,0,KMeans
7.22457,8.661018,0,KMeans
12.16966,3.1901996,3,KMeans
7.998268,8.216255,0,KMeans
9.03587,11.369539,2,KMeans
8.435393,6.48276,0,KMeans
9.850465,-0.90123737,3,KMeans
9.26985,3.1131043,0,KMeans
7.226205,7.816245,0,KMeans
6.977266,10.070673,2,KMeans
8.966522,8.20803,0,KMeans
11.742093,2.299198,3,KMeans
10.567045,-0.07111693,3,KMeans
11.788588,6.9906363,0,KMeans
10.485084,8.344456,0,KMeans
10.911435,3.7517912,2,KMeans
9.240719,0.660794,3,KMeans
11.480289,12.758649,2,KMeans
10.977874,12.000957,2,KMeans
8.944288,3.0538068,0,KMeans
12.42463,8.449805,2,KMeans
6.821687,9.829077,2,KMeans
7.241445,9.442428,0,KMeans
9.631918,7.805426,0,KMeans
8.601429,0.34677947,3,KMeans
13.143636,13.592712,2,KMeans
10.713392,10.899929,2,KMeans
8.041905,8.810221,0,KMeans
7.4783487,10.023223,2,KMeans
8.85992,8.125737,0,KMeans
12.381112,1.7870547,3,KMeans
9.879151,1.6586345,3,KMeans
11.840901,2.0766516,3,KMeans
12.178029,2.1854389,3,KMeans
11.13292,0.8974687,3,KMeans
12.376302,-0.4297777,3,KMeans
12.712754,10.9219,2,KMeans
11.098581,-0.07961434,3,KMeans
6.5156097,9.679066,0,KMeans
10.361296,8.972791,0,KMeans
12.791257,1.3854072,2,KMeans
12.963744,10.313576,2,KMeans
8.5280285,10.800636,2,KMeans
11.105972,0.013129968,3,KMeans
10.502378,2.3677142,3,KMeans
8.365761,11.31868,2,KMeans
9.534726,1.8009814,3,KMeans
10.257965,5.294267,0,KMeans
9.208455,4.8470306,0,KMeans
11.102151,-0.06214777,3,KMeans
10.518963,10.966341,2,KMeans
10.366099,-0.48858193,3,KMeans
8.8564415,1.6219081,3,KMeans
10.256903,10.74707,2,KMeans
5.42915,2.594118,1,KMeans
8.57012,10.8586645,2,KMeans
9.704983,3.334863,3,KMeans
7.0183487,9.365338,0,KMeans
11.866821,13.051782,2,KMeans
11.570262,10.385832,2,KMeans
9.357028,10.644127,2,KMeans
10.823994,5.3497653,0,KMeans
10.020649,8.859423,0,KMeans
8.501081,7.703976,0,KMeans
11.381616,2.8993366,3,KMeans
7.7299256,9.757762,0,KMeans
10.230146,2.7272224,3,KMeans
9.957304,1.2531719,3,KMeans
13.143286,11.380092,2,KMeans
10.282833,-0.91832817,3,KMeans
12.586161,-0.61715317,3,KMeans
12.606747,2.840858,2,KMeans
9.513315,9.922267,2,KMeans
10.008089,5.8239336,0,KMeans
11.342446,5.4205875,0,KMeans
10.330249,7.537208,0,KMeans
9.75827,3.9715278,0,KMeans
10.782229,3.5692453,0,KMeans
11.461185,2.1819158,3,KMeans
11.979791,2.557962,3,KMeans
11.714094,-0.58737075,3,KMeans
8.659187,9.963258,2,KMeans
12.917092,11.071797,2,KMeans
10.774851,8.798597,0,KMeans
7.817786,5.6706853,0,KMeans
13.257983,11.235068,2,KMeans
12.186258,2.3527105,3,KMeans
9.136034,6.4025536,0,KMeans
12.103365,1.1951065,3,KMeans
10.405196,7.691039,0,KMeans
11.166203,4.140678,0,KMeans
8.639774,6.019241,0,KMeans
8.7759075,10.311459,2,KMeans
9.683751,6.135121,0,KMeans
8.352458,7.1947517,0,KMeans
9.744136,7.791818,0,KMeans
8.485887,0.034822717,3,KMeans
9.298428,-0.57548517,3,KMeans
10.972065,0.26310864,3,KMeans
10.671002,2.3310323,3,KMeans
9.252677,3.2933276,0,KMeans
7.8009605,5.8052506,0,KMeans
8.325363,6.903143,0,KMeans
10.186261,0.74148697,3,KMeans
9.944041,11.27669,2,KMeans
10.37592,1.2941755,3,KMeans
10.535089,3.0090845,3,KMeans
12.726997,12.67369,2,KMeans
10.402896,6.915015,0,KMeans
9.3785095,-0.4023704,3,KMeans
11.585922,9.896219,2,KMeans
9.018618,5.3438134,0,KMeans
10.749129,11.235302,2,KMeans
12.399574,13.665744,2,KMeans
8.74271,9.846227,2,KMeans
7.6751246,11.210269,2,KMeans
8.378457,4.910049,0,KMeans
7.5660863,8.178803,0,KMeans
9.0366535,6.173514,0,KMeans
8.201021,8.810805,0,KMeans
12.17454,7.21495,0,KMeans
11.899258,6.687923,0,KMeans
10.737908,3.4115906,0,KMeans
8.56711,2.490607,3,KMeans
7.854796,8.047957,0,KMeans
10.162297,8.099705,0,KMeans
11.475395,11.129961,2,KMeans
11.216229,3.6403034,0,KMeans
12.616109,2.8039246,2,KMeans
9.180263,10.771477,2,KMeans
10.024382,-0.10944757,3,KMeans
8.510368,10.409194,2,KMeans
8.007918,3.0578463,3,KMeans
11.618891,3.191277,3,KMeans
13.283688,12.741967,2,KMeans
11.991845,9.480399,2,KMeans
13.029189,10.0499735,2,KMeans
13.082992,13.203869,2,KMeans
8.068509,6.328535,0,KMeans
9.339674,9.9164715,2,KMeans
10.608059,-0.8306923,3,KMeans
8.736875,10.707089,2,KMeans
10.314677,9.573624,0,KMeans
8.674121,9.662374,0,KMeans
8.551294,9.046068,0,KMeans
11.845242,2.3035674,3,KMeans
8.156748,6.187023,0,KMeans
10.674809,8.749515,0,KMeans
10.933674,-0.6145076,3,KMeans
9.583928,8.844364,0,KMeans
13.242558,13.636978,2,KMeans
10.695142,6.4236097,0,KMeans
11.172966,12.1061945,2,KMeans
9.801307,-0.52510405,3,KMeans
12.194653,2.0241625,3,KMeans
11.799464,11.643711,2,KMeans
8.73489,3.014629,3,KMeans
8.686109,11.886374,2,KMeans
8.812707,-0.52684045,3,KMeans
8.286105,11.2692,2,KMeans
8.146562,8.070419,0,KMeans
9.980577,9.6816025,2,KMeans
8.412333,5.851544,0,KMeans
10.263069,-1.0481048,3,KMeans
11.745227,2.1074529,3,KMeans
8.570298,0.35311204,3,KMeans
9.028055,10.051318,2,KMeans
11.208309,6.1453013,0,KMeans
12.728352,9.889757,2,KMeans
11.832209,1.1004028,3,KMeans
10.87815,7.2997108,0,KMeans
8.493355,10.789316,2,KMeans
11.822745,2.3529243,3,KMeans
9.754747,5.608937,0,KMeans
7.6427007,11.119692,2,KMeans
11.706789,6.0995054,0,KMeans
8.284238,10.47165,2,KMeans
10.85007,8.582976,0,KMeans
12.107558,10.123243,2,KMeans
8.836079,9.110017,0,KMeans
9.83047,5.054038,0,KMeans
8.143283,8.870382,0,KMeans
11.116801,6.6242914,0,KMeans
9.371664,11.815871,2,KMeans
11.027377,9.977449,2,KMeans
11.635935,7.446402,0,KMeans
10.474625,3.0319452,3,KMeans
9.718838,4.804159,0,KMeans
10.036826,5.3825173,0,KMeans
10.347306,10.059307,2,KMeans
8.179359,7.5997906,0,KMeans
10.904507,2.3878908,3,KMeans
12.737857,1.1009737,3,KMeans
11.0599165,8.248068,0,KMeans
7.1815925,9.574883,0,KMeans
11.542996,3.7968698,0,KMeans
9.419044,2.3945205,3,KMeans
10.155594,11.652235,2,KMeans
9.3288,4.2653856,0,KMeans
11.814722,13.085294,2,KMeans
10.138146,0.35145,3,KMeans
9.862216,7.6178436,0,KMeans
9.427162,-0.20425603,3,KMeans
9.587126,9.547925,0,KMeans
8.671617,6.3810577,0,KMeans
10.624023,8.503037,0,KMeans
9.092821,9.772713,2,KMeans
10.069305,-0.26279828,3,KMeans
10.5619,3.969008,0,KMeans
10.74909,9.524617,2,KMeans
10.744417,5.736142,0,KMeans
7.467238,7.952665,0,KMeans
12.010869,0.6697655,3,KMeans
8.219468,10.332225,2,KMeans
8.117929,8.792922,0,KMeans
7.2673426,9.4678335,0,KMeans
10.456579,0.8999117,3,KMeans
10.8981695,2.2297006,3,KMeans
10.075448,9.857009,2,KMeans
8.602223,11.920109,2,KMeans
10.462311,9.611371,2,KMeans
10.2190275,1.5314299,3,KMeans
8.176176,8.879687,0,KMeans
11.231597,2.5923617,3,KMeans
11.435021,13.128968,2,KMeans
10.5106535,5.0444303,0,KMeans
10.877827,5.011834,0,KMeans
10.276633,7.987397,0,KMeans
9.806857,3.5047112,0,KMeans
11.346031,10.708561,2,KMeans
10.203813,6.831944,0,KMeans
10.115219,11.725193,2,KMeans
9.724593,1.403369,3,KMeans
10.687304,4.2049294,0,KMeans
12.228628,10.202459,2,KMeans
6.960123,9.943305,0,KMeans
11.889917,0.31714487,3,KMeans
6.574423,9.549464,0,KMeans
12.81649,11.083274,2,KMeans
10.562648,5.4484444,0,KMeans
8.738708,1.1403323,3,KMeans
9.809499,8.394692,0,KMeans
8.969133,2.54772,3,KMeans
8.078456,7.143698,0,KMeans
9.790169,9.870517,2,KMeans
11.118218,12.49347,2,KMeans
11.008045,12.208374,2,KMeans
9.165759,10.116352,2,KMeans
10.513752,11.792098,2,KMeans
7.276589,10.381085,2,KMeans
12.261126,1.6172059,3,KMeans
10.339331,2.1146708,3,KMeans
11.136788,9.027229,0,KMeans
10.707572,5.3973103,0,KMeans
10.196309,4.7018805,0,KMeans
8.344489,7.221021,0,KMeans
12.5857935,7.975525,2,KMeans
12.070802,-0.41851076,3,KMeans
10.14916,2.4474206,3,KMeans
10.166967,8.146754,0,KMeans
8.700465,5.9007454,0,KMeans
12.061752,10.098586,2,KMeans
9.148224,0.9577307,3,KMeans
7.635847,8.555082,0,KMeans
12.918159,0.5283297,2,KMeans
11.06584,9.463932,2,KMeans
10.524634,11.613516,2,KMeans
10.606469,10.507928,2,KMeans
9.512889,0.32882395,3,KMeans
9.201345,9.801097,0,KMeans
8.900839,0.41746667,3,KMeans
9.770674,11.061126,2,KMeans
12.119864,7.399128,0,KMeans
11.6442795,10.047344,2,KMeans
9.42247,2.8727849,3,KMeans
8.600723,4.4834714,0,KMeans
13.508675,12.428127,2,KMeans
12.167104,-0.098103024,3,KMeans
9.139754,11.872836,2,KMeans
11.629286,2.1576698,3,KMeans
12.435706,7.8682785,2,KMeans
13.295459,13.063096,2,KMeans
8.722518,10.117482,2,KMeans
10.6347475,0.63975835,3,KMeans
10.063068,5.1004333,0,KMeans
9.696864,11.219126,2,KMeans
10.552262,5.6484184,0,KMeans
10.722965,10.177966,2,KMeans
7.728272,10.169767,2,KMeans
9.798836,-0.2127042,3,KMeans
10.915588,2.707137,3,KMeans
11.284623,1.1859176,3,KMeans
7.9559917,5.690209,0,KMeans
11.046375,-0.096883416,3,KMeans
10.037548,7.206402,0,KMeans
10.295046,1.1250001,3,KMeans
6.9084806,9.870549,0,KMeans
10.862952,2.8546553,3,KMeans
7.2429924,8.753311,0,KMeans
9.658231,9.077353,0,KMeans
10.601418,11.212374,2,KMeans
9.769954,-0.29349536,3,KMeans
12.248901,6.7697268,0,KMeans
10.574418,3.4964907,0,KMeans
12.867558,12.234166,2,KMeans
10.690439,4.662001,0,KMeans
10.224621,-0.057501066,3,KMeans
11.563458,-0.5621121,3,KMeans
11.099298,1.1040078,3,KMeans
10.003979,9.690193,2,KMeans
12.1153145,2.7854471,3,KMeans
12.466528,-0.22665998,3,KMeans
12.454237,0.76581365,3,KMeans
9.337107,7.7722154,0,KMeans
10.210337,2.638518,3,KMeans
10.097727,6.247035,0,KMeans
8.635429,0.23385336,3,KMeans
12.072372,0.83059347,3,KMeans
10.492194,-0.94956577,3,KMeans
9.49699,4.1565986,0,KMeans
9.194793,11.098748,2,KMeans
11.136254,11.011023,2,KMeans
10.091093,-0.30147222,3,KMeans
10.546562,6.397999,0,KMeans
12.919263,1.133159,2,KMeans
12.851668,10.921812,2,KMeans
11.693625,6.0595927,0,KMeans
12.054123,2.8531601,3,KMeans
6.918814,3.309506,0,KMeans
11.506356,13.076169,2,KMeans
12.649612,0.94289374,3,KMeans
11.441128,1.5034662,3,KMeans
10.573664,7.277102,0,KMeans
10.568861,11.626605,2,KMeans
9.185866,7.1712413,0,KMeans
8.572625,-0.15901954,3,KMeans
9.338141,1.2353548,3,KMeans
7.7024403,10.991664,2,KMeans
9.100076,-0.5722395,3,KMeans
9.253402,10.587358,2,KMeans
5.693015,2.5588892,1,KMeans
11.690642,8.779051,0,KMeans
11.206437,8.980712,0,KMeans
10.895453,5.7552576,0,KMeans
13.290777,14.03443,2,KMeans
13.50769,13.798999,2,KMeans
11.822507,3.7983074,3,KMeans
10.872142,3.8080957,0,KMeans
12.049415,9.4361925,2,KMeans
10.329325,5.274023,0,KMeans
8.6652565,7.6885614,0,KMeans
12.183029,2.8671312,3,KMeans
11.46469,13.1044855,2,KMeans
10.477999,8.232471,0,KMeans
12.934417,13.863034,2,KMeans
9.188888,0.2784318,3,KMeans
12.533227,1.2032717,3,KMeans
11.893404,13.010729,2,KMeans
12.096318,11.853838,2,KMeans
9.684989,7.8189955,0,KMeans
11.527308,-0.39042255,3,KMeans
8.116774,10.27915,0,KMeans
10.554117,5.1468625,0,KMeans
10.565634,8.479864,0,KMeans
8.881956,0.9356237,3,KMeans
9.445928,8.33167,0,KMeans
12.301532,6.3860545,0,KMeans
7.2203116,8.88243,0,KMeans
11.702006,7.6636825,0,KMeans
8.967853,10.598476,2,KMeans
7.8118386,10.623629,2,KMeans
9.112924,4.1961064,0,KMeans
10.98607,12.335733,2,KMeans
11.996177,12.476212,2,KMeans
12.822415,12.490143,2,KMeans
10.733649,6.186745,0,KMeans
11.667777,6.041791,0,KMeans
11.273822,8.809409,0,KMeans
11.042194,4.7601786,0,KMeans
11.424649,1.8947221,3,KMeans
12.959199,10.88587,2,KMeans
7.041808,10.486581,2,KMeans
8.327295,11.1414795,2,KMeans
9.872457,8.156582,0,KMeans
11.102575,11.105224,2,KMeans
11.968553,11.942384,2,KMeans
10.733858,1.798313,3,KMeans
12.720368,1.9395697,2,KMeans
9.247332,8.480581,0,KMeans
10.258293,0.42945275,3,KMeans
10.204962,6.3621182,0,KMeans
7.6473536,3.3096771,0,KMeans
10.354423,1.8308866,3,KMeans
9.49832,4.67445,0,KMeans
9.403883,11.689628,2,KMeans
12.335823,9.849852,2,KMeans
12.543044,10.664639,2,KMeans
10.964869,3.9094386,0,KMeans
9.78005,0.28356215,3,KMeans
10.072497,11.531235,2,KMeans
7.8941927,9.014235,0,KMeans
9.109855,0.058140714,3,KMeans
7.3394113,10.403153,2,KMeans
10.374461,1.1274812,3,KMeans
8.42456,6.272753,0,KMeans
7.335773,9.47323,0,KMeans
10.043799,8.845688,0,KMeans
9.194378,4.3376865,0,KMeans
8.394594,4.751939,0,KMeans
10.476125,0.79666823,3,KMeans
10.457317,8.061842,0,KMeans
10.110365,5.508205,0,KMeans
10.599775,-0.70102096,3,KMeans
5.1293406,2.5153298,1,KMeans
10.243214,1.2399582,3,KMeans
10.584445,8.942066,0,KMeans
10.762323,5.836728,0,KMeans
11.586236,-0.60744214,3,KMeans
8.480302,2.219172,0,KMeans
11.379136,0.061865713,3,KMeans
12.360458,2.336255,3,KMeans
11.404638,12.29875,2,KMeans
10.179743,0.11439786,3,KMeans
11.916922,1.3627189,3,KMeans
11.043949,0.27392238,3,KMeans
11.524952,10.644831,2,KMeans
11.175619,10.04008,2,KMeans
11.574479,4.8697143,0,KMeans
8.760562,8.175468,0,KMeans
6.663692,3.1061573,0,KMeans
10.331028,0.03690784,3,KMeans
9.686151,-0.21712008,3,KMeans
11.32799,12.612728,2,KMeans
10.97958,11.4077215,2,KMeans
9.629682,2.192602,3,KMeans
9.422857,8.445586,0,KMeans
12.477686,9.50966,2,KMeans
11.101034,1.243159,3,KMeans
9.407935,9.012845,0,KMeans
10.733598,8.682915,0,KMeans
10.951202,7.0856414,0,KMeans
12.870182,13.981637,2,KMeans
10.952746,10.970773,2,KMeans
7.507419,10.411957,2,KMeans
10.082857,9.857825,2,KMeans
12.151708,9.009043,0,KMeans
7.930961,4.9252496,0,KMeans
9.76071,10.36374,2,KMeans
8.183585,5.608716,0,KMeans
10.3891,8.560979,0,KMeans
12.057672,2.3056157,3,KMeans
12.9036045,0.518562,2,KMeans
13.720488,13.70704,2,KMeans
12.804178,0.89932716,3,KMeans
11.74654,6.1205187,0,KMeans
9.732082,6.0431333,0,KMeans
9.657779,1.4993916,3,KMeans
10.136349,0.33904174,3,KMeans
10.75171,5.727359,0,KMeans
9.3312435,6.554424,0,KMeans
8.853209,9.3412075,0,KMeans
11.787753,0.6203349,3,KMeans
7.1122637,7.697544,0,KMeans
8.580031,-0.5686952,3,KMeans
9.603338,10.13871,2,KMeans
10.500326,5.507598,0,KMeans
8.079586,9.320019,0,KMeans
11.66701,12.8322,2,KMeans
7.8371754,9.749487,0,KMeans
10.182026,5.1737413,0,KMeans
11.416557,3.3262289,3,KMeans
12.933629,0.7401583,2,KMeans
10.644472,5.3312593,0,KMeans
7.6561685,6.032773,0,KMeans
11.306382,1.0141675,3,KMeans
10.3196125,9.415857,0,KMeans
10.088737,9.216468,0,KMeans
9.850439,2.500893,3,KMeans
8.306427,4.060781,0,KMeans
8.553095,7.172782,0,KMeans
11.256437,9.211922,0,KMeans
9.552876,7.173826,0,KMeans
10.877488,11.9273615,2,KMeans
12.922965,0.3206217,2,KMeans
9.551371,7.8205714,0,KMeans
9.05612,5.156929,0,KMeans
9.491754,3.2475696,0,KMeans
11.106655,6.011885,0,KMeans
9.958354,8.679292,0,KMeans
9.721424,10.499436,2,KMeans
11.052783,8.45009,0,KMeans
10.165751,12.183124,2,KMeans
6.0365067,2.7306814,1,KMeans
11.066766,-0.058718435,3,KMeans
9.404684,6.059676,0,KMeans
11.564362,9.018171,2,KMeans
9.090402,8.184604,0,KMeans
9.862769,2.893972,3,KMeans
8.069425,9.837067,2,KMeans
9.027589,11.872484,2,KMeans
12.093413,10.155975,2,KMeans
12.372682,13.149036,2,KMeans
10.965692,12.800064,2,KMeans
12.213112,9.762471,2,KMeans
10.722595,12.625464,2,KMeans
10.422497,0.29886454,3,KMeans
8.477428,4.5388417,0,KMeans
10.079175,11.813456,2,KMeans
11.993761,-0.91253006,3,KMeans
10.2692995,6.7631307,0,KMeans
12.566669,3.0571687,2,KMeans
10.241786,9.132668,0,KMeans
7.9599423,9.729223,0,KMeans
12.372587,13.367859,2,KMeans
11.874711,6.987181,0,KMeans
11.307454,9.102347,0,KMeans
8.634539,0.2523254,3,KMeans
12.4375,13.387442,2,KMeans
7.607245,6.1200333,0,KMeans
11.97741,3.0302649,3,KMeans
11.119383,9.798532,2,KMeans
9.146954,0.4924341,3,KMeans
12.420407,7.1492243,0,KMeans
13.195916,13.734824,2,KMeans
9.03743,7.1579185,0,KMeans
10.400642,10.072394,2,KMeans
10.135957,-0.6803968,3,KMeans
8.122389,10.736166,2,KMeans
10.969028,10.253957,2,KMeans
10.530336,0.033299685,3,KMeans
6.9908366,10.042612,2,KMeans
10.778191,4.1648383,0,KMeans
8.884665,-0.39002967,3,KMeans
9.039589,0.19991711,3,KMeans
9.819387,5.586606,0,KMeans
8.541114,2.4606953,3,KMeans
13.1567745,11.751631,2,KMeans
13.093495,11.443296,2,KMeans
10.831567,0.15981683,3,KMeans
8.484844,5.722937,0,KMeans
10.331023,0.71264315,3,KMeans
9.907522,9.132257,0,KMeans
11.281734,11.396083,2,KMeans
11.465694,12.569547,2,KMeans
8.401142,8.774129,0,KMeans
7.795422,8.479429,0,KMeans
12.583228,9.904999,2,KMeans
12.634662,1.355366,2,KMeans
11.688386,2.1303337,3,KMeans
10.740508,8.883444,0,KMeans
9.939643,5.0583577,0,KMeans
10.505264,-0.98213583,3,KMeans
11.4516945,5.984857,0,KMeans
11.450836,7.502273,0,KMeans
8.395167,7.2819552,0,KMeans
10.453648,1.3156208,3,KMeans
12.219446,12.868828,2,KMeans
9.315204,3.3190732,3,KMeans
12.702999,-0.31215984,3,KMeans
12.231772,12.646833,2,KMeans
11.654789,4.7137074,0,KMeans
10.978675,2.40005,3,KMeans
9.3147545,1.6152558,3,KMeans
12.7289915,9.907772,2,KMeans
8.949979,9.349948,0,KMeans
7.8244743,9.086127,0,KMeans
11.029525,12.33418,2,KMeans
10.671087,12.634867,2,KMeans
11.03262,1.5993383,3,KMeans
9.338671,6.4262576,0,KMeans
13.29976,11.320676,2,KMeans
10.0258875,8.580782,0,KMeans
10.494273,1.492384,3,KMeans
7.9169493,7.0196905,0,KMeans
11.101392,-0.71421075,3,KMeans
10.261195,11.683743,2,KMeans
6.7577124,2.9408026,0,KMeans
8.400053,5.4783916,0,KMeans
11.883765,12.756276,2,KMeans
8.96989,1.901619,3,KMeans
10.067722,8.078302,0,KMeans
11.434114,4.8302445,0,KMeans
10.884269,0.7797243,3,KMeans
10.284597,6.6466594,0,KMeans
10.682117,11.905926,2,KMeans
12.5987625,2.1993396,2,KMeans
9.858543,5.929172,0,KMeans
13.090685,13.929808,2,KMeans
9.357189,1.8363167,3,KMeans
12.587578,1.2520341,3,KMeans
7.3791385,7.767657,0,KMeans
6.975056,9.824301,0,KMeans
9.247892,6.2486343,0,KMeans
9.524864,11.521343,2,KMeans
11.351947,4.0201287,0,KMeans
13.048557,12.907827,2,KMeans
12.449354,2.6133628,3,KMeans
6.041519,2.821079,1,KMeans
10.529536,8.031937,0,KMeans
12.6408615,2.0849686,2,KMeans
12.272664,8.475345,2,KMeans
11.760493,9.292771,2,KMeans
9.73174,7.472054,0,KMeans
8.621636,9.051699,0,KMeans
9.21903,7.9064984,0,KMeans
11.573588,11.294972,2,KMeans
13.232912,12.530591,2,KMeans
12.58999,10.891012,2,KMeans
8.631644,-0.10704162,3,KMeans
4.9587893,2.4725103,1,KMeans
12.972455,11.615005,2,KMeans
10.802434,6.0714917,0,KMeans
10.631533,8.635565,0,KMeans
8.155816,9.274923,0,KMeans
9.153937,3.0367532,0,KMeans
10.094904,6.5668683,0,KMeans
9.034866,6.667212,0,KMeans
4.4570255,2.3472433,1,KMeans
8.776984,9.7814045,0,KMeans
8.620443,-0.11539206,3,KMeans
11.617871,9.50217,2,KMeans
12.843115,10.566378,2,KMeans
10.329961,5.6208024,0,KMeans
11.373278,8.853964,0,KMeans
10.114221,2.9022624,3,KMeans
7.2394767,8.003289,0,KMeans
9.112719,7.290597,0,KMeans
11.876497,7.6673484,0,KMeans
10.355537,11.346191,2,KMeans
10.069439,7.7073836,0,KMeans
11.148694,10.086899,2,KMeans
8.285289,5.8387494,0,KMeans
10.555749,2.547433,3,KMeans
8.780141,10.555094,2,KMeans
9.515451,4.344759,0,KMeans
9.919626,1.0356169,3,KMeans
12.959466,11.387586,2,KMeans
8.7853985,10.280704,2,KMeans
10.105775,2.9028971,3,KMeans
11.129384,3.6213593,0,KMeans
10.3356,12.067697,2,KMeans
9.9543705,2.7451243,3,KMeans
9.778565,10.080149,2,KMeans
9.675883,7.674306,0,KMeans
10.557839,10.430049,2,KMeans
8.319317,8.546912,0,KMeans
11.820686,7.118964,0,KMeans
8.691132,5.9153886,0,KMeans
12.46882,11.0666895,2,KMeans
6.018143,2.571966,1,KMeans
8.417914,5.0802417,0,KMeans
10.337224,4.5406275,0,KMeans
9.453226,11.002424,2,KMeans
8.660395,0.32252064,3,KMeans
10.492727,1.8622004,3,KMeans
10.997412,1.807225,3,KMeans
7.8647146,7.57657,0,KMeans
7.930647,9.380567,0,KMeans
8.4204,5.1319275,0,KMeans
10.935405,2.8663526,2,KMeans
12.283522,0.5704677,3,KMeans
8.866459,4.16036,0,KMeans
9.795225,10.868968,2,KMeans
10.780896,7.7705817,0,KMeans
8.492364,3.5371592,0,KMeans
10.586758,0.8384823,3,KMeans
11.414431,10.750729,2,KMeans
9.900861,3.9990199,0,KMeans
10.156984,5.1514263,0,KMeans
11.944965,10.134005,2,KMeans
13.389963,13.495904,2,KMeans
9.6478405,2.5063543,3,KMeans
8.561158,-0.81525344,3,KMeans
9.95773,0.24292976,3,KMeans
10.424217,8.344113,0,KMeans
9.181579,8.572782,0,KMeans
10.561803,4.938122,0,KMeans
11.755237,2.2261944,3,KMeans
10.229509,3.062553,3,KMeans
8.014633,6.8141775,0,KMeans
11.220016,10.2947235,2,KMeans
10.927259,8.970054,0,KMeans
9.088634,2.9194853,0,KMeans
11.113734,2.558941,3,KMeans
7.2247314,10.082229,2,KMeans
10.810726,1.4857022,3,KMeans
10.376937,1.4488777,3,KMeans
12.8880005,0.72110796,2,KMeans
11.850786,12.105537,2,KMeans
10.148742,11.176256,2,KMeans
11.964498,9.183751,2,KMeans
10.602816,5.596746,0,KMeans
10.96794,7.139276,0,KMeans
12.037816,3.1615777,3,KMeans
9.698669,1.6730161,3,KMeans
10.448231,11.362163,2,KMeans
12.445815,12.447665,2,KMeans
12.207769,3.0334377,3,KMeans
9.677818,8.674306,0,KMeans
10.687577,3.8943071,0,KMeans
11.949518,7.434598,0,KMeans
11.128046,10.285369,2,KMeans
10.711213,2.1534536,3,KMeans
8.63651,5.6207952,0,KMeans
9.249207,11.590615,2,KMeans
12.228401,9.999164,2,KMeans
12.384213,1.1714501,3,KMeans
10.273274,5.2451034,0,KMeans
10.031433,6.048102,0,KMeans
9.841594,7.445936,0,KMeans
12.948416,10.704047,2,KMeans
9.593952,4.9886537,0,KMeans
13.132346,11.452947,2,KMeans
9.9632845,0.88326555,3,KMeans
9.121123,7.242723,0,KMeans
8.977088,4.8765955,0,KMeans
13.087686,11.548839,2,KMeans
8.725654,-0.8464777,3,KMeans
10.565731,12.383265,2,KMeans
10.473866,0.67045134,3,KMeans
10.248807,3.9341967,0,KMeans
11.676948,13.106669,2,KMeans
7.7972074,11.000936,2,KMeans
11.9375725,0.67606556,3,KMeans
9.333752,11.470974,2,KMeans
10.914231,8.391132,0,KMeans
8.712262,10.239393,2,KMeans
9.164815,11.263038,2,KMeans
10.667292,-0.7477492,3,KMeans
11.130564,3.2409716,0,KMeans
11.46338,11.497587,2,KMeans
11.02374,5.0252585,0,KMeans
10.596496,-0.25085846,3,KMeans
11.904003,3.0695226,2,KMeans
9.006464,8.894667,0,KMeans
11.757941,6.7136397,0,KMeans
9.399803,11.452979,2,KMeans
9.912715,9.609281,0,KMeans
9.733731,7.5150886,0,KMeans
8.621488,10.38425,2,KMeans
11.189546,11.51476,2,KMeans
9.799774,5.555185,0,KMeans
9.262988,8.59648,0,KMeans
7.1623282,8.547792,0,KMeans
10.432117,10.374866,2,KMeans
10.938968,9.280676,2,KMeans
9.810053,3.348176,0,KMeans
11.047115,3.2934167,3,KMeans
9.554463,9.079675,0,KMeans
8.825613,8.922323,0,KMeans
10.248958,2.8604462,3,KMeans
11.04073,9.0458555,2,KMeans
9.904417,1.0241979,3,KMeans
8.266107,10.444373,2,KMeans
11.528708,11.5559635,2,KMeans
9.902907,9.32383,0,KMeans
10.413083,8.272229,0,KMeans
8.9389515,9.588593,0,KMeans
10.800508,9.135226,0,KMeans
11.42673,2.7468708,3,KMeans
12.770576,1.0112593,2,KMeans
10.307351,8.550727,0,KMeans
10.230606,4.2980204,0,KMeans
4.9951715,2.4764376,1,KMeans
9.119246,9.013056,0,KMeans
8.9236145,10.654455,2,KMeans
7.3435383,9.82215,0,KMeans
11.733339,0.06454998,3,KMeans
9.8162,10.390739,2,KMeans
10.924716,10.71391,2,KMeans
12.111598,1.7112586,3,KMeans
12.361885,3.4832811,0,KMeans
8.483392,7.4260035,0,KMeans
9.689081,1.4983721,3,KMeans
9.530365,9.65396,0,KMeans
13.276829,13.044531,2,KMeans
12.743497,1.3133812,2,KMeans
10.035089,8.138681,0,KMeans
11.124977,9.517918,2,KMeans
10.162576,7.201837,0,KMeans
10.553936,5.0610523,0,KMeans
11.580324,2.2163396,3,KMeans
9.360433,3.5330954,0,KMeans
10.711157,1.6296244,3,KMeans
11.405255,2.107622,3,KMeans
8.601074,8.862982,0,KMeans
8.559614,8.822743,0,KMeans
7.1892185,10.274547,2,KMeans
11.801199,12.2514305,2,KMeans
12.869236,12.846701,2,KMeans
10.611442,12.483968,2,KMeans
9.547395,6.011778,0,KMeans
10.301479,8.533171,0,KMeans
12.844297,12.343951,2,KMeans
10.28271,6.599236,0,KMeans
10.075772,7.767419,0,KMeans
13.43706,11.614694,2,KMeans
10.152417,5.2097406,0,KMeans
7.852069,9.368389,0,KMeans
10.442415,3.2929306,3,KMeans
9.732861,9.846846,2,KMeans
12.861482,11.220947,2,KMeans
10.887315,4.189567,0,KMeans
11.126298,2.1467445,3,KMeans
11.963192,2.3261187,3,KMeans
8.553916,4.515787,0,KMeans
11.41076,11.5482025,2,KMeans
8.802048,-0.08942977,3,KMeans
8.95802,6.4239855,0,KMeans
10.19003,4.0596423,0,KMeans
8.134928,9.227342,0,KMeans
8.625414,0.23632336,3,KMeans
11.781201,5.80664,0,KMeans
10.01783,0.44363832,3,KMeans
12.130501,2.0796964,3,KMeans
10.931245,7.3520956,0,KMeans
12.46301,0.79256237,3,KMeans
12.093216,13.532293,2,KMeans
8.498817,4.590921,0,KMeans
8.280211,7.2678976,0,KMeans
10.465952,6.1830373,0,KMeans
9.017822,5.711657,0,KMeans
9.711785,7.2934113,0,KMeans
10.421545,4.021785,0,KMeans
7.1335106,10.197138,2,KMeans
9.766966,9.498368,0,KMeans
10.835958,5.5166645,0,KMeans
9.505038,7.8976183,0,KMeans
9.869248,3.2220075,3,KMeans
10.033639,6.634679,0,KMeans
10.061421,10.060058,2,KMeans
9.62497,5.649738,0,KMeans
10.28597,2.5023632,3,KMeans
8.981124,2.4511442,3,KMeans
6.519189,9.702608,0,KMeans
9.5388155,8.471901,0,KMeans
9.3784685,11.28295,2,KMeans
8.264846,11.196598,2,KMeans
11.187459,5.246522,0,KMeans
8.529424,4.1048055,0,KMeans
11.986957,12.30905,2,KMeans
9.267618,4.2255607,0,KMeans
12.83305,0.20992476,2,KMeans
11.782468,11.11431,2,KMeans
10.619351,4.770714,0,KMeans
9.334235,-0.64657265,3,KMeans
8.8103485,1.3918219,3,KMeans
11.765632,0.1172588,3,KMeans
10.580795,0.4302733,3,KMeans
10.436039,1.0870137,3,KMeans
10.03362,4.3940845,0,KMeans
12.726751,13.28145,2,KMeans
5.8825674,2.6351311,1,KMeans
8.800897,-0.5318322,3,KMeans
11.271148,12.698989,2,KMeans
10.852663,4.130064,0,KMeans
9.160861,2.6784372,3,KMeans
11.312329,12.513579,2,KMeans
11.83653,2.588744,0,KMeans
12.27444,11.499344,2,KMeans
11.542334,12.448783,2,KMeans
8.074068,11.150956,2,KMeans
11.97683,7.3468246,0,KMeans
12.03536,3.917776,0,KMeans
9.795235,6.716001,0,KMeans
9.701518,0.023423066,3,KMeans
11.680851,4.256241,0,KMeans
10.285898,2.9637275,3,KMeans
10.755146,2.3481355,3,KMeans
7.522759,11.036106,2,KMeans
8.992869,7.5031433,0,KMeans
11.372367,12.594191,2,KMeans
9.6046915,4.153361,0,KMeans
12.582114,0.35244128,3,KMeans
11.200368,11.731973,2,KMeans
9.680002,3.288449,3,KMeans
10.95679,0.91746116,3,KMeans
10.596968,5.656652,0,KMeans
7.3981037,7.953273,0,KMeans
11.370446,7.1189227,0,KMeans
8.33349,9.943359,2,KMeans
9.890771,1.5963846,3,KMeans
12.127979,8.248352,0,KMeans
9.22062,7.9946175,0,KMeans
7.8741703,11.150599,2,KMeans
10.812857,0.47433773,3,KMeans
11.93091,8.17933,2,KMeans
12.878893,10.134906,2,KMeans
9.220526,7.045034,0,KMeans
9.518026,4.990098,0,KMeans
12.438389,2.3666573,2,KMeans
9.216619,5.369898,0,KMeans
11.176616,4.1124883,0,KMeans
9.52401,1.260119,3,KMeans
9.482369,11.460965,2,KMeans
11.872855,2.0306165,3,KMeans
11.303553,7.7935996,0,KMeans
8.383976,9.631552,0,KMeans
12.236574,10.758874,2,KMeans
11.652993,2.4158955,3,KMeans
8.332869,8.675799,0,KMeans
10.500603,1.02647,3,KMeans
10.232948,5.246799,0,KMeans
10.3484,10.227706,2,KMeans
10.506084,1.0130831,3,KMeans
9.493531,5.6166105,0,KMeans
10.546876,2.7729535,3,KMeans
13.156947,13.463342,2,KMeans
10.250762,11.0056505,2,KMeans
10.497471,11.296006,2,KMeans
8.890933,5.361348,0,KMeans
10.504691,7.5716925,0,KMeans
12.467021,13.229221,2,KMeans
8.878253,6.528752,0,KMeans
9.148567,2.0123532,3,KMeans
11.954441,-0.86507154,3,KMeans
12.426426,0.42623904,3,KMeans
12.69041,1.4591886,2,KMeans
10.3477125,7.620665,0,KMeans
11.234052,2.4740324,3,KMeans
8.635907,4.0807424,3,KMeans
11.759153,13.444672,2,KMeans
9.123448,7.9850163,0,KMeans
11.642705,2.1534698,3,KMeans
10.064025,5.3606873,0,KMeans
8.402378,5.3717732,0,KMeans
10.687771,2.6196823,3,KMeans
10.188718,11.139478,2,KMeans
10.723206,10.2443075,2,KMeans
11.526228,7.4926176,0,KMeans
10.979333,0.41696525,3,KMeans
11.222569,3.1105103,3,KMeans
9.826385,3.2833896,3,KMeans
9.542234,8.871611,0,KMeans
7.6087847,6.8216615,0,KMeans
12.585767,9.414181,2,KMeans
11.190744,12.564733,2,KMeans
11.236897,2.5560746,3,KMeans
10.101871,0.5300404,3,KMeans
12.412704,2.829877,2,KMeans
11.958713,9.487807,2,KMeans
12.388095,2.1338072,3,KMeans
8.594121,5.757611,0,KMeans
12.981542,0.7345071,2,KMeans
12.140343,2.8613722,3,KMeans
8.570575,-0.1811064,3,KMeans
9.901091,5.3341994,0,KMeans
9.55173,11.231105,2,KMeans
11.90654,2.7022588,3,KMeans
9.810158,4.208333,0,KMeans
9.264863,2.6086051,3,KMeans
10.140411,6.8505054,0,KMeans
8.217046,10.95183,2,KMeans
11.918915,3.8471353,2,KMeans
12.408362,8.023938,2,KMeans
9.264963,8.354699,0,KMeans
9.919878,6.0106387,0,KMeans
4.9595833,2.4750924,1,KMeans
12.52145,10.01924,2,KMeans
11.320455,10.92201,2,KMeans
10.144014,7.2813187,0,KMeans
12.576541,10.635006,2,KMeans
12.020284,0.79308045,3,KMeans
11.489006,5.4127126,0,KMeans
9.904633,1.0114636,3,KMeans
8.338769,7.737909,0,KMeans
11.313222,2.3213146,3,KMeans
11.456764,12.693398,2,KMeans
10.920432,6.1328278,0,KMeans
9.962851,4.681797,0,KMeans
11.2230835,9.283084,0,KMeans
9.265561,4.694663,0,KMeans
11.425363,10.53188,2,KMeans
9.369512,3.9697552,0,KMeans
10.835297,7.721085,0,KMeans
10.419494,3.4129047,3,KMeans
8.807319,8.456876,0,KMeans
12.134529,1.4173399,3,KMeans
10.216351,11.424116,2,KMeans
8.261185,9.17253,0,KMeans
9.391185,10.611516,2,KMeans
12.321359,2.1395128,3,KMeans
11.455221,7.63135,0,KMeans
11.406881,11.020944,2,KMeans
9.165506,4.8917847,0,KMeans
11.987113,-0.24633595,3,KMeans
10.674731,5.4913383,0,KMeans
9.583401,3.6692083,0,KMeans
7.644377,10.1862,2,KMeans
12.200821,6.7809634,0,KMeans
13.067272,12.012883,2,KMeans
9.339071,8.490594,0,KMeans
8.602478,2.6611106,3,KMeans
6.4428234,9.798182,0,KMeans
10.743103,8.185421,0,KMeans
11.312052,5.5218587,0,KMeans
12.939505,1.1583182,2,KMeans
11.396034,0.55915254,3,KMeans
11.526794,-0.33929834,3,KMeans
10.752144,-0.042586856,3,KMeans
12.159981,-0.8654333,3,KMeans
12.787392,7.6742563,2,KMeans
11.353926,-0.23049332,3,KMeans
9.446429,10.263613,2,KMeans
9.636465,5.1949472,0,KMeans
9.064472,5.4784656,0,KMeans
12.497135,1.967426,3,KMeans
7.834753,11.025742,2,KMeans
10.691147,1.6639491,3,KMeans
8.303952,9.250837,0,KMeans
10.54917,-0.63251054,3,KMeans
9.815714,-0.44332677,3,KMeans
5.7338696,2.670119,1,KMeans
13.186063,11.468605,2,KMeans
12.288683,1.3744279,3,KMeans
12.455999,12.262941,2,KMeans
7.8169703,11.074751,2,KMeans
7.949441,6.0346375,0,KMeans
10.812988,8.676113,0,KMeans
11.593054,0.99558586,3,KMeans
9.116955,7.9059134,0,KMeans
13.276506,12.0957365,2,KMeans
8.057487,5.5469594,0,KMeans
12.603681,7.8949823,2,KMeans
9.651894,5.8783875,0,KMeans
7.647442,10.92497,2,KMeans
11.00526,11.261462,2,KMeans
10.031141,8.611808,0,KMeans
11.446819,2.198584,3,KMeans
12.056676,13.151657,2,KMeans
7.952206,5.4776325,0,KMeans
11.36459,12.83623,2,KMeans
8.673624,0.15106384,3,KMeans
12.2104645,4.158311,2,KMeans
8.044444,8.625596,0,KMeans
8.70673,3.9811318,0,KMeans
9.363987,-0.48762077,3,KMeans
8.755812,9.596208,0,KMeans
9.944921,4.8658113,0,KMeans
7.663051,8.556629,0,KMeans
8.716012,5.806081,0,KMeans
10.850828,10.620182,2,KMeans
10.345615,11.835917,2,KMeans
8.166315,10.004571,2,KMeans
8.3225765,11.365882,2,KMeans
10.421481,0.14412582,3,KMeans
8.392946,7.460452,0,KMeans
10.748485,4.594335,0,KMeans
11.000105,11.169219,2,KMeans
11.674268,11.176815,2,KMeans
9.70187,7.699589,0,KMeans
9.980584,5.0990195,0,KMeans
11.88583,12.845311,2,KMeans
12.376402,0.14687002,3,KMeans
7.9360795,8.284612,0,KMeans
11.621023,8.4690485,0,KMeans
11.277338,3.6266818,0,KMeans
7.561441,11.033987,2,KMeans
13.133743,13.785892,2,KMeans
8.072969,8.999759,0,KMeans
7.2771373,3.1762059,0,KMeans
12.976244,12.739782,2,KMeans
11.073219,3.2231102,3,KMeans
12.09302,13.235834,2,KMeans
10.166628,10.291559,2,KMeans
13.661421,13.878207,2,KMeans
9.997041,10.088339,2,KMeans
8.668462,10.361147,2,KMeans
8.958082,4.225827,0,KMeans
10.226888,-0.31059444,3,KMeans
12.535526,13.323574,2,KMeans
12.265642,0.9058424,3,KMeans
8.464684,8.101643,0,KMeans
11.850387,12.876007,2,KMeans
11.772243,11.330953,2,KMeans
11.423228,3.4250522,3,KMeans
4.366166,2.2964766,1,KMeans
11.451296,1.6715258,3,KMeans
8.33926,11.151302,2,KMeans
9.357017,6.5238643,0,KMeans
11.474514,8.195229,0,KMeans
12.588508,11.373124,2,KMeans
12.597375,10.353088,2,KMeans
9.91852,7.7249885,0,KMeans
9.268155,1.8365178,3,KMeans
9.970005,10.927425,2,KMeans
12.187209,-0.15591943,3,KMeans
12.181897,7.011764,0,KMeans
10.150071,4.2045093,0,KMeans
8.717777,2.8060386,0,KMeans
9.123686,0.7306853,3,KMeans
12.012971,9.359419,2,KMeans
8.883951,0.89200675,3,KMeans
10.892168,8.067814,0,KMeans
8.536264,5.581878,0,KMeans
11.142545,5.8816824,0,KMeans
9.188048,0.27046624,3,KMeans
9.552195,2.7035263,3,KMeans
11.405351,11.569943,2,KMeans
12.560102,0.9785305,2,KMeans
4.4683065,2.35592,1,KMeans
8.313431,10.530138,2,KMeans
9.908528,9.533837,2,KMeans
7.7481804,5.8431826,0,KMeans
12.802649,0.8824324,3,KMeans
9.934393,2.6861331,3,KMeans
12.625843,9.690009,2,KMeans
10.546126,8.837726,0,KMeans
9.706006,-0.852139,3,KMeans
9.927341,5.739397,0,KMeans
10.870909,11.957126,2,KMeans
8.8246765,10.963452,2,KMeans
7.9412775,5.675327,0,KMeans
8.129489,6.9449897,0,KMeans
12.234648,12.045483,2,KMeans
7.749564,6.8667274,0,KMeans
10.711757,3.0263515,3,KMeans
11.351452,6.385764,0,KMeans
8.91761,9.239396,0,KMeans
6.463448,3.0311403,0,KMeans
12.525133,2.0003645,3,KMeans
8.238133,5.8275867,0,KMeans
9.236946,11.553544,2,KMeans
11.1314,0.18883932,3,KMeans
11.549905,1.8016654,3,KMeans
10.076013,10.731032,2,KMeans
7.792062,6.0085416,0,KMeans
9.687095,7.659349,0,KMeans
13.031772,10.122869,2,KMeans
8.013593,5.771832,0,KMeans
9.918234,3.9870315,0,KMeans
11.549985,9.902142,2,KMeans
9.518001,7.632093,0,KMeans
11.543005,-0.060493708,3,KMeans
9.520205,-0.11561403,3,KMeans
8.881566,6.319426,0,KMeans
13.433665,14.068223,2,KMeans
10.497314,0.2966113,3,KMeans
7.8821826,5.298312,0,KMeans
5.042058,2.4957297,1,KMeans
7.653987,9.810823,2,KMeans
9.505246,5.435278,0,KMeans
10.449017,8.875693,0,KMeans
9.001757,1.4309105,3,KMeans
9.676645,4.24387,0,KMeans
11.85739,7.5085917,0,KMeans
12.210496,7.6825476,0,KMeans
11.086904,1.8859155,3,KMeans
10.732361,12.521016,2,KMeans
8.979478,10.836195,2,KMeans
10.390186,6.4616933,0,KMeans
5.805561,2.6804707,1,KMeans
8.140865,10.803658,2,KMeans
10.1212015,4.0336137,0,KMeans
8.51264,0.13518773,3,KMeans
11.211956,1.3398242,3,KMeans
8.423581,5.581825,0,KMeans
8.630101,0.09233786,3,KMeans
11.365665,1.2944902,3,KMeans
12.722905,11.106014,2,KMeans
12.153907,9.816905,2,KMeans
9.729413,2.695067,3,KMeans
9.459521,1.2443082,3,KMeans
8.531355,0.28876173,3,KMeans
6.7594357,9.618144,0,KMeans
8.188103,6.305191,0,KMeans
9.305231,6.2951207,0,KMeans
10.850468,10.247017,2,KMeans
11.988154,1.6610351,3,KMeans
9.680055,7.492481,0,KMeans
9.230459,11.180605,2,KMeans
11.3502655,12.740742,2,KMeans
11.874807,13.3373,2,KMeans
8.148387,9.234078,0,KMeans
11.92329,10.108691,2,KMeans
10.822352,-0.08098928,3,KMeans
9.01648,1.1744821,3,KMeans
11.919485,2.0192454,3,KMeans
10.873193,9.87803,2,KMeans
10.111972,3.7690873,0,KMeans
8.182265,6.232129,0,KMeans
8.845226,6.04849,0,KMeans
8.469182,3.0070589,0,KMeans
11.360667,8.458749,0,KMeans
10.552857,5.3781066,0,KMeans
9.000846,0.42981175,3,KMeans
11.0247345,9.06335,0,KMeans
11.1272745,10.323358,2,KMeans
7.715228,9.162215,0,KMeans
10.109021,7.1262803,0,KMeans
7.419075,8.0117655,0,KMeans
7.3178124,9.956523,2,KMeans
8.559371,-0.06782065,3,KMeans
8.348918,10.902853,2,KMeans
8.884314,5.9318767,0,KMeans
10.078402,5.4889874,0,KMeans
9.210797,1.3589609,3,KMeans
10.657969,8.65688,0,KMeans
6.5813622,9.889217,0,KMeans
7.905713,5.485639,0,KMeans
10.540615,7.512829,0,KMeans
9.013812,2.881849,0,KMeans
10.520633,1.0463908,3,KMeans
7.2120457,8.156265,0,KMeans
11.99208,12.956799,2,KMeans
11.973492,7.4191585,0,KMeans
13.079257,10.041564,2,KMeans
9.403072,7.685254,0,KMeans
8.144514,4.3929973,0,KMeans
11.414,9.54428,2,KMeans
10.1385145,8.11625,0,KMeans
7.9709177,10.36408,2,KMeans
10.32058,2.9755623,3,KMeans
10.193504,8.81935,0,KMeans
13.197947,12.893989,2,KMeans
11.417969,10.766232,2,KMeans
9.542551,1.3697054,3,KMeans
7.5924673,8.702322,0,KMeans
10.125446,0.7451964,3,KMeans
10.326473,0.14463717,3,KMeans
8.755288,1.8630092,3,KMeans
9.229016,10.288189,2,KMeans
10.550406,12.344851,2,KMeans
9.487636,10.13814,2,KMeans
11.175619,2.1538095,3,KMeans
10.945982,10.891365,2,KMeans
8.717884,6.590144,0,KMeans
8.25443,7.0975733,0,KMeans
12.488289,-0.103533044,3,KMeans
9.704595,7.9223614,0,KMeans
12.94985,12.238972,2,KMeans
12.682872,1.5139031,2,KMeans
10.971251,1.2592236,3,KMeans
12.0696745,8.67749,2,KMeans
10.334148,0.34078968,3,KMeans
11.145981,-0.18061163,3,KMeans
11.672147,7.235638,0,KMeans
11.250901,2.496918,3,KMeans
11.514607,7.5378404,0,KMeans
7.279179,7.983234,0,KMeans
10.359679,6.013465,0,KMeans
8.0017395,4.950663,0,KMeans
8.782626,1.2069646,3,KMeans
10.40481,-0.83772475,3,KMeans
12.671266,12.422836,2,KMeans
9.528229,4.720548,0,KMeans
4.3544517,2.3060155,1,KMeans
9.316394,10.187609,2,KMeans
11.098801,12.051851,2,KMeans
11.492188,7.6134243,0,KMeans
10.565708,6.3842807,0,KMeans
8.953487,5.471295,0,KMeans
9.59729,10.959179,2,KMeans
9.564259,-0.31452537,3,KMeans
10.235439,6.3840237,0,KMeans
11.9384165,12.58616,2,KMeans
9.437721,4.041472,0,KMeans
11.254142,11.3763895,2,KMeans
7.938786,9.723675,0,KMeans
10.494211,3.418526,0,KMeans
10.341495,5.521137,0,KMeans
10.49598,2.4659088,3,KMeans
10.756508,0.72767276,3,KMeans
10.456077,0.8573118,3,KMeans
11.4526415,7.4546676,0,KMeans
9.683214,2.8833807,3,KMeans
11.218945,12.555371,2,KMeans
13.280967,11.424791,2,KMeans
10.16317,3.3082488,3,KMeans
7.0260105,9.545186,0,KMeans
8.805926,-0.48379484,3,KMeans
12.005091,3.0824542,3,KMeans
7.97775,9.0439825,0,KMeans
10.90739,4.806268,0,KMeans
9.00027,2.671527,3,KMeans
11.513112,-0.1996824,3,KMeans
11.25631,2.7987578,3,KMeans
10.192978,6.059644,0,KMeans
9.341871,9.952921,2,KMeans
10.507349,2.8857636,3,KMeans
8.9602165,8.801288,0,KMeans
10.533944,11.172242,2,KMeans
7.028845,2.8536532,3,KMeans
13.659535,13.38938,2,KMeans
10.668931,12.247326,2,KMeans
10.505831,9.648825,2,KMeans
7.8714347,10.006586,2,KMeans
9.481199,1.0243467,3,KMeans
7.5583816,8.963992,0,KMeans
11.770888,11.49869,2,KMeans
11.377341,10.453164,2,KMeans
10.2966795,12.067705,2,KMeans
9.25715,9.488472,0,KMeans
11.85831,1.4901597,3,KMeans
12.626469,11.88421,2,KMeans
12.501779,12.8883095,2,KMeans
11.290924,4.6250467,0,KMeans
7.8793583,11.221824,2,KMeans
8.883585,4.010072,0,KMeans
10.198451,4.9285173,0,KMeans
9.055987,5.7130804,0,KMeans
12.746107,-0.47251612,2,KMeans
9.268708,11.608548,2,KMeans
9.152122,1.9053525,3,KMeans
8.935857,9.041805,0,KMeans
4.5346413,2.372537,1,KMeans
10.897133,1.1081442,3,KMeans
10.356514,9.402558,0,KMeans
10.839503,9.865715,2,KMeans
10.252838,1.8514093,3,KMeans
9.406994,4.1444316,0,KMeans
8.135324,10.956249,2,KMeans
7.4240384,3.2806966,0,KMeans
10.47384,2.9403508,3,KMeans
12.407227,1.868203,3,KMeans
9.743057,7.8248982,0,KMeans
11.546905,9.46709,2,KMeans
11.318791,10.575203,2,KMeans
7.202542,3.1222928,0,KMeans
10.084701,5.5546536,0,KMeans
11.169562,-0.44612443,3,KMeans
11.304779,0.29500523,3,KMeans
8.264521,9.249,0,KMeans
8.08497,8.880134,0,KMeans
6.606187,2.930203,0,KMeans
9.418473,9.064272,0,KMeans
13.678572,13.789251,2,KMeans
10.449053,11.559179,2,KMeans
8.948247,2.0460637,3,KMeans
10.244968,7.590381,0,KMeans
12.475514,1.5969402,3,KMeans
10.800156,8.536216,0,KMeans
10.558469,6.700686,0,KMeans
8.72926,2.3527555,3,KMeans
11.37603,-0.6177025,3,KMeans
10.921202,6.776439,0,KMeans
10.613111,1.895129,3,KMeans
12.263732,13.672929,2,KMeans
12.859469,13.864194,2,KMeans
9.851994,9.75377,0,KMeans
7.474724,8.214639,0,KMeans
10.464304,9.615464,2,KMeans
8.720623,1.4714725,3,KMeans
7.7128034,8.460095,0,KMeans
9.896992,6.1444087,0,KMeans
8.619104,4.555582,0,KMeans
9.39746,9.997733,2,KMeans
9.366135,5.1005554,0,KMeans
9.339004,11.832057,2,KMeans
12.702591,2.9166393,2,KMeans
7.712662,8.535406,0,KMeans
10.638444,2.533833,3,KMeans
10.977097,9.881379,2,KMeans
8.981906,6.860444,0,KMeans
12.655287,0.5446171,3,KMeans
10.857646,4.0324364,2,KMeans
10.913708,1.3133019,3,KMeans
10.648102,5.5308533,0,KMeans
9.546549,2.629867,3,KMeans
10.837839,8.088908,0,KMeans
13.3446,12.953173,2,KMeans
10.102688,3.1835465,0,KMeans
11.532366,1.6294867,3,KMeans
10.273525,12.228354,2,KMeans
9.816465,7.4443207,0,KMeans
10.85789,4.767718,0,KMeans
8.850708,2.1098542,3,KMeans
10.292496,5.921512,0,KMeans
9.2994585,10.000884,2,KMeans
9.659481,1.2747017,3,KMeans
9.022749,10.409291,2,KMeans
8.442904,10.533528,2,KMeans
12.661979,11.422528,2,KMeans
11.017443,-0.367025,3,KMeans
8.880523,4.976784,0,KMeans
12.250496,0.79430157,3,KMeans
11.599015,-0.18233751,3,KMeans
12.323011,7.200749,0,KMeans
9.199496,4.3052487,0,KMeans
10.2120905,5.0981994,0,KMeans
10.426758,0.06435361,3,KMeans
9.743636,0.39555404,3,KMeans
9.19426,3.4422686,0,KMeans
12.192942,6.7325196,0,KMeans
12.83035,11.807384,2,KMeans
12.09029,12.665178,2,KMeans
10.910953,6.1049824,0,KMeans
8.80023,5.644611,0,KMeans
10.954742,1.3298272,3,KMeans
10.226985,6.5268545,0,KMeans
10.034279,2.9412172,3,KMeans
8.8918295,7.451474,0,KMeans
11.585894,1.5687816,3,KMeans
11.587408,11.472132,2,KMeans
9.476349,10.521374,2,KMeans
9.918027,3.8353539,0,KMeans
10.170077,10.86675,2,KMeans
8.72227,7.518564,0,KMeans
10.884865,9.512682,2,KMeans
12.221234,12.757327,2,KMeans
10.598015,11.260786,2,KMeans
12.562016,13.453843,2,KMeans
8.471642,10.620642,2,KMeans
10.101651,6.6817994,0,KMeans
11.770317,1.1717039,3,KMeans
10.9051695,7.8859315,0,KMeans
8.259272,5.1531463,0,KMeans
10.316875,5.9241285,0,KMeans
9.832513,5.997753,0,KMeans
9.770005,3.5822582,0,KMeans
9.135347,9.026596,0,KMeans
9.490664,7.645777,0,KMeans
7.9829493,8.795449,0,KMeans
8.55463,-0.7982772,3,KMeans
9.140474,9.755549,2,KMeans
8.778835,11.545813,2,KMeans
10.786235,10.561594,2,KMeans
12.928524,12.35927,2,KMeans
7.8555245,8.072924,0,KMeans
10.453763,6.5780435,0,KMeans
7.8578606,8.3887415,0,KMeans
7.810477,5.4838395,0,KMeans
9.889634,6.6599984,0,KMeans
10.447838,4.0237575,0,KMeans
8.007558,9.432142,0,KMeans
8.21904,5.3638506,0,KMeans
9.266841,7.578679,0,KMeans
7.3436413,8.117742,0,KMeans
9.48204,4.552803,0,KMeans
8.391622,5.7876225,0,KMeans
7.4082856,9.838421,0,KMeans
12.489523,1.8722132,3,KMeans
13.073033,12.992254,2,KMeans
9.938063,2.134817,3,KMeans
11.65157,-0.49243185,3,KMeans
9.541958,2.0437357,3,KMeans
9.520713,9.869575,2,KMeans
9.005233,-0.47806868,3,KMeans
10.39098,5.421065,0,KMeans
9.815277,11.429511,2,KMeans
7.856738,9.77827,2,KMeans
10.858246,9.707885,2,KMeans
5.9996696,2.7795951,1,KMeans
10.4436865,3.2090757,3,KMeans
11.124793,11.848951,2,KMeans
7.8792987,5.5686283,0,KMeans
12.158939,11.083146,2,KMeans
5.695227,2.6053305,1,KMeans
10.683312,5.38827,0,KMeans
11.382826,0.5735326,3,KMeans
11.457753,10.722342,2,KMeans
10.236984,11.714767,2,KMeans
10.206479,11.634726,2,KMeans
9.249067,3.2805262,0,KMeans
8.2579975,4.4666195,0,KMeans
6.472155,2.9263506,2,KMeans
13.430517,13.057587,2,KMeans
9.736386,10.775136,2,KMeans
10.74547,4.6675005,0,KMeans
10.87334,4.521964,0,KMeans
9.776636,6.281399,0,KMeans
11.5699625,4.4775906,0,KMeans
10.177328,6.5925794,0,KMeans
8.505459,8.959688,0,KMeans
8.914194,4.300105,0,KMeans
9.352734,7.1303024,0,KMeans
10.275024,7.9627457,0,KMeans
10.060396,4.3703375,0,KMeans
9.829947,4.7025166,0,KMeans
11.646517,12.128579,2,KMeans
9.287551,1.3427463,3,KMeans
11.029638,9.535687,2,KMeans
10.066008,8.048488,0,KMeans
10.981873,9.584376,2,KMeans
12.000726,7.2486567,0,KMeans
7.767069,5.6499033,0,KMeans
10.843452,7.993291,0,KMeans
8.870307,4.2875013,0,KMeans
12.3092985,11.428451,2,KMeans
12.065944,2.490674,3,KMeans
11.221283,10.56211,2,KMeans
11.539284,2.0959926,3,KMeans
10.954782,2.0432508,3,KMeans
9.191633,5.8316393,0,KMeans
10.314935,0.1225521,3,KMeans
11.829796,10.943662,2,KMeans
11.03467,-0.48460606,3,KMeans
9.027509,11.719113,2,KMeans
5.374378,2.5141346,1,KMeans
11.525466,8.391774,0,KMeans
10.516734,10.615437,2,KMeans
12.403861,1.9272996,3,KMeans
9.911701,1.4158479,3,KMeans
9.565651,10.304803,2,KMeans
11.181175,1.152557,3,KMeans
9.124276,-0.5952734,3,KMeans
8.091831,7.505956,0,KMeans
8.952775,2.9831948,0,KMeans
10.220859,7.4547763,0,KMeans
11.082324,1.0369084,3,KMeans
10.677896,10.511238,2,KMeans
13.493725,12.176553,2,KMeans
4.584271,2.388805,1,KMeans
10.333057,7.4946675,0,KMeans
11.770218,3.526381,0,KMeans
8.800563,7.452334,0,KMeans
9.840742,7.4879684,0,KMeans
12.653379,12.231159,2,KMeans
12.411949,2.691515,2,KMeans
8.227118,8.786349,0,KMeans
11.999934,12.334526,2,KMeans
8.046469,9.483616,0,KMeans
12.000113,13.306547,2,KMeans
10.033931,8.336965,0,KMeans
10.175456,9.550352,0,KMeans
13.002683,12.497099,2,KMeans
9.996137,3.2766283,3,KMeans
9.590117,2.014477,3,KMeans
8.524538,10.707069,2,KMeans
8.52121,9.764646,2,KMeans
12.260461,10.854492,2,KMeans
10.185627,5.4382234,0,KMeans
12.125751,-0.3356068,3,KMeans
11.805401,12.618328,2,KMeans
13.161825,12.660004,2,KMeans
9.7516,10.590225,2,KMeans
12.213142,2.2261326,3,KMeans
11.756785,-0.68007445,3,KMeans
11.902737,0.72750515,3,KMeans
7.9538164,3.1083274,0,KMeans
9.817451,5.9878664,0,KMeans
12.570854,13.034238,2,KMeans
10.041354,1.4017451,3,KMeans
8.586442,2.4795096,3,KMeans
12.506439,-0.029496614,3,KMeans
10.456839,7.67101,0,KMeans
10.275625,-0.9996955,3,KMeans
11.6666565,8.913897,2,KMeans
9.471339,1.081819,3,KMeans
9.611387,0.9172676,3,KMeans
7.8044724,8.640367,0,KMeans
12.010242,11.062103,2,KMeans
11.325729,0.29497764,3,KMeans
9.204344,4.773822,0,KMeans
9.539517,6.8278484,0,KMeans
11.855682,7.477481,0,KMeans
12.140719,12.152897,2,KMeans
10.990724,9.377508,2,KMeans
9.944155,9.203928,0,KMeans
8.983295,2.1494024,3,KMeans
9.899219,5.455736,0,KMeans
8.754588,4.293618,0,KMeans
11.67383,12.665792,2,KMeans
11.439879,5.1955576,0,KMeans
10.693001,5.541794,0,KMeans
12.71942,12.53952,2,KMeans
11.839628,11.548145,2,KMeans
9.588504,9.255918,0,KMeans
9.025269,1.3432562,3,KMeans
10.633766,6.468748,0,KMeans
10.967186,10.721127,2,KMeans
8.014764,7.9067273,0,KMeans
12.709152,1.2353652,3,KMeans
11.119855,-0.40032613,3,KMeans
11.0906925,11.374561,2,KMeans
10.606775,2.1061337,3,KMeans
11.6805525,11.437379,2,KMeans
8.167465,8.110823,0,KMeans
10.704943,8.571882,0,KMeans
9.915357,6.4845057,0,KMeans
8.151348,10.15751,2,KMeans
9.385064,5.8782587,0,KMeans
9.7764635,9.358689,0,KMeans
11.509657,3.5404825,2,KMeans
8.818346,1.8798212,3,KMeans
9.459989,5.051949,0,KMeans
8.603681,5.4423227,0,KMeans
11.542303,12.894493,2,KMeans
8.337737,10.293792,2,KMeans
11.928895,1.2317115,3,KMeans
11.765257,1.3323584,3,KMeans
10.138198,7.7725005,0,KMeans
9.631118,7.872578,0,KMeans
9.731372,8.665023,0,KMeans
10.08504,10.520726,2,KMeans
9.249865,5.3822894,0,KMeans
9.965258,0.9165036,3,KMeans
10.070383,3.7548692,0,KMeans
12.884535,13.416036,2,KMeans
8.67539,6.7272396,0,KMeans
9.783674,9.726494,2,KMeans
8.475343,7.5911446,0,KMeans
12.27,9.640541,2,KMeans
9.09463,1.7320163,3,KMeans
12.639005,-0.44061473,3,KMeans
8.072618,9.327817,0,KMeans
8.518654,2.0014727,3,KMeans
11.813377,3.0490425,2,KMeans
12.2070875,3.12326,2,KMeans
11.856289,11.615174,2,KMeans
8.542435,1.1690356,3,KMeans
9.281988,4.644604,0,KMeans
11.511289,-0.5098931,3,KMeans
9.60641,-0.58519626,3,KMeans
11.469148,4.3720856,0,KMeans
10.636079,2.5019948,3,KMeans
9.080588,11.44281,2,KMeans
8.513868,0.22185434,3,KMeans
10.929996,8.941907,0,KMeans
9.762283,3.4771118,0,KMeans
11.464267,10.287414,2,KMeans
10.084382,6.82842,0,KMeans
10.0915985,7.6314363,0,KMeans
10.447347,11.312327,2,KMeans
11.980389,12.0149555,2,KMeans
9.730634,6.943933,0,KMeans
9.248555,7.8039107,0,KMeans
10.805692,11.625782,2,KMeans
11.697753,0.615891,3,KMeans
12.920707,13.188868,2,KMeans
9.682381,0.93886554,3,KMeans
8.7053175,-0.8396524,3,KMeans
8.090529,8.553311,0,KMeans
8.850778,5.3334355,0,KMeans
10.930558,1.6067802,3,KMeans
12.642178,2.1874654,2,KMeans
12.670812,7.50374,2,KMeans
7.3015513,3.006273,0,KMeans
12.135786,0.68936676,3,KMeans
7.7896023,8.693483,0,KMeans
9.301963,0.34998205,3,KMeans
10.476522,11.0807085,2,KMeans
7.9528236,9.063557,0,KMeans
10.137818,0.14371537,3,KMeans
11.564532,10.728583,2,KMeans
9.028553,3.930779,0,KMeans
10.583627,3.1339998,0,KMeans
12.749661,11.63888,2,KMeans
7.568806,7.9089704,0,KMeans
10.052739,12.080319,2,KMeans
9.467045,-0.03228197,3,KMeans
12.6076565,2.0125203,2,KMeans
9.069122,2.9212,0,KMeans
8.907143,4.884757,0,KMeans
9.660105,3.5856466,0,KMeans
10.457395,4.3968,0,KMeans
10.651535,5.6889777,0,KMeans
11.43989,6.503106,0,KMeans
9.861281,12.098932,2,KMeans
10.304127,6.6605372,0,KMeans
10.912379,7.9986467,0,KMeans
8.735509,1.3883339,3,KMeans
10.059838,10.249125,2,KMeans
9.839172,10.318229,2,KMeans
11.601656,3.653369,0,KMeans
8.000878,8.807783,0,KMeans
13.256872,13.558772,2,KMeans
10.010948,4.9953575,0,KMeans
8.543074,9.099955,0,KMeans
11.464582,10.328138,2,KMeans
9.107859,5.1494446,0,KMeans
10.660077,3.898135,0,KMeans
10.259491,6.43705,0,KMeans
10.744847,5.4440374,0,KMeans
8.124945,6.265826,0,KMeans
9.331591,8.930174,0,KMeans
11.206545,8.716541,0,KMeans
12.080536,3.0012066,3,KMeans
10.208819,1.340228,3,KMeans
11.216589,4.5631447,0,KMeans
10.165729,0.5931699,3,KMeans
10.767235,5.168141,0,KMeans
10.762905,3.255725,0,KMeans
8.1246395,6.8749304,0,KMeans
10.647641,5.420206,0,KMeans
12.69855,1.0277162,3,KMeans
8.450037,9.712437,2,KMeans
10.793043,0.8796909,3,KMeans
11.569562,10.8930025,2,KMeans
10.242122,10.829797,2,KMeans
11.632269,4.118971,0,KMeans
11.586845,3.39444,0,KMeans
12.674923,10.954653,2,KMeans
9.087841,-0.79252344,3,KMeans
8.257394,7.069137,0,KMeans
12.151122,2.0316663,3,KMeans
11.734744,11.541386,2,KMeans
9.3497095,3.3550875,0,KMeans
9.152074,4.9458847,0,KMeans
10.136342,8.293432,0,KMeans
10.674944,12.075585,2,KMeans
9.349034,11.75491,2,KMeans
6.564299,9.473184,0,KMeans
11.133434,1.6952212,3,KMeans
10.767019,8.164385,0,KMeans
11.558345,8.17795,0,KMeans
9.030967,8.361946,0,KMeans
11.515487,13.147649,2,KMeans
10.84443,7.4094844,0,KMeans
7.8596396,5.285553,0,KMeans
8.628253,2.86305,0,KMeans
9.676387,10.536571,2,KMeans
6.399253,2.9201767,1,KMeans
8.2769785,7.063761,0,KMeans
8.977879,9.325281,0,KMeans
8.789288,7.3950644,0,KMeans
11.000047,9.597119,2,KMeans
11.321035,-0.51170814,3,KMeans
9.904374,0.6504384,3,KMeans
9.649209,8.536856,0,KMeans
8.541022,11.578764,2,KMeans
10.295282,8.163537,0,KMeans
11.843032,12.538064,2,KMeans
12.476932,8.466241,2,KMeans
11.151076,3.965094,0,KMeans
9.53948,-0.19490449,3,KMeans
11.979847,1.9227604,2,KMeans
9.810391,9.943512,2,KMeans
10.484826,3.4876204,0,KMeans
8.5073185,4.040924,0,KMeans
8.853198,-0.04333918,3,KMeans
12.59689,8.107755,2,KMeans
10.232904,6.564742,0,KMeans
8.857712,9.247298,0,KMeans
11.320877,3.5221736,0,KMeans
11.198759,8.512604,0,KMeans
11.15666,8.673006,0,KMeans
9.508931,2.2012088,3,KMeans
9.643,5.8646507,0,KMeans
10.222609,6.47914,0,KMeans
10.09999,9.96413,2,KMeans
11.631331,12.865181,2,KMeans
10.867696,11.792658,2,KMeans
12.13711,3.0803738,3,KMeans
9.521584,7.180436,0,KMeans
8.781872,8.524169,0,KMeans
4.4518366,2.3438306,1,KMeans
6.4837646,9.797977,0,KMeans
10.930276,10.270429,2,KMeans
9.916032,4.0469627,0,KMeans
9.43847,5.8716097,0,KMeans
12.623136,1.8090826,2,KMeans
9.442859,3.7503235,0,KMeans
9.621948,10.606795,2,KMeans
11.948328,11.92927,2,KMeans
11.545106,12.653807,2,KMeans
9.14107,10.107437,2,KMeans
7.77625,8.775011,0,KMeans
9.660812,-0.9102437,3,KMeans
4.78433,2.4337611,1,KMeans
7.5112996,9.614356,0,KMeans
10.539847,8.151018,0,KMeans
7.806891,9.651637,2,KMeans
8.506803,9.362443,2,KMeans
10.373468,10.742192,2,KMeans
9.756679,0.38386822,3,KMeans
9.834452,2.8904414,3,KMeans
9.505665,11.128328,2,KMeans
8.798133,9.46614,0,KMeans
9.692399,7.67854,0,KMeans
11.729076,3.7728503,3,KMeans
8.168584,8.624839,0,KMeans
8.9077215,10.469592,2,KMeans
10.422485,10.167242,2,KMeans
9.047214,0.6809963,3,KMeans
10.527167,2.5666652,3,KMeans
10.078226,4.02962,0,KMeans
9.139042,2.3098073,3,KMeans
12.211529,11.124896,2,KMeans
11.968449,2.572017,3,KMeans
11.056551,2.379521,3,KMeans
9.069265,2.0931146,3,KMeans
9.047615,11.524183,2,KMeans
9.942296,7.250997,0,KMeans
9.991092,3.3110356,3,KMeans
9.040425,5.932087,0,KMeans
9.348099,7.8751497,0,KMeans
10.752899,5.6632757,0,KMeans
10.241352,11.933413,2,KMeans
10.185206,0.44717714,3,KMeans
8.685442,9.797984,0,KMeans
8.996746,10.29308,2,KMeans
11.658423,8.278603,0,KMeans
12.221124,13.550595,2,KMeans
8.868636,9.525963,0,KMeans
8.09675,8.26285,0,KMeans
9.84459,6.947036,0,KMeans
9.252908,3.9776564,0,KMeans
13.51226,12.372805,2,KMeans
7.339213,9.4410715,0,KMeans
13.1867895,13.139085,2,KMeans
12.715244,0.9470408,3,KMeans
13.009417,1.28763,2,KMeans
8.009811,11.076371,2,KMeans
9.2747755,7.0475874,0,KMeans
11.1797,1.0084124,3,KMeans
10.294344,12.28616,2,KMeans
9.44712,10.248224,2,KMeans
12.408047,2.1365063,3,KMeans
9.49427,4.7754645,0,KMeans
9.83487,4.276013,0,KMeans
12.068142,13.355443,2,KMeans
10.549706,11.28162,2,KMeans
9.77326,7.52602,0,KMeans
10.403739,2.9594345,0,KMeans
6.9606457,10.21906,2,KMeans
9.926987,3.2342489,3,KMeans
12.12318,12.293807,2,KMeans
11.399735,11.437225,2,KMeans
12.422587,7.1430063,0,KMeans
5.434172,2.5256305,1,KMeans
10.996856,8.201631,0,KMeans
5.4411545,2.6049013,1,KMeans
10.480225,6.4219275,0,KMeans
10.085039,-0.36153963,3,KMeans
6.742676,9.528197,0,KMeans
8.583562,0.0030599334,3,KMeans
9.157089,7.1639695,0,KMeans
9.594808,6.380477,0,KMeans
11.118866,12.392652,2,KMeans
11.789175,4.087406,0,KMeans
9.963473,7.0756297,0,KMeans
10.383566,5.3717284,0,KMeans
11.429509,4.4003725,0,KMeans
10.354214,11.521625,2,KMeans
12.549748,-0.69982386,3,KMeans
10.657313,8.765535,0,KMeans
11.128387,4.018586,0,KMeans
7.8026543,9.034128,0,KMeans
12.055548,2.7097487,3,KMeans
10.439677,3.0612493,3,KMeans
9.102853,3.4123652,0,KMeans
9.38819,10.498029,2,KMeans
11.250986,2.2706013,3,KMeans
11.3050585,9.996858,2,KMeans
4.6631107,2.4125438,1,KMeans
11.031379,4.9158473,0,KMeans
11.513787,2.0716813,3,KMeans
9.226308,10.897799,2,KMeans
6.97986,9.70744,0,KMeans
10.126509,6.327471,0,KMeans
12.134431,1.9994185,3,KMeans
11.264929,5.953356,0,KMeans
10.550327,12.062229,2,KMeans
10.012591,0.42053595,3,KMeans
10.413162,5.9579067,0,KMeans
9.716912,9.148233,0,KMeans
11.305803,5.3031716,0,KMeans
9.766646,10.203187,2,KMeans
8.850766,0.510316,3,KMeans
8.5042,6.911622,0,KMeans
10.729429,-0.14510836,3,KMeans
9.252428,10.38008,2,KMeans
9.470255,5.4684052,0,KMeans
10.38639,11.366492,2,KMeans
11.11345,12.601591,2,KMeans
7.575353,10.97313,2,KMeans
10.842566,9.77747,2,KMeans
10.818835,4.4426374,0,KMeans
10.781262,11.276298,2,KMeans
12.527932,12.638566,2,KMeans
12.521545,9.79811,2,KMeans
12.193703,1.4540122,3,KMeans
9.800201,8.806095,0,KMeans
12.639527,9.688138,2,KMeans
11.260503,11.005574,2,KMeans
10.21334,11.402474,2,KMeans
9.843813,10.78455,2,KMeans
9.189506,-0.65677685,3,KMeans
9.383502,2.2958288,3,KMeans
10.47883,0.71593755,3,KMeans
9.726914,6.5501995,0,KMeans
8.72144,2.6945088,3,KMeans
12.30685,10.04778,2,KMeans
7.396981,9.688901,0,KMeans
10.679033,8.7625,0,KMeans
8.107566,10.50895,0,KMeans
10.857171,-0.30337787,3,KMeans
9.03084,3.6162186,0,KMeans
10.448754,8.551645,0,KMeans
9.009811,4.4745746,0,KMeans
10.43016,1.1668605,3,KMeans
11.432893,-0.33040646,3,KMeans
10.5273285,1.2197932,3,KMeans
8.52926,10.072238,2,KMeans
10.683801,6.3282585,0,KMeans
8.5661,-0.2219488,3,KMeans
9.821278,5.0744405,0,KMeans
10.681873,5.7550735,0,KMeans
12.227994,9.964738,2,KMeans
12.08302,9.795308,2,KMeans
10.815001,4.9588914,0,KMeans
7.686331,11.058515,2,KMeans
11.20089,11.260551,2,KMeans
9.211612,7.026645,0,KMeans
8.944411,5.8814206,0,KMeans
10.557761,12.107118,2,KMeans
6.5477905,9.544907,0,KMeans
8.390322,9.5479555,0,KMeans
8.247229,7.9031672,0,KMeans
13.451223,13.207597,2,KMeans
11.159699,10.889651,2,KMeans
6.591486,9.285185,0,KMeans
11.036778,9.760124,2,KMeans
11.166347,8.351368,0,KMeans
9.358771,2.8302765,3,KMeans
11.719726,3.9725122,0,KMeans
10.645171,8.327868,0,KMeans
9.60922,9.1817875,0,KMeans
9.230883,2.4122837,3,KMeans
12.9755945,13.989395,2,KMeans
10.306341,0.6855034,3,KMeans
11.074687,11.549389,2,KMeans
12.737151,-0.2643079,2,KMeans
11.613089,12.292709,2,KMeans
7.2895947,9.162822,0,KMeans
9.971896,6.6626263,0,KMeans
6.1382723,2.7789605,1,KMeans
8.415364,10.5916,2,KMeans
10.279565,7.2683415,0,KMeans
10.653406,7.841255,0,KMeans
9.372881,4.955712,0,KMeans
10.319498,11.032577,2,KMeans
11.257332,9.7295885,2,KMeans
12.4769945,10.775549,2,KMeans
7.791265,10.973098,2,KMeans
10.658992,10.73005,2,KMeans
10.9425125,5.1280737,0,KMeans
7.4848804,10.219704,2,KMeans
12.093752,11.111865,2,KMeans
11.753489,-0.21583071,3,KMeans
10.592663,3.8090215,0,KMeans
9.557537,12.177125,2,KMeans
9.162195,4.592875,0,KMeans
13.664839,13.923521,2,KMeans
10.093256,6.9320936,0,KMeans
9.456636,2.7176392,3,KMeans
11.82297,1.5726832,3,KMeans
10.549609,9.633508,2,KMeans
11.189641,8.856584,0,KMeans
12.19387,9.819735,2,KMeans
8.885739,7.601216,0,KMeans
9.307288,10.135079,2,KMeans
10.682785,11.207862,2,KMeans
11.629582,5.0636387,0,KMeans
10.423704,10.392554,2,KMeans
9.41401,7.727444,0,KMeans
11.529946,9.068108,2,KMeans
10.05326,11.132177,2,KMeans
9.169736,8.914311,0,KMeans
12.539242,11.012119,2,KMeans
10.579224,2.3709722,3,KMeans
8.927606,9.462677,0,KMeans
11.093611,9.258828,0,KMeans
8.968839,4.09079,0,KMeans
8.798054,-0.58009195,3,KMeans
9.7163315,7.3211665,0,KMeans
8.989502,7.2423563,0,KMeans
12.541886,11.00754,2,KMeans
10.167226,11.323711,2,KMeans
12.4765835,7.643065,0,KMeans
8.502542,0.8613282,3,KMeans
10.06991,5.091798,0,KMeans
10.8374,6.2280116,0,KMeans
8.675086,5.07172,0,KMeans
10.629591,0.6599433,3,KMeans
13.004038,12.560247,2,KMeans
9.546618,9.234693,0,KMeans
10.10521,11.939527,2,KMeans
12.122196,-0.29345998,3,KMeans
11.398314,5.518419,0,KMeans
9.865175,3.4052258,0,KMeans
11.614822,3.0869074,3,KMeans
11.500341,9.97433,2,KMeans
10.271936,12.152991,2,KMeans
10.882149,0.5027288,3,KMeans
10.755413,7.601033,0,KMeans
11.784147,1.5048294,3,KMeans
10.685181,5.6049695,0,KMeans
9.547318,5.319034,0,KMeans
10.325624,2.006801,3,KMeans
12.095081,6.77424,0,KMeans
9.365474,11.302237,2,KMeans
11.523737,7.3780165,0,KMeans
10.474909,5.1010003,0,KMeans
7.921389,7.1424847,0,KMeans
9.210225,2.157603,3,KMeans
11.045608,9.780371,2,KMeans
9.471838,7.771395,0,KMeans
9.514476,8.804338,0,KMeans
7.7916613,6.170241,0,KMeans
13.118426,13.936173,2,KMeans
12.331505,0.08297985,3,KMeans
10.651369,1.0304512,3,KMeans
12.825672,-0.22093062,2,KMeans
9.767489,5.5893183,0,KMeans
9.692397,10.130932,2,KMeans
10.631275,-0.39706558,3,KMeans
11.793247,2.3447528,3,KMeans
11.263647,1.0678453,3,KMeans
11.459893,13.125366,2,KMeans
10.956302,6.68703,0,KMeans
11.47153,11.066235,2,KMeans
8.481391,4.9291058,0,KMeans
11.551643,9.580556,2,KMeans
9.02362,-0.8410348,3,KMeans
9.004453,10.066334,2,KMeans
7.4497557,8.980736,0,KMeans
10.437251,1.5910475,3,KMeans
11.414704,-0.74839413,3,KMeans
12.761958,11.410506,2,KMeans
11.217225,5.936669,0,KMeans
12.289118,9.083389,2,KMeans
12.012049,3.1051078,3,KMeans
7.988915,10.278906,2,KMeans
10.208654,4.9454966,0,KMeans
9.919116,2.462489,3,KMeans
9.990212,1.2011591,3,KMeans
11.397889,12.786954,2,KMeans
8.787614,1.8769157,3,KMeans
8.658177,1.6846884,3,KMeans
9.715431,9.94554,2,KMeans
8.806859,-0.42910993,3,KMeans
9.800128,6.869042,0,KMeans
12.244729,0.008718956,3,KMeans
7.9271803,11.1041975,2,KMeans
11.731678,0.21883088,3,KMeans
9.553488,5.7183266,0,KMeans
13.111655,13.9009905,2,KMeans
7.511448,9.053022,0,KMeans
11.308601,9.010352,0,KMeans
12.408338,12.126449,2,KMeans
11.74141,-0.5004078,3,KMeans
7.775535,6.0458856,0,KMeans
10.930533,2.1712904,3,KMeans
8.635999,-0.659719,3,KMeans
12.205885,13.30229,2,KMeans
9.586113,10.061755,2,KMeans
8.132299,8.764813,0,KMeans
10.398206,7.3732066,0,KMeans
9.564951,11.157744,2,KMeans
12.267209,11.943891,2,KMeans
8.6641,6.5549307,0,KMeans
9.744105,0.46726415,3,KMeans
6.876791,2.9639256,0,KMeans
6.9001393,3.1267622,0,KMeans
13.476447,14.058545,2,KMeans
11.806579,2.9955707,3,KMeans
9.883964,5.373561,0,KMeans
9.830737,0.34943247,3,KMeans
9.7642975,7.2697654,0,KMeans
9.22459,11.413936,2,KMeans
10.334847,10.005184,2,KMeans
11.302553,9.079439,0,KMeans
10.467722,2.9274309,3,KMeans
8.742278,1.5216312,3,KMeans
8.630657,8.733622,0,KMeans
9.432996,12.109041,2,KMeans
10.493865,6.558185,0,KMeans
10.3656,-0.4766602,3,KMeans
10.057723,2.8854315,3,KMeans
12.2107525,3.0979006,3,KMeans
10.133464,0.4169958,3,KMeans
10.985408,1.1212838,3,KMeans
12.208338,0.7943594,3,KMeans
13.755384,13.663178,2,KMeans
10.928001,4.7678227,0,KMeans
12.455875,2.9162004,2,KMeans
9.492713,5.8544936,0,KMeans
8.90802,8.597345,0,KMeans
7.558035,8.870402,0,KMeans
7.1507096,8.185264,0,KMeans
10.212994,7.528279,0,KMeans
10.78497,5.826938,0,KMeans
11.406602,0.8438119,3,KMeans
10.5688305,3.0739906,3,KMeans
5.132739,2.5075705,1,KMeans
11.271139,10.078854,2,KMeans
11.976061,-0.9084723,3,KMeans
7.039509,10.49569,2,KMeans
10.440716,5.5124235,0,KMeans
11.019757,7.12179,0,KMeans
9.486446,8.1998005,0,KMeans
10.494118,3.139076,3,KMeans
9.432054,3.911008,0,KMeans
10.009994,4.069509,0,KMeans
11.44479,12.011432,2,KMeans
10.87712,0.0717508,3,KMeans
10.914607,10.141347,2,KMeans
11.059949,10.206403,2,KMeans
11.621313,3.8862796,0,KMeans
13.028048,12.756898,2,KMeans
12.581469,11.240232,2,KMeans
11.0253315,9.121143,2,KMeans
12.751046,10.375566,2,KMeans
8.912583,-0.42037025,3,KMeans
10.853326,7.6957407,0,KMeans
9.534232,4.906533,0,KMeans
9.991922,4.3902264,0,KMeans
12.064801,7.7834067,2,KMeans
10.813798,10.519277,2,KMeans
8.330134,7.285748,0,KMeans
12.00904,12.640988,2,KMeans
10.344327,2.0263906,3,KMeans
10.123345,9.470932,0,KMeans
10.678945,-0.7047664,3,KMeans
12.572434,7.9091206,2,KMeans
9.221748,7.914006,0,KMeans
12.796737,1.1118284,2,KMeans
8.978304,6.4516287,0,KMeans
11.809706,3.4793108,0,KMeans
10.781174,10.836988,2,KMeans
8.529894,11.118969,2,KMeans
9.372818,9.091918,0,KMeans
10.444946,11.064759,2,KMeans
8.58936,6.568106,0,KMeans
10.680405,5.0497823,0,KMeans
8.487645,10.127446,2,KMeans
11.577188,6.7757406,0,KMeans
10.584367,12.171361,2,KMeans
12.762867,7.8301826,2,KMeans
8.459794,10.757118,2,KMeans
8.577133,1.9810205,3,KMeans
10.144694,6.1275444,0,KMeans
12.098859,11.177934,2,KMeans
12.947148,11.223614,2,KMeans
12.2297125,3.4048414,2,KMeans
11.665395,0.5072229,3,KMeans
9.5241995,7.5154815,0,KMeans
5.7812243,2.6622703,1,KMeans
11.03471,1.926974,3,KMeans
11.140376,-0.8418662,3,KMeans
11.114275,8.019888,0,KMeans
13.267811,12.820608,2,KMeans
10.60884,10.912327,2,KMeans
12.67117,9.185598,2,KMeans
11.908368,0.6694073,3,KMeans
10.340293,9.969653,2,KMeans
9.0177555,5.962139,0,KMeans
12.474268,2.62997,0,KMeans
10.61681,0.1847199,3,KMeans
10.166771,5.127336,0,KMeans
7.8858824,10.8082285,2,KMeans
5.0476727,2.5003805,1,KMeans
10.112644,5.3980403,0,KMeans
10.771225,6.3198447,0,KMeans
13.36001,14.0480175,2,KMeans
12.878714,12.21105,2,KMeans
8.692502,0.46532017,3,KMeans
12.332642,2.920054,2,KMeans
7.8253803,7.8468556,0,KMeans
11.129027,9.685561,2,KMeans
12.589115,12.7247,2,KMeans
11.519314,1.3814589,3,KMeans
13.166687,11.625667,2,KMeans
11.357701,-0.55189437,3,KMeans
8.290374,5.1624613,0,KMeans
9.1009865,0.87712187,3,KMeans
10.987475,8.904861,0,KMeans
10.256355,5.391964,0,KMeans
9.076408,4.093991,0,KMeans
9.261338,11.766464,2,KMeans
9.391085,-0.5007497,3,KMeans
11.791692,2.670497,3,KMeans
11.146117,8.111662,0,KMeans
8.222939,4.5117927,0,KMeans
9.459154,0.009894187,3,KMeans
10.401409,10.801847,2,KMeans
12.013325,9.916225,2,KMeans
10.1420145,3.3085613,3,KMeans
9.295818,2.7493236,3,KMeans
11.426781,7.863907,0,KMeans
10.175369,7.76905,0,KMeans
8.737094,9.83273,2,KMeans
10.154643,-0.42284018,3,KMeans
6.8705087,2.9197774,3,KMeans
11.297982,2.9817762,3,KMeans
12.518476,11.404318,2,KMeans
10.79023,7.2800407,0,KMeans
11.4573555,11.188451,2,KMeans
12.983179,12.383372,2,KMeans
10.438369,3.3660576,0,KMeans
11.248941,8.468328,0,KMeans
9.705127,10.251087,2,KMeans
10.938345,3.7656302,0,KMeans
12.158819,13.161114,2,KMeans
8.231885,4.646597,0,KMeans
10.108388,11.15032,2,KMeans
9.744921,9.2482605,0,KMeans
11.115133,9.24554,2,KMeans
11.871265,2.7336993,3,KMeans
9.013712,8.906817,0,KMeans
4.318935,2.2888656,1,KMeans
8.247845,7.09471,0,KMeans
11.367647,2.009013,3,KMeans
10.001412,-0.20201325,3,KMeans
9.902074,5.8758955,0,KMeans
10.760674,4.6284895,0,KMeans
11.27102,10.040091,2,KMeans
12.54918,11.711114,2,KMeans
8.606334,9.961778,2,KMeans
9.64424,0.17616892,3,KMeans
8.395587,7.0348463,0,KMeans
12.083393,13.396682,2,KMeans
10.191744,8.5197115,0,KMeans
9.459593,5.3583093,0,KMeans
8.580162,8.2592,0,KMeans
13.545349,12.157792,2,KMeans
12.655267,-0.24521358,2,KMeans
9.641158,1.4788555,3,KMeans
8.933155,8.367726,0,KMeans
10.551387,0.6509841,3,KMeans
9.087023,4.1343584,0,KMeans
10.971303,2.731786,3,KMeans
10.274261,11.860761,2,KMeans
7.876112,10.835434,2,KMeans
8.819482,4.519562,0,KMeans
10.151079,7.2964697,0,KMeans
8.78588,9.927688,2,KMeans
11.175349,2.2308543,3,KMeans
11.286163,7.2938,0,KMeans
9.995848,10.481034,2,KMeans
10.269037,2.9861042,0,KMeans
10.683305,11.783173,2,KMeans
13.281778,10.445263,2,KMeans
8.862329,0.9675506,3,KMeans
11.877459,12.815576,2,KMeans
8.549425,-0.31343377,3,KMeans
10.218122,11.2241335,2,KMeans
10.273171,7.926654,0,KMeans
10.947087,0.35576183,3,KMeans
9.14311,2.424953,3,KMeans
12.708873,12.915101,2,KMeans
8.231254,6.36133,0,KMeans
9.189323,11.670832,2,KMeans
11.988132,1.4853388,3,KMeans
11.664731,0.87091666,3,KMeans
8.830079,3.183976,0,KMeans
11.336167,0.9316721,3,KMeans
10.431733,4.4605045,0,KMeans
12.130148,12.65601,2,KMeans
9.059427,6.676598,0,KMeans
10.25863,10.192823,2,KMeans
10.780539,2.7101552,3,KMeans
10.122905,8.862066,0,KMeans
10.557262,11.723852,2,KMeans
11.004465,10.799936,2,KMeans
10.002805,7.8367586,0,KMeans
10.47722,6.292715,0,KMeans
7.1403694,8.613269,0,KMeans
9.70481,11.190317,2,KMeans
9.829594,9.785137,0,KMeans
10.397393,11.780672,2,KMeans
13.481578,14.0135145,2,KMeans
10.281414,3.6046631,0,KMeans
6.9213715,9.500841,0,KMeans
10.782657,4.6136036,0,KMeans
6.933253,9.555355,0,KMeans
9.678496,5.444063,0,KMeans
9.074705,9.303327,0,KMeans
8.517654,-0.8321379,3,KMeans
9.563165,9.916395,2,KMeans
9.754783,0.034250457,3,KMeans
10.170763,5.239426,0,KMeans
8.522651,2.2888613,3,KMeans
13.161064,11.600513,2,KMeans
12.809691,11.063268,2,KMeans
6.844645,9.426891,0,KMeans
8.404398,8.410775,0,KMeans
11.428275,4.65285,0,KMeans
11.557004,10.302386,2,KMeans
12.2978325,9.456504,2,KMeans
10.408283,2.6612213,3,KMeans
9.94923,8.616712,0,KMeans
10.088666,10.121139,2,KMeans
8.298463,10.97592,2,KMeans
8.2315035,10.239103,2,KMeans
10.381911,6.4735174,0,KMeans
11.008425,-0.76336116,3,KMeans
10.74367,2.9866464,0,KMeans
11.404286,11.86827,2,KMeans
8.747199,8.527755,0,KMeans
10.289477,7.054599,0,KMeans
8.614888,5.606094,0,KMeans
10.664362,7.5207543,0,KMeans
11.597976,11.660335,2,KMeans
8.167148,9.692749,0,KMeans
7.081344,10.473319,2,KMeans
10.242561,11.033818,2,KMeans
7.0663342,2.40879,3,KMeans
7.2287965,9.1064,0,KMeans
9.134565,-0.321546,3,KMeans
8.447284,6.6821194,0,KMeans
8.335338,4.423659,0,KMeans
10.131634,3.4831374,0,KMeans
10.84685,6.8714013,0,KMeans
10.026965,0.6326355,3,KMeans
12.006742,11.469809,2,KMeans
9.727789,5.42033,0,KMeans
11.5636425,7.2513776,0,KMeans
10.4276085,0.72721225,3,KMeans
11.791804,11.673879,2,KMeans
9.368062,0.812261,3,KMeans
12.408655,9.633945,2,KMeans
12.036283,3.469295,0,KMeans
9.002378,9.698913,0,KMeans
11.716211,4.311192,0,KMeans
10.511078,8.727084,0,KMeans
9.463379,9.9502535,2,KMeans
9.972252,6.655574,0,KMeans
10.690636,10.513758,2,KMeans
13.066975,11.553837,2,KMeans
11.97303,10.88434,2,KMeans
12.020044,4.0034823,0,KMeans
13.027241,10.067202,2,KMeans
10.46631,4.269703,0,KMeans
7.534625,10.178029,2,KMeans
9.262891,3.8690066,0,KMeans
9.352544,3.918453,0,KMeans
10.727647,6.1078672,0,KMeans
10.583248,8.815509,0,KMeans
11.980467,12.355189,2,KMeans
12.116839,13.455759,2,KMeans
9.421288,9.194171,0,KMeans
10.911503,10.2800455,2,KMeans
8.23929,6.490466,0,KMeans
10.50329,8.453625,0,KMeans
11.725727,11.170098,2,KMeans
9.214161,7.6656113,0,KMeans
12.361456,-0.26366702,3,KMeans
10.197079,5.0177827,0,KMeans
11.112392,11.890872,2,KMeans
10.608584,6.9577484,0,KMeans
10.661222,11.59761,2,KMeans
12.12011,3.4975126,0,KMeans
10.150906,6.9188848,0,KMeans
10.691202,11.658469,2,KMeans
6.939807,2.9446719,0,KMeans
11.158534,1.205705,3,KMeans
7.42957,3.2939565,0,KMeans
12.078344,3.5043502,0,KMeans
9.13644,0.92030305,3,KMeans
12.420796,7.181732,0,KMeans
11.322761,10.395947,2,KMeans
8.94929,8.25498,0,KMeans
8.761334,2.2342186,3,KMeans
8.674624,0.1207122,3,KMeans
9.657018,1.0876312,3,KMeans
11.7435,-0.6936855,3,KMeans
9.9655075,5.653793,0,KMeans
9.226126,11.683736,2,KMeans
11.325359,-0.5171987,3,KMeans
9.061564,5.187857,0,KMeans
11.525232,6.6098175,0,KMeans
10.622699,5.432764,0,KMeans
10.473292,4.436517,0,KMeans
11.70039,8.450867,0,KMeans
9.367451,7.801972,0,KMeans
6.7396626,3.140006,2,KMeans
10.798311,5.482431,0,KMeans
9.56574,11.836159,2,KMeans
10.726775,11.760431,2,KMeans
11.401207,1.0325363,3,KMeans
8.765865,-0.25638285,3,KMeans
9.817327,3.659207,0,KMeans
12.280714,2.083488,3,KMeans
9.876758,6.1770854,0,KMeans
10.97898,10.795969,2,KMeans
10.572677,2.9591293,3,KMeans
11.990828,3.9151323,3,KMeans
8.638406,1.6943433,3,KMeans
12.032581,0.3810452,3,KMeans
11.073562,10.118173,2,KMeans
9.844401,3.1547945,3,KMeans
9.887585,7.338053,0,KMeans
10.641654,6.2213182,0,KMeans
7.5087876,10.753996,2,KMeans
11.347776,10.647353,2,KMeans
8.531914,3.6749048,0,KMeans
9.048294,4.81271,0,KMeans
10.23477,1.1983218,3,KMeans
11.974603,1.8532377,3,KMeans
9.863394,0.27636722,3,KMeans
6.115705,2.5531254,3,KMeans
10.969959,7.244683,0,KMeans
9.708735,9.809206,2,KMeans
12.127361,10.735011,2,KMeans
7.706444,10.915186,2,KMeans
10.166735,2.7126808,3,KMeans
11.481272,11.162338,2,KMeans
9.37569,6.92125,0,KMeans
8.687926,1.8416516,3,KMeans
11.444832,12.638557,2,KMeans
10.707677,2.8632321,3,KMeans
10.517785,8.314275,0,KMeans
9.875089,9.335548,0,KMeans
12.386469,3.1898696,2,KMeans
10.0383625,7.0957537,0,KMeans
9.699975,10.278641,2,KMeans
10.810935,6.245075,0,KMeans
9.41433,11.315654,2,KMeans
11.505498,12.907283,2,KMeans
7.003297,3.2239814,0,KMeans
7.924127,9.390054,0,KMeans
13.043556,10.826645,2,KMeans
8.593859,-0.46666354,3,KMeans
13.199414,11.681946,2,KMeans
10.850448,6.9045196,0,KMeans
10.584551,7.2977004,0,KMeans
12.28055,1.894663,3,KMeans
11.794775,2.693019,3,KMeans
12.987839,13.561466,2,KMeans
10.931671,2.4687927,3,KMeans
11.812303,0.54567,3,KMeans
10.80866,8.890687,0,KMeans
11.486553,2.0483987,3,KMeans
10.518281,0.23828965,3,KMeans
12.222144,10.806247,2,KMeans
9.178868,2.4775553,3,KMeans
9.110598,5.28165,0,KMeans
8.345317,5.8919296,0,KMeans
8.488516,7.042239,0,KMeans
9.609967,6.500475,0,KMeans
12.04467,3.4107568,3,KMeans
11.634702,12.845382,2,KMeans
12.291941,3.3119998,2,KMeans
12.299564,12.535314,2,KMeans
9.743936,1.5579437,3,KMeans
12.856217,1.0393221,2,KMeans
12.342,9.927356,2,KMeans
7.397334,9.33504,0,KMeans
9.025974,3.786849,0,KMeans
8.066693,6.720732,0,KMeans
9.333383,2.8500261,3,KMeans
12.130175,1.9133402,3,KMeans
10.036387,3.6347103,0,KMeans
7.6279197,10.572061,2,KMeans
11.694428,6.6787267,0,KMeans
10.320531,9.146494,0,KMeans
9.2147255,4.9643764,0,KMeans
11.264707,7.474566,0,KMeans
12.997498,10.041233,2,KMeans
11.620205,6.15881,0,KMeans
10.930819,1.6488047,3,KMeans
11.261816,2.7106378,3,KMeans
12.459786,9.264041,2,KMeans
8.231629,8.202698,0,KMeans
11.276032,9.090832,2,KMeans
13.096445,13.9109745,2,KMeans
9.900027,6.5078955,0,KMeans
12.334891,7.4450564,0,KMeans
9.714496,2.4574304,3,KMeans
9.225683,4.7010393,0,KMeans
9.597455,0.006960022,3,KMeans
10.557679,11.166998,2,KMeans
9.474246,-0.10264717,3,KMeans
7.8759146,6.033851,0,KMeans
12.237118,10.067044,2,KMeans
12.163196,3.972691,0,KMeans
10.705081,6.7302833,0,KMeans
10.414266,5.156554,0,KMeans
11.37199,3.4957633,2,KMeans
9.901284,0.8947359,3,KMeans
10.086041,11.104071,2,KMeans
11.523728,11.279799,2,KMeans
11.450167,4.5820513,0,KMeans
11.540177,12.038838,2,KMeans
12.6933565,1.6460927,3,KMeans
13.293992,12.823498,2,KMeans
9.388226,4.375602,0,KMeans
9.041602,5.207142,0,KMeans
11.386982,2.4286199,3,KMeans
10.542624,6.956898,0,KMeans
10.694587,5.9548326,0,KMeans
8.530375,11.200884,2,KMeans
9.497044,3.0975103,0,KMeans
10.624081,0.19463265,3,KMeans
10.105187,9.74936,2,KMeans
12.841651,13.252736,2,KMeans
11.325687,7.5846767,0,KMeans
12.640388,10.096266,2,KMeans
10.230501,7.6929584,0,KMeans
8.57711,4.080722,3,KMeans
10.735636,5.4135494,0,KMeans
4.3312306,2.2994375,1,KMeans
9.735378,5.7199845,0,KMeans
9.864249,7.229284,0,KMeans
12.179518,1.536037,3,KMeans
8.084804,9.175284,0,KMeans
7.001562,8.955613,0,KMeans
10.0417185,7.0500875,0,KMeans
9.493153,3.4429576,0,KMeans
12.733528,2.4365623,2,KMeans
10.417333,9.435758,0,KMeans
8.488151,10.187255,2,KMeans
11.846648,3.6968634,3,KMeans
13.229638,14.014693,2,KMeans
8.260717,10.311507,2,KMeans
12.308721,6.4861217,0,KMeans
8.559432,2.51506,3,KMeans
12.669469,-0.32527158,3,KMeans
10.582576,-0.026916157,3,KMeans
11.125265,9.219238,0,KMeans
12.096387,2.1446629,3,KMeans
10.188675,3.597501,0,KMeans
10.609141,-0.5841358,3,KMeans
9.35209,9.847983,2,KMeans
11.800347,1.599315,3,KMeans
9.959694,3.8772333,0,KMeans
10.487633,8.404059,0,KMeans
8.785419,7.743994,0,KMeans
9.277034,5.73422,0,KMeans
11.321197,2.375697,3,KMeans
10.849606,4.156714,0,KMeans
10.887269,5.5896554,0,KMeans
10.794918,1.7568892,3,KMeans
13.401502,12.87608,2,KMeans
8.047218,8.137799,0,KMeans
11.917734,9.284078,2,KMeans
11.19319,10.558133,2,KMeans
9.966945,9.284039,0,KMeans
10.869068,0.19892508,3,KMeans
9.760228,10.941793,2,KMeans
6.789161,9.826293,0,KMeans
6.6758475,9.687593,0,KMeans
9.244425,1.9079684,3,KMeans
11.832084,9.312953,2,KMeans
9.832943,8.317708,0,KMeans
11.422598,9.717293,2,KMeans
10.449041,2.906537,3,KMeans
9.696313,11.119755,2,KMeans
9.377448,7.634405,0,KMeans
12.796558,0.59403545,3,KMeans
13.174367,11.132868,2,KMeans
9.666995,0.6014775,3,KMeans
12.098496,3.0851264,2,KMeans
11.072415,3.0010586,3,KMeans
11.532256,12.82804,2,KMeans
8.085193,10.8356695,2,KMeans
9.521541,9.66252,0,KMeans
12.232973,0.3917198,3,KMeans
10.096682,1.7214174,3,KMeans
9.56402,8.139395,0,KMeans
11.661193,11.803498,2,KMeans
11.992768,2.6774182,3,KMeans
8.033152,9.138142,0,KMeans
10.754641,8.602967,0,KMeans
9.065432,4.1016426,0,KMeans
8.4703455,6.5167465,0,KMeans
10.591003,8.72393,0,KMeans
12.940071,12.723479,2,KMeans
12.478561,7.85796,2,KMeans
11.88139,3.2812505,0,KMeans
10.564502,2.9044838,3,KMeans
7.805529,5.5304804,0,KMeans
10.002737,12.318578,2,KMeans
11.762017,7.462246,0,KMeans
8.207395,6.128448,0,KMeans
11.306896,3.2116797,3,KMeans
11.37715,1.6617597,3,KMeans
6.7317195,10.00207,2,KMeans
7.8502717,8.864364,0,KMeans
8.6058655,8.065312,0,KMeans
12.491593,11.018975,2,KMeans
10.567176,9.268968,2,KMeans
11.375101,1.6896821,3,KMeans
11.646686,6.8549843,0,KMeans
8.312103,11.46439,2,KMeans
11.734255,12.621537,2,KMeans
8.948556,0.6862034,3,KMeans
10.731329,5.8631907,0,KMeans
11.184173,0.28526348,3,KMeans
10.313863,6.0973034,0,KMeans
10.365348,2.1210783,3,KMeans
11.309447,3.2189653,3,KMeans
12.223038,10.921981,2,KMeans
10.658472,10.704338,2,KMeans
10.281835,0.6663864,3,KMeans
9.25325,2.4996872,3,KMeans
10.200762,2.6085548,3,KMeans
10.900198,1.9831287,3,KMeans
10.588063,6.5132837,0,KMeans
10.930395,12.624047,2,KMeans
8.737587,6.018924,0,KMeans
10.727668,5.9236693,0,KMeans
6.779251,10.085853,2,KMeans
9.899613,7.864266,0,KMeans
10.057088,5.776014,0,KMeans
12.073469,12.280277,2,KMeans
10.022026,9.085279,0,KMeans
8.827662,4.414929,0,KMeans
12.175016,3.0485544,3,KMeans
9.673017,11.72288,2,KMeans
11.966367,12.387989,2,KMeans
13.249614,13.837341,2,KMeans
11.447166,-0.35685867,3,KMeans
11.472397,12.174419,2,KMeans
10.242449,2.4179473,3,KMeans
9.776446,0.15684645,3,KMeans
7.6893954,9.197848,0,KMeans
9.614214,4.0923276,0,KMeans
9.3533125,9.10152,0,KMeans
10.0250225,6.5955772,0,KMeans
9.74351,9.846625,2,KMeans
9.48009,3.5546312,0,KMeans
10.8231735,9.84281,2,KMeans
9.754523,5.833656,0,KMeans
10.623186,-0.6698565,3,KMeans
8.977153,6.9431434,0,KMeans
11.372385,7.435856,0,KMeans
8.442018,7.35945,0,KMeans
8.120556,10.587749,2,KMeans
12.669535,2.1963975,3,KMeans
7.3085537,8.142923,0,KMeans
12.375322,1.8246952,3,KMeans
10.389087,11.315169,2,KMeans
8.436688,7.638512,0,KMeans
8.717364,9.201316,0,KMeans
12.845447,13.189578,2,KMeans
12.77786,13.379776,2,KMeans
11.6306305,3.3273897,3,KMeans
10.815531,4.645404,0,KMeans
9.448975,0.16844165,3,KMeans
10.633699,10.181053,2,KMeans
10.355134,9.869917,2,KMeans
8.8249235,0.93390083,3,KMeans
10.696825,7.3338375,0,KMeans
9.258402,1.2548031,3,KMeans
12.321896,1.3435773,3,KMeans
9.815219,-0.63293576,3,KMeans
9.131206,9.628751,0,KMeans
10.14812,8.740339,0,KMeans
10.59616,5.7030067,0,KMeans
8.652474,0.1727754,3,KMeans
10.776243,6.137992,0,KMeans
11.997547,2.261139,3,KMeans
10.918473,12.57099,2,KMeans
9.421171,6.269984,0,KMeans
7.667526,10.768068,2,KMeans
8.600092,2.4564362,3,KMeans
11.925833,13.287424,2,KMeans
11.640444,13.014711,2,KMeans
12.016865,7.4513226,0,KMeans
10.695073,6.09448,0,KMeans
10.152112,10.254938,2,KMeans
8.481806,8.631515,0,KMeans
11.366011,11.5371275,2,KMeans
8.484486,0.069965616,3,KMeans
7.4474697,10.481907,2,KMeans
8.662313,3.027432,3,KMeans
7.166412,8.468328,0,KMeans
9.277259,7.42053,0,KMeans
12.279257,2.9520166,3,KMeans
10.257469,6.771633,0,KMeans
12.671309,-0.56018525,3,KMeans
9.008953,6.831724,0,KMeans
9.589275,10.250196,2,KMeans
13.394248,14.018641,2,KMeans
8.23999,7.7966657,0,KMeans
10.098289,4.056581,0,KMeans
12.0216,1.1370116,3,KMeans
10.61332,12.117791,2,KMeans
11.838648,6.1628275,0,KMeans
8.89945,1.1926818,3,KMeans
8.983957,11.945876,2,KMeans
12.940152,11.4172125,2,KMeans
8.813974,10.67954,2,KMeans
11.01885,7.7153907,0,KMeans
11.405953,1.5238655,3,KMeans
7.6619577,6.4404774,0,KMeans
12.217778,2.7205853,2,KMeans
12.216744,13.217254,2,KMeans
8.777035,-0.96963644,3,KMeans
10.583657,7.3283362,0,KMeans
6.5648737,9.3883095,0,KMeans
11.112458,5.8315983,0,KMeans
9.637348,4.7252703,0,KMeans
10.111234,11.187526,2,KMeans
11.920949,13.626079,2,KMeans
11.266261,6.5056777,0,KMeans
10.447908,7.8246994,0,KMeans
10.332173,12.16973,2,KMeans
12.951576,9.971899,2,KMeans
11.356787,4.4824896,0,KMeans
8.864046,2.7135906,3,KMeans
10.54719,11.645282,2,KMeans
11.742424,1.4602914,3,KMeans
11.426105,12.261186,2,KMeans
10.523608,12.307125,2,KMeans
9.326829,-0.62187314,3,KMeans
12.366606,9.661977,2,KMeans
9.321581,0.34971243,3,KMeans
11.23116,2.306114,3,KMeans
6.3982196,2.8925693,0,KMeans
12.972925,13.589128,2,KMeans
11.247693,0.46609735,3,KMeans
10.096232,7.4821997,0,KMeans
11.323154,0.6921508,3,KMeans
9.582167,9.170203,0,KMeans
10.114893,9.597641,2,KMeans
11.432409,-0.07261195,3,KMeans
9.5627575,10.2131405,2,KMeans
11.202368,10.633374,2,KMeans
11.2578125,9.112892,0,KMeans
11.882351,9.036748,2,KMeans
9.178222,9.089581,0,KMeans
8.8466015,8.528904,0,KMeans
11.311452,6.9254885,0,KMeans
7.1018677,9.699811,0,KMeans
10.236311,1.4977368,3,KMeans
10.152993,5.885701,0,KMeans
8.765313,11.057378,2,KMeans
10.878998,8.973354,0,KMeans
8.041981,7.9568214,0,KMeans
10.389002,-0.60161126,3,KMeans
11.527981,9.9304905,2,KMeans
10.886947,5.5194464,0,KMeans
8.344135,6.8720613,0,KMeans
11.083725,11.647205,2,KMeans
8.59609,8.789572,0,KMeans
11.674805,4.1417155,0,KMeans
11.4234295,-0.32051724,3,KMeans
10.641954,10.399575,2,KMeans
10.419341,1.4385103,3,KMeans
10.679641,8.942341,0,KMeans
7.3235927,9.8730135,0,KMeans
10.53094,5.8125787,0,KMeans
9.116183,9.594651,0,KMeans
10.424414,8.260295,0,KMeans
12.777866,1.4131284,2,KMeans
10.148409,2.5800045,3,KMeans
11.34851,11.083144,2,KMeans
12.246619,11.145301,2,KMeans
8.361254,8.125777,0,KMeans
13.598361,13.35756,2,KMeans
10.228042,9.251771,0,KMeans
10.12972,-0.10434309,3,KMeans
10.563175,11.31926,2,KMeans
7.6917267,10.573161,2,KMeans
9.115332,1.5652227,3,KMeans
9.992613,2.4965043,3,KMeans
10.840755,12.155985,2,KMeans
9.85034,6.443678,0,KMeans
9.88421,4.3092694,0,KMeans
11.771349,1.2412243,3,KMeans
8.884264,-0.94490457,3,KMeans
10.870142,9.247496,2,KMeans
13.573807,12.145672,2,KMeans
10.194382,9.755657,2,KMeans
11.367027,5.7097335,0,KMeans
8.935757,2.0334082,3,KMeans
11.785281,12.932983,2,KMeans
12.037847,13.330674,2,KMeans
10.663121,7.188075,0,KMeans
8.622659,6.8783445,0,KMeans
8.940757,9.165999,0,KMeans
13.18669,10.345119,2,KMeans
11.91415,-0.73864025,3,KMeans
11.445768,1.8335997,3,KMeans
7.013198,9.925612,0,KMeans
10.20162,11.504321,2,KMeans
9.169841,0.4679974,3,KMeans
11.887676,12.138921,2,KMeans
9.252581,6.6727443,0,KMeans
10.312413,-0.93544537,3,KMeans
9.767628,7.9846973,0,KMeans
10.1952305,5.2058797,0,KMeans
9.696737,2.8432784,3,KMeans
11.623937,9.662331,2,KMeans
11.943151,2.6801212,3,KMeans
12.974106,14.044899,2,KMeans
10.103375,3.9838777,0,KMeans
10.738834,5.7919836,0,KMeans
10.321416,5.9268384,0,KMeans
8.981131,6.3897715,0,KMeans
8.949925,6.386613,0,KMeans
11.578262,-0.32133567,3,KMeans
9.57593,4.2878175,0,KMeans
8.244298,10.5822735,2,KMeans
10.363944,1.1733078,3,KMeans
10.908774,0.72348374,3,KMeans
9.274604,0.13917238,3,KMeans
7.813976,11.077337,2,KMeans
11.017655,10.159113,2,KMeans
11.795941,12.630508,2,KMeans
10.027528,1.416264,3,KMeans
9.615439,8.517156,0,KMeans
11.446498,9.313631,2,KMeans
11.332525,3.5090196,3,KMeans
11.870929,4.387257,0,KMeans
11.3350725,9.75713,2,KMeans
8.700965,-0.7374101,3,KMeans
10.367064,2.5381458,3,KMeans
11.777367,2.7868712,3,KMeans
9.350271,9.18396,0,KMeans
9.71694,4.713774,0,KMeans
9.815416,3.4199183,0,KMeans
9.02254,11.834832,2,KMeans
10.49149,0.39671203,3,KMeans
10.704189,0.7534002,3,KMeans
8.632643,3.0100636,0,KMeans
4.9238687,2.462873,1,KMeans
12.1495,-0.17957702,3,KMeans
9.8485365,2.501483,3,KMeans
9.454995,2.8409305,3,KMeans
8.657003,4.7838745,0,KMeans
12.770542,9.725504,2,KMeans
12.098673,9.89212,2,KMeans
10.1167145,8.33278,0,KMeans
12.141538,3.1186316,2,KMeans
10.162589,10.260055,2,KMeans
10.19253,0.47706592,3,KMeans
9.329905,3.697774,0,KMeans
10.324485,9.032178,0,KMeans
12.055685,0.24140747,3,KMeans
10.129855,6.601833,0,KMeans
8.90447,4.6865144,0,KMeans
8.806035,10.987168,2,KMeans
10.65424,7.280089,0,KMeans
8.084576,10.768388,2,KMeans
10.264772,4.623707,0,KMeans
9.494065,7.2726493,0,KMeans
12.198426,1.9276732,3,KMeans
12.128324,3.1914234,0,KMeans
10.408128,11.395618,2,KMeans
10.127536,5.02039,0,KMeans
9.413556,10.701577,2,KMeans
10.1272335,8.661553,0,KMeans
8.709,5.796051,0,KMeans
10.7944355,9.798383,2,KMeans
7.7567987,8.89632,0,KMeans
12.507108,0.16851714,3,KMeans
8.826239,3.1825101,0,KMeans
10.674157,9.114353,0,KMeans
11.701455,13.1841755,2,KMeans
8.962842,1.4506203,3,KMeans
10.18075,5.937323,0,KMeans
9.203106,1.2693926,3,KMeans
12.984708,10.289876,2,KMeans
12.65485,0.91981435,3,KMeans
8.217374,4.388318,0,KMeans
11.339345,13.198947,2,KMeans
9.81516,4.4032507,0,KMeans
12.327406,13.767675,2,KMeans
12.830176,12.478557,2,KMeans
12.746166,13.384627,2,KMeans
12.322408,2.8310797,3,KMeans
11.215395,10.80173,2,KMeans
11.443734,4.647372,0,KMeans
9.919081,4.8576117,0,KMeans
12.916662,10.499191,2,KMeans
9.601133,5.0689034,0,KMeans
12.2620535,8.549966,2,KMeans
11.253372,10.447328,2,KMeans
10.892553,9.7538,2,KMeans
9.7170725,6.5985208,0,KMeans
7.834111,9.208553,0,KMeans
7.3138714,8.007646,0,KMeans
9.058055,0.9556966,3,KMeans
11.132753,4.230931,0,KMeans
4.676185,2.4156485,1,KMeans
10.863921,5.6825194,0,KMeans
9.210034,4.903495,0,KMeans
10.419823,10.828734,2,KMeans
6.5383434,9.560456,0,KMeans
10.000957,5.9310436,0,KMeans
8.024917,10.8203945,2,KMeans
8.178004,8.222985,0,KMeans
9.749769,7.58633,0,KMeans
10.5409,10.742658,2,KMeans
8.546715,0.41022396,3,KMeans
11.057541,10.123893,2,KMeans
8.883818,9.145577,0,KMeans
11.477761,2.9279275,3,KMeans
8.576575,0.50976354,3,KMeans
9.342258,0.20317791,3,KMeans
12.72712,9.841126,2,KMeans
8.830434,11.176093,2,KMeans
9.018351,0.7106038,3,KMeans
12.176995,13.319231,2,KMeans
8.48257,11.13038,2,KMeans
11.214524,2.0486042,3,KMeans
11.758729,1.358649,3,KMeans
11.695377,2.9618602,0,KMeans
4.661287,2.4151318,1,KMeans
12.76797,11.525146,2,KMeans
10.386013,2.1733997,3,KMeans
9.584477,-0.6309922,3,KMeans
9.656427,10.455427,2,KMeans
11.34402,11.265419,2,KMeans
10.780664,5.5236273,0,KMeans
10.850381,6.6453757,0,KMeans
10.916783,4.5193963,0,KMeans
11.436811,13.085978,2,KMeans
9.027863,0.98571426,3,KMeans
11.53078,-0.7471092,3,KMeans
12.241499,-0.3341075,3,KMeans
8.58025,4.0947824,0,KMeans
9.081332,2.9330485,0,KMeans
10.95812,12.58069,2,KMeans
11.966515,1.8685974,3,KMeans
11.150297,7.541436,0,KMeans
8.355624,10.469,2,KMeans
10.406144,2.7190368,3,KMeans
7.7181153,5.97036,0,KMeans
12.361188,12.564773,2,KMeans
8.194898,10.7944765,2,KMeans
10.209044,-0.88982767,3,KMeans
11.973294,12.262918,2,KMeans
9.133898,9.652478,0,KMeans
6.9048605,9.438448,0,KMeans
11.392917,7.1579976,0,KMeans
10.611042,4.0977316,0,KMeans
10.573618,5.4070935,0,KMeans
9.358419,11.245282,2,KMeans
10.0310335,1.6257429,3,KMeans
9.2445345,9.2787075,0,KMeans
8.956972,2.513801,3,KMeans
11.63351,0.12662052,3,KMeans
12.3393545,10.941742,2,KMeans
8.944874,7.216868,0,KMeans
7.8892403,6.02136,0,KMeans
10.330031,11.466467,2,KMeans
8.360375,5.929897,0,KMeans
12.767875,0.29479942,3,KMeans
9.69401,5.9597125,0,KMeans
8.9489355,-0.43548614,3,KMeans
9.984013,7.126728,0,KMeans
8.047653,8.169628,0,KMeans
10.411557,6.217232,0,KMeans
12.405726,12.732724,2,KMeans
7.686639,10.601547,2,KMeans
10.639356,9.430748,2,KMeans
9.754113,6.0480804,0,KMeans
10.377022,11.211619,2,KMeans
12.759823,12.579861,2,KMeans
9.163286,9.465331,0,KMeans
13.256539,12.242812,2,KMeans
9.308557,8.200976,0,KMeans
9.925375,10.855438,2,KMeans
10.165218,3.4435291,0,KMeans
8.867577,9.488533,0,KMeans
11.370523,2.1266189,3,KMeans
11.795068,2.5190742,3,KMeans
12.801916,9.873336,2,KMeans
10.842649,1.1901188,3,KMeans
10.627388,12.825875,2,KMeans
8.874807,9.284889,0,KMeans
10.0877,0.70819974,3,KMeans
7.022678,9.911707,2,KMeans
12.16365,12.723632,2,KMeans
10.678506,9.065319,0,KMeans
10.446718,7.19383,0,KMeans
11.569491,0.87877595,3,KMeans
12.57034,12.045594,2,KMeans
12.7809105,0.6203548,2,KMeans
9.377345,1.9674922,3,KMeans
13.481095,11.948146,2,KMeans
9.610397,3.9219127,0,KMeans
8.49842,7.6383333,0,KMeans
8.665322,9.092714,0,KMeans
10.978991,8.414577,0,KMeans
10.148862,9.072301,0,KMeans
10.793707,2.1939166,3,KMeans
11.491276,13.040469,2,KMeans
10.730259,2.8475003,3,KMeans
9.587772,1.7292948,3,KMeans
8.74152,1.8242931,3,KMeans
10.494348,2.5592704,3,KMeans
12.423085,-0.30630916,3,KMeans
9.581127,1.2072974,3,KMeans
10.805681,11.719389,2,KMeans
12.355208,12.775389,2,KMeans
11.700665,-0.055613667,3,KMeans
12.56868,0.17824419,3,KMeans
11.594592,9.695846,2,KMeans
10.902895,2.2068589,3,KMeans
8.599476,3.6430469,0,KMeans
10.807267,4.3890815,0,KMeans
11.62878,4.033725,0,KMeans
8.893646,6.7488947,0,KMeans
12.065496,6.954421,0,KMeans
11.257329,1.6397465,3,KMeans
4.7598968,2.4270122,1,KMeans
10.955245,2.4831972,3,KMeans
9.464519,6.5851817,0,KMeans
8.981541,7.560002,0,KMeans
10.7745075,-0.4121845,3,KMeans
10.268167,3.658796,0,KMeans
10.408123,7.701351,0,KMeans
12.233817,2.11182,3,KMeans
9.706569,7.4475274,0,KMeans
13.02242,0.6679631,2,KMeans
11.949037,4.246067,0,KMeans
9.913283,10.513555,2,KMeans
9.641561,6.9676323,0,KMeans
10.130175,8.023797,0,KMeans
12.120896,9.774395,2,KMeans
11.570276,7.7869363,0,KMeans
7.5846477,6.392667,0,KMeans
9.245577,3.0737002,0,KMeans
12.006065,3.1067934,3,KMeans
11.627281,3.463215,0,KMeans
8.844512,-0.70872647,3,KMeans
6.6549234,9.63674,0,KMeans
12.682842,9.770269,2,KMeans
9.497085,7.395375,0,KMeans
10.072901,7.0847225,0,KMeans
11.986943,9.363185,2,KMeans
13.3697605,12.035139,2,KMeans
9.566843,-0.928083,3,KMeans
10.059997,-0.37442556,3,KMeans
11.325347,2.4484296,3,KMeans
9.568762,7.279532,0,KMeans
12.976835,11.968734,2,KMeans
8.02467,9.48474,0,KMeans
9.1500025,4.512487,0,KMeans
10.719742,5.5022507,0,KMeans
9.628328,5.9019976,0,KMeans
10.417404,3.4687834,3,KMeans
11.29789,5.4875917,0,KMeans
12.022119,2.4019096,3,KMeans
9.029868,0.8736585,3,KMeans
11.093216,2.6430209,3,KMeans
10.424686,-0.36119568,3,KMeans
10.774149,6.4617333,0,KMeans
10.080492,7.6952167,0,KMeans
12.06013,0.74587375,3,KMeans
12.4352045,12.155317,2,KMeans
7.554842,7.5107055,0,KMeans
9.65983,3.6845517,0,KMeans
10.391577,10.233136,2,KMeans
12.501492,11.7033205,2,KMeans
10.282278,6.4781237,0,KMeans
13.140335,11.983248,2,KMeans
8.741576,9.314334,0,KMeans
9.513606,10.242259,2,KMeans
10.588132,0.055973064,3,KMeans
11.4287405,4.375068,0,KMeans
11.333618,-0.1624239,3,KMeans
10.702234,10.430149,2,KMeans
8.2915,7.0067325,0,KMeans
11.521236,5.2905326,0,KMeans
10.41138,2.4730704,3,KMeans
9.773583,7.824848,0,KMeans
8.760656,2.4694803,3,KMeans
9.906699,8.240569,0,KMeans
12.55271,1.7869744,3,KMeans
11.149725,12.6998415,2,KMeans
10.131187,7.4899035,0,KMeans
12.732093,11.738635,2,KMeans
12.339753,13.5076885,2,KMeans
9.00957,9.391346,0,KMeans
11.55964,10.507243,2,KMeans
11.1032095,2.1841693,3,KMeans
9.270478,4.5226912,0,KMeans
10.185336,6.5302153,0,KMeans
10.135561,2.9650517,3,KMeans
9.903761,8.090375,0,KMeans
12.374622,13.840939,2,KMeans
10.562599,9.865707,2,KMeans
9.238781,7.067057,0,KMeans
7.4668164,8.68553,0,KMeans
10.100755,-0.5598693,3,KMeans
7.947314,4.9843965,0,KMeans
9.907687,5.045057,0,KMeans
11.222477,3.336436,0,KMeans
10.469042,4.9963665,0,KMeans
12.366759,11.396498,2,KMeans
11.100134,11.837097,2,KMeans
11.070858,8.761851,0,KMeans
9.458478,8.613932,0,KMeans
12.345383,10.191105,2,KMeans
10.963142,4.5417104,0,KMeans
10.934142,12.289851,2,KMeans
9.070003,-0.44825608,3,KMeans
10.750478,6.9681697,0,KMeans
10.724496,9.149792,0,KMeans
10.455149,7.5317335,0,KMeans
11.969079,2.0091765,3,KMeans
9.814799,-0.31583354,3,KMeans
12.043607,11.514761,2,KMeans
8.485352,-0.22599646,3,KMeans
10.587182,9.1250925,0,KMeans
10.132834,11.640515,2,KMeans
9.217579,3.549761,0,KMeans
9.991354,3.5856478,0,KMeans
10.084463,11.58137,2,KMeans
9.755385,10.467739,2,KMeans
9.234933,7.1657577,0,KMeans
11.571112,5.8115172,0,KMeans
6.9584107,9.962335,2,KMeans
13.402014,13.252264,2,KMeans
11.559908,12.326484,2,KMeans
12.761264,11.069005,2,KMeans
12.315095,10.784078,2,KMeans
5.3143315,2.5684474,1,KMeans
9.83949,3.6464574,0,KMeans
10.471848,-0.2175865,3,KMeans
10.929213,10.587931,2,KMeans
9.9215555,2.5419252,3,KMeans
8.766443,5.852762,0,KMeans
12.129154,1.0197808,3,KMeans
9.965951,3.411138,0,KMeans
7.7932715,9.585315,0,KMeans
11.586502,10.002358,2,KMeans
11.260771,12.025868,2,KMeans
10.892849,4.0393333,0,KMeans
8.613011,-0.94025314,3,KMeans
9.575906,8.7399435,0,KMeans
9.197454,9.292169,0,KMeans
10.331754,5.8069787,0,KMeans
10.2787075,5.945502,0,KMeans
10.573923,2.4115717,3,KMeans
11.534136,12.89259,2,KMeans
10.861735,10.105908,0,KMeans
9.615661,10.568181,2,KMeans
11.372533,1.7727665,3,KMeans
8.565289,4.9755445,0,KMeans
9.941694,7.5041485,0,KMeans
9.283152,3.899795,0,KMeans
9.814353,1.0784036,3,KMeans
8.512479,5.3099585,0,KMeans
10.479618,-0.4590405,3,KMeans
4.4914036,2.3621638,1,KMeans
10.370897,10.271935,2,KMeans
10.903274,3.4326313,0,KMeans
10.330424,0.6786614,3,KMeans
11.49823,3.8292618,0,KMeans
9.884834,5.766247,0,KMeans
11.041236,2.092608,3,KMeans
9.1028595,2.022836,3,KMeans
10.9771185,6.262354,0,KMeans
10.599172,9.248705,0,KMeans
11.83425,9.936142,2,KMeans
12.902686,12.270981,2,KMeans
8.721451,1.7252449,3,KMeans
9.513377,5.8952527,0,KMeans
7.7041087,5.605181,0,KMeans
8.526721,0.24137345,3,KMeans
8.5214,6.393546,0,KMeans
12.901704,11.165042,2,KMeans
10.588913,5.5381484,0,KMeans
11.27749,11.157723,2,KMeans
10.243735,2.8559573,3,KMeans
9.715065,11.444726,2,KMeans
10.144655,8.980044,0,KMeans
10.016959,11.77141,2,KMeans
11.553807,1.4395348,3,KMeans
10.111143,2.7430456,0,KMeans
8.730293,6.7579055,0,KMeans
10.414778,10.226098,2,KMeans
12.175991,1.1310074,3,KMeans
10.718573,9.75094,2,KMeans
9.794953,4.596041,0,KMeans
9.284159,7.5089474,0,KMeans
10.393898,6.2526927,0,KMeans
8.389482,3.9210339,0,KMeans
9.60645,11.652027,2,KMeans
8.190454,7.223629,0,KMeans
11.968619,8.904341,2,KMeans
12.356408,13.41569,2,KMeans
12.547572,1.4086574,3,KMeans
9.753672,9.236432,0,KMeans
11.754927,-0.044713814,3,KMeans
12.461527,-0.013362545,3,KMeans
7.4172435,7.9644556,0,KMeans
10.927254,10.326519,2,KMeans
9.982205,6.9821677,0,KMeans
8.372986,8.746536,0,KMeans
11.403953,3.3515658,3,KMeans
13.018862,13.458048,2,KMeans
9.723971,5.600141,0,KMeans
11.2421055,2.1113617,3,KMeans
12.123543,10.090751,2,KMeans
8.691229,10.036016,2,KMeans
10.173109,5.334057,0,KMeans
10.993881,3.4863164,0,KMeans
12.70018,2.0415971,2,KMeans
7.9177365,8.008712,0,KMeans
11.183873,7.7615247,0,KMeans
12.136005,2.9874132,3,KMeans
11.548661,10.933593,2,KMeans
8.774627,8.470236,0,KMeans
11.464396,7.1109133,0,KMeans
12.540077,1.1156875,3,KMeans
8.528026,2.4690733,0,KMeans
8.583319,3.0158138,0,KMeans
11.427484,1.4190952,3,KMeans
12.296457,9.493121,2,KMeans
10.841266,2.1204023,3,KMeans
10.599356,2.406478,3,KMeans
12.347707,13.81477,2,KMeans
9.56137,9.176337,0,KMeans
10.993873,2.7978745,3,KMeans
8.316247,8.229621,0,KMeans
8.734683,2.9626513,3,KMeans
12.009156,12.923962,2,KMeans
7.2831516,9.314905,0,KMeans
11.312183,11.737795,2,KMeans
13.327498,14.068276,2,KMeans
12.3912325,7.844341,0,KMeans
11.553906,1.826171,3,KMeans
13.50401,11.929177,2,KMeans
11.905045,8.106375,0,KMeans
8.906624,9.478038,0,KMeans
9.112572,7.483098,0,KMeans
10.869555,11.902083,2,KMeans
10.331198,1.0658084,3,KMeans
10.59359,8.177874,0,KMeans
10.800058,8.095213,0,KMeans
7.5804796,6.334157,0,KMeans
10.879374,2.7253437,3,KMeans
11.91482,2.7137938,3,KMeans
12.035912,-0.81002325,3,KMeans
10.202517,-0.661935,3,KMeans
10.011639,6.8661284,0,KMeans
10.9753895,7.311766,0,KMeans
8.905736,8.113766,0,KMeans
12.304643,3.1064997,3,KMeans
10.455956,8.417541,0,KMeans
11.430245,9.0524845,0,KMeans
12.523,1.1702625,2,KMeans
9.961074,6.1803193,0,KMeans
10.647859,4.2971444,0,KMeans
12.888037,12.788747,2,KMeans
5.819641,2.6020403,1,KMeans
10.434441,7.711016,0,KMeans
10.754007,2.6685953,3,KMeans
10.280848,2.802021,3,KMeans
9.728508,9.981431,2,KMeans
8.957493,3.8419917,0,KMeans
9.621389,8.859265,0,KMeans
7.705683,10.517164,2,KMeans
12.192955,11.130559,2,KMeans
11.806575,2.5162516,3,KMeans
11.19739,1.8612591,3,KMeans
11.447385,9.712872,2,KMeans
7.9129515,10.2187605,2,KMeans
10.723595,6.318203,0,KMeans
11.4409,9.405286,2,KMeans
10.311962,11.177883,2,KMeans
10.206181,2.693956,3,KMeans
7.1111007,9.327922,0,KMeans
10.962359,0.8665943,3,KMeans
10.804418,12.243351,2,KMeans
7.6497927,9.992059,2,KMeans
9.750815,7.64542,0,KMeans
12.085235,6.4955053,0,KMeans
10.968912,2.1368752,3,KMeans
11.542545,9.233966,2,KMeans
8.657772,2.3960903,3,KMeans
11.272696,-0.03441413,3,KMeans
12.72832,13.140125,2,KMeans
12.574113,-0.44097024,3,KMeans
8.38792,6.862434,0,KMeans
12.44159,1.1840869,3,KMeans
6.5965548,9.927798,2,KMeans
12.874678,11.7455015,2,KMeans
7.374778,2.5986812,3,KMeans
11.028042,1.3638082,3,KMeans
9.184485,4.1221523,0,KMeans
8.248188,8.812784,0,KMeans
8.85772,-0.47960308,3,KMeans
10.527262,12.022528,2,KMeans
13.525555,12.087803,2,KMeans
11.176753,12.796532,2,KMeans
12.217764,12.276811,2,KMeans
10.614648,6.3557243,0,KMeans
9.1103,-0.033639386,3,KMeans
11.2288885,7.974474,0,KMeans
11.028362,1.2107278,3,KMeans
12.011701,13.701243,2,KMeans
11.34735,1.578206,3,KMeans
10.026545,7.015634,0,KMeans
10.767755,6.119723,0,KMeans
12.10816,-0.66071194,3,KMeans
10.324228,9.37469,0,KMeans
10.564768,11.45621,2,KMeans
9.691675,2.583399,3,KMeans
11.807912,7.305471,0,KMeans
11.590275,13.037981,2,KMeans
12.233464,10.228831,2,KMeans
10.391386,1.0867888,3,KMeans
9.921964,-0.8963514,3,KMeans
9.124312,10.847028,2,KMeans
8.197935,8.253014,0,KMeans
7.6814632,10.357843,2,KMeans
10.72949,-0.59149295,3,KMeans
10.19303,7.231448,0,KMeans
10.131288,5.9147058,0,KMeans
9.276119,-0.74589366,3,KMeans
8.442204,8.501837,0,KMeans
11.584782,-0.2126035,3,KMeans
11.794239,3.7870157,0,KMeans
10.479125,8.286797,0,KMeans
10.158004,11.25644,2,KMeans
9.637071,8.05362,0,KMeans
9.786229,1.5770206,3,KMeans
9.4492,2.9701471,3,KMeans
9.069044,11.792325,2,KMeans
9.925445,-0.9783914,3,KMeans
5.9759016,2.6879842,1,KMeans
9.652538,-0.3892452,3,KMeans
8.69799,9.800362,0,KMeans
8.9988785,5.643254,0,KMeans
8.747343,-0.590528,3,KMeans
8.526858,6.492107,0,KMeans
9.947521,5.790674,0,KMeans
6.6763844,3.2307363,2,KMeans
11.237281,12.763784,2,KMeans
10.663208,3.278056,3,KMeans
11.759198,0.6359873,3,KMeans
10.356867,5.8743906,0,KMeans
12.181388,0.8449683,3,KMeans
7.9590783,6.0458856,0,KMeans
10.462262,9.663292,2,KMeans
9.396967,11.937752,2,KMeans
9.158911,2.643882,3,KMeans
12.642334,8.30944,2,KMeans
9.324942,4.6850905,0,KMeans
10.318202,-0.18231787,3,KMeans
12.485376,12.081767,2,KMeans
9.172793,8.554523,0,KMeans
9.946662,5.052606,0,KMeans
10.12212,5.24603,0,KMeans
7.1073775,9.398566,0,KMeans
13.022388,12.410478,2,KMeans
11.411228,-0.2920311,3,KMeans
8.920077,8.233361,0,KMeans
11.979453,6.3531,0,KMeans
9.338739,7.009934,0,KMeans
11.015619,2.8144243,3,KMeans
10.27121,5.4846616,0,KMeans
9.348211,0.117198765,3,KMeans
12.108395,13.375267,2,KMeans
9.986294,2.6115067,3,KMeans
9.829781,4.3345294,0,KMeans
12.284163,0.3400477,3,KMeans
13.334952,13.398399,2,KMeans
8.605503,2.3591814,3,KMeans
10.932884,4.444514,0,KMeans
9.730847,5.63275,0,KMeans
10.823211,-0.6439894,3,KMeans
9.960505,3.1498923,3,KMeans
8.574267,9.531064,0,KMeans
12.474019,13.726781,2,KMeans
9.924105,7.216123,0,KMeans
8.464445,5.5073466,0,KMeans
8.425909,8.64382,0,KMeans
8.935247,11.986495,2,KMeans
10.431529,10.341253,2,KMeans
12.742405,7.420487,2,KMeans
8.361063,10.471347,2,KMeans
9.253097,4.138468,0,KMeans
9.5823,5.62953,0,KMeans
10.432487,2.781755,3,KMeans
10.304236,7.8483963,0,KMeans
9.953943,8.267123,0,KMeans
8.971565,-0.8957813,3,KMeans
10.2382,11.191643,2,KMeans
9.955,10.741913,2,KMeans
10.196081,10.308033,2,KMeans
10.573551,10.684502,2,KMeans
5.3307023,2.5728455,1,KMeans
9.485616,11.459985,2,KMeans
8.51116,1.5292621,0,KMeans
12.701022,1.7801617,3,KMeans
10.588405,-0.70745397,3,KMeans
10.708392,-0.1830746,3,KMeans
10.952604,4.0466156,0,KMeans
10.839854,6.2521296,0,KMeans
12.205538,9.633675,2,KMeans
9.244543,11.784675,2,KMeans
11.100952,-0.058935285,3,KMeans
10.44346,-0.6997925,3,KMeans
9.921111,7.49462,0,KMeans
10.107371,8.756072,0,KMeans
11.831097,12.420738,2,KMeans
9.407042,2.2595286,3,KMeans
9.065039,4.390427,0,KMeans
9.028635,6.930981,0,KMeans
10.684117,-0.30509108,3,KMeans
9.585162,7.4472876,0,KMeans
11.727723,7.9419494,0,KMeans
11.308304,10.43334,2,KMeans
9.872595,4.091102,2,KMeans
11.80695,2.4413393,3,KMeans
10.194931,1.0051968,3,KMeans
10.885765,10.391885,2,KMeans
12.095897,4.2819695,0,KMeans
8.300476,9.1813545,0,KMeans
8.778019,-0.44199473,3,KMeans
11.968716,8.174366,2,KMeans
8.551151,-0.7108744,3,KMeans
10.765908,3.3370051,0,KMeans
8.832195,0.119080216,3,KMeans
8.176843,6.683798,0,KMeans
7.9743357,8.414577,0,KMeans
10.729216,0.55327106,3,KMeans
8.636132,4.1614113,0,KMeans
10.9284935,11.529341,2,KMeans
12.605047,2.8223047,2,KMeans
10.848612,11.494699,2,KMeans
11.35286,12.064693,2,KMeans
11.207262,2.7481964,2,KMeans
12.404965,12.225937,2,KMeans
9.906858,7.8993864,0,KMeans
12.8020115,-0.41377255,2,KMeans
8.671471,7.9216404,0,KMeans
11.472298,12.391553,2,KMeans
11.538863,1.3820107,3,KMeans
11.135785,3.327288,3,KMeans
12.343303,0.25505346,3,KMeans
8.612773,2.2875702,3,KMeans
8.538468,10.967084,2,KMeans
9.432441,10.57002,2,KMeans
9.27753,0.6250659,3,KMeans
12.046557,11.873183,2,KMeans
10.879922,11.954412,2,KMeans
13.360662,14.064085,2,KMeans
8.549088,6.0062904,0,KMeans
9.380162,8.936565,0,KMeans
11.608894,7.658278,0,KMeans
9.181694,4.366812,0,KMeans
13.2726,13.656567,2,KMeans
11.791048,-0.34259012,3,KMeans
12.360805,13.8478565,2,KMeans
12.431139,12.975995,2,KMeans
9.124481,7.79782,0,KMeans
10.269886,10.873928,2,KMeans
11.419214,9.673812,2,KMeans
12.139282,7.4285984,0,KMeans
11.542311,10.628737,2,KMeans
9.725505,-0.6841708,3,KMeans
8.205963,8.418591,0,KMeans
10.748314,-0.32108092,3,KMeans
8.164089,7.7658644,0,KMeans
11.924224,8.389622,0,KMeans
9.989015,0.5555819,3,KMeans
10.669547,8.544385,0,KMeans
11.371975,8.366998,0,KMeans
8.871288,1.6467319,3,KMeans
10.223503,0.1835001,3,KMeans
8.818501,-0.9575183,3,KMeans
12.6053705,8.727324,2,KMeans
12.942979,13.079324,2,KMeans
12.440687,6.9308953,0,KMeans
12.032684,12.555235,2,KMeans
12.4574,13.117401,2,KMeans
8.730843,2.5208695,3,KMeans
9.8855715,6.0683427,0,KMeans
8.939371,9.495486,2,KMeans
11.521217,0.7834909,3,KMeans
11.681807,7.816591,0,KMeans
9.988131,4.4100657,0,KMeans
8.042251,10.413109,0,KMeans
9.860537,0.4353595,3,KMeans
10.559019,5.6935234,0,KMeans
11.177684,9.469225,2,KMeans
10.254046,2.6839406,3,KMeans
11.4301815,13.145427,2,KMeans
10.319839,10.097887,2,KMeans
12.002565,3.0950217,0,KMeans
12.288697,10.783961,2,KMeans
9.136602,0.87163925,3,KMeans
11.371183,-0.21299033,3,KMeans
9.628403,11.104328,2,KMeans
9.921773,7.3441234,0,KMeans
9.151983,4.371845,0,KMeans
10.498095,1.3626084,3,KMeans
10.288674,0.89294153,3,KMeans
8.906247,7.372251,0,KMeans
11.830463,10.782963,2,KMeans
11.422381,9.575832,2,KMeans
11.319914,13.029904,2,KMeans
9.915686,6.2805567,0,KMeans
10.200977,6.8846006,0,KMeans
7.7039833,5.878234,0,KMeans
8.027313,10.009203,2,KMeans
7.8015313,9.901904,2,KMeans
11.1048765,3.590278,0,KMeans
10.842659,10.665901,2,KMeans
12.677498,9.99149,2,KMeans
11.459224,12.555587,2,KMeans
11.926942,1.2128544,3,KMeans
8.3957405,10.312909,2,KMeans
12.730449,1.4226007,2,KMeans
12.991074,11.038232,2,KMeans
9.413489,6.9786444,0,KMeans
10.122907,4.689004,0,KMeans
10.637626,2.8074477,3,KMeans
10.588897,4.8386416,0,KMeans
7.6294727,9.574745,2,KMeans
7.8074746,5.9393024,0,KMeans
10.738847,-0.21960512,3,KMeans
11.65044,12.103786,2,KMeans
8.879002,9.813403,2,KMeans
9.939621,5.6267586,0,KMeans
9.183135,6.106003,0,KMeans
10.629984,10.303102,2,KMeans
12.840767,11.119281,2,KMeans
10.661207,11.140881,2,KMeans
12.259111,9.224851,2,KMeans
11.394998,12.850885,2,KMeans
7.955429,10.261993,2,KMeans
12.028134,3.821978,0,KMeans
8.694436,9.369507,0,KMeans
10.238754,11.535376,2,KMeans
11.159427,11.423643,2,KMeans
8.92276,3.7776024,0,KMeans
9.683188,-0.58501947,3,KMeans
9.332813,8.708676,0,KMeans
9.880568,2.7556944,3,KMeans
11.513995,2.982337,3,KMeans
12.703567,11.576052,2,KMeans
10.298391,5.9419413,0,KMeans
11.685817,9.584508,2,KMeans
9.928174,8.80872,0,KMeans
7.856198,5.499119,0,KMeans
10.558015,5.661237,0,KMeans
9.5938635,1.9447436,3,KMeans
10.754978,4.6404586,0,KMeans
9.118521,0.97318226,3,KMeans
9.307325,6.074842,0,KMeans
8.400648,3.376467,3,KMeans
9.184709,3.1844168,3,KMeans
11.757735,5.750875,0,KMeans
7.746597,5.4850426,0,KMeans
9.49449,9.282938,0,KMeans
11.293277,6.18722,0,KMeans
9.392394,6.96242,0,KMeans
13.619381,13.749212,2,KMeans
10.358789,7.51468,0,KMeans
10.573379,10.7988825,2,KMeans
10.134254,5.3519917,0,KMeans
8.724879,5.823248,0,KMeans
7.684943,2.8945327,3,KMeans
9.8412895,8.089432,0,KMeans
12.704295,9.98484,2,KMeans
6.862784,10.267213,2,KMeans
10.802981,6.13093,0,KMeans
10.2389,10.2888,2,KMeans
4.7625194,2.424372,1,KMeans
9.945054,4.9839773,0,KMeans
8.0938835,4.998638,0,KMeans
10.654184,0.36928743,3,KMeans
9.76138,4.314121,0,KMeans
11.091678,3.5880787,3,KMeans
10.66387,6.402709,0,KMeans
9.265734,10.540966,2,KMeans
8.624553,11.908759,2,KMeans
9.815762,4.3496375,0,KMeans
9.399509,12.113558,2,KMeans
11.614257,5.5963426,0,KMeans
7.4309688,10.458965,2,KMeans
13.301949,13.332981,2,KMeans
9.236562,3.2301097,0,KMeans
9.265299,0.79683316,3,KMeans
8.100736,8.738324,0,KMeans
7.015952,10.07277,2,KMeans
10.026595,10.7809725,2,KMeans
11.987321,1.7777086,3,KMeans
8.035781,8.99578,0,KMeans
11.19441,0.21084258,3,KMeans
10.374873,5.1610875,0,KMeans
10.285597,10.166414,2,KMeans
11.898525,13.604613,2,KMeans
8.033821,6.3553424,0,KMeans
10.434106,4.1152563,0,KMeans
11.012218,1.9052005,3,KMeans
11.244589,7.2016273,0,KMeans
9.016766,0.3235399,3,KMeans
10.276082,5.1792827,0,KMeans
10.820378,0.3910099,3,KMeans
11.774641,7.1104164,0,KMeans
10.382861,1.3010551,3,KMeans
10.440365,2.8961446,3,KMeans
9.638477,10.392118,2,KMeans
10.935223,8.141287,0,KMeans
11.433583,4.4889874,0,KMeans
11.345893,-0.16235402,3,KMeans
10.12643,7.502527,0,KMeans
11.300711,11.835069,2,KMeans
11.120731,13.078871,2,KMeans
11.389248,2.1366658,3,KMeans
10.093763,0.34791088,3,KMeans
10.660424,10.496461,2,KMeans
10.142716,6.416358,0,KMeans
10.847977,4.0659223,0,KMeans
7.504427,9.557464,0,KMeans
10.40997,7.694138,0,KMeans
12.379693,2.7832637,2,KMeans
10.015224,-0.86445504,3,KMeans
7.1182113,7.7965684,0,KMeans
10.370431,1.2211152,3,KMeans
7.3138213,10.187975,2,KMeans
11.380723,0.13895884,3,KMeans
10.082309,6.253869,0,KMeans
7.515775,9.633013,0,KMeans
8.977956,2.6738436,3,KMeans
10.414464,10.923189,2,KMeans
11.466448,-0.7226984,3,KMeans
8.042177,7.9850206,0,KMeans
10.781627,4.1457763,0,KMeans
11.436824,11.625835,2,KMeans
11.580745,2.3322935,3,KMeans
5.393106,2.546099,1,KMeans
9.802705,6.08505,0,KMeans
12.407383,1.3517439,3,KMeans
12.523747,8.167106,2,KMeans
12.652625,0.8431206,3,KMeans
8.138967,7.67091,0,KMeans
11.658958,1.6257262,3,KMeans
13.140408,13.895689,2,KMeans
9.488232,4.3459706,0,KMeans
12.159285,11.220885,2,KMeans
6.5531874,2.9838006,0,KMeans
12.514895,0.6268464,3,KMeans
10.692945,3.1142886,3,KMeans
7.4552765,9.852713,0,KMeans
7.6770267,10.864626,2,KMeans
8.885892,9.617333,0,KMeans
11.9455185,12.478085,2,KMeans
12.957199,12.20034,2,KMeans
9.242099,7.130784,0,KMeans
9.03241,7.318248,0,KMeans
10.925095,-0.38918075,3,KMeans
10.187497,12.024376,2,KMeans
9.809995,9.179112,0,KMeans
12.046096,13.049115,2,KMeans
11.932192,6.3713355,0,KMeans
11.645652,13.309118,2,KMeans
11.281432,7.1252503,0,KMeans
8.145427,7.3515596,0,KMeans
10.796817,4.7333746,0,KMeans
6.5829234,9.755895,0,KMeans
4.3274055,2.2925203,1,KMeans
11.368629,1.1794397,3,KMeans
9.451571,7.6863837,0,KMeans
10.202383,10.874213,2,KMeans
10.233439,5.0477495,0,KMeans
10.8317175,4.9241486,0,KMeans
7.1080527,10.386121,2,KMeans
9.968079,8.088222,0,KMeans
10.417461,3.4036584,0,KMeans
9.76338,6.2871637,0,KMeans
9.816394,0.3979157,3,KMeans
10.141118,6.7616568,0,KMeans
10.534595,12.396726,2,KMeans
10.418025,4.7977414,0,KMeans
8.559278,2.4823651,3,KMeans
9.742152,1.1659416,3,KMeans
8.246302,5.062889,0,KMeans
8.902604,11.504048,2,KMeans
12.233682,1.2668908,3,KMeans
12.174133,12.444383,2,KMeans
11.793242,0.0325561,3,KMeans
12.640638,1.3547584,3,KMeans
9.341599,7.066547,0,KMeans
10.630722,0.9962449,3,KMeans
6.782477,9.896145,0,KMeans
12.185884,3.703712,0,KMeans
12.314525,0.89201546,3,KMeans
8.111369,5.4337654,0,KMeans
8.620103,7.8696,0,KMeans
8.528632,2.4848993,3,KMeans
10.387548,1.250109,3,KMeans
12.028538,7.637427,0,KMeans
11.609109,3.2232869,3,KMeans
8.706498,8.947797,0,KMeans
8.824607,1.0655774,3,KMeans
8.27666,9.3205,0,KMeans
10.460962,11.156185,2,KMeans
10.733557,12.494128,2,KMeans
6.7624683,3.1547647,0,KMeans
5.9349904,2.7159173,1,KMeans
12.565716,13.519634,2,KMeans
12.553232,13.758473,2,KMeans
10.642947,3.3357759,0,KMeans
7.722491,6.6933694,0,KMeans
12.022377,4.076077,0,KMeans
8.230695,9.505385,0,KMeans
9.968732,4.186391,0,KMeans
12.033202,2.784695,3,KMeans
10.599205,6.127777,0,KMeans
9.370132,2.717196,3,KMeans
9.146477,10.785896,2,KMeans
10.787743,1.5997472,3,KMeans
10.57618,10.319456,2,KMeans
9.901948,4.7586646,0,KMeans
11.547111,1.020847,3,KMeans
9.788316,3.85078,0,KMeans
10.422289,0.94840103,3,KMeans
10.531262,10.215341,2,KMeans
11.139922,-0.6255167,3,KMeans
8.092222,10.738017,2,KMeans
8.643159,7.6770926,0,KMeans
12.287273,12.586715,2,KMeans
11.219966,4.676638,0,KMeans
11.602354,4.5423045,0,KMeans
10.485585,4.011705,0,KMeans
5.115162,2.5137253,1,KMeans
11.539848,-0.3285443,3,KMeans
9.855896,9.966284,2,KMeans
11.431885,-0.38364452,3,KMeans
11.2488165,6.1445465,0,KMeans
11.960123,10.213747,2,KMeans
9.877553,6.2022114,0,KMeans
11.641619,1.322791,3,KMeans
12.980819,12.654446,2,KMeans
8.7998,10.500447,2,KMeans
10.148657,8.378961,0,KMeans
10.556053,6.5809865,0,KMeans
12.150048,4.253062,0,KMeans
9.347503,11.238654,2,KMeans
11.859026,10.935072,2,KMeans
12.1395035,1.6537808,3,KMeans
9.752419,7.344643,0,KMeans
9.744908,7.3769217,0,KMeans
9.484646,3.8100939,0,KMeans
8.595274,6.820767,0,KMeans
11.528614,4.456227,0,KMeans
10.722306,3.5589945,0,KMeans
7.856734,8.364235,0,KMeans
7.900323,7.0961146,0,KMeans
8.300051,10.484534,2,KMeans
12.410121,6.677142,0,KMeans
12.809287,11.586762,2,KMeans
6.5515633,9.430291,0,KMeans
9.098334,4.043815,0,KMeans
8.645876,8.845009,0,KMeans
7.284571,8.090138,0,KMeans
11.665627,0.18503127,3,KMeans
9.096358,11.378123,2,KMeans
10.597555,-0.36074725,3,KMeans
11.263996,10.698452,2,KMeans
9.778343,6.3856263,0,KMeans
8.241163,11.186382,2,KMeans
8.243796,7.9769173,0,KMeans
10.317021,3.7734954,0,KMeans
10.431972,8.336773,0,KMeans
10.171697,4.6294007,0,KMeans
9.519729,7.388615,0,KMeans
8.924206,9.604743,0,KMeans
9.8071995,4.184229,0,KMeans
9.7778225,11.125327,2,KMeans
9.649227,3.5686233,0,KMeans
10.149925,1.4560484,3,KMeans
8.857133,1.6327229,3,KMeans
11.122708,7.2153234,0,KMeans
13.611667,13.96577,2,KMeans
10.215504,8.6015,0,KMeans
9.158499,6.3699527,0,KMeans
11.628987,3.8417115,0,KMeans
8.833736,2.504495,3,KMeans
12.0847645,0.49217653,3,KMeans
8.432043,4.117675,0,KMeans
12.25949,7.4035,0,KMeans
10.934887,10.394506,2,KMeans
12.137024,12.940654,2,KMeans
10.637335,0.98442245,3,KMeans
10.6192465,9.499589,2,KMeans
12.217548,3.9319892,0,KMeans
8.141834,9.822009,2,KMeans
10.619643,0.4811488,3,KMeans
10.42844,11.484689,2,KMeans
9.023752,0.8280556,3,KMeans
10.63563,8.882839,0,KMeans
8.14614,9.985638,2,KMeans
9.583162,6.474976,0,KMeans
11.834728,10.372631,2,KMeans
10.104111,8.402428,0,KMeans
9.676714,10.503737,2,KMeans
8.7329645,5.831417,0,KMeans
10.384125,8.7760105,0,KMeans
10.927446,3.4507785,0,KMeans
8.664669,-0.44217125,3,KMeans
12.9018955,13.426086,2,KMeans
9.547234,2.3789208,3,KMeans
12.577961,7.6118155,0,KMeans
10.568781,5.6082788,0,KMeans
9.213213,9.060034,0,KMeans
9.83336,6.037,0,KMeans
12.305298,11.751154,2,KMeans
10.78429,8.560439,0,KMeans
12.634976,2.3196356,2,KMeans
8.189005,9.184271,0,KMeans
12.630592,0.3534056,3,KMeans
9.31292,5.919119,0,KMeans
10.899789,11.789339,2,KMeans
8.550111,10.099771,2,KMeans
10.691048,8.571554,0,KMeans
9.314412,9.999337,2,KMeans
12.886319,9.571362,2,KMeans
11.432402,4.246447,0,KMeans
12.024811,1.3284395,3,KMeans
11.278078,2.2927177,3,KMeans
11.408567,9.96097,2,KMeans
11.698485,10.447879,2,KMeans
11.948646,13.520527,2,KMeans
9.437258,7.5369396,0,KMeans
11.195202,11.582633,2,KMeans
11.247688,7.6577315,0,KMeans
9.3411,8.985614,0,KMeans
13.448139,12.91026,2,KMeans
10.130312,9.007749,0,KMeans
9.815484,9.798018,2,KMeans
8.850664,-0.9585915,3,KMeans
10.685751,11.720721,2,KMeans
9.819296,2.134928,3,KMeans
9.870988,11.14012,2,KMeans
10.829271,3.3230577,0,KMeans
10.115093,10.785801,2,KMeans
8.41359,2.1157615,0,KMeans
7.707401,9.364674,0,KMeans
9.606036,6.439857,0,KMeans
9.925147,8.662925,0,KMeans
10.922802,2.5784159,3,KMeans
9.511081,6.004587,0,KMeans
11.805542,7.036906,0,KMeans
10.939096,0.63914025,3,KMeans
12.016382,13.050434,2,KMeans
8.955347,-0.26567137,3,KMeans
9.659859,10.605988,2,KMeans
10.366747,10.378206,2,KMeans
12.083812,2.5632005,3,KMeans
9.198674,3.9491627,0,KMeans
7.858889,10.117211,0,KMeans
10.829898,11.793976,2,KMeans
8.988758,9.266727,0,KMeans
8.874461,0.51262414,3,KMeans
13.336419,13.097501,2,KMeans
10.556114,11.157701,2,KMeans
7.309447,9.642126,0,KMeans
9.066382,3.7885525,0,KMeans
8.525358,8.776512,0,KMeans
10.860285,4.0367475,0,KMeans
12.006968,6.813418,0,KMeans
12.108529,13.093717,2,KMeans
9.620919,10.340728,2,KMeans
8.350767,9.331851,0,KMeans
9.0543585,2.175757,3,KMeans
10.348221,4.176135,0,KMeans
10.174834,5.087115,0,KMeans
7.397826,9.809899,0,KMeans
11.4148035,4.4738245,0,KMeans
10.477122,3.272995,0,KMeans
12.70319,1.9117573,2,KMeans
11.5463505,8.005656,0,KMeans
10.081847,3.2570832,3,KMeans
10.085852,3.1239884,3,KMeans
9.088654,1.3450413,3,KMeans
11.536962,-0.3253455,3,KMeans
10.294101,2.8662505,0,KMeans
11.210831,13.058504,2,KMeans
12.019957,1.0200166,3,KMeans
9.683178,0.08604648,3,KMeans
9.981048,6.361589,0,KMeans
13.470348,12.0986595,2,KMeans
11.542025,12.663755,2,KMeans
10.225791,8.951322,0,KMeans
10.633236,10.188205,2,KMeans
11.329051,10.385905,2,KMeans
11.642974,8.346684,0,KMeans
9.778101,2.5492527,3,KMeans
9.397812,1.5976017,3,KMeans
9.453748,9.789882,2,KMeans
12.171014,1.2709645,3,KMeans
12.601393,13.210659,2,KMeans
11.772521,-0.78583884,3,KMeans
7.888403,3.2153006,0,KMeans
10.621315,6.3605347,0,KMeans
12.660273,13.771999,2,KMeans
12.113147,12.977069,2,KMeans
8.799288,3.6651843,0,KMeans
12.19926,-0.033124782,3,KMeans
9.587953,3.2076564,0,KMeans
12.916983,11.508295,2,KMeans
13.072666,13.743144,2,KMeans
8.969593,9.497235,0,KMeans
11.060003,5.622533,0,KMeans
9.527647,0.3331102,3,KMeans
9.192579,4.478845,0,KMeans
10.202754,12.21369,2,KMeans
11.78086,2.927702,3,KMeans
10.537681,0.7181963,3,KMeans
9.035742,9.366165,0,KMeans
9.802222,0.37923342,3,KMeans
12.641068,1.726553,2,KMeans
10.815758,7.329147,0,KMeans
10.193306,7.2170005,0,KMeans
9.856571,7.806605,0,KMeans
11.277051,7.7258005,0,KMeans
11.385663,10.247727,2,KMeans
13.306846,10.3975,3,KMeans
9.710032,7.421766,0,KMeans
10.665052,1.8093204,3,KMeans
10.663118,1.5085626,3,KMeans
10.840197,9.689555,2,KMeans
9.924771,7.3449974,0,KMeans
9.430435,3.9466376,0,KMeans
12.216402,10.241179,2,KMeans
11.055599,7.7780805,0,KMeans
10.001785,11.737784,2,KMeans
10.768991,5.5600414,0,KMeans
10.76894,3.90413,0,KMeans
7.2349515,9.208998,0,KMeans
12.926232,0.4775714,2,KMeans
8.583597,-0.64297575,3,KMeans
11.692386,3.5027635,3,KMeans
10.643762,12.61026,2,KMeans
11.289416,2.3707707,3,KMeans
10.426904,6.7846756,0,KMeans
9.994657,5.1501265,0,KMeans
10.143438,9.481528,0,KMeans
11.63331,6.0942883,0,KMeans
9.225125,1.797258,3,KMeans
8.565325,0.14955142,3,KMeans
10.8164835,5.5952864,0,KMeans
8.879389,0.8702452,3,KMeans
9.4534235,0.09380981,3,KMeans
7.891048,7.3769526,0,KMeans
11.302359,7.120692,0,KMeans
9.931608,6.398015,0,KMeans
10.623963,0.59438664,3,KMeans
9.550203,9.14458,0,KMeans
12.175868,-0.70606834,3,KMeans
10.771929,5.5502706,0,KMeans
10.683796,6.7622113,0,KMeans
10.04102,5.2240586,0,KMeans
12.146973,2.8217227,3,KMeans
8.970734,4.227912,0,KMeans
11.564935,11.114995,2,KMeans
8.885598,8.609074,0,KMeans
10.478452,6.3839207,0,KMeans
9.6005535,7.834795,0,KMeans
7.308596,10.578575,2,KMeans
8.532951,4.9014206,0,KMeans
8.88834,0.9516158,3,KMeans
12.276184,11.23801,2,KMeans
10.055377,3.0854986,0,KMeans
11.907373,9.438155,2,KMeans
11.519919,-0.37100312,3,KMeans
10.632652,12.722769,2,KMeans
11.57847,4.4848385,0,KMeans
7.167252,8.247228,0,KMeans
7.689232,9.582536,0,KMeans
12.237018,12.960322,2,KMeans
6.4113355,2.8328092,1,KMeans
8.6838255,8.024993,0,KMeans
11.125143,3.3602095,2,KMeans
11.403879,0.8614994,3,KMeans
11.787803,13.077631,2,KMeans
11.022417,3.3011532,3,KMeans
11.251537,1.2664714,3,KMeans
11.23962,2.4924924,3,KMeans
9.052224,-0.6930624,3,KMeans
6.9964166,10.093341,2,KMeans
11.444191,-0.5025032,3,KMeans
10.297564,6.3815656,0,KMeans
10.669453,0.63115567,3,KMeans
8.596161,3.654513,0,KMeans
10.664354,11.172173,2,KMeans
10.414548,7.063066,0,KMeans
12.497633,2.2257724,3,KMeans
10.256778,11.798312,2,KMeans
9.259763,0.70089245,3,KMeans
10.821892,6.4435744,0,KMeans
10.285223,9.035232,0,KMeans
11.683777,0.6229374,3,KMeans
10.15933,8.975109,0,KMeans
10.5572605,5.469412,0,KMeans
8.752287,2.3227477,3,KMeans
13.63854,13.554157,2,KMeans
10.30663,6.537884,0,KMeans
8.070707,7.5450835,0,KMeans
13.244732,14.018462,2,KMeans
12.424122,10.355319,2,KMeans
11.539938,4.128277,0,KMeans
10.140305,10.832199,2,KMeans
10.593457,-0.7170961,3,KMeans
9.059109,5.0906296,0,KMeans
9.399316,3.5112822,0,KMeans
10.970007,1.05658,3,KMeans
9.508592,6.524622,0,KMeans
10.935655,1.9040579,3,KMeans
9.895437,7.48733,0,KMeans
11.168749,10.35294,2,KMeans
10.260955,7.781868,0,KMeans
10.854893,9.082326,0,KMeans
11.573157,3.0811486,0,KMeans
9.94215,3.6405885,0,KMeans
9.081787,0.080329314,3,KMeans
9.494333,0.91951144,3,KMeans
8.852423,2.4865239,3,KMeans
10.393722,10.600422,2,KMeans
10.365832,12.431913,2,KMeans
8.198966,9.306699,0,KMeans
8.285319,6.3367248,0,KMeans
11.586407,5.4914675,0,KMeans
10.836327,4.6583104,0,KMeans
8.944802,2.1295745,3,KMeans
9.839808,7.1806808,0,KMeans
11.76417,-0.6637155,3,KMeans
10.574626,9.7432575,2,KMeans
9.168548,6.799746,0,KMeans
11.940772,7.2327027,0,KMeans
8.768455,8.228261,0,KMeans
12.211367,1.5888408,3,KMeans
8.331358,3.925915,0,KMeans
11.5127945,0.118790455,3,KMeans
12.992951,0.93702286,2,KMeans
11.006934,12.658211,2,KMeans
12.104907,9.065046,2,KMeans
9.828186,0.440454,3,KMeans
10.907836,12.6588125,2,KMeans
9.333733,4.535916,0,KMeans
10.958078,3.7596755,0,KMeans
10.481778,3.1718893,0,KMeans
12.735628,11.646808,2,KMeans
11.382868,0.99904424,3,KMeans
10.203456,11.789521,2,KMeans
12.590578,9.041384,2,KMeans
9.837572,7.579205,0,KMeans
11.296277,10.179401,2,KMeans
10.231103,-0.80679405,3,KMeans
8.571706,0.68254906,3,KMeans
12.0876465,12.202893,2,KMeans
10.977107,3.5366688,2,KMeans
11.897469,11.807229,2,KMeans
11.536513,6.7635136,0,KMeans
9.155976,5.037164,0,KMeans
12.198392,-0.036214765,3,KMeans
12.867785,0.72624457,2,KMeans
8.774588,8.78885,0,KMeans
8.721603,1.723689,3,KMeans
7.121696,9.622456,0,KMeans
10.3557005,11.508608,2,KMeans
9.70672,2.1930318,3,KMeans
10.398782,2.8633046,0,KMeans
10.960072,3.8297365,0,KMeans
8.806222,1.8006206,3,KMeans
10.018497,11.758275,2,KMeans
12.623791,10.311629,2,KMeans
12.566256,12.267273,2,KMeans
7.835922,7.186505,0,KMeans
13.143557,12.352446,2,KMeans
9.245477,5.9810443,0,KMeans
10.073404,2.0044663,3,KMeans
11.053832,5.736147,0,KMeans
12.636213,13.779739,2,KMeans
9.879204,7.708572,0,KMeans
9.024796,6.098864,0,KMeans
10.483323,0.9105869,3,KMeans
12.626914,-0.61973757,3,KMeans
10.314886,8.316947,0,KMeans
10.831627,5.7216973,0,KMeans
7.649021,5.9984846,0,KMeans
9.3054695,12.099085,2,KMeans
9.139788,6.436952,0,KMeans
10.977737,7.4201283,0,KMeans
12.55017,9.350389,2,KMeans
9.265299,6.9529996,0,KMeans
11.979692,9.455442,2,KMeans
9.806262,7.3815527,0,KMeans
11.444211,9.238187,2,KMeans
12.154411,1.644133,2,KMeans
12.028617,13.574419,2,KMeans
8.973057,11.876042,2,KMeans
12.104554,11.933864,2,KMeans
11.987742,12.797341,2,KMeans
4.7722836,2.43391,1,KMeans
11.538882,3.0089843,3,KMeans
11.342987,13.094406,2,KMeans
10.372318,5.6828938,0,KMeans
7.7087126,5.44798,0,KMeans
12.558005,0.01576992,3,KMeans
11.80095,12.632115,2,KMeans
8.990578,8.778714,0,KMeans
10.248675,10.865209,2,KMeans
10.816868,2.7332768,3,KMeans
11.72112,13.200877,2,KMeans
9.9780855,0.3329945,3,KMeans
8.995545,1.3695225,3,KMeans
8.923049,12.029256,2,KMeans
10.142433,7.5601993,0,KMeans
12.902759,10.497316,2,KMeans
11.274996,10.6879425,2,KMeans
10.2566,11.45038,2,KMeans
13.183117,11.941712,2,KMeans
11.148597,1.6801896,3,KMeans
8.790994,8.938199,0,KMeans
9.027548,1.3933555,3,KMeans
6.3772388,2.9124143,1,KMeans
8.732173,3.351275,0,KMeans
8.558791,1.5855826,3,KMeans
9.690998,4.033457,0,KMeans
8.544855,2.4394257,3,KMeans
9.984786,9.025179,0,KMeans
7.008923,9.563199,0,KMeans
7.0279016,8.441926,0,KMeans
9.7434435,7.651345,0,KMeans
12.745572,1.7518499,2,KMeans
9.795715,10.925304,2,KMeans
9.672102,6.429768,0,KMeans
10.909749,2.22866,3,KMeans
10.085635,11.695285,2,KMeans
10.291077,7.492478,0,KMeans
11.849538,0.5035189,3,KMeans
8.721525,8.237547,0,KMeans
12.517575,-0.41158184,3,KMeans
9.257133,2.410888,3,KMeans
11.039737,8.973762,2,KMeans
12.899284,0.95697767,2,KMeans
11.237042,3.4540014,2,KMeans
5.9213667,2.7315586,1,KMeans
11.968599,1.8886265,3,KMeans
9.568587,9.728944,0,KMeans
10.801011,11.12837,2,KMeans
10.449588,7.942128,0,KMeans
12.564551,12.893629,2,KMeans
9.353931,8.267649,0,KMeans
8.620186,6.895608,0,KMeans
8.586128,3.6246202,0,KMeans
12.925206,9.950382,2,KMeans
11.124724,1.9965532,3,KMeans
9.054477,4.8604684,0,KMeans
7.8329525,11.391335,2,KMeans
12.111681,1.6811367,2,KMeans
9.642279,1.2220416,3,KMeans
9.414405,0.8368636,3,KMeans
8.722606,-0.49931198,3,KMeans
12.122455,13.298042,2,KMeans
11.800933,7.7101088,0,KMeans
11.077911,2.513046,0,KMeans
10.266943,4.367924,0,KMeans
8.331031,7.910075,0,KMeans
9.924844,2.8889718,0,KMeans
12.272611,7.959013,0,KMeans
7.193407,9.46975,0,KMeans
8.303201,6.4696264,0,KMeans
9.85661,7.21324,0,KMeans
9.677372,6.817675,0,KMeans
11.618492,12.805781,2,KMeans
10.84619,5.9403973,0,KMeans
12.650067,-0.51265615,3,KMeans
11.181923,1.9017336,3,KMeans
9.891001,3.1220915,3,KMeans
11.536958,3.1512828,3,KMeans
10.189155,4.920782,0,KMeans
13.130082,12.064479,2,KMeans
12.915984,9.90144,2,KMeans
8.250481,6.615942,0,KMeans
10.373159,1.7275956,3,KMeans
8.835421,2.6513731,3,KMeans
11.754642,1.4332196,3,KMeans
9.976709,6.810993,0,KMeans
9.0795145,7.7145677,0,KMeans
12.443407,10.2072315,2,KMeans
9.7492,7.6391883,0,KMeans
11.268718,11.819786,2,KMeans
10.5642185,-0.73476744,3,KMeans
12.45764,1.3050027,3,KMeans
11.661979,3.972311,0,KMeans
4.6144133,2.3704057,1,KMeans
11.612833,-0.60884464,3,KMeans
7.9186153,8.535554,0,KMeans
9.10378,7.9314938,0,KMeans
11.186197,6.000034,0,KMeans
6.8437486,9.523331,0,KMeans
10.868586,6.8547173,0,KMeans
12.6092825,2.6316524,2,KMeans
8.022209,10.657972,2,KMeans
8.632555,0.46429822,3,KMeans
11.977695,0.74062634,3,KMeans
9.831138,5.798414,0,KMeans
12.193337,3.1488242,3,KMeans
8.338803,8.957673,0,KMeans
10.442589,8.700799,0,KMeans
7.842209,5.5629334,0,KMeans
8.646559,-0.36779433,3,KMeans
7.818907,8.454385,0,KMeans
8.820406,6.6114593,0,KMeans
10.879519,7.0065246,0,KMeans
9.296764,10.55306,2,KMeans
6.087476,2.7919047,1,KMeans
10.491551,1.2357323,3,KMeans
9.755138,0.47462296,3,KMeans
11.204613,11.729116,2,KMeans
10.732323,3.3724039,3,KMeans
10.199414,4.3345637,0,KMeans
9.190296,7.9802246,0,KMeans
11.8060465,3.2104518,2,KMeans
10.823895,10.834128,2,KMeans
8.58439,-0.71279156,3,KMeans
9.892848,10.730536,2,KMeans
10.896964,3.6170628,0,KMeans
11.881901,11.583262,2,KMeans
11.310425,7.4218574,0,KMeans
9.5946,10.388722,2,KMeans
10.990574,1.9123548,3,KMeans
8.178048,10.687478,2,KMeans
10.642425,-0.011292448,3,KMeans
11.328302,5.1810603,0,KMeans
12.416929,11.617866,2,KMeans
11.199046,11.8226795,2,KMeans
9.294437,7.941861,0,KMeans
12.762833,11.045332,2,KMeans
10.330224,4.156166,0,KMeans
7.806202,8.428883,0,KMeans
11.904104,-0.13400206,3,KMeans
9.795232,9.769382,2,KMeans
8.701028,10.429522,2,KMeans
6.968296,10.268199,2,KMeans
10.453952,6.292036,0,KMeans
8.625181,-0.5173559,3,KMeans
8.87675,5.646525,0,KMeans
10.203031,6.919386,0,KMeans
13.19794,11.526214,2,KMeans
10.9994335,2.3720057,3,KMeans
10.661157,11.625614,2,KMeans
10.375894,3.1957061,3,KMeans
10.289663,6.181808,0,KMeans
8.282853,11.31826,2,KMeans
10.327941,8.707236,0,KMeans
13.108332,12.953989,2,KMeans
12.679461,10.252588,2,KMeans
11.352906,11.601092,2,KMeans
10.901739,0.86279166,3,KMeans
9.697409,2.6511078,3,KMeans
11.998847,3.6036396,3,KMeans
8.61429,8.294217,0,KMeans
12.029051,9.376428,2,KMeans
11.945458,12.059245,2,KMeans
12.592076,1.4054766,2,KMeans
12.144241,6.938806,0,KMeans
10.830397,6.105528,0,KMeans
8.519541,10.008366,2,KMeans
12.292997,13.241188,2,KMeans
7.81142,5.400255,0,KMeans
10.426864,10.230234,2,KMeans
11.442303,10.912444,2,KMeans
10.449031,1.4051532,3,KMeans
8.146419,9.509717,0,KMeans
10.313312,1.3131769,3,KMeans
7.8995447,4.8438864,0,KMeans
10.213406,1.5335268,3,KMeans
10.67354,7.2356973,0,KMeans
13.272074,13.64555,2,KMeans
8.405395,5.05363,0,KMeans
12.600442,1.0090065,3,KMeans
10.810468,1.5415375,3,KMeans
10.284057,7.7719164,0,KMeans
10.378512,1.8339859,3,KMeans
12.69945,-0.25677204,3,KMeans
11.56657,8.174406,0,KMeans
11.862918,9.735851,2,KMeans
9.9432535,9.340311,0,KMeans
8.922195,1.9278516,3,KMeans
9.098025,1.2667083,3,KMeans
10.644897,3.291368,0,KMeans
7.03204,10.495583,2,KMeans
10.254009,-0.4919037,3,KMeans
9.004227,10.244864,2,KMeans
11.848309,1.5953699,3,KMeans
12.251337,7.078203,0,KMeans
11.572571,-0.07976005,3,KMeans
8.105046,5.769491,0,KMeans
12.679865,0.75595784,3,KMeans
9.718417,5.38001,0,KMeans
9.070161,11.943137,2,KMeans
9.729413,7.608596,0,KMeans
11.271816,12.410801,2,KMeans
7.47886,2.4896967,3,KMeans
6.8634543,10.018952,2,KMeans
10.380551,2.84998,3,KMeans
9.317662,9.444113,0,KMeans
12.143158,4.4264135,0,KMeans
5.6184254,2.562997,1,KMeans
11.43362,4.447535,0,KMeans
8.686865,-0.09731907,3,KMeans
9.901049,6.890247,0,KMeans
9.126342,1.7590449,3,KMeans
9.607001,4.1001997,0,KMeans
5.2260785,2.5462754,1,KMeans
10.098418,8.115955,0,KMeans
8.860539,10.09761,2,KMeans
9.823464,8.938661,0,KMeans
9.131759,7.04522,0,KMeans
11.836355,12.918168,2,KMeans
11.124699,2.4419146,3,KMeans
11.618723,11.062056,2,KMeans
9.611808,1.363459,3,KMeans
11.686395,7.3664274,0,KMeans
9.318634,9.223339,0,KMeans
9.26217,5.1739006,0,KMeans
11.209743,11.168127,2,KMeans
8.65251,5.1637793,0,KMeans
8.225034,4.725859,0,KMeans
8.94945,9.262013,0,KMeans
8.96135,8.141281,0,KMeans
10.11852,12.132394,2,KMeans
11.127736,3.996453,0,KMeans
10.80695,11.805576,2,KMeans
9.428872,10.90291,2,KMeans
8.261812,6.779382,0,KMeans
12.161568,0.9957403,3,KMeans
8.7208185,10.125599,2,KMeans
9.872342,7.737899,0,KMeans
9.968741,10.563798,2,KMeans
7.435816,10.23326,2,KMeans
6.9065485,10.1159315,2,KMeans
11.326557,12.906477,2,KMeans
8.741308,4.331256,0,KMeans
9.807485,7.929965,0,KMeans
11.241555,8.747219,0,KMeans
10.594292,-0.61385655,3,KMeans
10.09686,6.138515,0,KMeans
7.2187114,9.715044,0,KMeans
10.999071,8.353797,0,KMeans
11.294001,11.722705,2,KMeans
10.217686,7.149128,0,KMeans
9.330202,7.7168555,0,KMeans
11.188263,12.58205,2,KMeans
10.773683,11.777978,2,KMeans
8.883898,3.826841,0,KMeans
11.88669,12.98331,2,KMeans
9.368555,-0.42491055,3,KMeans
10.770737,6.616861,0,KMeans
8.539037,7.0681915,0,KMeans
12.007234,10.042006,2,KMeans
9.284522,0.19327492,3,KMeans
9.512949,7.2990446,0,KMeans
8.913086,-0.4086254,3,KMeans
10.672533,5.5710387,0,KMeans
8.624759,2.2370446,3,KMeans
10.696283,12.209817,2,KMeans
11.925312,6.25638,0,KMeans
12.551304,11.007417,2,KMeans
12.764887,-0.51410884,2,KMeans
10.12448,7.6622686,0,KMeans
13.124724,10.200552,2,KMeans
11.298636,1.1226246,3,KMeans
12.411592,-0.42419857,3,KMeans
10.82173,0.6186095,3,KMeans
9.728111,-0.16814451,3,KMeans
12.518875,7.6609635,2,KMeans
9.900315,7.635154,0,KMeans
11.515127,1.5818924,3,KMeans
10.903183,4.452008,0,KMeans
12.734751,2.8490689,2,KMeans
12.38323,13.3324175,2,KMeans
12.423224,-0.005315746,3,KMeans
10.484283,5.2226067,0,KMeans
13.270706,10.420002,3,KMeans
11.14646,12.025837,2,KMeans
10.71219,11.290942,2,KMeans
10.333262,8.394357,0,KMeans
12.616211,1.9299965,2,KMeans
11.012439,3.0950067,3,KMeans
9.889122,6.8534822,0,KMeans
10.126302,11.243238,2,KMeans
13.624056,13.400597,2,KMeans
10.116543,7.478052,0,KMeans
12.407449,2.7692041,2,KMeans
8.2003975,9.703535,0,KMeans
5.787015,2.6482236,1,KMeans
8.59322,7.554771,0,KMeans
8.198534,4.3232737,0,KMeans
12.004559,-0.3800273,3,KMeans
6.8216486,9.900553,2,KMeans
7.2191257,3.1476002,0,KMeans
5.698985,2.6020513,1,KMeans
13.22838,11.341537,2,KMeans
12.462669,0.2461967,3,KMeans
12.863802,10.873753,2,KMeans
9.969272,1.3544611,3,KMeans
8.191791,6.2757444,0,KMeans
8.446518,10.680028,2,KMeans
11.614494,-0.78319776,3,KMeans
10.578665,10.9769535,2,KMeans
9.115754,9.887249,2,KMeans
9.521508,11.0900955,2,KMeans
10.650501,-0.29687595,3,KMeans
10.202475,1.5256901,3,KMeans
10.255374,5.885859,0,KMeans
8.628218,6.0831203,0,KMeans
7.3213134,9.2396145,0,KMeans
8.822865,8.2357235,0,KMeans
11.634608,9.65945,2,KMeans
7.8723044,8.48249,0,KMeans
8.110211,6.126651,0,KMeans
9.955356,0.37021986,3,KMeans
9.411312,4.6948357,0,KMeans
9.04163,10.138344,2,KMeans
10.244329,10.810212,2,KMeans
11.451846,8.672155,0,KMeans
10.209222,7.935577,0,KMeans
11.233733,4.119905,0,KMeans
10.916821,1.7627466,3,KMeans
12.378821,3.4143877,2,KMeans
11.222748,6.209831,0,KMeans
9.992077,8.731198,0,KMeans
9.544934,9.805311,2,KMeans
11.246484,2.6200325,3,KMeans
13.322108,10.753516,2,KMeans
11.204847,11.770269,2,KMeans
12.12967,-0.44627887,3,KMeans
9.990281,4.8233843,0,KMeans
8.317049,10.877525,2,KMeans
9.250119,10.100705,2,KMeans
10.769487,3.53378,0,KMeans
4.30435,2.2766974,1,KMeans
7.808816,6.33238,0,KMeans
12.130437,13.448859,2,KMeans
9.217214,4.8455143,0,KMeans
11.54414,9.19127,2,KMeans
11.861966,13.5961275,2,KMeans
11.68963,0.14676006,3,KMeans
13.115366,12.165322,2,KMeans
9.677445,7.041939,0,KMeans
11.842816,7.714819,0,KMeans
10.94697,0.31353548,3,KMeans
12.766184,10.260448,2,KMeans
12.37828,10.424004,2,KMeans
8.829548,5.7107086,0,KMeans
7.8031197,8.835218,0,KMeans
8.536182,7.7171545,0,KMeans
9.364642,5.5771255,0,KMeans
10.429712,9.746395,2,KMeans
11.506934,9.522315,2,KMeans
8.317297,7.197817,0,KMeans
11.384571,2.3486097,3,KMeans
8.05513,8.064624,0,KMeans
8.679558,8.728446,0,KMeans
11.275853,10.276366,2,KMeans
9.652162,3.33996,0,KMeans
11.900786,1.5437375,3,KMeans
9.854395,10.412785,2,KMeans
11.663069,9.453385,2,KMeans
10.997141,10.170911,2,KMeans
13.3212805,13.421816,2,KMeans
8.506194,4.5872006,0,KMeans
11.403468,0.46605316,3,KMeans
8.997909,8.664518,0,KMeans
9.850263,8.459974,0,KMeans
10.091755,3.4340475,0,KMeans
8.87867,7.5316167,0,KMeans
6.59521,2.6572719,3,KMeans
8.498837,5.2106075,0,KMeans
7.8961196,10.856818,2,KMeans
9.413352,5.9466853,0,KMeans
8.496351,2.4096103,3,KMeans
10.225961,4.9990697,0,KMeans
10.136666,7.892645,0,KMeans
9.404471,4.363551,0,KMeans
10.64629,-0.04175845,3,KMeans
8.164103,11.112289,2,KMeans
11.559884,-0.21528049,3,KMeans
6.57888,2.9274473,2,KMeans
11.9637785,3.2643409,3,KMeans
9.710087,0.9062949,3,KMeans
11.313677,0.27870545,3,KMeans
11.458385,11.279364,2,KMeans
9.683735,9.268793,0,KMeans
8.577775,-0.22561924,3,KMeans
11.512728,9.726106,2,KMeans
12.376774,1.956224,3,KMeans
10.908259,9.814421,2,KMeans
8.244979,9.904332,2,KMeans
12.146057,1.6538162,3,KMeans
9.063462,1.5028144,3,KMeans
10.764683,0.40131688,3,KMeans
7.272969,10.053646,0,KMeans
11.584973,1.9424986,3,KMeans
9.028948,6.9193196,0,KMeans
7.967609,4.925259,0,KMeans
8.768412,-0.78848684,3,KMeans
10.481191,3.5820282,0,KMeans
10.741819,0.04237281,3,KMeans
10.754545,4.0143805,0,KMeans
9.867029,3.481599,0,KMeans
8.946359,-0.9138389,3,KMeans
11.200918,3.7232022,0,KMeans
9.527138,-0.08157005,3,KMeans
8.814673,3.5095003,0,KMeans
10.1279545,5.967172,0,KMeans
12.0537615,3.7322397,0,KMeans
9.736027,4.340115,0,KMeans
10.202412,11.100555,2,KMeans
10.669763,8.676415,0,KMeans
11.826404,-0.85188615,3,KMeans
9.183182,3.6376202,0,KMeans
11.348415,0.12664321,3,KMeans
7.1018786,8.44884,0,KMeans
13.3140955,12.040567,2,KMeans
9.671565,8.855194,0,KMeans
10.299667,2.3599021,3,KMeans
9.597153,-0.23376688,3,KMeans
8.41348,10.671491,2,KMeans
8.401728,10.457303,2,KMeans
10.677426,4.6242275,0,KMeans
12.4760065,13.918907,2,KMeans
12.491887,12.499957,2,KMeans
10.08078,2.5455518,3,KMeans
10.581962,11.66492,2,KMeans
11.153521,-0.60181665,3,KMeans
12.5081415,12.302657,2,KMeans
9.870661,11.103405,2,KMeans
9.014214,10.948075,2,KMeans
11.267978,12.877085,2,KMeans
10.967686,8.107774,0,KMeans
8.150696,5.849919,0,KMeans
11.270991,4.4994774,0,KMeans
7.6379104,8.754494,0,KMeans
9.83293,2.7113798,3,KMeans
8.448993,5.2938805,0,KMeans
10.887201,6.1450915,0,KMeans
9.198208,5.6142974,0,KMeans
13.095503,10.659839,2,KMeans
9.468393,6.056634,0,KMeans
9.202926,6.1145806,0,KMeans
11.8702135,12.977626,2,KMeans
10.723789,5.623123,0,KMeans
10.370511,9.606521,0,KMeans
9.785371,10.965511,2,KMeans
12.020501,1.097943,3,KMeans
11.447148,11.616074,2,KMeans
11.670718,12.277642,2,KMeans
11.348894,8.199852,0,KMeans
10.246572,10.26377,2,KMeans
10.0458,4.16768,0,KMeans
11.868731,4.473513,0,KMeans
10.928666,3.7008557,0,KMeans
10.941677,5.979266,0,KMeans
9.742635,-0.2159676,3,KMeans
11.005785,6.933362,0,KMeans
10.726554,5.512094,0,KMeans
7.589243,6.064036,0,KMeans
12.159328,8.552945,2,KMeans
12.2340555,8.025158,2,KMeans
11.855829,0.22052144,3,KMeans
11.868862,10.733643,2,KMeans
7.961595,9.176335,0,KMeans
11.470808,11.9521265,2,KMeans
8.034633,11.299424,2,KMeans
10.325987,12.286216,2,KMeans
10.367546,1.8213441,3,KMeans
9.540638,5.4930167,0,KMeans
9.712313,1.8798627,3,KMeans
11.633448,5.6296077,0,KMeans
10.701154,9.089453,0,KMeans
9.113506,2.1769335,3,KMeans
10.370941,6.5912213,0,KMeans
12.013259,13.007918,2,KMeans
6.9034963,10.156321,2,KMeans
11.640912,-0.534285,3,KMeans
11.600021,12.636389,2,KMeans
6.551212,9.308362,0,KMeans
12.129922,7.6376977,0,KMeans
6.6047735,9.850733,0,KMeans
8.460523,4.744589,0,KMeans
10.108098,12.241426,2,KMeans
12.447552,1.1291361,3,KMeans
8.856277,3.7518723,0,KMeans
7.89719,5.4961905,0,KMeans
9.200919,4.0727105,0,KMeans
8.696935,7.983947,0,KMeans
7.375882,10.635102,2,KMeans
12.895011,9.884742,2,KMeans
11.272555,6.809509,0,KMeans
11.55812,0.84864473,3,KMeans
4.4081187,2.3159194,1,KMeans
10.791416,11.34767,2,KMeans
10.56055,7.4670577,0,KMeans
10.086065,8.921084,0,KMeans
9.799055,1.8011775,3,KMeans
9.520719,6.2070475,0,KMeans
10.568718,3.9305518,0,KMeans
8.303975,6.961985,0,KMeans
13.028614,12.192252,2,KMeans
8.535564,9.069364,0,KMeans
8.204197,5.9380407,0,KMeans
9.824843,-0.65885067,3,KMeans
10.183595,6.0851808,0,KMeans
8.456401,8.60065,0,KMeans
8.84887,5.499318,0,KMeans
13.447476,11.560128,2,KMeans
10.472677,8.394525,0,KMeans
9.998429,9.179616,0,KMeans
8.566358,-0.03983447,3,KMeans
8.17238,7.365148,0,KMeans
9.772807,3.19702,0,KMeans
10.11141,6.3394685,0,KMeans
10.813005,10.564464,2,KMeans
11.0334635,10.226599,2,KMeans
9.5046425,8.826963,0,KMeans
11.264582,10.774259,2,KMeans
7.15449,9.172088,0,KMeans
7.33496,8.001505,0,KMeans
12.19171,3.8000824,0,KMeans
11.588652,8.4335375,0,KMeans
8.328375,6.4238515,0,KMeans
10.949776,3.5269244,0,KMeans
12.514389,-0.63878924,3,KMeans
13.284595,12.501643,2,KMeans
8.193437,10.641945,2,KMeans
10.473151,8.766184,0,KMeans
10.342798,1.479291,3,KMeans
10.692084,5.5898266,0,KMeans
10.529509,9.133045,0,KMeans
9.733401,9.813397,2,KMeans
10.649367,9.4351,0,KMeans
10.535994,11.163392,2,KMeans
13.005589,12.885156,2,KMeans
10.421876,7.5969977,0,KMeans
12.214274,3.065523,3,KMeans
12.6807165,7.6007357,0,KMeans
9.932792,8.206251,0,KMeans
8.613602,9.626077,0,KMeans
9.649975,4.7857995,0,KMeans
10.461144,3.4937313,0,KMeans
11.341235,4.639507,0,KMeans
12.3663845,12.078713,2,KMeans
11.677132,-0.052044712,3,KMeans
12.983598,12.687293,2,KMeans
9.885663,3.7858245,0,KMeans
11.012742,8.707726,0,KMeans
11.05464,11.829274,2,KMeans
11.62717,-0.049567018,3,KMeans
9.45024,-0.48676494,3,KMeans
11.098027,-0.6765136,3,KMeans
10.360027,0.69690436,3,KMeans
9.770778,7.7941785,0,KMeans
9.625477,3.671359,0,KMeans
11.981839,2.26308,3,KMeans
10.768682,8.3897,0,KMeans
12.4930105,0.9187723,3,KMeans
9.113076,8.524628,0,KMeans
11.00756,1.0494087,3,KMeans
8.559362,3.8675838,0,KMeans
8.452328,-0.28587377,3,KMeans
10.868528,10.830547,2,KMeans
11.98097,0.114933856,3,KMeans
8.443953,9.825185,0,KMeans
13.350777,13.072631,2,KMeans
10.458596,7.537763,0,KMeans
10.837679,0.61366653,3,KMeans
8.681999,9.424865,0,KMeans
10.120466,4.9639173,0,KMeans
11.132638,6.749287,0,KMeans
8.381803,4.01151,0,KMeans
10.17395,6.556532,0,KMeans
11.000876,11.250917,2,KMeans
10.431799,8.199009,0,KMeans
11.045097,9.317415,2,KMeans
11.046906,11.20476,2,KMeans
9.538464,7.256045,0,KMeans
11.428344,0.6845192,3,KMeans
8.37539,9.430031,0,KMeans
11.46097,9.155107,0,KMeans
7.239562,7.477135,0,KMeans
12.985197,13.088368,2,KMeans
8.248464,7.104236,0,KMeans
9.514987,-0.7786825,3,KMeans
12.915827,13.041369,2,KMeans
12.840704,10.438065,2,KMeans
10.502471,5.536682,0,KMeans
9.712029,5.6360226,0,KMeans
8.605025,7.572103,0,KMeans
11.254295,10.0777235,2,KMeans
10.781532,-0.21463259,3,KMeans
10.685545,5.0466485,0,KMeans
9.881993,5.8559327,0,KMeans
9.722226,7.0498314,0,KMeans
12.406592,10.616277,2,KMeans
9.240188,3.1172926,0,KMeans
12.138271,0.007380508,3,KMeans
12.042246,2.5211635,3,KMeans
9.586786,10.133773,2,KMeans
10.254841,3.7729757,0,KMeans
8.645557,5.8794427,0,KMeans
9.325696,2.1007466,3,KMeans
10.910695,8.436528,0,KMeans
12.52083,1.0831459,3,KMeans
11.71517,12.184105,2,KMeans
11.211218,8.143929,0,KMeans
8.9640665,4.6949954,0,KMeans
9.321549,7.7104464,0,KMeans
10.365639,3.271976,0,KMeans
8.282282,10.449349,2,KMeans
9.096006,3.6257157,0,KMeans
7.828268,8.772734,0,KMeans
13.220178,12.449076,2,KMeans
11.583259,11.748938,2,KMeans
9.31368,0.4933203,3,KMeans
8.5337715,4.5627007,0,KMeans
11.10571,0.3798694,3,KMeans
11.912663,13.568732,2,KMeans
8.099115,7.437116,0,KMeans
8.958398,6.6652117,0,KMeans
11.608207,12.843739,2,KMeans
10.876306,2.9499822,3,KMeans
11.3979645,4.7968497,0,KMeans
10.780034,4.535063,0,KMeans
8.222884,7.2353964,0,KMeans
12.339501,1.580039,3,KMeans
9.38486,9.735106,2,KMeans
11.2192545,0.9119474,3,KMeans
10.774795,8.674865,0,KMeans
9.469864,10.001021,2,KMeans
10.041369,6.5573583,0,KMeans
9.726257,8.322193,0,KMeans
11.4018955,1.4640415,3,KMeans
8.2811575,9.08312,0,KMeans
11.366113,-0.062798984,3,KMeans
7.9068513,5.4682636,0,KMeans
6.263957,2.7979808,1,KMeans
8.445778,5.1580777,0,KMeans
9.168056,7.12998,0,KMeans
11.3820915,2.0457966,3,KMeans
12.16631,10.498246,2,KMeans
10.060321,9.994193,2,KMeans
9.912739,3.025514,0,KMeans
12.667959,3.0030398,2,KMeans
11.2697735,10.206046,2,KMeans
8.730854,10.49428,2,KMeans
12.265972,1.9639521,3,KMeans
11.681923,-0.26608714,3,KMeans
11.564617,4.655022,0,KMeans
10.495911,5.380212,0,KMeans
10.857425,5.127056,0,KMeans
8.473652,8.396895,0,KMeans
6.9601445,8.866405,0,KMeans
12.054521,2.7463503,3,KMeans
9.351214,6.1673484,0,KMeans
7.433247,8.970397,0,KMeans
9.749013,3.4787426,0,KMeans
9.911205,5.0226307,0,KMeans
9.933179,2.6142862,3,KMeans
9.426435,8.279889,0,KMeans
11.123099,3.360141,0,KMeans
11.010558,10.738506,2,KMeans
12.534277,-0.3856747,3,KMeans
11.883634,11.650122,2,KMeans
10.360565,2.7638447,3,KMeans
9.779039,4.3865385,0,KMeans
9.783632,6.850769,0,KMeans
11.1386595,-0.42771426,3,KMeans
9.990351,4.9800563,0,KMeans
7.0010304,10.465674,2,KMeans
10.6365185,7.762848,0,KMeans
9.03216,3.737904,0,KMeans
11.680665,4.048972,0,KMeans
9.579043,4.7326064,0,KMeans
7.9794946,9.286312,0,KMeans
10.626026,1.0076145,3,KMeans
7.8873262,9.573817,0,KMeans
11.787634,9.622601,2,KMeans
8.905519,-0.2780731,3,KMeans
10.201198,4.958901,0,KMeans
11.769263,12.713291,2,KMeans
9.121355,0.17637303,3,KMeans
10.010879,-0.33509243,3,KMeans
11.769311,1.6351007,3,KMeans
11.3944025,11.8809185,2,KMeans
7.1960993,7.954526,0,KMeans
9.297844,4.2297783,0,KMeans
11.839531,11.440058,2,KMeans
9.147485,0.4893955,3,KMeans
9.6963825,9.901188,2,KMeans
10.329254,2.9861674,3,KMeans
8.80596,2.597317,3,KMeans
11.406322,10.84214,2,KMeans
10.464207,8.267698,0,KMeans
10.434338,2.9123974,3,KMeans
11.569946,1.7092197,3,KMeans
11.622368,3.8533974,0,KMeans
10.48559,5.5543766,0,KMeans
10.0076,5.833669,0,KMeans
9.444486,-0.42181575,3,KMeans
10.270549,11.361102,2,KMeans
8.007193,9.172598,0,KMeans
9.253454,5.183485,0,KMeans
11.254622,3.0758343,3,KMeans
8.8563795,2.8432665,3,KMeans
8.916143,3.2115653,0,KMeans
9.134425,7.259261,0,KMeans
10.943396,11.272234,2,KMeans
10.024423,7.0245767,0,KMeans
9.78617,7.771509,0,KMeans
11.408059,10.663454,2,KMeans
12.398311,7.1184144,0,KMeans
12.00041,8.159626,0,KMeans
11.203644,0.23336217,3,KMeans
13.354652,12.835677,2,KMeans
8.324041,8.809649,0,KMeans
10.75125,0.1719799,3,KMeans
8.127283,8.5212145,0,KMeans
11.434951,12.773611,2,KMeans
8.699333,5.7767625,0,KMeans
11.272246,11.574752,2,KMeans
10.69634,11.450503,2,KMeans
8.771662,8.975045,0,KMeans
9.9493685,9.247213,0,KMeans
9.446095,3.6072388,0,KMeans
10.452946,0.7904049,3,KMeans
11.366045,0.9839513,3,KMeans
8.967497,-0.5491317,3,KMeans
11.439862,2.7913465,3,KMeans
12.509806,11.568,2,KMeans
10.436345,3.7508426,0,KMeans
12.346464,12.742624,2,KMeans
8.921237,-0.599272,3,KMeans
8.345292,8.565176,0,KMeans
12.771484,1.0614605,2,KMeans
9.204521,5.466436,0,KMeans
11.2818575,8.001911,0,KMeans
12.435916,1.4701363,3,KMeans
11.673354,6.9024134,0,KMeans
7.5190177,8.142107,0,KMeans
11.397051,9.279239,2,KMeans
11.086943,3.1287248,3,KMeans
8.725767,4.022705,0,KMeans
9.133777,4.796874,0,KMeans
11.207526,0.0014211335,3,KMeans
9.14848,0.97722834,3,KMeans
11.162305,1.6433016,3,KMeans
8.717954,-0.30852082,3,KMeans
10.886229,5.3372574,0,KMeans
10.806786,0.9447307,3,KMeans
7.9645267,9.645702,0,KMeans
11.350538,12.607102,2,KMeans
11.918344,6.1613913,0,KMeans
8.806223,9.434898,0,KMeans
11.221969,8.953122,0,KMeans
8.755785,10.351187,2,KMeans
12.197605,9.960321,2,KMeans
7.816321,9.76437,0,KMeans
9.310581,11.776032,2,KMeans
12.464796,10.17202,2,KMeans
13.177489,10.730823,2,KMeans
8.488163,1.5446084,3,KMeans
11.593024,2.3296475,3,KMeans
11.92635,0.6868654,3,KMeans
8.157987,4.9396567,0,KMeans
9.321106,4.1994476,0,KMeans
10.204758,6.6415315,0,KMeans
8.776553,10.668286,2,KMeans
10.255995,6.4939857,0,KMeans
11.139549,7.230934,0,KMeans
12.372575,10.091908,2,KMeans
12.504991,-0.70580435,3,KMeans
9.1772785,-0.28885922,3,KMeans
10.807779,1.5342252,3,KMeans
13.078512,11.686001,2,KMeans
11.233458,11.3209505,2,KMeans
10.507394,9.407608,2,KMeans
11.493154,0.30833906,3,KMeans
7.875625,9.48933,0,KMeans
10.380294,4.663681,0,KMeans
10.233958,7.248613,0,KMeans
10.260068,-0.43125498,3,KMeans
9.97958,3.8785496,0,KMeans
10.252391,10.146893,2,KMeans
12.293532,12.649738,2,KMeans
10.726838,0.71426517,3,KMeans
10.719731,4.538684,0,KMeans
11.054153,7.9652877,0,KMeans
11.481383,10.831678,2,KMeans
11.986173,1.0035527,3,KMeans
13.33664,12.788724,2,KMeans
9.293589,0.73225945,3,KMeans
12.966946,13.979415,2,KMeans
10.008184,0.16366354,3,KMeans
9.192424,0.6624979,3,KMeans
8.551741,8.7470045,0,KMeans
12.420667,13.657491,2,KMeans
10.517521,3.9466531,0,KMeans
10.11508,8.055833,0,KMeans
8.564661,1.9607854,0,KMeans
9.651192,10.145581,2,KMeans
9.30205,7.9211,0,KMeans
10.3754,4.431815,0,KMeans
12.551979,3.0010903,2,KMeans
12.249574,1.4155812,3,KMeans
10.3589,11.406544,2,KMeans
12.191754,10.092046,2,KMeans
12.863443,10.203041,2,KMeans
12.132907,0.46809697,3,KMeans
11.707044,3.5238028,0,KMeans
12.414762,11.527198,2,KMeans
9.123718,0.40238327,3,KMeans
11.124573,-0.0028470524,3,KMeans
4.9866114,2.4756346,1,KMeans
11.243624,6.783073,0,KMeans
11.352105,11.611163,2,KMeans
12.019652,6.732333,0,KMeans
11.156821,10.510614,2,KMeans
8.954828,2.9625556,3,KMeans
12.998464,11.619191,2,KMeans
12.394005,12.742474,2,KMeans
5.922697,2.7224665,1,KMeans
10.241973,-0.5294717,3,KMeans
9.228944,0.35402814,3,KMeans
10.318619,2.7377155,3,KMeans
10.143888,5.5517726,0,KMeans
8.661223,-0.80355287,3,KMeans
10.887679,11.74858,2,KMeans
13.191248,11.411293,2,KMeans
10.137526,5.7623863,0,KMeans
13.397958,12.641978,2,KMeans
13.2515545,10.358573,2,KMeans
7.6542873,11.164254,2,KMeans
9.659554,7.3897266,0,KMeans
12.476922,7.4913387,0,KMeans
12.815198,0.75600195,2,KMeans
12.35186,6.886694,0,KMeans
10.82345,-0.1951895,3,KMeans
10.283307,6.0160975,0,KMeans
11.333996,10.388615,2,KMeans
10.731455,6.4217563,0,KMeans
8.635928,8.195827,0,KMeans
10.064563,7.5803194,0,KMeans
11.1793785,-0.57231957,3,KMeans
8.521553,7.857141,0,KMeans
10.173213,5.1898494,0,KMeans
12.175644,11.10214,2,KMeans
10.950714,1.5072883,3,KMeans
10.07098,10.589047,2,KMeans
12.408287,1.9531235,3,KMeans
10.678223,0.18067104,3,KMeans
12.877846,12.494179,2,KMeans
10.462066,6.074327,0,KMeans
10.970155,10.045474,2,KMeans
12.8032465,9.151929,2,KMeans
10.258826,2.818805,0,KMeans
12.282168,10.875238,2,KMeans
12.731166,13.016618,2,KMeans
9.720341,4.0197196,2,KMeans
7.0839553,2.7125082,3,KMeans
10.3009205,1.419138,3,KMeans
8.621251,6.9143286,0,KMeans
8.137966,9.161894,0,KMeans
9.802339,2.7551758,3,KMeans
10.531953,5.3655596,0,KMeans
11.830076,12.227366,2,KMeans
11.456964,10.502085,2,KMeans
11.017558,4.1906095,0,KMeans
11.809297,2.4171088,3,KMeans
12.904412,12.586329,2,KMeans
8.34792,3.0917315,3,KMeans
11.878401,9.4888,2,KMeans
11.234793,-0.3479608,3,KMeans
11.418559,3.3684099,3,KMeans
7.8779507,10.404874,2,KMeans
12.478196,12.039568,2,KMeans
12.080853,10.861433,2,KMeans
9.156027,9.668476,0,KMeans
11.116428,4.1338325,0,KMeans
10.396628,3.2214622,0,KMeans
10.799663,0.91739047,3,KMeans
9.703715,3.451264,0,KMeans
8.819871,7.196833,0,KMeans
10.87801,6.207908,0,KMeans
10.3476715,1.1619884,3,KMeans
10.303208,4.1348763,0,KMeans
9.786012,5.4359746,0,KMeans
7.5329146,3.1619055,0,KMeans
10.652412,5.7253966,0,KMeans
7.9150343,5.4429746,0,KMeans
12.548758,13.909163,2,KMeans
9.931397,2.2874029,3,KMeans
13.632123,13.285908,2,KMeans
8.632095,2.4860504,3,KMeans
10.814573,5.360116,0,KMeans
10.417269,11.719178,2,KMeans
10.496047,0.1763993,3,KMeans
10.950344,-0.721128,3,KMeans
10.257797,1.5620768,3,KMeans
9.18572,5.0943975,0,KMeans
9.04519,8.579666,0,KMeans
9.598314,5.9356546,0,KMeans
9.861472,6.0252867,0,KMeans
9.27714,5.987306,0,KMeans
8.944775,7.2008743,0,KMeans
12.311591,9.092191,2,KMeans
8.537231,10.097044,2,KMeans
8.715745,4.316688,0,KMeans
10.554675,1.1626543,3,KMeans
9.03349,5.177815,0,KMeans
11.122214,2.8013551,3,KMeans
12.244616,2.745702,3,KMeans
8.597498,3.8219035,0,KMeans
7.833403,6.9708924,0,KMeans
8.923325,10.507879,2,KMeans
9.075532,0.4513529,3,KMeans
9.765643,1.2484473,3,KMeans
12.641458,13.696703,2,KMeans
8.580022,2.1125615,3,KMeans
9.238184,10.981892,2,KMeans
11.26906,11.827828,2,KMeans
10.399424,3.4445531,0,KMeans
10.922573,2.3721044,3,KMeans
7.012426,10.461361,2,KMeans
10.130291,9.7281685,2,KMeans
10.15751,6.773003,0,KMeans
9.25378,4.979823,0,KMeans
8.25182,8.880916,0,KMeans
9.967652,3.9933944,0,KMeans
10.959403,3.7283838,2,KMeans
7.222093,9.5460415,0,KMeans
11.812653,6.3019032,0,KMeans
7.5629625,7.462715,0,KMeans
7.4069448,7.6812396,0,KMeans
4.463498,2.3477829,1,KMeans
12.542173,12.236886,2,KMeans
9.633059,1.5458723,3,KMeans
9.000384,3.5163903,0,KMeans
11.648967,3.7348888,3,KMeans
11.688427,7.2126985,0,KMeans
12.001376,4.3581033,0,KMeans
11.769324,11.550633,2,KMeans
9.571671,4.1549883,0,KMeans
11.24861,4.0820503,0,KMeans
12.205295,-0.61183983,3,KMeans
5.9280996,2.7004912,1,KMeans
11.306886,10.230094,2,KMeans
8.416308,7.5246305,0,KMeans
9.030921,3.4824286,0,KMeans
9.79729,1.3268561,3,KMeans
10.709587,6.3430285,0,KMeans
12.192498,9.934312,2,KMeans
12.751484,7.7141814,2,KMeans
10.664909,5.8247714,0,KMeans
11.25114,12.012761,2,KMeans
11.320055,10.047524,2,KMeans
9.497351,1.1304649,3,KMeans
8.339432,6.220639,0,KMeans
9.739721,11.478578,2,KMeans
11.993981,3.1354084,3,KMeans
10.3257885,11.893794,2,KMeans
8.72411,4.570821,0,KMeans
9.497794,4.650012,0,KMeans
12.265204,-0.5634824,3,KMeans
13.113897,12.543376,2,KMeans
10.270114,6.459243,0,KMeans
10.277689,1.7096555,3,KMeans
10.4245205,12.241442,2,KMeans
11.145267,12.830959,2,KMeans
10.460357,10.852416,2,KMeans
8.458441,8.570491,0,KMeans
11.093295,12.08374,2,KMeans
11.55709,11.653632,2,KMeans
9.131275,1.8213726,3,KMeans
12.043188,-0.15859076,3,KMeans
11.434229,8.051485,0,KMeans
11.390473,2.1230178,3,KMeans
9.970503,3.1499593,3,KMeans
8.509582,5.4444466,0,KMeans
11.954648,6.016068,0,KMeans
9.081962,2.6748617,3,KMeans
9.705151,6.979312,0,KMeans
9.853401,7.5709743,0,KMeans
8.423959,5.989839,0,KMeans
10.758527,2.8622477,3,KMeans
10.373314,1.2135948,3,KMeans
8.787489,5.9548907,0,KMeans
9.183095,5.219062,0,KMeans
8.562393,2.3132858,3,KMeans
12.0080185,3.3078887,0,KMeans
10.449781,6.688063,0,KMeans
7.886219,8.864431,0,KMeans
11.136196,4.569765,0,KMeans
12.420964,-0.42793354,3,KMeans
8.873072,7.7800007,0,KMeans
10.904866,8.830925,0,KMeans
11.364209,2.4534645,3,KMeans
9.978118,5.116658,0,KMeans
12.081352,2.0870874,3,KMeans
12.603273,13.234598,2,KMeans
8.295171,6.653734,0,KMeans
11.919457,6.734586,0,KMeans
12.439408,13.302049,2,KMeans
11.980678,2.5881321,3,KMeans
8.738102,7.2727327,0,KMeans
11.019959,5.5449486,0,KMeans
11.529594,11.530068,2,KMeans
13.310839,13.705043,2,KMeans
9.989703,6.3953443,0,KMeans
9.418543,11.023954,2,KMeans
11.092093,1.738939,3,KMeans
10.138629,4.780517,0,KMeans
12.029372,3.0357838,3,KMeans
9.851395,7.8717084,0,KMeans
10.546871,11.271868,2,KMeans
11.923659,2.2569008,3,KMeans
8.232112,10.218452,2,KMeans
11.741306,9.791017,2,KMeans
9.516238,3.5230992,0,KMeans
10.535604,10.716614,2,KMeans
8.804289,-0.953521,3,KMeans
9.35085,-0.0143720005,3,KMeans
11.412573,13.026824,2,KMeans
10.084691,-0.25386542,3,KMeans
7.6990743,8.537128,0,KMeans
7.7704496,10.433476,2,KMeans
10.059775,7.979045,0,KMeans
8.629906,7.0438433,0,KMeans
10.382274,7.3889747,0,KMeans
9.298472,6.2769694,0,KMeans
9.581034,3.2348917,3,KMeans
9.1834545,11.827572,2,KMeans
11.351947,11.873702,2,KMeans
4.3516884,2.305146,1,KMeans
11.078634,7.8974724,0,KMeans
6.8100376,3.250315,0,KMeans
11.884763,11.288067,2,KMeans
11.920749,11.981005,2,KMeans
8.986104,10.312828,2,KMeans
9.51723,6.7704306,0,KMeans
9.810117,0.9217894,3,KMeans
11.836844,6.922438,0,KMeans
8.40927,8.707462,0,KMeans
7.495259,9.869262,2,KMeans
7.9789667,3.5323899,0,KMeans
11.685829,1.0434296,3,KMeans
12.704491,13.437728,2,KMeans
11.521378,4.1071644,0,KMeans
9.136481,0.20499115,3,KMeans
9.286146,7.409003,0,KMeans
10.629318,3.6011295,0,KMeans
12.29142,1.045459,3,KMeans
8.954667,1.1588085,3,KMeans
10.91059,3.1075938,3,KMeans
8.964694,11.413658,2,KMeans
10.392791,12.340382,2,KMeans
12.802322,13.34841,2,KMeans
8.550851,2.7905738,3,KMeans
11.788816,3.0622215,3,KMeans
10.373301,12.351923,2,KMeans
6.7704697,3.1338155,0,KMeans
8.730122,0.7544933,3,KMeans
11.177163,7.081337,0,KMeans
11.385796,10.622341,2,KMeans
9.238866,8.639424,0,KMeans
7.8081126,10.580414,2,KMeans
11.780703,3.700623,3,KMeans
10.087837,7.241562,0,KMeans
9.435284,7.076759,0,KMeans
12.033442,1.4618895,3,KMeans
11.890059,8.585155,2,KMeans
9.459818,10.716015,2,KMeans
9.683031,8.765271,0,KMeans
11.435161,-0.06969219,3,KMeans
9.866569,11.7107115,2,KMeans
11.508111,1.8663049,3,KMeans
11.954049,2.8800356,3,KMeans
9.98832,0.941643,3,KMeans
9.44585,-0.27469817,3,KMeans
10.318473,5.3890057,0,KMeans
9.914963,6.112402,0,KMeans
11.804066,10.700522,2,KMeans
9.00877,0.88900304,3,KMeans
9.338042,7.5624166,0,KMeans
8.492196,2.5421581,0,KMeans
13.125664,13.507476,2,KMeans
9.237666,2.5979283,3,KMeans
12.260464,3.7344184,2,KMeans
8.419762,9.572743,0,KMeans
12.1022625,10.206916,2,KMeans
11.3694515,0.9854386,3,KMeans
9.798362,-0.23193057,3,KMeans
10.64835,8.442706,0,KMeans
8.523597,6.5397673,0,KMeans
10.688359,0.3444027,3,KMeans
9.52817,10.970912,2,KMeans
10.682169,10.458375,2,KMeans
10.727184,1.88994,3,KMeans
8.635168,5.722851,0,KMeans
12.101568,13.38598,2,KMeans
12.516422,1.4291947,3,KMeans
12.172126,1.4183472,3,KMeans
9.018422,0.60626394,3,KMeans
10.500316,10.535779,2,KMeans
10.36901,9.936166,2,KMeans
9.956355,9.94949,2,KMeans
10.277417,4.7735567,0,KMeans
9.098919,8.959299,0,KMeans
11.973354,12.58159,2,KMeans
12.127144,12.276348,2,KMeans
10.834647,3.5219479,0,KMeans
12.017795,10.639599,2,KMeans
13.329649,12.937215,2,KMeans
11.916764,7.0667973,0,KMeans
10.521776,9.426798,2,KMeans
12.059422,4.456956,0,KMeans
9.96174,6.280344,0,KMeans
10.788771,5.8441567,0,KMeans
11.3054085,0.86738265,3,KMeans
8.742829,2.244712,3,KMeans
12.8583975,12.461249,2,KMeans
8.938201,-0.3796599,3,KMeans
10.839151,3.157151,3,KMeans
9.819117,4.8310714,0,KMeans
9.275525,3.9427247,0,KMeans
8.5724125,4.9331174,0,KMeans
12.766049,9.390592,2,KMeans
9.8156395,7.409315,0,KMeans
11.140603,-0.6759523,3,KMeans
9.46149,10.502171,2,KMeans
9.213567,7.757684,0,KMeans
12.018119,3.1685362,3,KMeans
12.175209,2.1114717,3,KMeans
11.45737,7.016538,0,KMeans
8.756361,7.889828,0,KMeans
9.564191,-0.18093652,3,KMeans
9.666884,3.301426,0,KMeans
9.239614,9.133205,0,KMeans
12.342028,10.426801,2,KMeans
10.443742,9.877773,2,KMeans
8.832805,7.560714,0,KMeans
9.754794,6.318472,0,KMeans
11.373943,10.075407,2,KMeans
10.623634,7.776762,0,KMeans
10.805328,0.7266661,3,KMeans
6.3730707,2.7745857,1,KMeans
11.466981,10.956296,2,KMeans
8.148916,11.085839,2,KMeans
9.690921,0.019809037,3,KMeans
9.238185,4.2181106,0,KMeans
12.025591,12.829657,2,KMeans
11.305641,11.750774,2,KMeans
11.912213,1.5198878,3,KMeans
10.448434,11.220023,2,KMeans
8.7573595,8.916171,0,KMeans
8.565011,4.2543373,0,KMeans
9.065603,6.713796,0,KMeans
9.764085,1.2855436,3,KMeans
11.59967,12.754574,2,KMeans
11.531415,11.771789,2,KMeans
11.852023,12.612277,2,KMeans
12.056346,2.801135,3,KMeans
9.72915,7.2228193,0,KMeans
12.896761,11.872927,2,KMeans
7.9222846,8.546276,0,KMeans
11.358595,8.914029,0,KMeans
10.215579,11.925877,2,KMeans
9.832016,11.678335,2,KMeans
9.369545,10.815981,2,KMeans
8.500096,0.17150675,3,KMeans
10.41543,5.9737654,0,KMeans
10.797239,8.169234,0,KMeans
11.486332,8.512574,0,KMeans
11.06869,12.16371,2,KMeans
9.171868,0.5980079,3,KMeans
9.13359,7.5003157,0,KMeans
10.5848055,1.4312437,3,KMeans
7.832064,9.237794,0,KMeans
10.754216,6.0640283,0,KMeans
12.8618765,12.3502,2,KMeans
7.439933,9.59596,2,KMeans
12.334247,3.501288,2,KMeans
11.718064,0.7966056,3,KMeans
10.920209,9.180406,0,KMeans
7.508206,8.487596,0,KMeans
10.980869,2.580527,3,KMeans
13.423402,12.147179,2,KMeans
10.866837,12.209656,2,KMeans
11.604908,1.7958474,3,KMeans
12.3830595,2.4930346,3,KMeans
8.14942,5.3534594,0,KMeans
10.595529,12.160579,2,KMeans
10.689671,11.629821,2,KMeans
12.629423,11.761758,2,KMeans
9.721409,10.607986,2,KMeans
9.627069,6.569085,0,KMeans
10.658697,4.932325,0,KMeans
9.068579,6.862609,0,KMeans
9.797254,6.876804,0,KMeans
8.742464,-0.085754044,3,KMeans
7.778649,5.148765,0,KMeans
9.346164,5.167869,0,KMeans
9.275535,1.9143201,3,KMeans
11.70718,10.40862,2,KMeans
11.375637,10.535127,2,KMeans
12.931792,13.997902,2,KMeans
11.501066,4.474318,0,KMeans
11.377886,4.781189,0,KMeans
10.732128,8.664291,0,KMeans
10.284604,3.981046,0,KMeans
8.984124,4.1137633,0,KMeans
9.562528,1.5499412,3,KMeans
11.982163,11.309499,2,KMeans
8.867714,5.8768997,0,KMeans
10.280244,7.70119,0,KMeans
10.026634,5.840366,0,KMeans
10.156739,1.2411493,3,KMeans
8.220393,10.831571,2,KMeans
11.041364,1.656645,3,KMeans
10.702324,3.093924,0,KMeans
10.220668,3.280092,0,KMeans
12.343031,7.268094,0,KMeans
12.347267,7.4182596,0,KMeans
8.481641,4.244596,0,KMeans
10.005626,6.121554,0,KMeans
11.1205435,9.535191,2,KMeans
11.831234,12.202701,2,KMeans
10.546391,10.81175,2,KMeans
13.649706,13.594499,2,KMeans
8.446134,10.358624,2,KMeans
8.588967,9.932006,2,KMeans
9.988119,2.5616274,3,KMeans
12.077104,1.3193564,3,KMeans
10.115252,0.27607703,3,KMeans
10.287185,5.9224052,0,KMeans
9.106825,4.981694,0,KMeans
8.84792,2.6376908,3,KMeans
10.638539,2.3348858,3,KMeans
11.226197,7.455576,0,KMeans
10.880963,5.0168595,0,KMeans
10.032782,5.9039416,0,KMeans
10.713581,4.1797314,0,KMeans
7.4352,10.031813,2,KMeans
10.469598,2.1008718,3,KMeans
9.757369,-0.45565304,3,KMeans
9.128339,-0.78316504,3,KMeans
11.415633,4.696369,0,KMeans
8.844671,6.408865,0,KMeans
11.245019,10.462094,2,KMeans
7.971315,6.2933927,0,KMeans
10.6835575,1.0367492,3,KMeans
9.035283,4.1992917,0,KMeans
8.98867,1.0855052,3,KMeans
10.727946,5.08983,0,KMeans
11.035692,4.1459603,0,KMeans
8.667895,6.6235666,0,KMeans
10.597856,5.5882354,0,KMeans
10.171973,3.1079187,3,KMeans
10.612802,10.1722975,2,KMeans
12.785737,7.7455196,2,KMeans
8.845706,3.8643212,0,KMeans
9.319556,4.566709,0,KMeans
8.929155,9.606282,0,KMeans
10.310579,9.37539,0,KMeans
11.117312,12.992006,2,KMeans
11.149021,7.628706,0,KMeans
10.876736,11.000089,2,KMeans
8.97833,2.455903,0,KMeans
9.80485,4.4684644,0,KMeans
10.199161,5.5300403,0,KMeans
7.604149,8.37735,0,KMeans
8.73488,1.8038338,3,KMeans
10.669044,5.144922,0,KMeans
9.329881,7.1284037,0,KMeans
9.948046,6.6163287,0,KMeans
9.159754,11.840929,2,KMeans
12.160341,13.733594,2,KMeans
12.00065,11.374226,2,KMeans
11.514248,12.406651,2,KMeans
8.607127,11.900784,2,KMeans
9.921964,1.7847173,3,KMeans
9.558165,2.239673,3,KMeans
12.366859,3.633242,0,KMeans
9.427596,0.43987852,3,KMeans
10.133416,6.7422237,0,KMeans
11.649171,3.209121,2,KMeans
13.121109,13.707786,2,KMeans
11.355925,12.792999,2,KMeans
6.6793447,9.501341,0,KMeans
8.826088,2.5025744,3,KMeans
11.619978,9.410293,2,KMeans
8.552192,11.5273485,2,KMeans
9.354157,5.389935,0,KMeans
10.496384,-0.3546052,3,KMeans
10.800875,7.4918485,0,KMeans
10.173605,8.039954,0,KMeans
13.140529,13.384334,2,KMeans
10.567028,5.5664616,0,KMeans
12.662524,-0.47820848,3,KMeans
10.371721,9.141191,0,KMeans
11.11794,7.94114,0,KMeans
10.604323,3.5687091,0,KMeans
9.640811,12.055548,2,KMeans
9.2567,-0.52164346,3,KMeans
10.258899,5.189506,0,KMeans
7.873526,5.9683,0,KMeans
8.713586,9.173256,0,KMeans
10.408354,11.087242,2,KMeans
11.31708,12.26024,2,KMeans
7.942927,9.821558,0,KMeans
8.514319,2.9248612,0,KMeans
6.6607165,2.890181,2,KMeans
9.326834,6.8647633,0,KMeans
9.702102,6.0521436,0,KMeans
6.5205956,9.517779,0,KMeans
8.462282,10.945258,2,KMeans
11.039969,5.417931,0,KMeans
12.739882,13.966016,2,KMeans
8.672316,5.7649856,0,KMeans
12.238027,13.761077,2,KMeans
11.003215,1.2095933,3,KMeans
8.292046,4.2097216,0,KMeans
8.4066725,5.10213,0,KMeans
12.460495,-0.3327343,3,KMeans
9.903149,10.625541,2,KMeans
12.860143,11.712135,2,KMeans
8.125858,8.798292,0,KMeans
11.227057,1.4784725,3,KMeans
7.7901464,11.140895,2,KMeans
10.777968,1.4674413,3,KMeans
9.270409,7.982812,0,KMeans
9.6390085,0.47060907,3,KMeans
11.100771,4.2340593,0,KMeans
13.14463,13.552043,2,KMeans
12.426616,1.1773642,3,KMeans
11.105702,12.570688,2,KMeans
10.769332,3.8754988,0,KMeans
10.107945,6.824407,0,KMeans
9.908019,0.65318525,3,KMeans
7.36082,9.748635,0,KMeans
11.122767,0.18741764,3,KMeans
8.535235,3.3723564,0,KMeans
11.768036,3.4058774,0,KMeans
9.7788925,11.182743,2,KMeans
9.540256,6.731317,0,KMeans
8.86472,4.728561,0,KMeans
12.649262,2.7469232,2,KMeans
9.404354,11.748839,2,KMeans
9.825715,5.3424063,0,KMeans
8.739503,4.6444874,0,KMeans
10.277477,6.126557,0,KMeans
8.439953,-0.05478802,3,KMeans
12.445984,7.7465477,0,KMeans
8.66641,-0.023046179,3,KMeans
9.045648,1.9783822,3,KMeans
11.497652,0.62725025,3,KMeans
12.362629,10.36194,2,KMeans
6.7621417,9.945363,0,KMeans
10.484892,5.7242527,0,KMeans
8.121106,5.2127123,0,KMeans
7.412392,7.919686,0,KMeans
11.227134,6.1484513,0,KMeans
9.945053,7.003279,0,KMeans
8.743794,9.710007,2,KMeans
7.613565,9.798727,2,KMeans
7.81033,6.762046,0,KMeans
13.294359,10.803316,2,KMeans
11.178714,10.513653,2,KMeans
10.970375,8.617523,0,KMeans
10.252442,6.720098,0,KMeans
12.305824,13.223018,2,KMeans
6.946456,9.428389,0,KMeans
12.286167,13.60521,2,KMeans
13.309863,12.8445215,2,KMeans
11.017872,3.3358505,0,KMeans
10.984207,3.8200064,0,KMeans
9.85791,9.657286,2,KMeans
12.372158,13.622664,2,KMeans
10.336317,11.063826,2,KMeans
12.272555,13.597146,2,KMeans
9.704941,11.534596,2,KMeans
9.194765,9.558928,0,KMeans
9.700167,9.0674715,0,KMeans
10.265926,2.0334253,3,KMeans
9.823423,6.968892,0,KMeans
10.254942,11.958672,2,KMeans
8.916117,11.734919,2,KMeans
12.332833,9.032145,2,KMeans
9.398365,-0.012197928,3,KMeans
8.138776,9.19973,0,KMeans
10.050512,0.49196115,3,KMeans
12.366268,8.322001,2,KMeans
13.51554,11.9446945,2,KMeans
11.307986,2.8867226,3,KMeans
9.306572,5.12616,0,KMeans
10.233137,8.976349,0,KMeans
9.591833,5.2674627,0,KMeans
11.286543,12.227244,2,KMeans
10.27961,10.709884,2,KMeans
8.837512,3.6722755,0,KMeans
10.3745,3.9059467,0,KMeans
10.8064995,-0.24322194,3,KMeans
12.575619,2.0626285,2,KMeans
10.401915,6.8207088,0,KMeans
10.468393,-0.6147823,3,KMeans
10.17538,11.716928,2,KMeans
7.6477203,7.777498,0,KMeans
10.626373,3.172805,3,KMeans
9.651038,-0.13716435,3,KMeans
8.950016,3.299835,3,KMeans
13.0895815,12.779309,2,KMeans
10.095136,9.302991,0,KMeans
8.36082,7.4041076,0,KMeans
8.827692,4.534292,0,KMeans
13.040332,13.193271,2,KMeans
8.896433,6.251196,0,KMeans
9.634528,9.964132,2,KMeans
11.90564,1.6209903,3,KMeans
9.104019,8.97454,0,KMeans
9.938639,11.006672,2,KMeans
11.100561,1.383888,3,KMeans
10.619465,12.176501,2,KMeans
11.108049,9.990689,2,KMeans
11.684646,9.034421,0,KMeans
9.471129,8.116881,0,KMeans
12.504931,10.049087,2,KMeans
11.844952,13.256135,2,KMeans
10.737454,9.861865,2,KMeans
9.007388,4.151229,0,KMeans
9.704509,3.5101013,0,KMeans
9.111718,4.422613,0,KMeans
11.298752,10.263571,2,KMeans
12.643128,12.979424,2,KMeans
9.847924,1.2807441,3,KMeans
11.888927,10.711001,2,KMeans
10.262736,9.112477,2,KMeans
10.148932,1.2271705,3,KMeans
10.901711,6.567032,0,KMeans
10.430462,3.7605305,0,KMeans
10.483615,6.2854934,0,KMeans
7.9083195,10.672261,2,KMeans
11.238258,6.023441,0,KMeans
12.52535,-0.1053225,3,KMeans
8.467591,7.95577,0,KMeans
8.409914,8.304681,0,KMeans
10.130687,10.472696,2,KMeans
9.149572,0.95291597,3,KMeans
9.405221,6.373544,0,KMeans
9.138025,6.841716,0,KMeans
9.369495,7.6491723,0,KMeans
9.603187,10.476001,2,KMeans
10.834896,1.141458,3,KMeans
9.886932,4.6942515,0,KMeans
9.944292,1.2875718,3,KMeans
12.7314825,12.616476,2,KMeans
10.957772,7.4107585,0,KMeans
10.613761,0.4702756,3,KMeans
9.307388,10.038053,2,KMeans
12.957644,9.686056,2,KMeans
12.742482,0.89063907,2,KMeans
7.965282,8.7704315,0,KMeans
10.858173,2.7840412,3,KMeans
8.739805,10.685878,2,KMeans
10.773475,5.463257,0,KMeans
4.5640836,2.3895113,1,KMeans
10.007169,10.759507,2,KMeans
12.313578,11.649961,2,KMeans
8.8390465,8.97354,0,KMeans
9.734785,2.0724738,3,KMeans
12.749277,12.909206,2,KMeans
8.431869,1.5068091,0,KMeans
9.582114,0.049701486,3,KMeans
6.3708572,2.8418217,1,KMeans
10.85383,8.607028,0,KMeans
10.96385,-0.65753335,3,KMeans
10.923925,4.298486,0,KMeans
9.838498,6.091027,0,KMeans
8.090423,4.7908983,0,KMeans
10.194134,8.527149,0,KMeans
11.234805,3.0804763,3,KMeans
12.31622,7.268072,0,KMeans
11.967625,7.793199,0,KMeans
8.3917,5.783551,0,KMeans
10.554316,6.2913384,0,KMeans
8.9901285,7.716352,0,KMeans
9.691685,9.256591,0,KMeans
9.067859,10.25215,2,KMeans
9.850902,-0.17606746,3,KMeans
9.810637,9.838522,2,KMeans
8.176298,7.606359,0,KMeans
7.791676,3.3297486,0,KMeans
10.53573,5.387467,0,KMeans
8.376855,9.647853,0,KMeans
6.959417,10.271259,2,KMeans
10.848649,6.917465,0,KMeans
12.073925,10.868653,2,KMeans
9.932153,3.4982157,0,KMeans
12.140101,12.892713,2,KMeans
11.189181,4.424948,0,KMeans
11.949129,6.82958,0,KMeans
10.524143,7.609823,0,KMeans
7.718943,6.0269046,0,KMeans
9.991493,6.3400846,0,KMeans
7.3139215,9.990268,0,KMeans
11.14747,5.828381,0,KMeans
10.168977,11.330855,2,KMeans
11.677221,11.759877,2,KMeans
8.398288,5.232183,0,KMeans
7.3940234,7.948945,0,KMeans
9.512321,10.147286,2,KMeans
9.754822,12.308577,2,KMeans
9.834513,7.1144967,0,KMeans
8.064027,7.7495666,0,KMeans
10.711218,9.005216,0,KMeans
9.155256,-0.8842714,3,KMeans
11.631854,-0.32386795,3,KMeans
8.951771,5.4413524,0,KMeans
12.368003,12.5684805,2,KMeans
11.480018,7.7402306,0,KMeans
9.998483,5.004633,0,KMeans
8.583673,10.006078,2,KMeans
10.171347,7.209565,0,KMeans
8.897356,6.1225066,0,KMeans
10.20163,11.6053915,2,KMeans
11.648377,0.9453626,3,KMeans
9.919546,5.824,0,KMeans
10.091229,10.527759,2,KMeans
7.944364,7.6115603,0,KMeans
10.765003,4.8204913,0,KMeans
8.751705,2.2890394,3,KMeans
10.480632,11.859166,2,KMeans
9.532114,7.012552,0,KMeans
8.486979,10.743621,2,KMeans
11.0653305,10.359393,2,KMeans
10.865911,6.6355886,0,KMeans
10.018037,6.021137,0,KMeans
10.540771,11.6741495,2,KMeans
11.675646,9.770957,2,KMeans
10.1581545,11.280477,2,KMeans
12.096002,0.532459,3,KMeans
10.131836,8.472642,0,KMeans
10.903938,1.596887,3,KMeans
9.700348,7.327817,0,KMeans
10.813969,12.231224,2,KMeans
12.04243,9.945527,2,KMeans
9.500927,3.5804145,0,KMeans
8.998371,0.8556631,3,KMeans
10.123628,-0.14831305,3,KMeans
9.627834,11.259485,2,KMeans
9.089942,7.068001,0,KMeans
9.910345,1.296613,3,KMeans
9.604475,-0.9041729,3,KMeans
7.753413,9.902009,2,KMeans
8.346549,4.8167167,0,KMeans
8.006832,6.5124702,0,KMeans
9.814815,7.180537,0,KMeans
7.7508664,6.087423,0,KMeans
9.123904,6.188367,0,KMeans
8.8636265,2.9187744,3,KMeans
10.199977,10.441313,2,KMeans
10.671313,9.157213,0,KMeans
9.86456,2.8514178,0,KMeans
10.749931,5.19925,0,KMeans
8.6126995,10.330978,2,KMeans
9.091862,0.6496498,3,KMeans
8.350164,9.966665,2,KMeans
11.981469,0.15500359,3,KMeans
10.31365,8.562934,0,KMeans
11.599879,8.246439,0,KMeans
9.523586,-0.4803646,3,KMeans
12.046736,4.2373815,0,KMeans
12.956296,10.228746,2,KMeans
9.494712,4.3363495,0,KMeans
12.284386,7.392938,0,KMeans
5.4310875,2.5087888,1,KMeans
10.408045,8.033036,0,KMeans
10.735686,6.386795,0,KMeans
9.116987,0.7292847,3,KMeans
12.620984,9.179325,3,KMeans
12.472813,8.388296,2,KMeans
7.8687873,5.8769445,0,KMeans
10.956778,10.125143,2,KMeans
8.326641,11.411757,2,KMeans
10.910517,3.6622279,0,KMeans
11.759315,11.563447,2,KMeans
7.9880896,11.016902,2,KMeans
7.577552,8.213563,0,KMeans
12.368214,9.89707,2,KMeans
12.26366,10.067815,2,KMeans
12.3304205,7.4035726,0,KMeans
10.786259,5.982068,0,KMeans
11.058533,3.6827347,0,KMeans
10.266611,10.902594,2,KMeans
10.870794,8.678943,0,KMeans
11.564437,-0.8202028,3,KMeans
12.166889,11.835787,2,KMeans
10.042682,2.545899,3,KMeans
9.669529,7.0389647,0,KMeans
8.894004,5.7061095,0,KMeans
8.286691,6.5508246,0,KMeans
11.812911,11.40758,2,KMeans
9.764705,5.9644017,0,KMeans
9.055527,7.7710986,0,KMeans
6.0124435,2.7057548,1,KMeans
11.614107,9.45891,2,KMeans
13.3814945,12.807178,2,KMeans
10.865865,11.128924,2,KMeans
8.265354,7.7481856,0,KMeans
12.711974,0.43186587,3,KMeans
8.188594,6.495353,0,KMeans
12.3461275,0.17653391,3,KMeans
10.314339,8.709518,0,KMeans
8.94361,-0.42157748,3,KMeans
12.054224,7.5939083,0,KMeans
11.9222975,13.618842,2,KMeans
11.362152,11.24109,2,KMeans
12.392073,2.0225313,3,KMeans
12.583968,0.58362424,3,KMeans
8.277741,10.209429,2,KMeans
9.740229,10.913855,2,KMeans
10.247224,0.35660303,3,KMeans
8.267839,4.589304,0,KMeans
10.506919,1.1395558,3,KMeans
10.138399,1.263134,3,KMeans
9.294216,8.143543,0,KMeans
12.380549,12.5995035,2,KMeans
9.241192,10.722434,2,KMeans
11.261185,7.370628,0,KMeans
13.361064,13.33851,2,KMeans
13.400083,13.770043,2,KMeans
11.743457,13.117915,2,KMeans
10.766695,4.261852,0,KMeans
10.546753,8.816338,0,KMeans
7.441636,9.880363,0,KMeans
8.953435,0.85275704,3,KMeans
9.105414,5.1379333,0,KMeans
11.304359,5.587415,0,KMeans
9.950336,10.446779,2,KMeans
8.471497,2.3947432,3,KMeans
7.578199,6.0918145,0,KMeans
9.067991,8.567708,0,KMeans
11.342546,7.8534927,0,KMeans
7.0972047,9.231238,0,KMeans
10.321521,5.282496,0,KMeans
11.870397,3.821827,0,KMeans
10.70624,6.4029794,0,KMeans
10.042929,3.642854,0,KMeans
11.625545,0.059982717,3,KMeans
10.22097,9.44514,2,KMeans
12.226429,7.8195696,0,KMeans
6.7916255,2.7922425,3,KMeans
12.861988,11.28293,2,KMeans
9.347282,10.120906,2,KMeans
11.69412,8.306796,0,KMeans
11.137289,0.12404098,3,KMeans
10.532251,10.248393,2,KMeans
10.378676,7.820597,0,KMeans
9.100005,7.0385823,0,KMeans
12.859971,11.509418,2,KMeans
12.077133,2.2769737,3,KMeans
7.792651,10.535543,2,KMeans
12.5912895,9.439509,2,KMeans
11.711074,10.093558,2,KMeans
12.874681,12.933924,2,KMeans
6.6067176,9.429475,0,KMeans
11.718895,1.0714221,3,KMeans
12.45064,3.1266057,2,KMeans
10.567581,5.066262,0,KMeans
11.377863,12.116239,2,KMeans
8.590527,4.004047,0,KMeans
8.248568,11.277563,2,KMeans
12.623935,8.430783,2,KMeans
9.861196,0.92272484,3,KMeans
8.833857,0.8005133,3,KMeans
12.722292,7.3709707,2,KMeans
10.275494,7.2979693,0,KMeans
6.467565,9.639716,0,KMeans
10.112758,3.303206,0,KMeans
8.992136,1.1775626,3,KMeans
11.421911,4.3266125,0,KMeans
12.749896,-0.35344616,2,KMeans
7.7004123,6.4499226,0,KMeans
10.795818,9.786994,2,KMeans
11.830478,1.0397137,3,KMeans
11.870763,13.005501,2,KMeans
7.792878,8.379582,0,KMeans
11.485169,3.9016032,0,KMeans
8.935385,2.061908,3,KMeans
10.285807,4.2192817,0,KMeans
11.753759,1.644592,3,KMeans
9.696997,7.489961,0,KMeans
12.927105,11.309368,2,KMeans
9.391661,1.825456,3,KMeans
8.773252,-0.21946114,3,KMeans
9.482208,8.741583,0,KMeans
8.055772,8.237693,0,KMeans
12.148241,-0.15175624,3,KMeans
10.317662,8.110113,0,KMeans
9.174693,5.199598,0,KMeans
7.262846,8.208479,0,KMeans
9.234907,10.065816,2,KMeans
7.2473946,9.894309,0,KMeans
10.697751,2.1345372,3,KMeans
7.1730447,10.44847,2,KMeans
10.546972,4.1069016,0,KMeans
8.001167,11.119677,2,KMeans
8.452913,9.778639,2,KMeans
10.245552,8.668001,0,KMeans
11.356329,13.051871,2,KMeans
12.123827,13.289433,2,KMeans
9.589681,0.7696822,3,KMeans
11.957343,11.2122555,2,KMeans
12.581971,1.1933519,3,KMeans
11.064225,2.6041703,3,KMeans
8.52274,10.069488,2,KMeans
11.132336,9.320237,2,KMeans
10.806448,8.117502,0,KMeans
10.537361,2.4639318,3,KMeans
11.372,8.221472,0,KMeans
11.670115,4.9393086,0,KMeans
8.682433,2.3986259,3,KMeans
8.052784,10.634874,2,KMeans
11.572861,-0.23561606,3,KMeans
10.831998,10.751604,2,KMeans
10.26423,11.295258,2,KMeans
13.28629,11.9909725,2,KMeans
11.837764,2.792314,3,KMeans
10.854619,1.0878596,3,KMeans
8.830868,1.4245684,3,KMeans
7.98856,7.2238197,0,KMeans
11.789765,10.776941,2,KMeans
9.878713,2.540851,3,KMeans
7.5057907,9.747822,0,KMeans
12.3409195,10.389807,2,KMeans
7.8692517,8.288466,0,KMeans
11.963978,11.738868,2,KMeans
13.088666,13.951617,2,KMeans
11.904153,-0.81645817,3,KMeans
10.415058,4.1184072,0,KMeans
12.439793,11.022994,2,KMeans
4.8939247,2.4596374,1,KMeans
8.517478,10.878111,2,KMeans
10.774683,2.6743488,3,KMeans
10.203419,6.7290277,0,KMeans
8.994171,9.825795,0,KMeans
8.282259,9.235479,0,KMeans
8.146032,7.4841566,0,KMeans
10.550664,5.155653,0,KMeans
11.789842,9.633721,2,KMeans
9.113409,5.5276074,0,KMeans
13.304037,11.182286,3,KMeans
10.08757,1.1749842,3,KMeans
12.26518,1.9235742,3,KMeans
8.850505,7.7709923,0,KMeans
8.443947,8.267872,0,KMeans
5.6629953,2.6226254,1,KMeans
8.237438,9.233053,0,KMeans
8.970369,8.28239,0,KMeans
11.383969,-0.07709688,3,KMeans
9.112659,6.001485,0,KMeans
9.374517,5.676237,0,KMeans
13.030793,10.032604,2,KMeans
11.154901,12.187169,2,KMeans
8.958184,6.269701,0,KMeans
11.236523,11.486184,2,KMeans
11.214689,0.09782322,3,KMeans
8.566386,8.610419,0,KMeans
6.814712,9.6910305,0,KMeans
7.1081915,8.727231,0,KMeans
8.266417,4.289303,0,KMeans
12.278748,8.299864,2,KMeans
10.208431,12.306172,2,KMeans
12.0381155,10.37352,2,KMeans
9.254201,-0.63528305,3,KMeans
12.303337,13.456071,2,KMeans
10.301355,4.697308,0,KMeans
10.641612,12.415628,2,KMeans
11.493895,11.965275,2,KMeans
6.0384083,2.781093,1,KMeans
12.549112,11.306958,2,KMeans
11.23086,3.1682417,3,KMeans
8.700878,8.492054,0,KMeans
8.444338,9.683821,0,KMeans
8.7583,10.425963,2,KMeans
11.459493,12.126347,2,KMeans
9.664454,10.263061,2,KMeans
9.935927,3.9477036,0,KMeans
10.383573,2.589028,2,KMeans
7.137675,9.694005,2,KMeans
8.292536,9.858074,0,KMeans
12.633978,12.71064,2,KMeans
12.916297,9.928167,2,KMeans
9.383864,1.6358024,3,KMeans
12.021517,7.523308,0,KMeans
12.139188,1.7027928,3,KMeans
12.276831,8.098171,0,KMeans
8.197643,7.833783,0,KMeans
8.946527,6.789607,0,KMeans
11.282121,11.740903,2,KMeans
10.262052,4.7750983,0,KMeans
12.275699,11.544661,2,KMeans
11.809496,3.9069386,0,KMeans
4.3333926,2.2972336,1,KMeans
8.407707,3.3996143,0,KMeans
10.09938,11.990506,2,KMeans
9.297231,6.32783,0,KMeans
11.377366,3.3546216,3,KMeans
12.913208,0.64093405,2,KMeans
12.305967,13.111837,2,KMeans
7.8028173,10.388808,2,KMeans
9.925381,5.8942695,0,KMeans
10.419639,0.9866349,3,KMeans
8.211961,10.829227,2,KMeans
9.545726,-0.7552922,3,KMeans
10.017806,11.127939,2,KMeans
10.072847,5.246742,0,KMeans
10.651775,2.442922,3,KMeans
6.4278116,2.8736804,1,KMeans
7.901541,9.7008915,2,KMeans
11.359365,2.2454545,3,KMeans
10.687651,9.83877,2,KMeans
9.666154,9.611399,0,KMeans
8.575994,3.364494,0,KMeans
12.861472,12.581347,2,KMeans
9.096632,9.931941,0,KMeans
12.890867,0.6210632,2,KMeans
12.838838,13.764522,2,KMeans
8.059887,8.747154,0,KMeans
13.023424,13.16188,2,KMeans
12.158345,2.1312158,3,KMeans
11.717257,0.9074544,3,KMeans
10.827978,6.197121,0,KMeans
12.196757,6.3001475,0,KMeans
12.22663,7.1604133,0,KMeans
9.018353,2.9134138,0,KMeans
10.898421,0.16081437,3,KMeans
11.163983,12.3909235,2,KMeans
8.519398,3.1385183,0,KMeans
9.991019,11.868184,2,KMeans
10.693008,-0.45706624,3,KMeans
7.115769,8.509916,0,KMeans
10.263263,10.926257,2,KMeans
8.238786,9.997187,0,KMeans
10.612927,-0.19355968,3,KMeans
11.938128,13.269156,2,KMeans
10.100623,8.909611,0,KMeans
11.267584,10.420258,2,KMeans
12.084633,6.928833,0,KMeans
12.1029005,3.205227,0,KMeans
10.296136,8.237534,0,KMeans
11.201416,8.250307,0,KMeans
11.183952,3.8759902,0,KMeans
12.329999,7.8915496,2,KMeans
11.524965,10.024477,2,KMeans
7.829635,9.9454975,0,KMeans
12.490167,11.546165,2,KMeans
11.230289,11.550927,2,KMeans
7.4848866,7.9473057,0,KMeans
7.7006555,11.230649,2,KMeans
11.016884,11.240264,2,KMeans
12.387619,-0.7381175,3,KMeans
11.106736,-0.011599371,3,KMeans
12.441448,3.2240393,2,KMeans
9.354275,5.985879,0,KMeans
12.213855,0.7172906,3,KMeans
11.01078,9.026698,0,KMeans
12.096785,1.0951123,3,KMeans
12.797,0.34346184,2,KMeans
10.409781,4.9048247,0,KMeans
8.199473,9.163029,0,KMeans
12.54061,13.570261,2,KMeans
10.034176,5.8238907,0,KMeans
11.7691,0.39323017,3,KMeans
10.4960375,5.9445124,0,KMeans
9.224363,4.0617194,0,KMeans
11.4756155,1.3508686,3,KMeans
12.054458,3.1368709,3,KMeans
10.183738,5.1220255,0,KMeans
13.049579,11.040065,2,KMeans
12.903579,13.262316,2,KMeans
10.66455,5.647606,0,KMeans
11.656775,7.1181684,0,KMeans
9.336045,2.9417973,0,KMeans
10.997038,8.468877,0,KMeans
11.695143,1.2203715,3,KMeans
10.24703,7.3749013,0,KMeans
9.952679,8.328262,0,KMeans
8.440088,6.556671,0,KMeans
8.940586,2.241579,3,KMeans
10.925693,9.549385,2,KMeans
5.361434,2.521843,1,KMeans
10.712214,1.6735982,3,KMeans
8.040793,3.5047266,0,KMeans
4.709218,2.420109,1,KMeans
10.8099575,8.986376,0,KMeans
9.100222,5.739077,0,KMeans
8.807628,1.0180961,3,KMeans
12.006144,12.386708,2,KMeans
10.432278,7.103136,0,KMeans
11.166141,0.9030894,3,KMeans
12.368098,12.5636835,2,KMeans
11.119942,10.15901,2,KMeans
10.008024,9.386459,0,KMeans
12.710754,9.951005,2,KMeans
11.20738,2.6053965,3,KMeans
10.514058,8.490218,0,KMeans
12.16786,8.1678095,0,KMeans
8.526658,9.964455,2,KMeans
7.268364,9.913688,0,KMeans
9.957206,3.7881467,0,KMeans
10.30244,5.2558165,0,KMeans
10.004421,-0.348556,3,KMeans
11.805858,7.7805524,0,KMeans
12.425181,13.081386,2,KMeans
12.693554,9.774827,2,KMeans
8.939973,1.370953,3,KMeans
6.998257,9.427425,0,KMeans
11.996507,0.68162215,3,KMeans
8.912791,-0.9326802,3,KMeans
9.971367,12.309912,2,KMeans
10.330285,3.4156396,0,KMeans
10.002409,11.605556,2,KMeans
12.01104,1.608381,3,KMeans
8.642936,6.732368,0,KMeans
11.866885,5.033225,0,KMeans
7.9344625,8.583652,0,KMeans
13.66795,13.448062,2,KMeans
9.084487,-0.68745154,3,KMeans
10.602572,1.3711789,3,KMeans
11.435909,-0.6951661,3,KMeans
11.08353,12.551563,2,KMeans
11.20195,1.723654,3,KMeans
10.105073,-0.7831939,3,KMeans
7.8678,3.3256574,0,KMeans
8.71024,0.38952953,3,KMeans
5.9253397,2.7516582,1,KMeans
13.023605,13.332721,2,KMeans
10.817464,4.1905627,0,KMeans
10.32187,1.480936,3,KMeans
9.534239,11.16658,2,KMeans
10.76189,12.373797,2,KMeans
10.8431635,5.5888,0,KMeans
10.464823,12.101866,2,KMeans
12.940616,10.793442,2,KMeans
13.514634,13.143641,2,KMeans
11.295581,12.806754,2,KMeans
9.660483,10.547662,2,KMeans
10.069039,5.0672793,0,KMeans
11.8794775,9.524356,2,KMeans
10.50767,4.5384808,0,KMeans
10.365221,2.7269013,3,KMeans
8.938043,12.001618,2,KMeans
11.971288,6.839223,0,KMeans
7.963558,9.301434,0,KMeans
12.903344,12.308386,2,KMeans
10.223016,6.402303,0,KMeans
11.023199,10.442912,2,KMeans
12.544965,12.844627,2,KMeans
9.457813,7.493429,0,KMeans
12.302091,12.312504,2,KMeans
11.68483,1.9695933,3,KMeans
11.665958,0.3190447,3,KMeans
12.7674675,7.8592014,2,KMeans
11.008715,11.992431,2,KMeans
12.223318,7.3134713,0,KMeans
9.554173,-0.6190944,3,KMeans
12.337815,9.247774,2,KMeans
11.406774,12.554415,2,KMeans
12.356038,9.311758,2,KMeans
10.753158,0.6315457,3,KMeans
8.89866,2.8182175,0,KMeans
11.876229,13.601433,2,KMeans
11.358677,4.660427,0,KMeans
8.85315,5.670422,0,KMeans
7.502711,9.774026,0,KMeans
11.721883,13.229828,2,KMeans
10.242236,2.5547233,3,KMeans
8.853774,2.2195022,3,KMeans
12.277191,9.863826,2,KMeans
6.608848,9.252646,0,KMeans
10.782978,10.570435,2,KMeans
13.072655,13.945899,2,KMeans
11.39851,1.4936819,3,KMeans
10.788803,12.497009,2,KMeans
11.891404,2.5861812,3,KMeans
10.437094,8.669426,0,KMeans
9.246869,3.6901512,0,KMeans
5.8404803,2.625183,1,KMeans
8.185746,9.889893,0,KMeans
9.946149,2.7389295,3,KMeans
12.418456,8.574305,2,KMeans
8.166615,8.969413,0,KMeans
8.451616,-0.20123883,3,KMeans
12.582277,12.5261545,2,KMeans
8.39585,-0.13418666,3,KMeans
10.727287,8.253794,0,KMeans
12.16803,9.565147,2,KMeans
11.397547,1.5097646,3,KMeans
9.857326,6.6626296,0,KMeans
10.75309,1.2212157,3,KMeans
11.698256,6.528831,0,KMeans
10.192003,8.259284,0,KMeans
8.811685,2.6404264,3,KMeans
10.172088,4.621151,0,KMeans
9.006905,3.5204303,0,KMeans
11.373229,10.940298,2,KMeans
6.9493694,10.067875,2,KMeans
8.874711,6.3893805,0,KMeans
12.569194,10.460837,2,KMeans
6.311166,2.807933,1,KMeans
8.782541,1.27562,3,KMeans
7.919321,10.626029,2,KMeans
9.644549,9.366169,0,KMeans
11.08696,-0.062152028,3,KMeans
9.194604,8.427158,0,KMeans
12.140123,9.9551325,2,KMeans
10.501029,2.4996698,3,KMeans
12.911125,11.83807,2,KMeans
10.211444,3.9569275,0,KMeans
11.124599,11.990476,2,KMeans
10.576455,5.1955204,0,KMeans
10.083749,6.8131294,0,KMeans
9.725961,2.1998215,3,KMeans
9.554816,9.073176,0,KMeans
9.779475,10.462641,2,KMeans
10.139853,2.8630166,3,KMeans
10.613975,6.0112395,0,KMeans
10.089321,0.05327763,3,KMeans
8.315266,7.27826,0,KMeans
11.511698,1.59266,3,KMeans
7.3959227,9.286689,0,KMeans
8.608398,-0.70577055,3,KMeans
11.759441,1.2226562,3,KMeans
12.24067,-0.20267186,3,KMeans
10.880985,8.306473,0,KMeans
11.298931,-0.18791811,3,KMeans
9.6416025,-0.25191027,3,KMeans
9.07889,8.330503,0,KMeans
11.443182,10.786105,2,KMeans
12.218591,10.599225,2,KMeans
8.570982,0.8163207,3,KMeans
10.8854685,4.6732173,0,KMeans
12.546753,10.233192,2,KMeans
11.127419,3.821006,0,KMeans
10.812641,2.9908826,3,KMeans
9.708802,7.4597225,0,KMeans
9.406411,2.8452933,3,KMeans
11.556236,-0.20718738,3,KMeans
8.381832,4.334354,0,KMeans
10.386872,5.6173725,0,KMeans
10.881678,3.9319084,0,KMeans
9.756774,4.0734344,0,KMeans
10.35496,10.37441,2,KMeans
8.789575,10.244675,2,KMeans
10.373784,1.2149993,3,KMeans
12.164802,12.93458,2,KMeans
9.407841,6.8647895,0,KMeans
9.148354,8.243576,0,KMeans
8.120543,9.282181,0,KMeans
7.9404316,10.771319,2,KMeans
12.964346,13.562292,2,KMeans
8.112197,6.3120904,0,KMeans
10.507204,10.751422,2,KMeans
12.138658,11.2051325,2,KMeans
13.23648,14.060576,2,KMeans
11.864949,1.5303718,3,KMeans
9.609562,4.649298,0,KMeans
8.840325,3.102208,0,KMeans
8.798447,1.6282237,3,KMeans
6.8824477,9.395752,0,KMeans
9.768808,10.686475,2,KMeans
9.67243,5.4632125,0,KMeans
11.717218,0.2778072,3,KMeans
12.032555,7.3419414,0,KMeans
8.200522,9.02744,0,KMeans
11.139378,-0.32718045,3,KMeans
9.498042,10.49017,2,KMeans
10.698204,5.847746,0,KMeans
10.245833,6.769354,0,KMeans
10.6917925,7.0255885,0,KMeans
9.911017,12.165231,2,KMeans
12.069784,2.9246225,3,KMeans
11.759245,3.9181447,0,KMeans
12.120364,4.233743,0,KMeans
8.358048,11.154902,2,KMeans
11.664536,11.994967,2,KMeans
11.545934,-0.81652063,3,KMeans
11.723695,7.493093,0,KMeans
8.359511,8.662171,0,KMeans
4.716747,2.3726337,1,KMeans
10.345046,0.13527271,3,KMeans
12.394262,1.1328293,3,KMeans
7.672587,8.5429325,0,KMeans
10.231334,-0.5412046,3,KMeans
8.148437,3.363836,0,KMeans
9.471527,9.860142,0,KMeans
10.674393,11.102882,2,KMeans
8.895997,11.877638,2,KMeans
9.294659,10.478901,2,KMeans
10.474972,6.3069105,0,KMeans
9.168394,4.134915,0,KMeans
8.610882,11.049517,2,KMeans
11.405984,7.5655317,0,KMeans
9.908434,-0.43531704,3,KMeans
9.610495,4.183265,0,KMeans
8.543746,11.874694,2,KMeans
10.539337,1.8823842,3,KMeans
9.941933,2.5428054,3,KMeans
11.572027,3.9814148,0,KMeans
11.554434,3.870625,0,KMeans
12.464086,2.7930977,2,KMeans
9.156149,7.5944743,0,KMeans
9.405824,5.5513396,0,KMeans
12.819164,12.571804,2,KMeans
8.611206,4.1943727,0,KMeans
10.777431,8.547683,0,KMeans
11.033453,11.962836,2,KMeans
10.772121,11.636785,2,KMeans
9.199593,6.2228026,0,KMeans
8.272339,6.0177045,0,KMeans
12.167956,7.6396103,0,KMeans
8.834874,-0.06443523,3,KMeans
8.229016,11.192496,2,KMeans
9.058225,1.1383454,3,KMeans
12.221044,7.3343077,0,KMeans
12.877873,12.676863,2,KMeans
9.514614,4.1242723,0,KMeans
9.816607,0.13840894,3,KMeans
7.7338076,7.2188087,0,KMeans
12.720383,7.925341,2,KMeans
12.013632,13.319577,2,KMeans
12.275944,3.335105,3,KMeans
10.43632,10.379665,2,KMeans
7.1047864,9.545201,0,KMeans
9.57148,1.5402197,3,KMeans
12.436642,2.7981138,2,KMeans
11.573618,8.794188,2,KMeans
12.55481,0.921931,2,KMeans
11.800708,8.688864,0,KMeans
10.022969,0.67723566,3,KMeans
10.749825,12.29824,2,KMeans
6.400348,2.8112826,1,KMeans
13.430115,13.997237,2,KMeans
9.19698,2.2908309,3,KMeans
10.053031,6.2280216,0,KMeans
11.11616,8.973324,0,KMeans
9.589302,3.342134,0,KMeans
8.043427,10.848288,2,KMeans
8.624302,-0.9066139,3,KMeans
10.893068,4.061946,0,KMeans
12.527624,1.093965,3,KMeans
9.775719,7.0459476,0,KMeans
11.057249,8.142488,0,KMeans
12.158919,1.8795843,3,KMeans
10.228158,6.0657053,0,KMeans
11.907416,1.0318503,3,KMeans
8.293641,6.7749057,0,KMeans
9.515103,11.301687,2,KMeans
10.4762335,0.9049186,3,KMeans
8.398039,7.8807864,0,KMeans
11.190684,11.846404,2,KMeans
10.666735,4.3230014,0,KMeans
8.180887,6.8849654,0,KMeans
10.919484,4.1606193,0,KMeans
9.309253,0.9217415,3,KMeans
10.563864,5.539392,0,KMeans
10.060897,11.935084,2,KMeans
10.166489,2.0035696,3,KMeans
12.105096,-0.3930381,3,KMeans
7.778194,10.603541,2,KMeans
10.769047,10.728577,2,KMeans
12.27173,6.658639,0,KMeans
12.803785,7.926637,2,KMeans
9.971469,8.821289,0,KMeans
8.519699,10.427913,2,KMeans
9.17977,1.331788,3,KMeans
11.50135,0.9280438,3,KMeans
9.591251,11.050514,2,KMeans
12.705547,2.1978571,2,KMeans
10.811197,11.671526,2,KMeans
10.234032,5.417771,0,KMeans
11.043871,9.688469,2,KMeans
7.7723455,5.66937,0,KMeans
9.739043,10.590936,2,KMeans
9.948461,2.964352,3,KMeans
11.527692,12.046952,2,KMeans
13.09099,12.4486265,2,KMeans
10.1143265,0.7880412,3,KMeans
10.337038,2.2331207,3,KMeans
12.353335,-0.20184506,3,KMeans
7.123761,9.913808,2,KMeans
8.778636,6.6548243,0,KMeans
10.646172,11.144019,2,KMeans
13.530921,13.583291,2,KMeans
8.380996,8.635895,0,KMeans
8.417328,2.8188097,3,KMeans
7.131023,9.140601,0,KMeans
9.321901,11.602936,2,KMeans
8.320908,8.674599,0,KMeans
6.537241,9.354879,0,KMeans
12.9580345,12.210693,2,KMeans
7.692578,7.4363766,0,KMeans
12.600574,-0.4415563,3,KMeans
7.3536854,2.489377,3,KMeans
9.552043,4.8700976,0,KMeans
10.45723,0.47549123,3,KMeans
10.190384,2.8437521,3,KMeans
11.148842,2.4291747,3,KMeans
12.202926,7.1041646,0,KMeans
9.488809,2.3829226,3,KMeans
12.447069,11.584417,2,KMeans
8.26675,10.067423,2,KMeans
8.346097,3.2254715,3,KMeans
12.4100685,13.679852,2,KMeans
8.200732,7.1704397,0,KMeans
12.456914,7.480884,0,KMeans
11.970736,13.707111,2,KMeans
12.641979,-0.59068716,3,KMeans
6.5436573,9.340719,0,KMeans
10.589767,6.4848747,0,KMeans
10.44889,-0.305511,3,KMeans
11.54708,0.016425123,3,KMeans
8.356619,9.791969,0,KMeans
11.298022,-0.6375995,3,KMeans
7.498012,10.839594,2,KMeans
11.649628,1.2110507,3,KMeans
9.556426,10.019921,2,KMeans
9.486776,2.1429393,3,KMeans
9.421797,10.274908,2,KMeans
11.73858,11.950411,2,KMeans
11.0583315,3.5607169,3,KMeans
10.12596,9.189434,0,KMeans
7.5102777,9.865343,2,KMeans
9.252974,9.480266,2,KMeans
9.517659,1.7901785,3,KMeans
11.971721,-0.91606957,3,KMeans
8.719037,6.4668884,0,KMeans
9.967465,7.162761,0,KMeans
11.298622,-0.34511927,3,KMeans
12.774801,11.171032,2,KMeans
9.610843,3.837679,0,KMeans
11.1128235,-0.6582731,3,KMeans
12.709338,1.7058083,2,KMeans
8.641885,5.3156486,0,KMeans
8.649645,10.790953,2,KMeans
12.5954075,0.61648893,3,KMeans
9.940389,6.3900876,0,KMeans
9.346939,10.285294,2,KMeans
9.401687,-0.7225124,3,KMeans
11.432038,7.356769,0,KMeans
10.661145,1.2479843,3,KMeans
8.015962,2.4529614,3,KMeans
9.8458805,2.3669937,3,KMeans
12.542059,1.6101764,3,KMeans
11.569743,2.7641232,3,KMeans
8.816076,0.8323432,3,KMeans
11.665174,13.250844,2,KMeans
9.091584,0.38597128,3,KMeans
9.48473,2.3756938,3,KMeans
10.050627,1.7962074,3,KMeans
11.26283,4.3950796,0,KMeans
13.070914,11.967201,2,KMeans
12.894104,14.029506,2,KMeans
8.363541,10.369564,2,KMeans
11.895574,3.653888,0,KMeans
9.303287,8.039996,0,KMeans
12.641451,8.330766,2,KMeans
7.94333,5.4915566,0,KMeans
10.556499,6.725984,0,KMeans
12.072111,9.550453,2,KMeans
12.917525,12.454972,2,KMeans
13.072615,14.083773,2,KMeans
10.633798,3.341826,0,KMeans
9.135793,4.304813,0,KMeans
9.976903,7.5173573,0,KMeans
9.72166,7.1220875,0,KMeans
12.50422,9.633883,2,KMeans
11.148901,10.809519,2,KMeans
10.480911,9.700694,2,KMeans
10.685803,4.1692724,0,KMeans
10.449313,5.471433,0,KMeans
10.165358,5.2846065,0,KMeans
10.856775,9.956011,2,KMeans
9.982739,3.7991195,0,KMeans
11.72945,3.2604737,3,KMeans
12.815579,11.327003,2,KMeans
10.998269,5.0520115,0,KMeans
12.381797,-0.087200984,3,KMeans
9.636023,6.73881,0,KMeans
8.676715,7.914982,0,KMeans
6.904029,9.858737,0,KMeans
9.319131,6.0265765,0,KMeans
11.6450815,6.22196,0,KMeans
11.620355,1.9323946,3,KMeans
10.89157,2.790121,3,KMeans
11.535085,10.148826,2,KMeans
9.455358,6.8434196,0,KMeans
11.355411,11.701719,2,KMeans
12.144351,12.93829,2,KMeans
8.537664,9.08322,0,KMeans
11.219452,3.5896041,0,KMeans
9.093081,2.7612705,3,KMeans
9.721727,2.7788205,3,KMeans
12.616879,12.907241,2,KMeans
9.131672,8.68897,0,KMeans
9.554333,10.773849,2,KMeans
12.552287,2.6973712,2,KMeans
9.990694,12.294335,2,KMeans
11.68297,12.641934,2,KMeans
10.1364975,0.0660371,3,KMeans
13.423405,14.009162,2,KMeans
10.727736,3.092956,3,KMeans
12.270584,1.6344196,2,KMeans
10.808555,7.633425,0,KMeans
10.769807,2.9779017,3,KMeans
9.586341,8.904517,0,KMeans
10.3279705,11.843534,2,KMeans
9.1540985,-0.74209255,3,KMeans
8.663652,7.030285,0,KMeans
9.211279,9.942897,2,KMeans
10.504468,3.0138397,3,KMeans
11.341511,-0.32925063,3,KMeans
10.475456,4.010532,0,KMeans
10.94311,3.6749423,2,KMeans
11.958883,1.7856613,3,KMeans
11.182142,6.2052402,0,KMeans
12.687884,10.443749,2,KMeans
12.438904,9.302762,2,KMeans
12.106656,11.773946,2,KMeans
12.240876,2.3470776,3,KMeans
10.238956,6.390294,0,KMeans
6.9479184,10.308329,2,KMeans
10.17284,1.2305766,3,KMeans
12.757509,-0.023773387,2,KMeans
8.886921,9.108454,0,KMeans
9.371019,3.5163932,0,KMeans
12.742015,13.943734,2,KMeans
9.87937,7.113671,0,KMeans
8.179116,10.734976,2,KMeans
10.874216,7.3911767,0,KMeans
8.599083,9.301299,0,KMeans
9.50708,4.2631254,0,KMeans
11.837142,12.2884245,2,KMeans
10.365851,2.3840756,3,KMeans
12.324115,9.931811,2,KMeans
12.4670725,9.59563,2,KMeans
11.883207,7.02468,0,KMeans
7.5101523,10.15576,2,KMeans
11.827583,2.1620085,3,KMeans
8.9538355,4.2471805,0,KMeans
11.202776,1.1201206,3,KMeans
10.692458,-0.7246799,3,KMeans
10.646108,5.8491993,0,KMeans
11.470685,12.482399,2,KMeans
11.258309,3.5008922,3,KMeans
9.510173,1.9403608,3,KMeans
7.982726,7.6649737,0,KMeans
10.236663,5.885948,0,KMeans
9.98678,8.16945,0,KMeans
10.471552,3.2454855,3,KMeans
10.422433,5.0688868,0,KMeans
11.188403,11.036415,2,KMeans
9.4365015,4.928806,0,KMeans
9.411723,0.23411232,3,KMeans
11.076914,1.7055309,3,KMeans
11.5082245,10.777229,2,KMeans
8.142677,9.145061,0,KMeans
6.399052,2.823583,1,KMeans
6.8069863,10.0506115,2,KMeans
8.01876,9.19143,0,KMeans
11.190419,10.892727,2,KMeans
10.217619,9.980087,2,KMeans
11.387178,10.984597,2,KMeans
9.695633,5.7814407,0,KMeans
10.343439,12.088255,2,KMeans
11.196438,10.029099,2,KMeans
9.723915,3.1062095,0,KMeans
10.806053,6.3798356,0,KMeans
11.263611,6.126524,0,KMeans
12.166585,9.735448,2,KMeans
9.951682,3.6261806,0,KMeans
10.453616,6.6629477,0,KMeans
10.525347,6.160039,0,KMeans
9.522848,11.769375,2,KMeans
12.136014,12.372007,2,KMeans
9.839638,10.114332,2,KMeans
11.59765,7.658652,0,KMeans
10.146555,5.4090133,0,KMeans
10.366126,2.964181,3,KMeans
12.012679,-0.5944902,3,KMeans
9.766889,11.794596,2,KMeans
12.286769,10.711413,2,KMeans
11.643567,12.806616,2,KMeans
10.987458,10.992654,2,KMeans
10.484562,2.5452209,3,KMeans
9.256297,11.375783,2,KMeans
8.846926,10.031358,2,KMeans
10.810543,5.922422,0,KMeans
9.585581,6.4999943,0,KMeans
7.534208,8.6221485,0,KMeans
9.99939,9.868801,2,KMeans
6.8639684,10.131368,2,KMeans
9.326371,1.9974215,3,KMeans
8.203649,7.5829096,0,KMeans
12.204525,4.3220367,2,KMeans
11.870775,3.9896965,0,KMeans
8.757176,5.7670293,0,KMeans
9.747443,12.295753,2,KMeans
8.774432,3.1205218,3,KMeans
12.256997,6.9687552,0,KMeans
9.078944,3.891602,0,KMeans
7.073431,9.889968,0,KMeans
12.257764,2.5760624,3,KMeans
8.919784,6.616163,0,KMeans
10.052835,9.741562,2,KMeans
9.965937,3.5215783,3,KMeans
11.383045,0.41150686,3,KMeans
10.432332,6.267305,0,KMeans
10.151491,2.4746943,3,KMeans
8.706001,6.4128933,0,KMeans
9.216316,6.19975,0,KMeans
10.916176,2.3251684,3,KMeans
9.621225,11.273014,2,KMeans
11.887152,1.5806361,3,KMeans
11.628564,8.85953,2,KMeans
10.117047,5.5422163,0,KMeans
8.950971,8.543663,0,KMeans
12.773324,11.385253,2,KMeans
9.839358,7.533809,0,KMeans
10.253133,4.345631,0,KMeans
12.395437,11.456531,2,KMeans
8.618494,9.555551,0,KMeans
10.910573,1.9803128,3,KMeans
12.069234,8.919911,2,KMeans
9.199201,8.985582,2,KMeans
7.9992833,10.725278,2,KMeans
10.616285,12.289269,2,KMeans
9.581933,4.9779954,0,KMeans
9.792086,7.70584,0,KMeans
10.900396,10.988322,2,KMeans
10.878209,3.3155594,0,KMeans
13.17343,12.583669,2,KMeans
12.486004,8.071738,2,KMeans
11.353293,2.8611715,3,KMeans
10.3213825,5.4239955,0,KMeans
10.613208,9.811307,2,KMeans
10.3373,1.2422175,3,KMeans
8.95349,7.5394287,0,KMeans
11.313349,2.5688295,3,KMeans
9.762989,9.6176815,0,KMeans
8.641095,10.71379,2,KMeans
12.643049,11.146003,2,KMeans
12.758618,10.478819,2,KMeans
12.69347,13.921956,2,KMeans
8.525315,4.74323,0,KMeans
11.272454,11.649105,2,KMeans
7.136029,3.101003,0,KMeans
8.176193,10.62691,2,KMeans
12.423323,9.442756,2,KMeans
12.081746,1.9143661,3,KMeans
11.316268,-0.8483482,3,KMeans
10.102979,12.354323,2,KMeans
10.283281,5.6062083,0,KMeans
11.337171,3.0499651,3,KMeans
12.014325,12.010277,2,KMeans
7.9843016,10.826725,2,KMeans
11.361127,-0.03519377,3,KMeans
11.050571,3.879695,0,KMeans
9.969067,5.790801,0,KMeans
12.086422,-0.216675,3,KMeans
7.440341,10.651575,2,KMeans
11.271047,4.7711544,0,KMeans
10.399187,-0.68259186,3,KMeans
10.490781,-0.4112993,3,KMeans
8.584385,-0.14026716,3,KMeans
9.569482,8.950587,0,KMeans
11.544509,1.8518062,3,KMeans
8.087681,2.9207952,3,KMeans
8.185152,9.856254,2,KMeans
9.318552,3.973817,0,KMeans
11.490036,11.31071,2,KMeans
11.354648,4.3989816,0,KMeans
8.093318,10.302304,2,KMeans
8.51044,10.39816,2,KMeans
12.2649145,3.6267378,0,KMeans
11.540397,2.0255914,3,KMeans
9.763041,12.315683,2,KMeans
12.024873,9.772788,2,KMeans
10.815408,12.745705,2,KMeans
9.74736,1.449809,3,KMeans
10.189129,9.75404,2,KMeans
10.78564,7.6346874,0,KMeans
10.39654,-0.43096846,3,KMeans
10.185873,12.317315,2,KMeans
12.02535,2.9808187,2,KMeans
11.0765705,3.2053127,3,KMeans
13.55418,12.993388,2,KMeans
10.452756,6.0053287,0,KMeans
8.804635,2.3714106,3,KMeans
8.2023,10.115574,2,KMeans
12.180406,1.5625414,3,KMeans
11.123883,2.2491634,3,KMeans
10.23438,5.1304746,0,KMeans
10.427297,12.470811,2,KMeans
9.809527,4.7720847,0,KMeans
10.360546,9.986314,2,KMeans
11.10203,1.0995928,3,KMeans
11.093605,7.2046146,0,KMeans
10.158974,5.143134,0,KMeans
8.514234,7.5454073,0,KMeans
12.665758,13.360419,2,KMeans
9.944023,10.783842,2,KMeans
6.54124,9.553549,0,KMeans
11.65704,9.324837,2,KMeans
12.558001,7.543093,2,KMeans
9.410896,2.3940217,3,KMeans
6.9870014,10.190544,2,KMeans
10.707097,1.6536208,3,KMeans
10.210743,5.231581,0,KMeans
7.235757,9.047605,0,KMeans
9.293971,7.764324,0,KMeans
9.146775,2.7015,3,KMeans
12.487423,12.666258,2,KMeans
12.231628,1.6475368,3,KMeans
12.877033,0.45102468,2,KMeans
9.706193,5.629543,0,KMeans
11.73169,-0.34705785,3,KMeans
6.6897645,9.093396,0,KMeans
11.199175,2.1426377,3,KMeans
12.702605,13.277348,2,KMeans
12.488166,7.1952915,0,KMeans
10.3982935,7.445653,0,KMeans
10.330615,1.0746982,3,KMeans
10.489634,4.4411697,0,KMeans
9.903755,5.2208276,0,KMeans
11.170289,9.015286,0,KMeans
11.500658,-0.39654362,3,KMeans
12.374009,12.166384,2,KMeans
11.876122,-0.75491506,3,KMeans
7.526658,2.4344954,3,KMeans
8.06071,10.894551,2,KMeans
8.439336,9.059043,0,KMeans
12.354138,2.1890929,3,KMeans
10.14901,2.138815,3,KMeans
9.157418,9.56692,0,KMeans
9.601238,7.267525,0,KMeans
11.096769,12.336151,2,KMeans
7.813685,5.4916434,0,KMeans
10.098445,9.384219,0,KMeans
10.315463,2.5693827,3,KMeans
7.6198673,9.224371,0,KMeans
11.91194,8.194535,0,KMeans
12.675787,11.7898855,2,KMeans
6.9451227,9.783047,0,KMeans
9.927962,7.145883,0,KMeans
9.951563,11.4657955,2,KMeans
11.620333,7.3267217,0,KMeans
11.667646,12.943922,2,KMeans
9.40314,1.0020438,3,KMeans
9.622103,6.734048,0,KMeans
12.4156065,3.725539,2,KMeans
12.344139,2.442559,3,KMeans
9.270487,0.17165127,3,KMeans
10.108885,-0.6615503,3,KMeans
10.391648,8.744242,0,KMeans
8.864673,0.86596274,3,KMeans
9.049371,7.6872888,0,KMeans
10.522935,11.624031,2,KMeans
9.2074795,2.7025075,3,KMeans
10.86154,0.17580959,3,KMeans
10.092165,6.5323353,0,KMeans
8.471338,4.071102,0,KMeans
9.336712,2.873129,3,KMeans
10.761351,6.1249776,0,KMeans
11.557256,-0.07745893,3,KMeans
12.754847,11.49965,2,KMeans
9.8451185,2.3802104,3,KMeans
8.147424,10.492307,2,KMeans
11.221562,7.229944,0,KMeans
11.638754,1.1141758,3,KMeans
8.430787,10.483512,2,KMeans
12.739525,13.440986,2,KMeans
9.006895,3.4341977,3,KMeans
10.829095,0.29887515,3,KMeans
10.869082,5.589484,0,KMeans
9.552024,0.6720178,3,KMeans
13.362216,12.8447485,2,KMeans
10.152895,2.8364797,0,KMeans
10.665126,6.3018847,0,KMeans
7.6593385,10.262261,2,KMeans
8.997406,8.602703,0,KMeans
10.916332,11.372842,2,KMeans
11.107466,12.093384,2,KMeans
11.727725,1.2793834,3,KMeans
9.84414,7.247088,0,KMeans
9.412348,4.984277,0,KMeans
9.768033,8.947622,0,KMeans
10.820622,-0.014502308,3,KMeans
10.914124,7.499706,0,KMeans
10.851167,11.6789665,2,KMeans
12.119786,7.1398845,0,KMeans
10.146087,2.8480232,3,KMeans
11.076008,7.3666835,0,KMeans
8.025322,9.205141,0,KMeans
11.957588,9.8294935,2,KMeans
13.581002,13.872442,2,KMeans
8.334021,3.382053,0,KMeans
11.109457,2.8789494,3,KMeans
13.083432,12.786015,2,KMeans
10.185502,7.5348806,0,KMeans
11.30528,13.017797,2,KMeans
12.18017,0.8291503,3,KMeans
9.961778,8.703717,0,KMeans
13.375578,11.754975,2,KMeans
9.142536,3.6739385,0,KMeans
7.526825,9.577542,0,KMeans
12.360188,1.1028769,3,KMeans
11.223979,8.353609,0,KMeans
8.872097,10.13212,2,KMeans
10.294155,10.742263,2,KMeans
12.14654,10.145993,2,KMeans
8.972892,10.98647,2,KMeans
11.201055,2.4911163,3,KMeans
9.589252,6.2713566,0,KMeans
7.534407,10.407534,2,KMeans
10.107763,6.0783925,0,KMeans
13.461423,12.113814,2,KMeans
6.1284094,2.5348992,3,KMeans
8.985128,-0.53931236,3,KMeans
9.705895,3.1833725,0,KMeans
9.4811735,9.821413,2,KMeans
10.7049885,6.5121183,0,KMeans
12.921706,10.323531,2,KMeans
9.775589,5.8520184,0,KMeans
8.994044,9.84774,2,KMeans
8.992055,10.410633,2,KMeans
9.798968,7.2285047,0,KMeans
12.518535,1.5127593,3,KMeans
12.101703,-0.3059933,3,KMeans
8.33722,7.132174,0,KMeans
10.437103,2.7282205,3,KMeans
9.173064,6.18388,0,KMeans
10.593249,2.9537532,3,KMeans
8.2430315,7.0806394,0,KMeans
8.975695,9.948709,2,KMeans
11.320942,11.338738,2,KMeans
12.127479,1.2033312,3,KMeans
9.351871,8.882921,0,KMeans
10.129402,-0.19617587,3,KMeans
12.298548,11.975652,2,KMeans
12.885825,14.013333,2,KMeans
10.767788,5.6855397,0,KMeans
8.642835,7.0331526,0,KMeans
11.291609,4.766978,0,KMeans
10.565787,0.38146332,3,KMeans
10.812619,4.0786963,0,KMeans
11.08187,9.715825,2,KMeans
10.906856,9.929932,2,KMeans
4.319078,2.2898622,1,KMeans
11.906511,12.298434,2,KMeans
9.118899,2.2778206,3,KMeans
10.64081,7.84146,0,KMeans
10.16204,11.898578,2,KMeans
8.815707,8.161522,0,KMeans
11.683864,13.021918,2,KMeans
10.450406,8.3488655,0,KMeans
11.221756,5.999109,0,KMeans
9.734767,7.803596,0,KMeans
10.750757,8.641308,0,KMeans
10.813668,4.1905036,0,KMeans
11.8682,10.054322,2,KMeans
10.595664,10.248309,2,KMeans
8.492083,11.2257185,2,KMeans
10.404904,11.900263,2,KMeans
9.238725,4.426214,0,KMeans
12.272162,9.963108,2,KMeans
12.484939,2.8874586,2,KMeans
11.329429,12.735353,2,KMeans
12.398311,2.3513176,3,KMeans
8.038748,6.1837044,0,KMeans
9.7769375,8.961387,0,KMeans
5.8203645,2.646722,1,KMeans
12.403542,8.005704,2,KMeans
10.254008,7.562073,0,KMeans
9.807489,9.471292,0,KMeans
12.192192,8.791214,2,KMeans
10.225376,5.0978656,0,KMeans
10.0240345,8.819706,0,KMeans
10.087105,3.1636693,0,KMeans
9.874526,1.4964124,3,KMeans
8.996755,0.70554346,3,KMeans
12.010464,1.5913955,3,KMeans
10.322096,7.1974874,0,KMeans
10.557977,12.237037,2,KMeans
12.392553,8.248884,2,KMeans
11.971381,0.73501265,3,KMeans
12.573421,2.1723843,2,KMeans
10.7270775,5.567786,0,KMeans
9.088898,1.4701829,3,KMeans
12.549247,13.335785,2,KMeans
8.929498,4.365403,0,KMeans
10.272939,-0.6096832,3,KMeans
9.7926,7.6653237,0,KMeans
9.520727,-0.6663481,3,KMeans
9.183834,10.116195,2,KMeans
10.325397,5.528549,0,KMeans
10.454133,1.3369989,3,KMeans
10.423694,1.3323791,3,KMeans
10.283892,0.6244472,3,KMeans
10.819719,3.6596007,0,KMeans
10.166438,5.701253,0,KMeans
10.261521,5.6546793,0,KMeans
7.625352,7.1177173,0,KMeans
9.829069,7.667337,0,KMeans
12.825008,13.131761,2,KMeans
11.699525,9.751459,2,KMeans
12.397968,9.2926035,2,KMeans
9.888046,0.12210769,3,KMeans
7.520239,8.162661,0,KMeans
10.023756,0.21984322,3,KMeans
8.41325,-0.14002563,3,KMeans
10.443105,-0.45025894,3,KMeans
11.710898,0.9158102,3,KMeans
9.936034,0.62148726,3,KMeans
11.157606,4.043015,0,KMeans
9.919122,0.8990708,3,KMeans
12.805224,13.405051,2,KMeans
8.572585,-0.67066306,3,KMeans
11.78393,11.96073,2,KMeans
11.032103,10.390205,2,KMeans
11.686662,1.7407475,3,KMeans
11.274036,7.77469,0,KMeans
9.1557255,6.3321657,0,KMeans
8.954412,7.5671725,0,KMeans
10.780495,2.4360626,3,KMeans
7.405577,8.150307,0,KMeans
8.186958,9.3315115,0,KMeans
9.211793,5.2595367,0,KMeans
8.346592,9.070355,0,KMeans
12.287275,9.383282,2,KMeans
11.618865,7.9368625,0,KMeans
11.110755,2.3596637,3,KMeans
7.53912,8.893037,0,KMeans
12.283813,2.0295916,2,KMeans
11.788434,6.928863,0,KMeans
10.740989,3.1998653,0,KMeans
9.179976,8.90764,0,KMeans
10.415284,11.727734,2,KMeans
9.244855,2.9523432,0,KMeans
11.468979,12.508236,2,KMeans
9.066183,9.683917,2,KMeans
10.173335,7.8560085,0,KMeans
10.879467,4.7731423,0,KMeans
11.528226,13.143226,2,KMeans
10.821803,5.161771,0,KMeans
11.864042,1.05827,3,KMeans
11.169165,1.2709823,3,KMeans
12.424311,-0.79108125,3,KMeans
9.823705,1.9434838,3,KMeans
12.301135,11.867763,2,KMeans
10.478399,3.6910765,0,KMeans
8.980215,1.7044735,3,KMeans
10.321177,1.2456366,3,KMeans
11.660631,10.376982,2,KMeans
10.531308,0.3176632,3,KMeans
11.060635,9.055378,2,KMeans
10.60915,11.193113,2,KMeans
11.216974,7.1476445,0,KMeans
10.394088,6.4440875,0,KMeans
12.616158,10.115612,2,KMeans
8.986744,1.7310706,3,KMeans
9.236407,6.913902,0,KMeans
9.126966,0.16058989,3,KMeans
10.578487,4.811137,0,KMeans
8.409717,8.72854,0,KMeans
7.0888133,3.0197697,0,KMeans
8.545106,8.577666,0,KMeans
11.021109,5.2813044,0,KMeans
9.896631,2.5189242,3,KMeans
10.325064,7.795175,0,KMeans
9.096501,1.8507407,3,KMeans
10.853472,8.240492,0,KMeans
7.357293,9.188008,0,KMeans
8.4323,7.389576,0,KMeans
10.047066,6.8050222,0,KMeans
10.758602,5.720515,0,KMeans
11.811622,2.3648534,3,KMeans
10.735065,12.307483,2,KMeans
10.488942,4.273587,0,KMeans
11.299605,9.289108,2,KMeans
11.176747,5.8801394,0,KMeans
12.25477,1.8978765,2,KMeans
9.360257,10.670288,2,KMeans
13.503808,13.737002,2,KMeans
7.1094604,8.427099,0,KMeans
7.494117,9.521816,0,KMeans
10.750215,10.306929,2,KMeans
9.394099,5.814428,0,KMeans
11.48127,4.3521953,0,KMeans
11.014328,-0.7782016,3,KMeans
10.281551,4.031947,0,KMeans
10.677595,-0.7560714,3,KMeans
9.454528,10.026012,2,KMeans
10.231026,5.162292,0,KMeans
10.250394,11.041744,2,KMeans
10.121194,6.538025,0,KMeans
9.7463875,3.4942603,3,KMeans
9.406141,10.403245,2,KMeans
11.038028,5.260328,0,KMeans
11.543145,1.1430905,3,KMeans
11.158947,0.38780648,3,KMeans
11.798983,1.688602,3,KMeans
10.616235,2.955694,3,KMeans
7.5585933,10.440715,2,KMeans
12.811209,-0.21291074,2,KMeans
10.9465275,3.3033555,3,KMeans
12.3061695,0.957886,3,KMeans
9.837873,10.352942,2,KMeans
11.2790985,1.0929968,3,KMeans
11.705885,0.72355723,3,KMeans
11.584723,1.9790264,3,KMeans
11.39193,8.739077,0,KMeans
9.675018,7.4635005,0,KMeans
7.6862054,5.52182,0,KMeans
13.11021,11.350137,2,KMeans
10.2806425,-0.254169,3,KMeans
9.535121,5.3424263,0,KMeans
8.947046,1.0690398,3,KMeans
8.593025,1.0679729,3,KMeans
10.953097,8.539102,0,KMeans
6.6631436,9.561704,0,KMeans
10.307735,12.45028,2,KMeans
11.570977,5.518916,0,KMeans
10.433968,11.596331,2,KMeans
12.714673,-0.49314883,2,KMeans
7.3865986,7.692725,0,KMeans
10.587515,8.962488,0,KMeans
12.818097,13.386139,2,KMeans
7.8082275,6.146217,0,KMeans
12.171765,11.625996,2,KMeans
11.921733,10.389862,2,KMeans
10.817108,1.8918525,3,KMeans
12.475998,0.11333176,3,KMeans
12.349699,12.823397,2,KMeans
9.06119,1.8760853,3,KMeans
11.161742,11.40354,2,KMeans
11.86493,2.1030114,3,KMeans
9.14897,3.988466,0,KMeans
10.900549,-0.31355515,3,KMeans
8.289203,9.41853,0,KMeans
10.139925,8.995154,0,KMeans
10.556087,4.806875,0,KMeans
10.238277,-0.38943285,3,KMeans
9.738199,4.445027,0,KMeans
13.189304,10.971211,2,KMeans
9.928173,2.6192427,3,KMeans
12.262922,0.033958036,3,KMeans
10.24099,11.617746,2,KMeans
12.030659,-0.836416,3,KMeans
10.771708,2.5630414,3,KMeans
10.00383,8.607358,0,KMeans
11.818864,11.852903,2,KMeans
9.479661,7.934354,0,KMeans
12.392897,12.144397,2,KMeans
8.50741,4.1883435,0,KMeans
10.217884,9.865649,2,KMeans
8.140705,11.173639,2,KMeans
10.926167,8.90956,0,KMeans
11.752078,10.316229,2,KMeans
11.609178,6.7228394,0,KMeans
10.07697,2.569377,3,KMeans
9.648924,10.239689,2,KMeans
6.344927,2.798686,1,KMeans
10.086867,5.632521,0,KMeans
10.673068,8.553099,0,KMeans
11.67728,9.603929,2,KMeans
10.8874235,1.2265668,3,KMeans
11.595395,5.197512,0,KMeans
12.335245,10.49271,2,KMeans
12.49046,1.9096562,3,KMeans
10.503277,5.288492,0,KMeans
9.1774645,11.624088,2,KMeans
11.376344,10.031932,2,KMeans
11.307747,6.831517,0,KMeans
12.646212,11.065537,2,KMeans
10.757867,3.0928235,3,KMeans
11.521571,3.6829925,0,KMeans
8.802871,-0.56105924,3,KMeans
8.872775,10.799292,2,KMeans
6.699757,9.386158,0,KMeans
12.905255,9.964755,2,KMeans
9.397092,8.9242935,0,KMeans
11.494167,11.048671,2,KMeans
11.246715,12.034642,2,KMeans
7.7277827,9.665787,0,KMeans
11.479872,3.8392727,0,KMeans
7.8228183,8.382337,0,KMeans
10.731889,0.86936533,3,KMeans
13.244341,12.346778,2,KMeans
11.913891,1.9495146,3,KMeans
7.701109,6.3741097,0,KMeans
10.319702,10.866151,2,KMeans
10.206097,4.0396447,0,KMeans
10.73492,11.455488,2,KMeans
10.167299,5.249793,0,KMeans
12.00392,6.0915837,0,KMeans
10.698946,4.419495,0,KMeans
9.52204,9.133364,0,KMeans
10.608628,10.376311,2,KMeans
12.3775425,13.116871,2,KMeans
9.4479685,4.091579,0,KMeans
12.615149,13.828041,2,KMeans
13.1133175,12.678182,2,KMeans
9.604659,1.1026145,3,KMeans
8.545342,10.056261,0,KMeans
12.363478,10.221988,2,KMeans
6.8044376,9.669923,0,KMeans
7.7950134,8.294044,0,KMeans
7.7513742,7.1900496,0,KMeans
6.9553876,2.4484134,3,KMeans
12.148128,3.9477663,0,KMeans
12.37692,9.476283,2,KMeans
11.11609,12.299834,2,KMeans
10.024769,6.8459544,0,KMeans
9.678224,9.384907,0,KMeans
12.280348,1.884121,3,KMeans
12.769064,13.251607,2,KMeans
11.4379425,8.868243,0,KMeans
12.374709,10.91696,2,KMeans
10.088112,9.924429,2,KMeans
8.083969,6.177979,0,KMeans
10.256877,7.160614,0,KMeans
8.829604,1.7177116,3,KMeans
10.114947,0.22818595,3,KMeans
12.195352,-0.32073352,3,KMeans
10.30281,6.8100576,0,KMeans
11.235942,3.6017666,3,KMeans
10.762118,1.9465201,3,KMeans
12.027235,13.038155,2,KMeans
10.84024,2.1260989,3,KMeans
11.24455,4.015838,0,KMeans
9.097551,5.528906,0,KMeans
8.528115,0.05909542,3,KMeans
7.554056,11.004588,2,KMeans
12.080961,1.5670542,3,KMeans
11.984846,0.23503524,3,KMeans
12.426426,10.505905,2,KMeans
10.590806,4.05717,0,KMeans
11.228031,11.619972,2,KMeans
8.934095,10.965152,2,KMeans
8.654175,10.946098,2,KMeans
10.385717,1.0230244,3,KMeans
9.803922,5.46242,0,KMeans
10.214919,10.884657,2,KMeans
12.869389,12.698341,2,KMeans
8.628005,7.3534427,0,KMeans
9.690071,8.186969,0,KMeans
11.209711,12.611109,2,KMeans
9.137125,-0.7838888,3,KMeans
9.012055,1.2292951,3,KMeans
8.26089,8.004656,0,KMeans
11.406934,13.205067,2,KMeans
8.846145,0.3909912,3,KMeans
10.434999,10.026715,2,KMeans
12.69298,7.78759,2,KMeans
7.496318,8.473097,0,KMeans
12.209363,11.865468,2,KMeans
13.474309,12.914849,2,KMeans
11.085359,13.02859,2,KMeans
9.394679,6.6205826,0,KMeans
8.686499,2.8538432,0,KMeans
10.882502,5.1174884,0,KMeans
12.864346,12.539682,2,KMeans
12.843616,0.23368944,3,KMeans
7.707759,10.680124,2,KMeans
9.084105,2.2859247,3,KMeans
7.9299607,9.430501,0,KMeans
11.901081,13.607117,2,KMeans
11.235071,2.3344324,3,KMeans
11.702806,3.9992511,0,KMeans
11.659868,1.207487,3,KMeans
12.446489,0.68333757,3,KMeans
10.32509,7.1425967,0,KMeans
9.298817,4.362296,0,KMeans
11.497838,12.868246,2,KMeans
12.042596,10.749068,2,KMeans
10.280844,5.591811,0,KMeans
12.360888,0.88725543,3,KMeans
11.319693,1.8210169,3,KMeans
9.426477,11.299022,2,KMeans
10.04711,5.093174,0,KMeans
9.666046,8.6508,0,KMeans
10.372374,2.2797947,3,KMeans
9.790826,3.6251523,0,KMeans
11.301071,2.6092136,3,KMeans
12.100678,7.500558,0,KMeans
9.847056,9.959798,2,KMeans
12.615025,11.065814,2,KMeans
13.2483,11.725588,2,KMeans
11.840126,0.54469806,3,KMeans
11.245022,12.818151,2,KMeans
10.080393,5.4690866,0,KMeans
11.066656,6.886432,0,KMeans
8.493225,1.5621848,0,KMeans
9.897048,7.7869434,0,KMeans
5.3297315,2.507148,1,KMeans
10.989216,10.873368,2,KMeans
11.149142,9.95205,2,KMeans
8.111194,9.783824,0,KMeans
11.488754,1.9003748,3,KMeans
11.820741,1.6033016,3,KMeans
11.097585,1.799871,3,KMeans
9.121799,1.2994986,3,KMeans
9.354771,11.715556,2,KMeans
7.9327683,11.184909,2,KMeans
7.153176,8.897014,0,KMeans
10.9731,8.004044,0,KMeans
9.578761,11.939699,2,KMeans
12.237444,-0.112167165,3,KMeans
7.053452,9.421254,0,KMeans
8.276906,7.479839,0,KMeans
11.104085,2.7676263,3,KMeans
10.477822,6.063522,0,KMeans
7.683997,6.202522,0,KMeans
12.174528,6.619554,0,KMeans
10.727765,2.9794517,3,KMeans
8.93597,2.3781638,3,KMeans
10.391324,0.25171405,3,KMeans
7.999417,5.5163736,0,KMeans
9.752269,7.9003444,0,KMeans
11.594039,5.7289977,0,KMeans
7.176211,9.091615,0,KMeans
9.352899,7.8723364,0,KMeans
9.554538,9.969379,2,KMeans
11.594725,-0.35799503,3,KMeans
8.514618,6.724465,0,KMeans
8.198573,6.5770106,0,KMeans
8.03821,8.066636,0,KMeans
10.705775,11.806663,2,KMeans
10.741637,6.710533,0,KMeans
11.527698,5.696893,0,KMeans
11.980045,12.869469,2,KMeans
10.484862,10.351558,2,KMeans
10.190747,11.027282,2,KMeans
8.125829,10.373676,0,KMeans
8.655446,0.31730294,3,KMeans
9.003801,9.68631,0,KMeans
11.206646,12.678682,2,KMeans
10.423154,6.185099,0,KMeans
11.867546,11.676501,2,KMeans
10.339009,0.29847115,3,KMeans
12.430577,-0.1645817,3,KMeans
11.5720215,12.233823,2,KMeans
10.356182,7.4659076,0,KMeans
7.2654276,9.362958,0,KMeans
10.922139,5.998219,0,KMeans
12.619255,9.750883,2,KMeans
13.0697,11.16979,2,KMeans
11.237966,5.6637044,0,KMeans
11.521349,3.6770525,0,KMeans
8.707924,-0.12506925,3,KMeans
8.310519,8.419444,0,KMeans
7.9347563,10.308525,2,KMeans
11.283736,10.515609,2,KMeans
7.2329254,9.644728,0,KMeans
5.898153,2.7033556,1,KMeans
9.180436,2.9240866,0,KMeans
10.43894,-0.3744577,3,KMeans
10.486841,8.240314,0,KMeans
9.213522,7.3259716,0,KMeans
12.933387,11.712873,2,KMeans
8.606072,4.4212475,0,KMeans
9.336896,1.3859553,3,KMeans
12.41031,7.3233433,0,KMeans
8.177641,9.755446,2,KMeans
11.338728,1.4481682,3,KMeans
10.471886,8.145372,0,KMeans
9.949806,11.885632,2,KMeans
8.894205,-0.9828867,3,KMeans
12.616253,11.707384,2,KMeans
10.1188,6.9894986,0,KMeans
11.446582,5.98654,0,KMeans
13.64706,13.950956,2,KMeans
10.428224,5.401636,0,KMeans
10.067159,4.2896857,0,KMeans
12.285718,11.025918,2,KMeans
9.919782,4.8464727,0,KMeans
11.310595,7.4925165,0,KMeans
10.865081,10.403131,2,KMeans
7.196205,9.663,0,KMeans
10.489525,0.33209354,3,KMeans
10.766459,3.3913684,3,KMeans
9.774472,0.38424125,3,KMeans
10.031647,5.816983,0,KMeans
11.838871,9.720256,2,KMeans
10.121036,0.3818774,3,KMeans
11.384607,12.41814,2,KMeans
9.5506115,6.844726,0,KMeans
10.195735,9.887929,2,KMeans
11.267986,11.740345,2,KMeans
8.2067,6.8448696,0,KMeans
10.501903,8.952314,0,KMeans
9.717573,3.6554134,0,KMeans
12.069346,8.290718,2,KMeans
11.225941,9.3379965,2,KMeans
6.917689,2.893441,3,KMeans
10.201151,9.815155,2,KMeans
12.696833,11.150208,2,KMeans
11.62671,7.295032,0,KMeans
10.76107,12.261634,2,KMeans
8.886632,10.286441,2,KMeans
12.048655,12.873837,2,KMeans
10.7275915,-0.32166284,3,KMeans
11.930062,1.0005716,3,KMeans
12.74032,13.241199,2,KMeans
11.979032,10.151481,2,KMeans
8.654931,-0.03662812,3,KMeans
11.211809,11.102859,2,KMeans
12.6657095,12.176778,2,KMeans
9.826195,0.4348226,3,KMeans
8.251642,4.1027803,0,KMeans
7.716793,6.143227,0,KMeans
12.932171,9.570321,2,KMeans
8.920297,8.541924,0,KMeans
11.635929,6.8426485,0,KMeans
8.5800085,3.5564628,0,KMeans
12.198703,-0.16709372,3,KMeans
11.507672,12.108286,2,KMeans
10.466315,5.2669144,0,KMeans
9.729598,9.9648,2,KMeans
9.9591465,5.8096175,0,KMeans
10.994572,9.090799,0,KMeans
10.809885,0.48778883,3,KMeans
7.990992,4.935909,0,KMeans
10.645546,1.0790782,3,KMeans
10.278882,5.557977,0,KMeans
9.236004,5.8793693,0,KMeans
8.3357115,10.640205,2,KMeans
9.872664,10.696756,2,KMeans
9.967484,6.85265,0,KMeans
10.828782,6.220347,0,KMeans
9.521174,10.188864,2,KMeans
7.6503077,10.872501,2,KMeans
9.818192,10.226902,2,KMeans
10.8221445,5.173744,0,KMeans
10.225968,-0.5010332,3,KMeans
5.39466,2.5209126,1,KMeans
12.481047,13.481854,2,KMeans
8.02633,7.3699555,0,KMeans
11.518779,0.088713706,3,KMeans
10.987542,9.271742,2,KMeans
10.60918,3.2434747,0,KMeans
11.39204,11.430221,2,KMeans
12.37003,13.808622,2,KMeans
10.979598,4.502397,0,KMeans
9.4146185,6.124679,0,KMeans
11.817503,-0.04257422,3,KMeans
11.050838,4.4056163,0,KMeans
12.091731,2.4614105,3,KMeans
11.01888,1.8374935,3,KMeans
8.756095,2.470796,3,KMeans
11.931818,4.3429193,0,KMeans
10.0924635,8.358839,0,KMeans
9.808086,2.82405,3,KMeans
11.173432,1.082263,3,KMeans
10.551402,6.300884,0,KMeans
9.211418,10.6004925,2,KMeans
10.1331005,0.23971932,3,KMeans
9.565846,10.075969,2,KMeans
12.016105,2.6671429,3,KMeans
7.2825923,9.77406,0,KMeans
7.6015444,9.118392,0,KMeans
10.494718,2.6937256,3,KMeans
12.5103035,0.99792343,3,KMeans
12.049271,7.169016,0,KMeans
12.892617,11.394759,2,KMeans
8.868565,3.879478,0,KMeans
11.495192,12.548318,2,KMeans
12.681147,10.875008,2,KMeans
10.407282,5.0220757,0,KMeans
12.123479,1.1498737,3,KMeans
10.246695,12.20753,2,KMeans
11.486637,12.68742,2,KMeans
8.628104,1.05393,3,KMeans
9.626,10.384132,2,KMeans
8.863938,11.810487,2,KMeans
8.920011,2.2432222,3,KMeans
11.152504,9.892998,2,KMeans
10.604064,5.439008,0,KMeans
10.893185,12.307859,2,KMeans
13.335611,11.609691,2,KMeans
11.404224,9.39309,2,KMeans
9.361553,11.376539,2,KMeans
10.419158,11.854873,2,KMeans
12.605236,-0.5986928,3,KMeans
9.959469,9.295776,0,KMeans
10.781716,0.39616624,3,KMeans
8.908135,0.6554643,3,KMeans
7.362691,9.420785,0,KMeans
13.12296,11.792943,2,KMeans
10.150147,3.0899155,3,KMeans
9.577307,-0.23496382,3,KMeans
9.085782,11.778353,2,KMeans
11.71319,2.2202058,3,KMeans
12.55591,1.988271,3,KMeans
11.260046,-0.39183763,3,KMeans
11.434501,10.381941,2,KMeans
8.799508,6.88647,0,KMeans
10.59415,-0.68469703,3,KMeans
10.466621,8.218267,0,KMeans
11.344328,6.403072,0,KMeans
10.5153265,-0.6816613,3,KMeans
9.304324,7.503789,0,KMeans
11.979903,12.751948,2,KMeans
10.6560755,1.0862054,3,KMeans
10.716013,3.518707,0,KMeans
13.645432,13.472346,2,KMeans
9.71391,7.0945063,0,KMeans
12.836332,0.97502255,3,KMeans
11.410977,11.607945,2,KMeans
12.21025,3.35873,2,KMeans
9.276909,1.8196167,3,KMeans
12.1621895,3.06925,3,KMeans
9.77389,0.56872874,3,KMeans
12.166518,2.7302585,3,KMeans
8.743378,9.01691,0,KMeans
8.814306,-0.48186564,3,KMeans
11.955832,1.84146,3,KMeans
11.188904,0.25977498,3,KMeans
9.059117,7.534921,0,KMeans
9.31942,0.6789477,3,KMeans
11.076399,12.668255,2,KMeans
9.386945,3.2928987,3,KMeans
12.594528,1.886871,2,KMeans
11.243172,9.250997,2,KMeans
9.168771,3.5278084,0,KMeans
11.0965605,1.5461199,3,KMeans
10.613516,11.1265955,2,KMeans
12.072579,13.181612,2,KMeans
8.876371,8.364527,0,KMeans
12.491011,1.8428332,3,KMeans
11.338863,2.3729117,3,KMeans
11.696024,8.478939,2,KMeans
9.294691,8.008568,0,KMeans
8.392772,6.8608747,0,KMeans
13.193892,10.984199,2,KMeans
11.554609,4.242618,0,KMeans
11.156337,12.701981,2,KMeans
12.2429495,11.523024,2,KMeans
10.280503,5.6231494,0,KMeans
10.96255,3.9139504,0,KMeans
10.093047,11.341029,2,KMeans
9.245972,10.260192,2,KMeans
8.97981,-0.6311558,3,KMeans
9.03234,12.022217,2,KMeans
12.814897,9.399856,2,KMeans
10.202269,6.4663806,0,KMeans
9.635583,7.6101213,0,KMeans
9.936593,6.356599,0,KMeans
8.53838,10.36199,2,KMeans
8.250686,7.9190354,0,KMeans
12.290106,11.196873,2,KMeans
8.859503,11.835622,2,KMeans
11.804561,12.860536,2,KMeans
12.260528,1.4791518,3,KMeans
10.5899,11.66448,2,KMeans
9.510681,6.819647,0,KMeans
10.086034,-0.4527162,3,KMeans
9.882141,8.383088,0,KMeans
9.831794,0.96856725,3,KMeans
12.712928,9.679123,2,KMeans
12.335443,3.521678,2,KMeans
8.523271,6.663874,0,KMeans
7.8339076,9.978862,2,KMeans
11.68856,8.375299,0,KMeans
11.847647,11.228613,2,KMeans
10.896195,7.067808,0,KMeans
8.431234,4.373003,0,KMeans
10.78269,10.400042,2,KMeans
9.728112,8.996255,0,KMeans
12.02926,2.2803516,3,KMeans
9.105073,1.8734034,3,KMeans
12.186304,7.6030846,0,KMeans
10.881631,12.686492,2,KMeans
6.670543,9.7983885,0,KMeans
10.32919,7.878878,0,KMeans
12.741341,13.273503,2,KMeans
9.571377,5.045008,0,KMeans
8.681066,9.725785,0,KMeans
11.436958,3.065447,3,KMeans
9.275142,11.841267,2,KMeans
9.872404,10.790809,2,KMeans
12.085602,2.4794939,3,KMeans
8.330562,6.227834,0,KMeans
10.015635,8.8561125,0,KMeans
10.158511,12.286925,2,KMeans
10.812056,12.707455,2,KMeans
6.731277,3.004984,0,KMeans
10.916898,2.984041,3,KMeans
9.890324,11.051269,2,KMeans
13.461725,13.241573,2,KMeans
11.974114,9.683448,2,KMeans
10.820679,6.226464,0,KMeans
9.307108,6.5965667,0,KMeans
9.777273,3.0588758,3,KMeans
10.857338,8.411422,0,KMeans
6.9693155,3.2461224,0,KMeans
11.015097,9.059434,2,KMeans
10.490224,8.466516,0,KMeans
11.304095,12.893571,2,KMeans
10.65705,0.53803736,3,KMeans
10.498209,8.709877,0,KMeans
9.966741,11.079818,2,KMeans
10.934301,3.2290897,3,KMeans
11.487956,-0.8160765,3,KMeans
8.780784,10.10314,2,KMeans
11.086164,9.1099615,0,KMeans
8.513515,7.5921187,0,KMeans
11.668147,12.738516,2,KMeans
9.96057,10.390285,2,KMeans
9.579632,0.43085724,3,KMeans
9.120941,2.4362202,3,KMeans
12.124424,10.667007,2,KMeans
12.374663,1.4767402,3,KMeans
11.449519,12.987342,2,KMeans
10.111806,4.7033553,0,KMeans
11.2395935,10.080405,2,KMeans
8.186522,6.0185814,0,KMeans
9.834102,1.4331251,3,KMeans
8.174208,9.818938,2,KMeans
8.702242,5.786357,0,KMeans
11.796109,7.443301,0,KMeans
7.6517015,8.574896,0,KMeans
10.932296,4.6670547,0,KMeans
11.989514,1.8665596,3,KMeans
9.075508,11.9888935,2,KMeans
10.442163,-0.57647324,3,KMeans
11.52831,4.410231,0,KMeans
10.214893,9.125874,0,KMeans
10.085259,9.816401,2,KMeans
9.349368,0.6207979,3,KMeans
10.463862,8.226703,0,KMeans
12.020376,12.018533,2,KMeans
10.875187,2.107753,3,KMeans
9.658343,3.9129193,0,KMeans
11.325,10.43506,2,KMeans
10.817002,5.5668783,0,KMeans
10.890174,0.589356,3,KMeans
9.968968,5.1533675,0,KMeans
12.815242,9.677771,2,KMeans
12.372531,8.227539,2,KMeans
10.17035,5.186762,0,KMeans
11.503855,11.616725,2,KMeans
9.674556,7.415016,0,KMeans
11.871843,6.3593464,0,KMeans
9.195769,4.412074,0,KMeans
12.206633,12.446841,2,KMeans
10.677622,0.15533023,3,KMeans
9.641876,6.7568355,0,KMeans
9.802393,10.830525,2,KMeans
11.764883,8.392404,2,KMeans
12.627246,2.1040902,3,KMeans
12.841229,12.86392,2,KMeans
10.193574,7.3790116,0,KMeans
9.959672,3.866603,0,KMeans
9.458359,4.166262,0,KMeans
10.82738,3.7540534,0,KMeans
12.82757,9.825318,2,KMeans
11.094655,8.417561,0,KMeans
9.193886,3.0092576,0,KMeans
11.741639,3.542215,0,KMeans
11.978329,10.4841175,2,KMeans
6.5233397,9.604454,0,KMeans
9.2952,2.4662821,3,KMeans
12.930993,11.206589,2,KMeans
12.051959,13.701931,2,KMeans
10.24923,12.238634,2,KMeans
12.334751,13.814009,2,KMeans
10.33226,7.4597654,0,KMeans
10.520937,9.02139,0,KMeans
9.142899,10.781993,2,KMeans
6.0519576,2.5329576,1,KMeans
8.763867,9.127272,0,KMeans
11.127297,0.24096833,3,KMeans
11.406766,13.302429,2,KMeans
8.142517,8.732295,0,KMeans
8.601738,2.132657,3,KMeans
11.0293,10.108138,2,KMeans
12.346564,11.215492,2,KMeans
8.764769,5.716291,0,KMeans
9.231853,1.1776483,3,KMeans
7.5821013,6.1737175,0,KMeans
8.804376,5.3762283,0,KMeans
12.941524,0.7353931,2,KMeans
11.056109,3.427121,0,KMeans
9.504767,6.4223585,0,KMeans
8.884373,9.81239,2,KMeans
7.8571715,10.685538,2,KMeans
11.481945,1.9733281,3,KMeans
12.380692,10.362232,2,KMeans
11.351794,2.2937362,3,KMeans
9.722871,12.21927,2,KMeans
9.746141,0.7058921,3,KMeans
4.318212,2.2902882,1,KMeans
12.49509,11.958087,2,KMeans
10.921992,8.871843,0,KMeans
11.70291,0.584018,3,KMeans
5.431144,2.5305989,1,KMeans
12.808284,10.288107,2,KMeans
9.720585,7.574257,0,KMeans
10.274607,11.960279,2,KMeans
11.437453,11.7662945,2,KMeans
12.6042,0.4093786,3,KMeans
10.517718,9.23812,2,KMeans
9.096127,1.8175849,3,KMeans
8.613598,0.49682075,3,KMeans
9.385992,10.343711,2,KMeans
10.312151,12.392972,2,KMeans
11.052094,5.9022465,0,KMeans
9.826676,6.494578,0,KMeans
9.304907,7.7213235,0,KMeans
9.938245,6.5494533,0,KMeans
10.547933,5.634627,0,KMeans
10.519031,11.844401,2,KMeans
10.505437,2.6033309,3,KMeans
9.433099,4.4881353,0,KMeans
9.102055,2.2643085,3,KMeans
10.328313,6.3831635,0,KMeans
10.80557,1.0543065,3,KMeans
8.768685,7.5633693,0,KMeans
11.159147,8.87467,0,KMeans
8.612243,2.2057748,3,KMeans
10.116744,-0.2758082,3,KMeans
10.9655905,9.4927225,2,KMeans
10.482241,0.6578468,3,KMeans
12.625588,7.545706,2,KMeans
9.198166,1.2668662,3,KMeans
12.640896,13.11253,2,KMeans
9.239275,4.5067706,0,KMeans
11.623468,4.060795,0,KMeans
11.1456785,10.191562,2,KMeans
4.533571,2.373211,1,KMeans
7.6887674,10.30546,2,KMeans
10.275383,11.62123,2,KMeans
8.731719,7.005122,0,KMeans
11.993173,1.3860132,3,KMeans
10.458777,5.115277,0,KMeans
8.80535,8.674831,0,KMeans
10.521434,12.047402,2,KMeans
11.013917,7.706863,0,KMeans
9.068562,7.138242,0,KMeans
10.553139,1.6150436,3,KMeans
10.439807,0.4240952,3,KMeans
11.103283,12.662969,2,KMeans
8.374747,6.0882144,0,KMeans
9.760477,10.185905,2,KMeans
11.270194,5.997934,0,KMeans
12.953699,14.031768,2,KMeans
8.942688,-0.59406,3,KMeans
11.805068,13.331167,2,KMeans
10.555033,11.739423,2,KMeans
12.491679,11.867895,2,KMeans
10.1427355,0.4656182,3,KMeans
11.0878315,8.722925,0,KMeans
9.153697,2.0398054,3,KMeans
6.616931,9.449167,0,KMeans
11.649743,4.774837,0,KMeans
12.936081,10.837099,2,KMeans
12.092204,-0.3619091,3,KMeans
12.337195,2.60784,3,KMeans
10.358315,8.325882,0,KMeans
7.2995763,9.563408,0,KMeans
12.532214,1.8957325,2,KMeans
9.280467,1.4166329,3,KMeans
10.276341,9.200501,0,KMeans
13.181622,12.266994,2,KMeans
7.3780785,9.768759,0,KMeans
7.821328,6.714236,0,KMeans
9.248792,9.5720625,0,KMeans
12.083069,4.1396,0,KMeans
10.590806,8.081987,0,KMeans
12.15411,3.5615296,3,KMeans
8.92649,2.5352004,3,KMeans
8.016187,8.396307,0,KMeans
11.1575575,10.218775,2,KMeans
11.358803,8.624666,0,KMeans
11.738836,3.4509664,3,KMeans
10.647577,3.6639447,0,KMeans
9.762417,11.665633,2,KMeans
8.654817,5.916146,0,KMeans
11.103576,8.947851,2,KMeans
10.764156,5.97017,0,KMeans
9.872822,2.4950867,3,KMeans
10.941069,3.1139877,3,KMeans
11.074484,2.5754867,3,KMeans
10.972975,11.166518,2,KMeans
10.90644,12.026425,2,KMeans
10.411211,5.3476114,0,KMeans
9.859659,9.697079,2,KMeans
11.359685,10.062659,2,KMeans
11.1356945,4.409987,0,KMeans
9.206232,4.6422453,0,KMeans
9.420402,-0.8228243,3,KMeans
7.1238127,8.447113,0,KMeans
10.616996,1.1363075,3,KMeans
6.577572,9.709404,0,KMeans
8.704731,6.363209,0,KMeans
8.506541,3.1250873,0,KMeans
13.410266,13.2178755,2,KMeans
9.998499,9.0098095,0,KMeans
8.182343,10.266152,2,KMeans
11.141391,11.737137,2,KMeans
12.933117,14.02326,2,KMeans
6.0209846,2.5015152,1,KMeans
11.29822,9.549301,2,KMeans
10.5887375,-0.5173112,3,KMeans
10.44312,7.857476,0,KMeans
7.829669,8.473007,0,KMeans
11.360752,9.336471,2,KMeans
13.144095,13.432031,2,KMeans
12.635978,13.887139,2,KMeans
11.212704,8.030194,0,KMeans
9.122363,-0.7392347,3,KMeans
9.351243,3.4186754,3,KMeans
11.499671,12.085249,2,KMeans
11.623903,13.101212,2,KMeans
9.828719,11.046367,2,KMeans
12.693939,9.33866,2,KMeans
8.972848,9.308648,0,KMeans
9.662255,0.7552362,3,KMeans
9.590349,5.315732,0,KMeans
10.990533,7.4514723,0,KMeans
10.147677,9.478623,0,KMeans
9.277068,3.079147,0,KMeans
9.790926,11.744326,2,KMeans
8.710975,-0.07914396,3,KMeans
9.903606,7.1540895,0,KMeans
10.825315,9.778105,2,KMeans
10.781776,4.273656,0,KMeans
12.666548,13.128227,2,KMeans
9.622462,4.7913914,0,KMeans
10.605211,9.827744,2,KMeans
11.49077,10.988368,2,KMeans
12.929106,13.047667,2,KMeans
6.736275,9.712662,0,KMeans
9.019555,11.4764,2,KMeans
5.514553,2.6237867,1,KMeans
12.171162,0.7131514,3,KMeans
9.534384,-0.077263646,3,KMeans
9.505166,7.768416,0,KMeans
10.490715,6.10843,0,KMeans
10.224966,10.502281,2,KMeans
8.334895,4.3726907,0,KMeans
8.77692,9.806226,2,KMeans
9.351097,9.1720085,0,KMeans
12.428331,1.872786,3,KMeans
10.014881,2.607323,3,KMeans
12.295546,-0.39924118,3,KMeans
7.2179317,9.059813,0,KMeans
8.597079,0.004861441,3,KMeans
10.548887,0.19914982,3,KMeans
10.0847025,10.345521,2,KMeans
8.8753,1.9269303,3,KMeans
9.519936,9.282342,0,KMeans
9.100696,0.9291461,3,KMeans
12.256742,1.0570087,3,KMeans
8.272542,7.795577,0,KMeans
9.136962,9.257717,0,KMeans
9.103501,0.43131575,3,KMeans
8.923014,3.7091208,0,KMeans
10.946464,11.564033,2,KMeans
11.567023,10.7005415,2,KMeans
12.384671,6.7481785,0,KMeans
8.208031,5.9565945,0,KMeans
10.060931,9.312357,0,KMeans
10.835404,9.10212,0,KMeans
9.304531,6.7337294,0,KMeans
8.579356,-0.73847723,3,KMeans
8.293103,11.189123,2,KMeans
8.858436,1.8387189,3,KMeans
10.854854,12.335224,2,KMeans
11.6619835,-0.36232683,3,KMeans
10.956096,7.081647,0,KMeans
12.1476,10.0304165,2,KMeans
8.959241,5.3089833,0,KMeans
6.45116,2.7385583,3,KMeans
6.7928443,9.736299,0,KMeans
8.85435,7.4068155,0,KMeans
11.599783,9.197732,2,KMeans
12.331781,1.7975556,3,KMeans
11.940181,13.620621,2,KMeans
10.324455,1.1083293,3,KMeans
7.6383963,8.9761915,0,KMeans
10.388165,2.590719,3,KMeans
12.2784605,13.7370205,2,KMeans
10.378298,6.2844205,0,KMeans
10.108675,6.2743855,0,KMeans
11.169366,11.217505,2,KMeans
11.691793,1.6984301,3,KMeans
10.103785,4.0518126,0,KMeans
8.587056,5.2226696,0,KMeans
10.726283,2.27232,3,KMeans
8.21518,8.157065,0,KMeans
11.256433,9.306089,2,KMeans
10.371691,0.5785609,3,KMeans
10.892466,2.8233428,3,KMeans
9.683402,0.19052516,3,KMeans
11.247129,12.659657,2,KMeans
8.566168,2.4389582,3,KMeans
12.667757,8.861363,3,KMeans
13.045321,12.589967,2,KMeans
11.157467,3.418322,3,KMeans
10.914686,2.6157374,3,KMeans
9.118905,7.273812,0,KMeans
11.547744,10.042266,2,KMeans
10.2213,11.92975,2,KMeans
9.76882,2.4252124,3,KMeans
8.847883,11.091107,2,KMeans
10.157939,0.29875946,3,KMeans
10.531696,9.994696,2,KMeans
10.405746,11.15753,2,KMeans
9.713994,0.71107423,3,KMeans
10.3124,11.758705,2,KMeans
7.784345,9.297934,0,KMeans
11.004811,9.193233,0,KMeans
8.963135,-0.6705082,3,KMeans
10.587512,8.673455,0,KMeans
7.870022,5.3401227,0,KMeans
12.1432295,2.424335,3,KMeans
7.810273,7.532465,0,KMeans
9.863877,8.0783415,0,KMeans
10.268416,4.0544252,0,KMeans
11.9652605,1.2915024,3,KMeans
9.919948,10.982318,2,KMeans
10.8672,4.9357543,0,KMeans
11.1682825,8.712514,0,KMeans
9.886448,9.337874,0,KMeans
12.289749,0.29888836,3,KMeans
9.78489,8.660842,0,KMeans
10.997134,5.567923,0,KMeans
10.403225,-0.38995296,3,KMeans
12.743585,10.712173,2,KMeans
10.279182,10.636118,2,KMeans
8.479423,4.294268,0,KMeans
8.605676,3.7135162,0,KMeans
11.195453,10.071781,2,KMeans
10.621655,5.7557096,0,KMeans
10.826411,3.6859548,0,KMeans
5.0832267,2.5123045,1,KMeans
10.875476,8.817545,0,KMeans
10.74132,10.236618,2,KMeans
8.816409,-0.70716846,3,KMeans
9.882669,10.564172,2,KMeans
11.527616,-0.29123345,3,KMeans
7.707051,2.449725,3,KMeans
11.62356,3.8455594,0,KMeans
10.817064,9.727157,2,KMeans
13.393657,12.769784,2,KMeans
10.8378935,9.940226,2,KMeans
10.656296,9.932253,2,KMeans
12.626994,0.51425654,3,KMeans
12.291222,-0.824366,3,KMeans
10.68764,2.0658784,3,KMeans
11.458205,4.377155,0,KMeans
12.313694,1.0460728,3,KMeans
10.382945,5.5519137,0,KMeans
10.214856,1.0710099,3,KMeans
9.359487,10.0907135,2,KMeans
9.066671,7.609251,0,KMeans
11.12194,-0.7532417,3,KMeans
11.606493,6.5028334,0,KMeans
7.1717243,8.05413,0,KMeans
7.0608582,3.3555274,0,KMeans
7.261999,8.025752,0,KMeans
11.585264,-0.26065183,3,KMeans
10.278224,10.29704,2,KMeans
10.762523,11.640128,2,KMeans
9.130382,3.5219917,0,KMeans
10.511042,12.673334,2,KMeans
11.255788,7.2757354,0,KMeans
12.280883,2.376408,3,KMeans
8.477988,6.8826895,0,KMeans
11.92789,2.938983,3,KMeans
12.555068,2.1577742,3,KMeans
9.636087,7.914061,0,KMeans
7.990797,9.111929,0,KMeans
8.985918,4.2123322,0,KMeans
11.573355,9.060661,0,KMeans
12.617264,9.608775,2,KMeans
9.141141,10.1779785,2,KMeans
11.954206,4.1867757,0,KMeans
11.187113,7.7527676,0,KMeans
10.480322,4.987371,0,KMeans
10.240008,1.792623,3,KMeans
10.570701,11.121976,2,KMeans
12.11615,-0.3847713,3,KMeans
9.905754,3.9616988,0,KMeans
12.333399,9.37966,2,KMeans
12.587612,2.0856972,2,KMeans
10.806514,1.6621857,3,KMeans
10.557589,-0.64032185,3,KMeans
10.159118,5.858425,0,KMeans
8.850687,8.663297,0,KMeans
11.756826,1.5935524,3,KMeans
9.073275,4.317608,0,KMeans
12.583422,1.356371,3,KMeans
10.28908,5.845345,0,KMeans
11.494068,11.165794,2,KMeans
8.832214,10.375891,2,KMeans
12.671447,1.4880921,3,KMeans
11.576657,12.810277,2,KMeans
9.369932,8.452744,0,KMeans
9.839462,7.2352705,0,KMeans
13.449916,12.40718,2,KMeans
8.254898,5.9265375,0,KMeans
10.199822,8.571389,0,KMeans
9.177264,6.4149585,0,KMeans
11.686154,-0.35193574,3,KMeans
8.343291,9.780861,2,KMeans
8.014575,9.375706,0,KMeans
7.2200265,10.205147,2,KMeans
10.867662,9.789199,2,KMeans
13.354345,12.691561,2,KMeans
12.048164,8.098007,2,KMeans
9.44316,4.1708,0,KMeans
10.8929405,7.664765,0,KMeans
11.844674,12.367221,2,KMeans
9.278489,5.98533,0,KMeans
11.013583,7.911149,0,KMeans
12.2290535,1.9317172,3,KMeans
11.547741,8.127106,0,KMeans
12.6824255,13.522104,2,KMeans
10.996317,3.164478,3,KMeans
8.905036,6.553812,0,KMeans
8.558845,9.722422,2,KMeans
10.266059,6.3796554,0,KMeans
13.165457,11.679321,2,KMeans
11.807829,12.796951,2,KMeans
10.567916,5.518813,0,KMeans
8.776881,-0.8561776,3,KMeans
11.885044,2.989002,2,KMeans
9.633697,9.632437,0,KMeans
12.370416,11.616136,2,KMeans
12.663958,8.086052,2,KMeans
10.090851,-0.8439068,3,KMeans
11.123885,6.6970396,0,KMeans
11.432058,12.836177,2,KMeans
12.156998,10.152712,2,KMeans
11.991118,6.459698,0,KMeans
9.106236,5.2078366,0,KMeans
10.593825,5.9085913,0,KMeans
9.412749,10.503834,2,KMeans
9.064379,9.533397,0,KMeans
9.715903,9.043378,0,KMeans
12.749044,12.795843,2,KMeans
10.092225,10.920532,2,KMeans
11.387296,12.49687,2,KMeans
10.684472,5.0948005,0,KMeans
12.252676,7.2017527,0,KMeans
7.0855923,9.664356,0,KMeans
12.436915,13.37232,2,KMeans
10.176487,5.756847,0,KMeans
10.289861,6.7081003,0,KMeans
10.970926,11.665867,2,KMeans
10.840711,0.9510282,3,KMeans
9.968303,3.4599047,3,KMeans
8.283406,6.935039,0,KMeans
6.853317,10.206636,2,KMeans
10.584091,9.68977,2,KMeans
11.004085,8.995633,0,KMeans
10.023268,6.2990875,0,KMeans
9.894791,0.58085066,3,KMeans
9.0120325,5.0709004,0,KMeans
9.394222,5.5223746,0,KMeans
11.857969,1.9549955,3,KMeans
8.296281,10.227651,2,KMeans
9.081271,7.555869,0,KMeans
7.6095786,10.302092,0,KMeans
13.028323,10.079189,2,KMeans
8.848642,8.321925,0,KMeans
7.454062,2.82099,3,KMeans
11.576747,1.5073813,3,KMeans
12.906636,12.240075,2,KMeans
8.679509,0.15706658,3,KMeans
9.041289,11.929337,2,KMeans
10.03897,1.5808505,3,KMeans
9.9616,0.45223024,3,KMeans
12.326548,2.4150684,3,KMeans
9.489003,5.1853185,0,KMeans
11.844289,12.599611,2,KMeans
7.8145494,11.36481,2,KMeans
10.773376,3.2700744,3,KMeans
12.138497,13.32983,2,KMeans
8.734962,1.6840354,3,KMeans
11.239025,-0.7773251,3,KMeans
11.857125,8.946263,2,KMeans
11.493511,10.123888,2,KMeans
9.821585,6.5439014,0,KMeans
11.73102,12.66946,2,KMeans
6.6529937,9.522233,0,KMeans
10.946221,4.908571,0,KMeans
12.106131,13.152274,2,KMeans
10.164351,1.4257121,3,KMeans
10.123557,2.5333629,3,KMeans
9.429858,9.420302,0,KMeans
10.402515,7.722673,0,KMeans
7.9687304,8.835442,0,KMeans
11.201026,10.075514,2,KMeans
8.448491,2.0255666,3,KMeans
8.212771,4.3164506,0,KMeans
9.234862,9.341058,0,KMeans
7.2565875,9.448972,0,KMeans
9.331749,3.8060403,0,KMeans
11.559971,0.45234942,3,KMeans
13.046065,9.89478,2,KMeans
8.528116,-0.3159742,3,KMeans
7.6604257,7.03603,0,KMeans
11.789525,8.967543,2,KMeans
11.323239,4.1812606,0,KMeans
9.852209,0.9364542,3,KMeans
12.252243,2.516659,3,KMeans
10.8362055,2.571732,3,KMeans
11.8641615,7.1244564,0,KMeans
10.461762,7.347928,0,KMeans
8.291898,10.176808,2,KMeans
11.007241,9.907807,2,KMeans
12.771204,12.498417,2,KMeans
8.377495,8.570461,0,KMeans
12.210398,3.740723,0,KMeans
9.553477,4.6014986,0,KMeans
9.741045,4.241462,0,KMeans
12.111634,1.581111,3,KMeans
13.046519,0.9361361,2,KMeans
12.474049,2.227396,2,KMeans
10.441542,12.117863,2,KMeans
11.368511,0.2527895,3,KMeans
12.945193,0.63110614,2,KMeans
11.189249,4.8506737,0,KMeans
6.2066503,2.8449016,1,KMeans
12.778407,11.044425,2,KMeans
9.710054,9.789319,2,KMeans
10.338141,8.6656885,0,KMeans
10.061373,5.152906,0,KMeans
11.249287,4.9071074,0,KMeans
11.262681,11.580565,2,KMeans
12.478382,11.853204,2,KMeans
10.801201,8.629448,0,KMeans
12.629878,13.319571,2,KMeans
8.990494,2.6311002,3,KMeans
8.777554,8.98585,0,KMeans
12.5313635,0.94749576,3,KMeans
9.477991,0.7650136,3,KMeans
10.514698,1.6957599,3,KMeans
9.316868,5.8669395,0,KMeans
12.457424,13.376399,2,KMeans
7.0218873,9.571558,0,KMeans
12.313184,10.529493,2,KMeans
9.109474,9.194598,0,KMeans
11.542409,3.4691212,3,KMeans
7.6233625,8.123225,0,KMeans
10.285819,1.2851506,3,KMeans
11.755592,12.701175,2,KMeans
7.8685527,9.093074,0,KMeans
9.842353,2.4917576,3,KMeans
12.014228,13.079525,2,KMeans
12.055613,13.410303,2,KMeans
10.293588,1.3285322,3,KMeans
12.150418,-0.056104302,3,KMeans
10.636605,7.553011,0,KMeans
11.620168,8.979605,2,KMeans
9.601951,10.205977,2,KMeans
8.559894,5.5976787,0,KMeans
11.338729,1.6216489,3,KMeans
11.797776,4.131433,0,KMeans
6.670634,2.40532,3,KMeans
12.231304,3.358514,2,KMeans
10.250208,8.085664,0,KMeans
8.421754,10.7018,2,KMeans
9.199366,4.6565514,0,KMeans
10.736653,5.7606707,0,KMeans
10.928187,10.454784,2,KMeans
11.911447,7.1837034,0,KMeans
8.433135,1.4935344,3,KMeans
9.459768,0.3929513,3,KMeans
11.526611,4.1595645,0,KMeans
8.674632,2.6539168,3,KMeans
11.008926,7.0980253,0,KMeans
9.230543,4.3737173,0,KMeans
9.474345,9.691146,0,KMeans
12.254991,7.0532002,0,KMeans
10.877445,10.317417,2,KMeans
8.792284,0.8347009,3,KMeans
12.620772,1.1756549,2,KMeans
8.470273,3.8345957,0,KMeans
10.341095,10.372648,2,KMeans
8.713403,0.38618076,3,KMeans
10.399796,6.7098556,0,KMeans
9.932942,5.39801,0,KMeans
9.6160755,3.828537,0,KMeans
9.400814,8.826241,0,KMeans
11.680085,11.426809,2,KMeans
12.976162,0.3093118,2,KMeans
8.673546,7.1080413,0,KMeans
9.763411,3.6771011,0,KMeans
12.284551,7.2653303,0,KMeans
12.09902,6.1268497,0,KMeans
12.880414,0.4686676,2,KMeans
11.2234,12.628226,2,KMeans
11.328819,11.802289,2,KMeans
10.392204,4.1745224,0,KMeans
9.534785,-0.4833888,3,KMeans
10.651598,0.037470974,3,KMeans
10.743057,0.7144715,3,KMeans
8.594393,11.49858,2,KMeans
10.169929,5.1555877,0,KMeans
7.9905972,5.664163,0,KMeans
12.463052,7.4530706,0,KMeans
11.46418,3.510214,0,KMeans
10.576233,5.0385222,0,KMeans
12.105882,-0.75167954,3,KMeans
13.337345,12.977332,2,KMeans
8.633158,7.7295475,0,KMeans
9.096254,0.19986998,3,KMeans
13.083779,12.805011,2,KMeans
7.3944697,9.725264,0,KMeans
12.728331,1.4236635,3,KMeans
11.339277,12.9949,2,KMeans
9.137808,6.106203,0,KMeans
11.852456,3.916982,0,KMeans
10.393119,6.3546085,0,KMeans
10.004669,-0.055325575,3,KMeans
11.345318,4.685633,0,KMeans
10.968152,3.8900535,0,KMeans
11.922525,7.694899,0,KMeans
9.174358,5.9833374,0,KMeans
10.147279,10.080309,2,KMeans
8.499581,6.606583,0,KMeans
11.259529,12.7585745,2,KMeans
11.305498,2.8435385,3,KMeans
11.6334715,10.4372425,2,KMeans
9.666794,3.653532,0,KMeans
10.071599,6.9749565,0,KMeans
11.131946,7.76087,0,KMeans
9.65665,10.920885,2,KMeans
10.7179985,4.084366,0,KMeans
11.493249,9.349173,2,KMeans
10.205127,0.580444,3,KMeans
10.533138,4.48007,0,KMeans
7.9538207,10.264975,2,KMeans
11.37429,11.463054,2,KMeans
12.311166,0.22846447,3,KMeans
12.88721,0.431147,2,KMeans
8.593772,0.38045272,3,KMeans
12.262425,13.427714,2,KMeans
10.925204,7.2287016,0,KMeans
11.247613,3.9306731,0,KMeans
10.536119,2.7843757,3,KMeans
9.795139,0.091809526,3,KMeans
10.48934,3.5474985,0,KMeans
8.257435,8.4208,0,KMeans
7.5789986,2.752859,3,KMeans
7.191831,3.1100411,0,KMeans
11.831434,2.6338234,3,KMeans
9.819813,-0.3051021,3,KMeans
11.577157,10.29769,2,KMeans
10.954798,10.711261,2,KMeans
8.149272,9.224041,0,KMeans
11.620347,-0.43263254,3,KMeans
10.944938,2.0072625,3,KMeans
9.6221895,8.871644,0,KMeans
9.754819,9.562913,2,KMeans
11.798838,1.1392375,3,KMeans
11.196486,2.6169195,3,KMeans
10.710788,10.695502,2,KMeans
10.76207,4.7116814,0,KMeans
9.785207,4.03092,0,KMeans
10.890123,12.164704,2,KMeans
11.485995,5.5633693,0,KMeans
12.096289,9.415097,2,KMeans
13.024252,13.551483,2,KMeans
9.254389,1.5069674,3,KMeans
9.236204,4.279663,0,KMeans
9.5632715,-0.12274679,3,KMeans
8.700408,-0.8218627,3,KMeans
11.114564,7.5164137,0,KMeans
8.684289,6.2737517,0,KMeans
9.413566,9.249933,0,KMeans
12.524763,8.294765,2,KMeans
9.731171,3.0379646,3,KMeans
8.469235,9.586986,0,KMeans
10.183774,0.98372406,3,KMeans
10.836867,7.431255,0,KMeans
10.033804,4.817987,0,KMeans
9.443921,7.8371544,0,KMeans
12.094527,13.663961,2,KMeans
9.097758,0.8837971,3,KMeans
8.768375,-0.09405369,3,KMeans
11.951442,2.4738963,3,KMeans
8.692568,9.280672,0,KMeans
12.77525,10.219244,2,KMeans
12.5896635,13.2212925,2,KMeans
11.809896,9.770238,2,KMeans
11.310785,11.299075,2,KMeans
7.3566866,10.484528,2,KMeans
10.336046,6.3379836,0,KMeans
9.226019,3.7933598,0,KMeans
8.58907,1.4522414,3,KMeans
12.729455,13.069633,2,KMeans
12.000378,-0.9021969,3,KMeans
10.57335,8.534509,0,KMeans
12.068037,10.390486,2,KMeans
12.155358,12.985146,2,KMeans
11.77217,0.16029046,3,KMeans
10.356245,7.371527,0,KMeans
12.264475,13.715984,2,KMeans
8.923064,11.701926,2,KMeans
11.320779,5.2771688,0,KMeans
9.6027565,5.3144503,0,KMeans
9.634555,9.423564,2,KMeans
10.705001,11.375909,2,KMeans
12.37953,11.705569,2,KMeans
9.845511,6.677051,0,KMeans
13.287645,12.269615,2,KMeans
9.715255,3.45395,0,KMeans
9.5208645,0.024697082,3,KMeans
11.05238,11.404637,2,KMeans
8.984862,2.1924095,3,KMeans
7.7491713,5.117975,0,KMeans
10.040148,9.130023,0,KMeans
10.765075,6.093776,0,KMeans
8.871957,-0.5364273,3,KMeans
11.93776,7.117808,0,KMeans
6.4415765,2.736086,3,KMeans
11.722718,7.3840675,0,KMeans
9.059014,3.1892633,0,KMeans
11.649506,8.18742,0,KMeans
11.391032,1.6808729,3,KMeans
10.3950615,1.9518195,3,KMeans
10.62058,5.745158,0,KMeans
12.412972,2.189645,3,KMeans
10.018986,1.858343,3,KMeans
10.367421,0.7564501,3,KMeans
8.120544,8.053129,0,KMeans
10.857225,6.2146664,0,KMeans
10.726901,9.998565,2,KMeans
12.385977,12.828194,2,KMeans
12.903513,10.499952,2,KMeans
10.540897,11.04993,2,KMeans
9.215239,1.4975107,3,KMeans
11.730284,7.1666355,0,KMeans
11.2933235,8.831665,0,KMeans
11.35121,9.327691,2,KMeans
12.046776,6.9900503,0,KMeans
9.38079,5.971517,0,KMeans
8.47896,4.313071,0,KMeans
8.42808,4.206593,0,KMeans
10.798014,12.168701,2,KMeans
6.0250177,2.6886086,1,KMeans
10.855876,2.8801234,3,KMeans
11.491332,5.341249,0,KMeans
10.850957,-0.067977466,3,KMeans
10.422219,7.147433,0,KMeans
11.488987,11.994194,2,KMeans
7.9598413,10.46485,2,KMeans
9.084446,6.463837,0,KMeans
11.824995,12.363718,2,KMeans
10.395277,6.650282,0,KMeans
10.028454,3.991037,0,KMeans
12.209719,10.622468,2,KMeans
5.3661256,2.560967,1,KMeans
12.484503,10.5449915,2,KMeans
8.562389,-0.37537506,3,KMeans
8.725604,5.5399427,0,KMeans
10.706409,11.867733,2,KMeans
9.286058,-0.3099445,3,KMeans
12.012667,0.66230434,3,KMeans
8.580079,9.728927,0,KMeans
10.475725,3.7203922,0,KMeans
8.687211,5.080744,0,KMeans
11.463837,10.518494,2,KMeans
7.15361,2.6976724,3,KMeans
11.530963,5.381355,0,KMeans
10.950523,4.2314396,0,KMeans
9.848641,4.9998417,0,KMeans
12.020188,9.403643,2,KMeans
11.76558,1.2532479,3,KMeans
8.522701,5.822232,0,KMeans
7.0697403,10.512854,2,KMeans
11.246355,4.4849114,0,KMeans
10.487447,10.56037,2,KMeans
12.119929,11.513912,2,KMeans
10.84356,0.017025819,3,KMeans
12.910777,10.119838,2,KMeans
10.886273,9.071788,0,KMeans
9.632935,10.489901,2,KMeans
8.976431,5.5716815,0,KMeans
11.627532,2.290477,3,KMeans
10.31722,8.128545,0,KMeans
10.277622,5.175464,0,KMeans
12.169534,11.085576,2,KMeans
11.993508,1.5309925,3,KMeans
10.602114,5.2430286,0,KMeans
12.143018,3.9972258,0,KMeans
9.778167,11.414397,2,KMeans
9.912641,1.3458008,3,KMeans
9.945854,8.526691,0,KMeans
13.279789,10.400044,2,KMeans
7.657774,2.3217459,3,KMeans
10.441098,7.789914,0,KMeans
8.856451,-0.71090853,3,KMeans
9.6078,-0.079157025,3,KMeans
11.659605,7.1784377,0,KMeans
10.608832,11.818919,2,KMeans
10.327194,12.152816,2,KMeans
11.783213,9.888811,2,KMeans
10.036973,10.439501,2,KMeans
9.182171,3.5323644,0,KMeans
12.285125,3.661303,2,KMeans
12.373567,1.1746916,3,KMeans
12.36846,0.9591847,3,KMeans
10.193651,0.35829908,3,KMeans
8.915206,1.2914639,3,KMeans
10.612132,10.591659,2,KMeans
8.524743,9.720925,0,KMeans
10.999392,5.6466866,0,KMeans
7.6072593,5.9612007,0,KMeans
10.61275,-0.54492986,3,KMeans
13.2853565,14.032014,2,KMeans
9.330602,7.0109706,0,KMeans
11.0288315,11.499712,2,KMeans
8.219215,10.424254,2,KMeans
9.067298,3.2255614,0,KMeans
12.063212,3.7501152,3,KMeans
10.515688,10.359486,2,KMeans
8.833305,1.9936218,3,KMeans
10.066604,5.177059,0,KMeans
8.521198,5.774141,0,KMeans
8.705392,1.8479075,3,KMeans
12.048813,13.596333,2,KMeans
12.53891,2.8064811,3,KMeans
12.577618,-0.71953076,3,KMeans
9.523957,5.551428,0,KMeans
10.614743,9.210529,0,KMeans
10.472638,4.416404,0,KMeans
8.761471,2.6177113,3,KMeans
8.64055,5.055538,0,KMeans
9.172283,3.857464,0,KMeans
10.735991,3.9147654,0,KMeans
10.231914,10.842216,2,KMeans
10.988909,2.3070793,3,KMeans
8.233124,6.48935,0,KMeans
9.165642,8.963095,0,KMeans
12.369631,-0.11881971,3,KMeans
12.745236,2.6442304,2,KMeans
10.048938,3.7126927,0,KMeans
10.741694,-0.5748264,3,KMeans
8.491298,11.094801,2,KMeans
10.136438,5.7878523,0,KMeans
10.340734,8.324386,0,KMeans
8.152045,3.5060506,0,KMeans
10.305542,9.4888935,2,KMeans
12.213865,0.040713787,3,KMeans
10.159799,2.2494433,3,KMeans
9.69833,1.6598077,3,KMeans
10.645149,11.323956,2,KMeans
8.450886,10.223085,2,KMeans
11.758644,11.7418585,2,KMeans
9.981639,3.6659322,0,KMeans
11.9967165,7.285479,0,KMeans
13.196684,11.802551,2,KMeans
12.042743,3.8783119,0,KMeans
13.7276535,13.463698,2,KMeans
10.7725,-0.6221694,3,KMeans
10.942372,8.707154,0,KMeans
10.820955,5.8446445,0,KMeans
13.138304,12.284463,2,KMeans
7.9661765,10.120391,2,KMeans
11.644448,11.942601,2,KMeans
8.600438,0.5281188,3,KMeans
12.560247,12.554403,2,KMeans
11.676429,1.6013411,3,KMeans
9.567797,7.5420685,0,KMeans
10.8243,3.3411572,0,KMeans
9.879394,9.812979,2,KMeans
11.465104,1.6926734,3,KMeans
12.062984,2.095484,3,KMeans
12.60351,0.035785977,3,KMeans
10.974124,8.316192,0,KMeans
8.6501045,-0.0069220127,3,KMeans
8.69949,5.9164925,0,KMeans
13.365545,14.042354,2,KMeans
9.515551,10.777453,2,KMeans
9.576678,8.139322,0,KMeans
8.957966,-0.0060154665,3,KMeans
7.440648,7.8624134,0,KMeans
11.275761,2.4096072,3,KMeans
10.421719,4.8299847,0,KMeans
13.410992,13.724916,2,KMeans
9.696392,4.6035604,0,KMeans
11.223234,5.9218335,0,KMeans
10.306664,3.469624,0,KMeans
10.717701,6.3222413,0,KMeans
10.729907,9.468758,2,KMeans
12.073539,9.8657675,2,KMeans
10.94527,5.0094657,0,KMeans
7.2066708,9.379249,0,KMeans
10.839501,-0.39861932,3,KMeans
9.283171,10.620317,2,KMeans
11.293582,10.446004,2,KMeans
12.75014,13.583924,2,KMeans
7.9371395,7.01854,0,KMeans
9.596979,8.60246,0,KMeans
10.251315,1.189097,3,KMeans
10.259899,6.4251275,0,KMeans
8.717933,8.508075,0,KMeans
9.9140415,7.522524,0,KMeans
9.667948,1.7344939,3,KMeans
11.203686,12.733974,2,KMeans
9.782262,9.371205,0,KMeans
9.176417,5.4823427,0,KMeans
12.043957,13.5526705,2,KMeans
5.2184386,2.5617092,1,KMeans
12.285625,3.8693738,2,KMeans
7.907302,10.2179365,2,KMeans
12.548919,10.592979,2,KMeans
10.3910675,5.028229,0,KMeans
11.262805,2.4514477,3,KMeans
8.588302,8.220048,0,KMeans
9.899789,0.60884637,3,KMeans
10.475224,-0.016685126,3,KMeans
9.739375,1.263711,3,KMeans
11.143763,4.0783005,0,KMeans
9.887702,6.5801024,0,KMeans
12.267617,3.7054043,2,KMeans
8.911696,9.600308,0,KMeans
10.2966795,1.103561,3,KMeans
11.688938,4.04743,0,KMeans
8.520563,1.9323324,3,KMeans
10.297255,0.75596976,3,KMeans
11.152106,4.2097306,0,KMeans
12.835728,0.986608,2,KMeans
7.4099455,9.454043,0,KMeans
11.033842,4.444619,0,KMeans
8.247259,7.3802366,0,KMeans
10.112245,6.737775,0,KMeans
8.964761,1.117223,3,KMeans
7.0337696,10.02371,0,KMeans
9.522615,1.6001576,3,KMeans
9.476389,6.064551,0,KMeans
10.978118,2.5387096,3,KMeans
8.647436,0.028538546,3,KMeans
7.5359197,10.096373,0,KMeans
10.21824,7.7896223,0,KMeans
8.231429,5.4548244,0,KMeans
9.70149,0.0004961458,3,KMeans
8.534485,5.4554925,0,KMeans
11.103174,1.905084,3,KMeans
8.369668,3.2540822,3,KMeans
10.53513,12.290354,2,KMeans
12.584786,7.704496,2,KMeans
10.381287,1.6994689,3,KMeans
8.853425,9.332829,0,KMeans
8.700295,8.779611,0,KMeans
11.840322,7.140051,0,KMeans
11.259018,5.7926035,0,KMeans
8.707365,4.420468,0,KMeans
8.027701,6.384224,0,KMeans
13.144472,11.030405,2,KMeans
12.963853,11.64693,2,KMeans
8.843745,6.289,0,KMeans
11.565855,12.223657,2,KMeans
11.973272,13.360202,2,KMeans
8.392159,8.779601,2,KMeans
11.876007,2.4507754,3,KMeans
10.751457,4.04408,0,KMeans
11.920311,12.045105,2,KMeans
6.9439864,10.191155,2,KMeans
9.679653,4.558584,0,KMeans
11.264335,11.306695,2,KMeans
12.530197,2.4687452,2,KMeans
10.132283,8.465516,0,KMeans
12.154817,-0.31706443,3,KMeans
8.596085,10.078212,2,KMeans
6.1612563,2.6685457,1,KMeans
9.234471,6.0636783,0,KMeans
10.396968,8.307733,0,KMeans
12.881934,0.32773563,2,KMeans
9.929403,2.547126,3,KMeans
12.234461,10.654527,2,KMeans
11.268846,3.000527,3,KMeans
9.652195,8.3275385,0,KMeans
8.919923,6.7199187,0,KMeans
7.0752172,9.59459,0,KMeans
9.757543,10.435836,2,KMeans
8.624154,9.257932,0,KMeans
12.96609,10.111166,2,KMeans
8.59751,-0.6841905,3,KMeans
10.4556875,11.520306,2,KMeans
12.168809,2.5243766,3,KMeans
8.54649,5.1535544,0,KMeans
8.583819,1.6971259,3,KMeans
8.674421,0.5497408,3,KMeans
8.513078,5.760388,0,KMeans
11.288432,12.885088,2,KMeans
9.841913,5.9910283,0,KMeans
4.476411,2.3562844,1,KMeans
11.016111,11.743481,2,KMeans
9.814557,5.308708,0,KMeans
11.682857,10.829173,2,KMeans
10.751974,2.3503566,3,KMeans
10.655241,-0.6331721,3,KMeans
8.720236,1.1124007,3,KMeans
9.105809,9.804127,0,KMeans
9.601128,0.49889657,3,KMeans
8.996976,1.5878257,3,KMeans
11.473985,7.202416,0,KMeans
6.082563,2.730004,1,KMeans
11.795693,-0.31547508,3,KMeans
8.569631,8.683584,0,KMeans
8.110866,10.297849,2,KMeans
13.405925,12.36035,2,KMeans
8.501182,6.0357723,0,KMeans
9.944289,7.98233,0,KMeans
9.9907,5.329168,0,KMeans
9.837226,6.679085,0,KMeans
11.50049,8.662433,2,KMeans
10.0450115,11.3917,2,KMeans
12.17939,2.5994828,3,KMeans
9.633591,10.383533,2,KMeans
10.519109,8.105728,0,KMeans
8.979191,1.3409208,3,KMeans
12.979667,13.953435,2,KMeans
11.684344,-0.24520375,3,KMeans
11.659394,1.845254,3,KMeans
11.906102,11.9856,2,KMeans
10.705271,6.4058003,0,KMeans
11.574174,5.617364,0,KMeans
10.969452,10.809015,2,KMeans
11.2905445,-0.2501842,3,KMeans
12.159581,2.9690404,3,KMeans
10.094208,8.105769,0,KMeans
11.928532,12.541905,2,KMeans
10.541311,6.300101,0,KMeans
8.794842,8.994217,0,KMeans
8.919711,2.774028,0,KMeans
12.832937,10.242352,2,KMeans
7.8602257,5.665937,0,KMeans
11.122495,0.28720963,3,KMeans
12.595786,1.4018077,2,KMeans
10.63246,9.004327,0,KMeans
9.361183,10.008858,2,KMeans
12.231985,1.4203775,3,KMeans
8.6860695,6.7269526,0,KMeans
8.523004,-0.26407972,3,KMeans
10.317975,0.5419313,3,KMeans
11.405108,10.570377,2,KMeans
9.527188,10.31503,2,KMeans
6.299302,2.8197486,1,KMeans
12.776726,0.8572794,3,KMeans
10.552542,9.320131,0,KMeans
10.962817,1.750366,3,KMeans
12.225737,10.77526,2,KMeans
12.760749,12.615978,2,KMeans
12.458689,1.4635723,3,KMeans
10.700402,5.720192,0,KMeans
7.9015384,8.846273,0,KMeans
10.0061865,0.695798,3,KMeans
7.903073,9.5292635,0,KMeans
10.527466,8.133709,0,KMeans
11.923834,2.410384,3,KMeans
11.176073,9.310359,2,KMeans
11.371744,0.7798048,3,KMeans
8.315447,6.7500978,0,KMeans
11.507245,7.616,0,KMeans
10.22182,-0.33923078,3,KMeans
10.731942,9.76555,2,KMeans
8.632402,-0.51111555,3,KMeans
10.278012,3.053688,3,KMeans
12.298509,0.9212164,3,KMeans
12.735964,1.9625098,2,KMeans
10.261731,7.6796775,0,KMeans
7.6686745,3.1535041,0,KMeans
10.160456,3.2603881,3,KMeans
5.8134165,2.658016,1,KMeans
8.912813,2.8535063,3,KMeans
8.519839,5.587273,0,KMeans
9.863943,8.660607,0,KMeans
12.064174,7.061437,0,KMeans
6.636459,9.247432,0,KMeans
12.620901,11.365345,2,KMeans
12.213781,1.6069055,3,KMeans
9.4053955,6.1271024,0,KMeans
8.944371,3.5048792,0,KMeans
9.291281,6.7706194,0,KMeans
10.214749,10.799637,2,KMeans
10.655181,11.129914,2,KMeans
10.142427,11.053634,2,KMeans
8.919532,0.16727132,3,KMeans
12.747114,10.27953,2,KMeans
10.602328,5.7350144,0,KMeans
7.9670877,9.010432,0,KMeans
7.933605,7.8853645,0,KMeans
11.791586,9.248157,2,KMeans
8.740347,2.9461658,0,KMeans
9.689445,7.381305,0,KMeans
10.052588,5.0323625,0,KMeans
9.909684,6.3648324,0,KMeans
7.535911,10.358985,2,KMeans
9.90078,7.962368,0,KMeans
8.964077,6.3046045,0,KMeans
9.517173,3.8638961,0,KMeans
10.113859,11.765505,2,KMeans
11.099501,9.221301,2,KMeans
11.724667,3.3247743,0,KMeans
12.220804,10.744076,2,KMeans
10.742951,3.7861316,0,KMeans
10.257615,6.9225254,0,KMeans
10.487451,5.8617887,0,KMeans
7.6695724,6.1028047,0,KMeans
12.109909,10.006949,2,KMeans
8.305563,10.274531,2,KMeans
11.383444,1.4411999,3,KMeans
9.2325115,3.5228581,3,KMeans
9.457868,7.0666513,0,KMeans
11.101196,-0.6098183,3,KMeans
10.8522005,1.4294332,3,KMeans
9.899951,-0.6730681,3,KMeans
12.932756,10.054817,2,KMeans
8.927282,2.96486,3,KMeans
12.263143,1.8959647,3,KMeans
9.128389,5.0935993,0,KMeans
12.762341,11.479483,2,KMeans
10.973329,8.119878,0,KMeans
12.402106,12.235889,2,KMeans
12.607904,13.3864,2,KMeans
8.619372,8.940413,0,KMeans
10.411979,2.6795323,3,KMeans
12.467108,7.309572,0,KMeans
12.343657,13.730747,2,KMeans
6.6410756,9.7319,0,KMeans
10.992828,9.660172,2,KMeans
12.409768,11.935099,2,KMeans
12.920432,0.64943516,2,KMeans
8.778474,9.438742,0,KMeans
10.448801,0.8463638,3,KMeans
9.587426,-0.5692911,3,KMeans
11.270319,11.385258,2,KMeans
10.169203,0.1396234,3,KMeans
11.818752,3.6321857,0,KMeans
10.006049,9.45051,0,KMeans
8.337548,4.2565193,0,KMeans
12.075831,3.8892298,0,KMeans
9.072948,10.160032,2,KMeans
11.208268,8.582631,0,KMeans
11.9643345,3.902492,0,KMeans
13.487774,13.269678,2,KMeans
10.994983,4.3366,0,KMeans
12.741615,12.673388,2,KMeans
12.131977,12.493062,2,KMeans
9.338667,8.159286,0,KMeans
10.425527,6.3504066,0,KMeans
10.063221,5.7826085,0,KMeans
9.887276,8.121504,0,KMeans
12.689601,11.047087,2,KMeans
11.467107,5.8352976,0,KMeans
7.8777404,5.4505014,0,KMeans
10.208611,-0.89083636,3,KMeans
8.978085,4.1009364,0,KMeans
10.591358,10.163822,2,KMeans
11.318831,4.314958,0,KMeans
5.1405377,2.525835,1,KMeans
7.862382,5.0528274,0,KMeans
11.193009,11.057934,2,KMeans
9.317028,0.23116584,3,KMeans
9.210926,3.9085233,0,KMeans
8.543761,2.0995674,3,KMeans
11.112492,2.812562,3,KMeans
8.223009,4.113072,0,KMeans
8.260632,5.2925673,0,KMeans
8.53413,2.5971413,3,KMeans
9.151084,6.0794325,0,KMeans
8.470916,-0.19688497,3,KMeans
8.719301,9.986298,2,KMeans
8.413834,9.09625,0,KMeans
9.130966,3.0065088,0,KMeans
9.112307,9.049959,0,KMeans
10.35291,0.7447945,3,KMeans
8.799261,11.900378,2,KMeans
12.198153,9.590183,2,KMeans
9.611827,9.508148,2,KMeans
11.491836,1.4011697,3,KMeans
12.998863,10.472001,2,KMeans
11.880353,6.9197974,0,KMeans
10.434157,11.252521,2,KMeans
11.950279,9.49808,2,KMeans
8.463014,10.914257,2,KMeans
9.509255,3.9282298,0,KMeans
10.804102,11.869843,2,KMeans
6.7573404,8.975227,0,KMeans
9.865123,-0.34148479,3,KMeans
9.342916,-0.55370545,3,KMeans
9.162496,1.9456153,3,KMeans
9.412529,3.7874835,0,KMeans
10.928431,2.4737675,3,KMeans
12.797421,11.762078,2,KMeans
10.9914665,10.055832,2,KMeans
13.144962,11.052328,2,KMeans
8.774455,10.434895,2,KMeans
10.848947,5.504313,0,KMeans
8.776721,1.7165074,3,KMeans
10.294966,7.5944247,0,KMeans
8.499949,8.60224,0,KMeans
8.733552,9.482052,0,KMeans
7.425422,3.1753974,0,KMeans
9.9793825,-0.5481568,3,KMeans
9.901598,4.7980695,0,KMeans
13.015285,12.600923,2,KMeans
8.512145,11.399136,2,KMeans
9.211359,8.887657,0,KMeans
12.600701,1.8607534,3,KMeans
9.264092,-0.56719035,3,KMeans
12.505489,-0.09974456,3,KMeans
11.523406,2.697046,3,KMeans
10.888227,1.7010646,3,KMeans
11.411979,11.810621,2,KMeans
9.398343,4.9030323,0,KMeans
8.988406,0.8029112,3,KMeans
11.081147,7.1727896,0,KMeans
12.699842,-0.46806806,2,KMeans
8.769614,9.507762,2,KMeans
11.04559,9.183528,0,KMeans
11.469872,-0.18424898,3,KMeans
9.391499,1.5142382,3,KMeans
10.753473,8.557204,0,KMeans
9.45102,3.1829336,0,KMeans
11.916933,9.835609,2,KMeans
12.119954,6.0673084,0,KMeans
10.6996155,11.270676,2,KMeans
12.643615,0.24523152,3,KMeans
8.879527,9.808725,2,KMeans
9.038111,1.0430596,3,KMeans
9.15242,6.2420473,0,KMeans
10.492109,6.3239527,0,KMeans
11.520615,12.285078,2,KMeans
12.953944,10.523884,2,KMeans
11.983955,0.7430413,3,KMeans
9.829379,7.413828,0,KMeans
7.990751,6.303479,0,KMeans
10.491833,4.9205904,0,KMeans
10.923288,2.2829187,3,KMeans
8.2754345,4.533568,0,KMeans
9.689601,11.659751,2,KMeans
10.623147,4.157279,0,KMeans
9.403033,7.2106338,0,KMeans
9.012932,1.9412355,3,KMeans
10.099698,11.687904,2,KMeans
10.490784,4.532259,0,KMeans
10.213705,7.6182456,0,KMeans
10.410416,6.08763,0,KMeans
12.510465,0.80638725,3,KMeans
12.571101,8.6933,2,KMeans
10.625862,0.55567044,3,KMeans
8.061411,10.695579,2,KMeans
11.6609335,2.9710047,3,KMeans
9.93786,11.697366,2,KMeans
11.668874,0.588927,3,KMeans
7.6012993,10.227197,2,KMeans
8.235225,8.445097,0,KMeans
7.87778,3.3023934,0,KMeans
10.528892,9.166825,0,KMeans
9.726395,8.822572,0,KMeans
12.957452,12.446786,2,KMeans
12.697407,0.92861193,3,KMeans
9.740419,12.276874,2,KMeans
10.384301,8.087042,0,KMeans
10.393593,11.25983,2,KMeans
9.859911,11.661786,2,KMeans
9.713562,0.17916897,3,KMeans
9.9219265,9.406605,0,KMeans
9.299231,9.78235,0,KMeans
12.391465,1.9706151,3,KMeans
10.651141,5.4360714,0,KMeans
10.279543,4.714249,0,KMeans
8.151074,8.175479,0,KMeans
10.211433,7.511805,0,KMeans
8.534603,10.680839,2,KMeans
11.100439,4.4705734,0,KMeans
9.939383,4.3821893,0,KMeans
8.141772,10.88536,2,KMeans
11.036238,3.8989983,0,KMeans
10.209295,7.9980483,0,KMeans
11.32911,9.350582,2,KMeans
10.996047,4.3803716,0,KMeans
9.751244,7.540777,0,KMeans
8.950872,6.8953605,0,KMeans
9.719601,9.223941,0,KMeans
11.194827,3.9147246,0,KMeans
11.126616,11.193902,2,KMeans
12.151583,3.675467,0,KMeans
9.140834,2.3503964,3,KMeans
10.129725,0.8603339,3,KMeans
4.656686,2.4077919,1,KMeans
9.448658,4.1522684,0,KMeans
10.047971,9.325097,0,KMeans
8.995473,5.144296,0,KMeans
10.625727,7.1886134,0,KMeans
9.998319,6.7771816,0,KMeans
12.78762,9.951688,2,KMeans
12.398847,2.8461142,3,KMeans
8.256952,11.120407,2,KMeans
9.844256,9.271841,0,KMeans
11.738648,12.67101,2,KMeans
10.399992,2.695031,3,KMeans
9.347079,3.615577,0,KMeans
7.795119,9.009546,0,KMeans
11.945178,1.835194,2,KMeans
12.568786,7.194761,0,KMeans
12.051057,7.785266,2,KMeans
8.348533,5.9062834,0,KMeans
11.885726,11.176994,2,KMeans
10.735347,11.389472,2,KMeans
7.9820514,7.215676,0,KMeans
10.524789,9.646776,2,KMeans
5.7344627,2.677564,1,KMeans
9.824705,6.458269,0,KMeans
12.008098,13.492028,2,KMeans
7.972623,10.572116,2,KMeans
10.304154,5.3556123,0,KMeans
10.901114,9.487201,2,KMeans
11.187045,6.9314737,0,KMeans
12.398832,8.396481,2,KMeans
9.378196,-0.5318289,3,KMeans
10.557052,2.5342245,3,KMeans
11.271651,8.882949,2,KMeans
11.803823,0.61194545,3,KMeans
12.8043585,12.904841,2,KMeans
10.0417385,7.862834,0,KMeans
9.729834,1.1235962,3,KMeans
7.258323,8.506207,0,KMeans
11.76792,10.766915,2,KMeans
9.735076,-0.4163082,3,KMeans
12.885723,11.6041355,2,KMeans
12.482273,12.494887,2,KMeans
9.961775,7.067081,0,KMeans
8.574859,0.22944923,3,KMeans
8.576577,2.9083648,0,KMeans
8.932849,3.0831587,0,KMeans
8.204275,7.1649737,0,KMeans
12.190987,4.135313,2,KMeans
8.970836,1.1844554,3,KMeans
11.695507,13.131064,2,KMeans
9.47072,2.854552,3,KMeans
9.575573,0.3239923,3,KMeans
10.879636,4.164076,0,KMeans
7.729131,10.983427,2,KMeans
9.497362,7.3361554,0,KMeans
9.535464,7.757661,0,KMeans
8.10943,8.737812,0,KMeans
11.485779,2.078409,3,KMeans
7.9374704,10.684356,2,KMeans
8.098656,9.314875,0,KMeans
10.286901,6.3020377,0,KMeans
10.5126705,8.369903,0,KMeans
11.112471,3.4389462,0,KMeans
8.096158,9.660055,0,KMeans
11.612581,-0.39358193,3,KMeans
11.646739,0.7469864,3,KMeans
10.746055,9.271648,0,KMeans
12.501073,-0.014985847,3,KMeans
9.08648,-0.83145857,3,KMeans
9.146181,12.014685,2,KMeans
8.809609,8.671518,0,KMeans
9.684988,6.2664433,0,KMeans
12.496661,0.057775907,3,KMeans
10.161096,2.8824186,3,KMeans
6.104607,2.7567458,1,KMeans
8.965833,1.9777038,3,KMeans
9.602033,7.4124694,0,KMeans
9.089287,7.800961,0,KMeans
10.585274,1.4915876,3,KMeans
9.172832,1.119218,3,KMeans
11.879272,9.885003,2,KMeans
12.713174,1.4716759,2,KMeans
11.511831,12.10192,2,KMeans
10.364343,6.3895555,0,KMeans
8.921846,8.41196,0,KMeans
9.256404,8.104734,0,KMeans
9.7760725,10.875549,2,KMeans
10.308,6.7531943,0,KMeans
10.112136,1.0573845,3,KMeans
9.954753,-0.10037237,3,KMeans
9.269962,4.499573,0,KMeans
12.753273,13.836979,2,KMeans
12.656295,12.290369,2,KMeans
12.49987,9.878188,2,KMeans
10.039803,4.717549,0,KMeans
11.159092,10.616629,2,KMeans
6.9359956,2.7683158,3,KMeans
10.785999,6.5585012,0,KMeans
9.113444,6.6344366,0,KMeans
10.524919,11.459066,2,KMeans
7.6231356,6.5803123,0,KMeans
11.444442,9.0243,2,KMeans
11.845301,9.731383,2,KMeans
10.107046,-0.17201284,3,KMeans
9.997351,9.504964,2,KMeans
10.2898655,4.937667,0,KMeans
8.712,2.164651,3,KMeans
12.397333,11.797999,2,KMeans
10.793846,3.2261207,0,KMeans
8.637023,6.4474735,0,KMeans
8.429524,7.7084026,0,KMeans
11.9937105,0.4147879,3,KMeans
10.451454,6.2540975,0,KMeans
11.2982,8.527311,0,KMeans
9.117411,9.673226,0,KMeans
9.853138,11.625736,2,KMeans
13.078952,10.212967,2,KMeans
10.935378,7.6899505,0,KMeans
8.31736,11.774386,2,KMeans
11.380375,9.438638,2,KMeans
8.567977,10.315387,2,KMeans
8.990866,0.94186795,3,KMeans
6.7394705,3.2056873,0,KMeans
12.468525,-0.54438657,3,KMeans
10.604705,6.910906,0,KMeans
12.352913,13.198896,2,KMeans
10.137871,9.84018,2,KMeans
12.792235,10.314395,2,KMeans
10.141539,5.4357004,0,KMeans
12.32417,12.014459,2,KMeans
6.8413367,8.722237,0,KMeans
10.913116,1.8857929,3,KMeans
6.004926,2.6550815,1,KMeans
9.460231,11.118527,2,KMeans
11.798634,9.404654,2,KMeans
9.032094,7.2765975,0,KMeans
12.022147,-0.7908962,3,KMeans
10.401692,4.0394273,0,KMeans
8.072423,9.410165,0,KMeans
12.780894,12.564809,2,KMeans
12.102727,12.372391,2,KMeans
8.70303,2.2744777,3,KMeans
11.477569,9.13065,2,KMeans
10.317554,9.340155,0,KMeans
10.407025,4.6743884,0,KMeans
9.672616,3.4889917,0,KMeans
12.366866,2.76209,3,KMeans
8.916991,6.3310633,0,KMeans
5.8128085,2.6644626,1,KMeans
8.787002,1.382937,3,KMeans
11.050804,0.5246841,3,KMeans
11.525412,1.6473452,3,KMeans
10.773057,6.3398223,0,KMeans
12.451188,1.9986484,3,KMeans
8.422039,2.233409,0,KMeans
10.924752,1.4156882,3,KMeans
10.826102,11.875209,2,KMeans
10.884419,11.65653,2,KMeans
9.812353,6.359755,0,KMeans
10.52991,11.767831,2,KMeans
10.482533,8.89825,0,KMeans
10.728736,7.1467595,0,KMeans
9.82205,3.414104,0,KMeans
10.334343,3.184727,3,KMeans
12.200222,7.83397,0,KMeans
10.567444,6.357896,0,KMeans
7.8564095,10.538951,2,KMeans
9.814034,3.7500608,0,KMeans
8.720859,0.31294215,3,KMeans
11.052209,4.180173,0,KMeans
12.883996,11.405049,2,KMeans
5.391357,2.5880575,1,KMeans
9.718685,9.869856,2,KMeans
9.138999,9.869076,2,KMeans
8.265151,10.377236,2,KMeans
10.592085,4.788949,0,KMeans
11.291643,12.033372,2,KMeans
10.003672,2.4897635,3,KMeans
9.288056,6.2973075,0,KMeans
10.196911,4.975512,0,KMeans
8.160689,7.4124236,0,KMeans
8.810953,-0.47669682,3,KMeans
9.501673,10.405806,2,KMeans
10.359637,1.108461,3,KMeans
11.604188,11.530939,2,KMeans
10.488719,4.685529,0,KMeans
10.51412,8.059563,0,KMeans
11.603967,11.022481,2,KMeans
12.101468,3.67138,0,KMeans
12.431527,-0.7806989,3,KMeans
11.596961,9.380974,2,KMeans
7.211144,9.728597,2,KMeans
7.163591,3.1465533,0,KMeans
10.2929535,4.0792155,0,KMeans
11.670035,9.0299225,2,KMeans
10.677221,4.756861,0,KMeans
11.901554,0.6228859,3,KMeans
12.165977,10.627819,2,KMeans
12.074662,0.63829416,3,KMeans
8.260389,11.144139,2,KMeans
9.690758,7.2459373,0,KMeans
9.106952,-0.7132909,3,KMeans
12.041614,8.317807,2,KMeans
8.482367,-0.7016744,3,KMeans
10.033368,7.0701156,0,KMeans
9.604603,-0.90051186,3,KMeans
10.808013,1.0879999,3,KMeans
10.033747,6.673581,0,KMeans
8.29764,9.344329,0,KMeans
11.051567,11.819089,2,KMeans
11.096597,8.60085,0,KMeans
12.749147,9.750745,2,KMeans
11.453797,12.603086,2,KMeans
11.2579775,5.8993874,0,KMeans
11.154726,3.575453,3,KMeans
12.04218,12.152395,2,KMeans
12.466466,13.202108,2,KMeans
7.71359,10.732015,2,KMeans
9.982325,5.557183,0,KMeans
8.995578,10.051601,2,KMeans
9.376676,5.50589,0,KMeans
12.428902,10.877307,2,KMeans
10.819078,3.3430328,0,KMeans
11.972829,-0.8836924,3,KMeans
11.585889,-0.19103411,3,KMeans
10.1749325,6.6955643,0,KMeans
10.834997,4.6718044,0,KMeans
8.447212,11.186213,2,KMeans
10.3775015,0.8706794,3,KMeans
10.272542,0.45480603,3,KMeans
10.053906,3.5477164,0,KMeans
9.018455,3.883169,0,KMeans
10.415902,2.9097924,3,KMeans
8.849114,11.866187,2,KMeans
9.223435,9.094166,0,KMeans
11.861853,4.143382,0,KMeans
10.877895,11.806154,2,KMeans
10.199188,4.9644866,0,KMeans
8.599665,8.176859,0,KMeans
9.574934,3.3161507,0,KMeans
10.623888,4.14731,0,KMeans
10.242135,0.2792291,3,KMeans
8.292945,5.2207675,0,KMeans
12.866448,0.28783354,3,KMeans
10.904427,8.752523,0,KMeans
12.079644,-0.24393186,3,KMeans
10.98848,5.8623576,0,KMeans
9.210019,12.059686,2,KMeans
9.2905245,0.54715157,3,KMeans
10.374222,6.3586764,0,KMeans
7.6707067,7.0728545,0,KMeans
8.744828,1.9609588,3,KMeans
11.996269,2.6310065,3,KMeans
8.785103,8.414777,0,KMeans
11.8213215,2.961575,3,KMeans
9.128477,1.7771983,3,KMeans
10.607829,8.674682,0,KMeans
13.126412,13.671882,2,KMeans
9.31692,1.7863723,3,KMeans
9.047201,0.32039076,3,KMeans
10.358807,-0.9779622,3,KMeans
8.56737,10.337725,2,KMeans
11.3084,13.002787,2,KMeans
8.6290045,0.45035124,3,KMeans
12.67907,10.786603,2,KMeans
12.838624,10.627919,2,KMeans
6.4590583,2.9680538,2,KMeans
8.9707,5.4329534,0,KMeans
6.82538,10.059473,2,KMeans
9.845875,4.928033,0,KMeans
10.523236,7.9471846,0,KMeans
8.804401,1.4214153,3,KMeans
9.9081745,1.7851441,3,KMeans
9.987931,6.7238016,0,KMeans
9.292023,7.2839665,0,KMeans
10.219178,6.809204,0,KMeans
11.376129,10.170411,2,KMeans
10.417641,3.80797,0,KMeans
11.640122,10.140771,2,KMeans
9.519827,10.20809,2,KMeans
8.761989,7.789584,0,KMeans
10.993376,2.6500769,3,KMeans
10.868091,1.1481512,3,KMeans
12.840107,-0.022468124,2,KMeans
7.5634165,5.590301,0,KMeans
9.97561,0.6131191,3,KMeans
10.6448145,7.4498496,0,KMeans
9.784418,-0.43123433,3,KMeans
11.138745,9.322429,0,KMeans
9.06099,9.735684,2,KMeans
10.609987,3.5584958,0,KMeans
12.866326,1.7646102,2,KMeans
10.335764,0.4708376,3,KMeans
11.76349,-0.76706696,3,KMeans
9.011679,5.1213655,0,KMeans
9.529894,7.8730283,0,KMeans
9.802542,5.423057,0,KMeans
10.84632,0.8523871,3,KMeans
10.329673,6.567256,0,KMeans
11.959817,9.720802,2,KMeans
9.141725,5.80397,0,KMeans
10.72283,0.92227507,3,KMeans
12.418809,13.875101,2,KMeans
11.510287,10.83565,2,KMeans
8.342209,7.467224,0,KMeans
9.815228,5.9036365,0,KMeans
7.8284016,5.4806457,0,KMeans
11.077302,9.475645,2,KMeans
9.272101,5.7120066,0,KMeans
12.211436,12.770628,2,KMeans
10.469044,2.5347774,3,KMeans
9.950075,5.513745,0,KMeans
6.8726764,2.5914667,3,KMeans
12.115964,9.883746,2,KMeans
12.133062,-0.14195052,3,KMeans
10.598192,3.1900718,0,KMeans
9.800116,5.6395164,0,KMeans
11.4148445,7.568504,0,KMeans
10.091657,7.2765436,0,KMeans
8.85247,2.5050638,3,KMeans
8.437531,4.0779896,0,KMeans
8.310331,7.971906,0,KMeans
12.035822,9.790199,2,KMeans
8.712866,2.2733192,3,KMeans
7.851445,9.993067,2,KMeans
9.043518,3.0688245,0,KMeans
7.0791454,8.344628,0,KMeans
13.0290785,10.080023,2,KMeans
11.111794,3.5848505,3,KMeans
10.680504,4.492767,0,KMeans
13.108515,11.357611,2,KMeans
8.127025,10.8129635,2,KMeans
10.581452,10.397427,2,KMeans
11.058269,0.4176257,3,KMeans
10.486636,3.186353,3,KMeans
9.823439,-0.25328657,3,KMeans
9.953771,8.721811,0,KMeans
10.316221,9.3461275,0,KMeans
11.775258,7.7021403,0,KMeans
11.493574,12.8736105,2,KMeans
7.479999,9.9950905,0,KMeans
9.452959,8.851645,0,KMeans
9.401228,7.6720457,0,KMeans
10.265036,5.7402225,0,KMeans
10.163534,11.499664,2,KMeans
12.13121,3.6420634,0,KMeans
10.137289,0.32492495,3,KMeans
8.729478,-0.21420988,3,KMeans
10.578985,5.608581,0,KMeans
11.639133,13.299008,2,KMeans
9.438945,5.7361617,0,KMeans
11.375152,2.5469167,3,KMeans
11.357534,3.5703866,3,KMeans
12.580078,9.935968,2,KMeans
13.03876,12.537653,2,KMeans
9.319445,9.273394,0,KMeans
13.031285,9.940072,2,KMeans
12.240463,9.612871,2,KMeans
12.272727,10.395157,2,KMeans
8.408358,5.0029874,0,KMeans
10.75968,8.293225,0,KMeans
9.696578,5.4500265,0,KMeans
9.602937,9.414638,0,KMeans
10.066016,3.1811128,3,KMeans
5.347204,2.5485215,1,KMeans
7.592401,10.024753,0,KMeans
11.1385765,-0.13805115,3,KMeans
10.610753,11.919562,2,KMeans
12.204839,3.9530878,0,KMeans
9.718303,5.546325,0,KMeans
8.883516,-0.9505966,3,KMeans
11.641537,1.8008565,3,KMeans
8.566887,5.533043,0,KMeans
12.512024,3.0219765,2,KMeans
7.4071817,2.856826,3,KMeans
11.241494,7.8705263,0,KMeans
13.074936,11.252305,2,KMeans
10.89185,12.222581,2,KMeans
9.274454,5.128394,0,KMeans
10.34976,12.680878,2,KMeans
11.178033,-0.57948244,3,KMeans
9.810182,10.124834,2,KMeans
10.526582,1.7713135,3,KMeans
12.938603,0.674404,2,KMeans
12.561275,10.112534,2,KMeans
8.6677685,6.865324,0,KMeans
9.2355995,7.156055,0,KMeans
13.209002,10.450599,2,KMeans
7.65517,8.549071,0,KMeans
11.299686,2.7464566,3,KMeans
10.5541315,12.313062,2,KMeans
8.5489235,5.120028,0,KMeans
12.398476,0.27666342,3,KMeans
11.480316,8.352905,0,KMeans
10.959947,1.803445,3,KMeans
9.891056,8.952801,0,KMeans
13.500468,14.182477,2,KMeans
10.229768,11.374986,2,KMeans
10.337142,11.177511,2,KMeans
12.930485,9.585711,2,KMeans
11.160792,12.366319,2,KMeans
10.006952,8.939362,0,KMeans
10.39758,7.9086,0,KMeans
10.978384,12.321075,2,KMeans
12.284439,1.8285785,3,KMeans
8.138259,5.031514,0,KMeans
10.147965,1.0419793,3,KMeans
10.748506,11.175437,2,KMeans
12.864081,12.59122,2,KMeans
13.056675,11.435133,2,KMeans
10.118939,11.561891,2,KMeans
11.155775,5.915759,0,KMeans
7.765374,10.906926,2,KMeans
10.805941,10.189189,2,KMeans
7.5763164,9.825368,0,KMeans
12.329239,0.32808056,3,KMeans
10.994782,9.100827,0,KMeans
10.239797,11.1523485,2,KMeans
8.602076,4.5709352,0,KMeans
9.953539,11.426991,2,KMeans
10.011957,8.625275,0,KMeans
12.622552,11.302692,2,KMeans
9.356283,0.19853996,3,KMeans
10.877191,12.22001,2,KMeans
10.043815,-0.8139323,3,KMeans
9.902272,-0.3003227,3,KMeans
9.244878,9.446572,0,KMeans
12.195115,12.525907,2,KMeans
11.213202,2.56704,3,KMeans
12.478606,2.3408046,2,KMeans
10.761122,2.7154317,0,KMeans
12.074665,-0.83734196,3,KMeans
9.577826,1.2176529,3,KMeans
6.9351945,9.20934,0,KMeans
9.237923,2.4339442,3,KMeans
9.064256,10.52495,2,KMeans
12.838979,11.169694,2,KMeans
11.603406,13.02129,2,KMeans
9.612433,6.1523857,0,KMeans
11.222443,2.4667685,3,KMeans
11.243629,12.511253,2,KMeans
13.371269,12.840262,2,KMeans
12.143273,7.6646223,0,KMeans
8.597856,0.17213832,3,KMeans
11.726202,9.740947,2,KMeans
9.351791,2.0908601,3,KMeans
12.515525,9.504586,2,KMeans
9.167886,3.8596964,0,KMeans
9.147632,2.5873332,3,KMeans
6.541038,9.523228,0,KMeans
9.911276,9.923199,2,KMeans
11.045072,0.19248874,3,KMeans
9.187601,9.639979,0,KMeans
11.396693,8.72397,0,KMeans
10.182534,1.2676716,3,KMeans
12.465745,12.485442,2,KMeans
10.452142,3.7819593,0,KMeans
12.7872715,0.24829341,2,KMeans
12.051241,9.911382,2,KMeans
8.526631,1.1501387,3,KMeans
13.322397,11.580437,2,KMeans
12.632639,9.964955,2,KMeans
9.015048,8.738114,0,KMeans
12.189881,9.165601,2,KMeans
7.633478,9.858711,2,KMeans
5.441911,2.4946191,1,KMeans
11.351685,5.213876,0,KMeans
8.016346,9.460612,0,KMeans
10.577911,0.33987737,3,KMeans
9.837859,3.107027,0,KMeans
12.845908,13.042241,2,KMeans
11.397413,1.444314,3,KMeans
10.720006,1.245394,3,KMeans
9.469813,7.862605,0,KMeans
10.413588,12.314874,2,KMeans
7.938036,8.0504675,0,KMeans
9.972434,5.6999974,0,KMeans
11.809721,8.696956,2,KMeans
9.2599125,-0.48775095,3,KMeans
9.338341,5.840015,0,KMeans
8.656422,9.019286,0,KMeans
8.997299,0.17097467,3,KMeans
11.817562,10.426696,2,KMeans
10.281965,4.799575,0,KMeans
8.254638,9.230644,0,KMeans
7.86619,10.281951,2,KMeans
10.4040165,2.8868499,3,KMeans
8.268261,8.095662,0,KMeans
8.364271,4.204319,0,KMeans
9.074118,1.7221501,3,KMeans
13.1549,11.186286,2,KMeans
7.661894,8.515104,0,KMeans
10.257402,3.8321064,0,KMeans
12.5982685,1.4413493,3,KMeans
11.403613,-0.08931417,3,KMeans
7.506525,2.458577,3,KMeans
10.6007595,0.9388531,3,KMeans
7.8411827,8.411045,0,KMeans
8.604696,2.271809,3,KMeans
12.033244,1.3878872,3,KMeans
10.180694,4.833846,0,KMeans
7.9007525,10.386649,2,KMeans
9.657617,6.1670513,0,KMeans
8.585345,2.0724375,3,KMeans
10.594303,9.495602,2,KMeans
9.882371,-0.20264809,3,KMeans
9.955676,11.62191,2,KMeans
12.072161,3.9797893,0,KMeans
9.773276,2.1513407,3,KMeans
10.891143,8.962048,0,KMeans
10.108245,7.0159974,0,KMeans
6.97155,9.033417,0,KMeans
9.508697,2.535249,3,KMeans
10.3912735,9.376183,0,KMeans
12.284596,10.415281,2,KMeans
11.842548,10.78927,2,KMeans
12.153941,2.1039336,3,KMeans
10.139135,7.058348,0,KMeans
10.585528,7.562525,0,KMeans
12.646303,13.864224,2,KMeans
8.330982,8.13011,0,KMeans
9.036704,-0.70393944,3,KMeans
10.078697,3.3884585,0,KMeans
9.427093,9.9997,2,KMeans
9.337743,2.037092,3,KMeans
12.311716,7.168087,0,KMeans
13.269011,13.25728,2,KMeans
11.626341,-0.5991538,3,KMeans
12.385665,13.582732,2,KMeans
9.877356,5.455766,0,KMeans
9.025347,1.6377332,3,KMeans
12.252965,9.062067,2,KMeans
10.398228,11.374779,2,KMeans
9.11302,5.113378,0,KMeans
5.258751,2.5515826,1,KMeans
9.8525915,4.1870666,0,KMeans
8.935135,-0.1707682,3,KMeans
10.802397,12.314264,2,KMeans
12.406962,6.887553,0,KMeans
11.361261,5.4520574,0,KMeans
13.274458,14.018365,2,KMeans
7.145265,9.996285,0,KMeans
10.898655,2.9933631,3,KMeans
12.66054,7.510919,0,KMeans
12.489295,9.992866,2,KMeans
8.250734,11.246373,2,KMeans
11.848215,2.496057,3,KMeans
9.727724,10.489475,2,KMeans
10.394895,11.081661,2,KMeans
6.522145,9.314122,0,KMeans
9.084766,-0.6701528,3,KMeans
11.647349,4.2157583,0,KMeans
9.236203,6.5302153,0,KMeans
10.226599,3.3642378,0,KMeans
12.32742,0.51388437,3,KMeans
9.821289,5.562395,0,KMeans
9.19228,6.97581,0,KMeans
7.7079363,9.710289,0,KMeans
9.06605,5.2245398,0,KMeans
10.924147,3.1000245,3,KMeans
8.928942,1.5960124,3,KMeans
12.768325,13.3935,2,KMeans
10.063011,4.8292327,0,KMeans
9.983961,12.211627,2,KMeans
8.361147,7.212387,0,KMeans
10.484348,2.5250392,3,KMeans
10.911527,4.5031385,0,KMeans
11.4789295,0.93756235,3,KMeans
8.678677,5.6329765,0,KMeans
11.9316635,12.707938,2,KMeans
9.334976,1.4979386,3,KMeans
12.146823,1.3828524,3,KMeans
10.123323,-0.06185631,3,KMeans
11.092737,10.566526,2,KMeans
7.9440393,6.998164,0,KMeans
11.373568,10.336261,2,KMeans
9.501652,4.6759853,0,KMeans
9.306467,0.30942076,3,KMeans
10.475646,2.9303517,3,KMeans
13.504659,13.929395,2,KMeans
12.513485,0.2274761,3,KMeans
11.838899,7.396435,0,KMeans
11.938799,6.5485845,0,KMeans
8.273999,9.801434,0,KMeans
8.884528,9.785416,2,KMeans
10.763251,10.261319,2,KMeans
9.761517,5.1430345,0,KMeans
10.4049835,11.604915,2,KMeans
10.683653,1.9307265,3,KMeans
11.218708,12.289757,2,KMeans
9.614827,-0.8036235,3,KMeans
8.50292,2.1004233,3,KMeans
12.213703,3.1814973,0,KMeans
9.409991,2.868234,3,KMeans
11.6661625,6.156891,0,KMeans
10.17423,1.5843225,3,KMeans
11.532056,3.770831,0,KMeans
10.264427,5.902925,0,KMeans
11.129214,7.3210382,0,KMeans
9.873724,11.385538,2,KMeans
9.0737505,6.9296184,0,KMeans
8.624725,3.649823,0,KMeans
8.114642,8.188647,0,KMeans
9.074329,-0.7287031,3,KMeans
4.2772555,2.2619793,1,KMeans
8.611799,9.49868,0,KMeans
12.7490015,-0.26423356,3,KMeans
10.493874,10.96283,2,KMeans
11.86854,7.2668095,0,KMeans
10.13317,3.2816029,0,KMeans
9.830913,3.9563591,0,KMeans
10.29833,-0.58460647,3,KMeans
8.616041,8.750451,0,KMeans
11.991268,12.610728,2,KMeans
12.689392,2.3919215,2,KMeans
8.317295,8.658375,0,KMeans
11.340801,9.630477,2,KMeans
12.029221,-0.6937189,3,KMeans
10.13664,6.462302,0,KMeans
7.669664,5.9669065,0,KMeans
9.072555,9.96759,2,KMeans
7.5741396,10.086207,2,KMeans
7.774908,10.267675,2,KMeans
10.1143465,8.935116,0,KMeans
10.375807,12.225163,2,KMeans
13.07967,13.974643,2,KMeans
8.095405,10.525788,2,KMeans
10.909036,5.5565596,0,KMeans
10.37477,11.393569,2,KMeans
11.9134,9.910219,2,KMeans
12.737655,12.481839,2,KMeans
10.401441,6.375326,0,KMeans
9.921801,6.8624578,0,KMeans
8.940161,-0.6127902,3,KMeans
11.074554,0.6270741,3,KMeans
10.820247,10.28554,2,KMeans
6.978068,8.609564,0,KMeans
9.57501,11.238037,2,KMeans
9.128323,8.995733,0,KMeans
12.253472,1.8762252,3,KMeans
12.415313,13.097292,2,KMeans
10.123653,5.3071036,0,KMeans
11.206757,1.557646,3,KMeans
5.4455605,2.538746,1,KMeans
11.597234,8.4359255,0,KMeans
12.96579,11.537858,2,KMeans
10.393496,-0.87395644,3,KMeans
8.263979,6.0655746,0,KMeans
8.966084,0.6807331,3,KMeans
10.191192,7.15231,0,KMeans
9.749659,11.909879,2,KMeans
11.8938055,12.613141,2,KMeans
10.106704,7.8150635,0,KMeans
9.946566,6.167799,0,KMeans
11.2854595,11.335721,2,KMeans
11.744803,-0.3963683,3,KMeans
13.170703,11.809109,2,KMeans
11.593892,0.9935222,3,KMeans
12.523203,10.948611,2,KMeans
7.2093744,9.4255495,0,KMeans
9.705586,10.346998,2,KMeans
10.592683,5.977997,0,KMeans
10.471613,5.059362,0,KMeans
12.182571,2.9606218,3,KMeans
9.363176,-0.35434073,3,KMeans
13.300387,12.684864,2,KMeans
12.196912,3.390989,0,KMeans
10.418948,9.614306,2,KMeans
9.423255,2.2008216,3,KMeans
9.651569,11.750439,2,KMeans
8.501814,7.2798476,0,KMeans
12.7876,11.486735,2,KMeans
11.751139,11.414481,2,KMeans
6.9846196,3.1572812,0,KMeans
9.224109,6.339761,0,KMeans
10.607915,10.272875,2,KMeans
10.327482,5.3348584,0,KMeans
7.4052496,7.9421983,0,KMeans
10.403004,6.3005147,0,KMeans
8.800116,1.7559961,3,KMeans
10.5955,7.2726655,0,KMeans
13.325909,12.209383,2,KMeans
8.281341,10.892855,2,KMeans
11.4387665,1.0729909,3,KMeans
12.588147,-0.25032866,3,KMeans
12.489483,1.2209182,3,KMeans
12.358821,12.321828,2,KMeans
7.740262,5.206231,0,KMeans
11.417183,13.006931,2,KMeans
11.408769,11.836498,2,KMeans
10.890045,6.187516,0,KMeans
9.256909,3.8650668,0,KMeans
10.5893,2.4910972,3,KMeans
10.183349,5.495084,0,KMeans
9.823112,3.7964656,0,KMeans
10.418612,0.90046406,3,KMeans
10.597654,6.924947,0,KMeans
8.323202,6.3936076,0,KMeans
6.1852155,2.842583,1,KMeans
12.351031,9.569966,2,KMeans
11.701679,4.391593,0,KMeans
12.303671,3.229424,3,KMeans
6.3692713,2.9081109,1,KMeans
11.826159,12.24494,2,KMeans
12.017018,1.3490678,3,KMeans
9.927307,10.915007,2,KMeans
13.135843,11.826288,2,KMeans
10.532534,0.6248096,3,KMeans
13.352119,12.7630625,2,KMeans
12.565666,11.741501,2,KMeans
10.868114,3.7600327,0,KMeans
13.221589,12.323276,2,KMeans
10.021416,9.2298565,0,KMeans
8.966344,8.784018,0,KMeans
10.362732,6.591013,0,KMeans
8.960211,11.889131,2,KMeans
10.006763,4.328104,0,KMeans
10.7520685,1.5116104,3,KMeans
9.811738,-0.42735162,3,KMeans
8.884065,8.211387,0,KMeans
9.434323,8.453269,0,KMeans
10.883919,4.7510357,0,KMeans
10.214802,10.905902,2,KMeans
10.409809,6.7545733,0,KMeans
8.989615,4.467691,0,KMeans
11.411773,9.301766,2,KMeans
7.269389,10.503585,2,KMeans
11.3737955,1.8846561,3,KMeans
11.272432,1.9996403,3,KMeans
9.960057,11.5672245,2,KMeans
12.496769,10.945777,2,KMeans
12.766754,12.160307,2,KMeans
7.949468,8.432007,0,KMeans
9.253977,-0.7432218,3,KMeans
8.861087,1.6762996,3,KMeans
8.709178,0.54142106,3,KMeans
10.564505,12.098266,2,KMeans
9.704547,1.1643492,3,KMeans
12.056796,-0.4060714,3,KMeans
11.386836,4.3907638,0,KMeans
7.5062695,8.259569,0,KMeans
8.655511,10.640996,2,KMeans
7.6864104,9.278244,0,KMeans
13.277905,14.059504,2,KMeans
7.5451126,2.7239974,3,KMeans
11.161642,11.920314,2,KMeans
10.427849,5.4931927,0,KMeans
10.225837,1.6248521,3,KMeans
11.436442,2.7186856,3,KMeans
12.043457,3.8859162,3,KMeans
13.477659,12.765135,2,KMeans
12.770679,7.8058367,2,KMeans
12.338526,2.1072254,2,KMeans
10.17997,3.3282762,3,KMeans
6.711617,2.8463595,3,KMeans
12.229548,2.9502702,3,KMeans
10.03568,10.597309,2,KMeans
8.977478,7.0739846,0,KMeans
11.180157,8.815805,2,KMeans
8.459333,7.3643584,0,KMeans
11.528408,12.1305275,2,KMeans
12.077609,1.7489773,3,KMeans
10.791934,5.4823933,0,KMeans
10.925123,5.9757147,0,KMeans
12.479362,1.0563815,3,KMeans
11.19449,9.739321,2,KMeans
11.922853,12.677434,2,KMeans
11.539091,12.403334,2,KMeans
10.465041,10.891321,2,KMeans
9.861429,-0.17822395,3,KMeans
12.042224,12.953402,2,KMeans
8.471412,9.979476,0,KMeans
12.799535,7.8421597,2,KMeans
9.494753,5.8659673,0,KMeans
8.9478445,-0.5221109,3,KMeans
8.177705,4.59009,0,KMeans
11.551214,4.419537,0,KMeans
8.143475,8.024612,0,KMeans
12.230749,1.787202,3,KMeans
7.5461144,9.715275,0,KMeans
10.20526,3.4614384,0,KMeans
10.245763,4.552715,0,KMeans
10.051417,9.3710785,2,KMeans
10.4077015,11.66852,2,KMeans
10.48684,0.38567948,3,KMeans
8.5810175,5.2943997,0,KMeans
10.775381,4.6193695,0,KMeans
9.156361,5.4894376,0,KMeans
12.276675,10.016144,2,KMeans
8.982926,7.7111454,0,KMeans
9.713801,11.018331,2,KMeans
8.059735,6.325837,0,KMeans
10.841462,10.829376,2,KMeans
8.539772,4.457684,0,KMeans
10.531652,6.078493,0,KMeans
10.293592,7.957168,0,KMeans
11.312056,2.7763715,3,KMeans
12.39564,12.1942,2,KMeans
11.75383,3.8324237,0,KMeans
13.325349,14.08425,2,KMeans
10.744556,4.2226305,0,KMeans
8.958625,10.914706,2,KMeans
9.261093,0.11987139,3,KMeans
8.575892,2.426054,3,KMeans
11.07007,5.106213,0,KMeans
10.19544,6.5329885,0,KMeans
11.462757,1.9323287,3,KMeans
8.713688,8.954357,0,KMeans
11.52658,9.977099,2,KMeans
10.761285,2.4506567,3,KMeans
11.373027,2.3937035,3,KMeans
12.392353,1.7579305,3,KMeans
9.067573,2.1792877,3,KMeans
11.739614,2.4901104,3,KMeans
11.9783125,3.262548,2,KMeans
9.406165,4.082026,3,KMeans
9.549522,7.1634445,0,KMeans
12.748266,7.72048,2,KMeans
10.61094,7.490631,0,KMeans
11.021499,11.196938,2,KMeans
11.739823,0.751558,3,KMeans
10.571586,-0.9470954,3,KMeans
10.332044,5.464229,0,KMeans
11.736823,7.2973175,0,KMeans
8.689644,1.8907802,3,KMeans
12.5332365,9.313836,2,KMeans
5.4543943,2.5930018,1,KMeans
11.191693,0.8835468,3,KMeans
11.175638,4.024229,0,KMeans
12.903213,13.831994,2,KMeans
11.855508,12.492589,2,KMeans
11.42047,2.754763,3,KMeans
8.380486,6.028328,0,KMeans
10.257239,1.5444684,3,KMeans
10.137754,1.0533645,3,KMeans
8.960152,2.9008336,3,KMeans
9.319943,2.3158898,3,KMeans
10.286312,12.31622,2,KMeans
10.166465,-0.8929808,3,KMeans
12.578673,10.466073,2,KMeans
10.10059,7.1421113,0,KMeans
11.185616,6.3525863,0,KMeans
5.9621005,2.769912,1,KMeans
10.29124,7.8781676,0,KMeans
9.7945385,1.9456096,3,KMeans
9.094784,10.222587,2,KMeans
10.391471,0.33308896,3,KMeans
11.272565,12.73741,2,KMeans
9.94811,1.0597665,3,KMeans
11.154486,9.33018,2,KMeans
10.970221,3.587831,2,KMeans
12.471413,1.4381578,3,KMeans
10.754775,4.645171,0,KMeans
10.051538,8.009712,0,KMeans
10.845558,0.24651414,3,KMeans
12.060593,1.6590039,3,KMeans
7.675184,10.888965,2,KMeans
10.737769,1.7032815,3,KMeans
8.233959,7.1622334,0,KMeans
9.708459,3.4855258,0,KMeans
10.322744,8.933115,0,KMeans
6.938657,10.069756,0,KMeans
8.131613,9.777228,2,KMeans
8.704111,5.230759,0,KMeans
9.125032,4.5767603,0,KMeans
9.300472,7.2112203,0,KMeans
11.907317,10.569719,2,KMeans
7.8158712,8.495556,0,KMeans
12.529214,9.749663,2,KMeans
12.963591,11.017229,2,KMeans
8.980474,1.9468453,3,KMeans
8.985152,3.064074,3,KMeans
10.477898,7.6210775,0,KMeans
9.385683,7.679356,0,KMeans
10.402469,7.4888473,0,KMeans
7.0701303,9.552869,0,KMeans
9.271204,10.717839,2,KMeans
11.931903,8.779151,2,KMeans
11.041248,-0.4592499,3,KMeans
8.832124,8.307645,0,KMeans
10.286598,6.264554,0,KMeans
11.39063,9.205851,2,KMeans
12.067833,12.49756,2,KMeans
11.818158,8.029625,0,KMeans
13.354692,13.4810705,2,KMeans
10.184872,-0.40076482,3,KMeans
9.710013,6.5889926,0,KMeans
13.601563,13.527656,2,KMeans
8.550527,2.64556,0,KMeans
11.784709,3.8713655,0,KMeans
9.992814,7.1149793,0,KMeans
8.565865,1.1129631,3,KMeans
11.065514,10.164787,2,KMeans
11.038279,8.08877,0,KMeans
11.684168,1.7760005,3,KMeans
9.977532,6.317183,0,KMeans
11.565109,10.730298,2,KMeans
9.309443,3.9160752,0,KMeans
10.34423,2.4468675,3,KMeans
9.614788,11.788377,2,KMeans
11.760644,1.5913072,3,KMeans
8.464516,3.471036,0,KMeans
9.699305,1.9551325,3,KMeans
11.002021,2.2205212,3,KMeans
10.195578,10.8211355,2,KMeans
11.175904,7.2275004,0,KMeans
8.112041,10.512001,2,KMeans
7.294685,3.2550993,0,KMeans
11.279846,11.768062,2,KMeans
12.0033045,10.495197,2,KMeans
9.332055,3.6531322,0,KMeans
9.573847,2.222743,3,KMeans
12.463261,11.933798,2,KMeans
9.587671,10.925594,2,KMeans
12.896327,0.45901683,2,KMeans
12.174307,2.2276876,3,KMeans
9.398415,10.290661,2,KMeans
6.240093,2.733378,1,KMeans
13.338319,14.000277,2,KMeans
10.738959,5.5350122,0,KMeans
9.49823,11.733947,2,KMeans
8.884819,10.708249,2,KMeans
8.760616,6.7070684,0,KMeans
10.8988,7.9655905,0,KMeans
12.3230095,12.352599,2,KMeans
8.164592,7.4276586,0,KMeans
12.351825,1.5383084,3,KMeans
13.559576,12.215905,2,KMeans
10.13323,12.314285,2,KMeans
9.855957,3.262716,3,KMeans
6.686326,9.671677,0,KMeans
10.786847,12.399249,2,KMeans
9.106044,9.574162,0,KMeans
8.144709,9.303694,0,KMeans
11.040155,7.5667505,0,KMeans
9.770936,5.6653647,0,KMeans
9.47837,4.205459,0,KMeans
8.699616,5.3905406,0,KMeans
8.992021,0.28038576,3,KMeans
10.292921,6.192646,0,KMeans
9.486571,6.038927,0,KMeans
10.28505,8.320809,0,KMeans
11.771779,3.3609862,0,KMeans
7.0528064,9.309291,0,KMeans
12.755147,10.253354,2,KMeans
9.803384,9.165774,0,KMeans
10.380762,9.756491,2,KMeans
12.206167,12.990323,2,KMeans
10.370539,11.384928,2,KMeans
10.939528,3.8272626,2,KMeans
8.81629,-0.9209375,3,KMeans
10.782158,5.631177,0,KMeans
9.792369,9.790431,2,KMeans
12.010971,9.253792,0,KMeans
6.1018977,2.5715015,3,KMeans
10.408496,8.64961,0,KMeans
10.063096,3.9030566,0,KMeans
9.957987,7.791772,0,KMeans
13.131244,14.013984,2,KMeans
12.219163,0.93899894,3,KMeans
9.2461605,5.824774,0,KMeans
11.303967,5.5448313,0,KMeans
12.80119,13.109944,2,KMeans
8.46937,5.399319,0,KMeans
11.033481,4.781035,0,KMeans
11.473094,8.386469,0,KMeans
9.400094,9.0725765,0,KMeans
10.359731,4.8120646,0,KMeans
10.216837,11.417609,2,KMeans
10.573155,2.9500437,3,KMeans
7.083988,2.7512043,3,KMeans
10.466113,11.541531,2,KMeans
10.168651,2.5759335,3,KMeans
7.075779,10.521216,2,KMeans
9.086308,3.2638214,0,KMeans
9.282364,7.8931284,0,KMeans
10.37376,10.606399,2,KMeans
10.565157,9.906994,2,KMeans
10.624291,0.42521188,3,KMeans
11.8554325,8.7485695,2,KMeans
10.476784,2.1113706,3,KMeans
7.69723,9.768036,0,KMeans
11.697604,11.945838,2,KMeans
9.822621,1.9948252,3,KMeans
7.97464,3.4054608,0,KMeans
6.9324327,2.7209172,3,KMeans
10.86881,6.203572,0,KMeans
11.257552,11.77275,2,KMeans
9.793819,11.659588,2,KMeans
9.020109,2.203977,3,KMeans
12.694218,11.344981,2,KMeans
8.865315,8.721447,0,KMeans
8.976511,3.3965635,0,KMeans
11.245163,4.079855,0,KMeans
11.856033,6.3289547,0,KMeans
11.66045,9.935611,2,KMeans
7.9067874,5.9903955,0,KMeans
9.684863,-0.30909723,3,KMeans
10.820344,5.105358,0,KMeans
11.973956,3.5749688,3,KMeans
8.702371,9.552532,0,KMeans
6.729325,9.341835,0,KMeans
10.214831,9.010875,0,KMeans
10.012979,8.874197,0,KMeans
10.018361,8.395687,0,KMeans
8.53865,4.0451407,0,KMeans
11.339976,0.93653196,3,KMeans
4.3197737,2.2890956,1,KMeans
10.989355,0.3200744,3,KMeans
9.823739,7.738907,0,KMeans
8.830621,9.890137,2,KMeans
7.521158,10.504672,2,KMeans
11.181688,10.154124,2,KMeans
7.0411253,10.083496,0,KMeans
8.492627,9.561187,0,KMeans
6.326791,2.8259952,1,KMeans
10.638015,9.535459,2,KMeans
8.953991,2.088335,3,KMeans
11.168335,1.5894367,3,KMeans
8.78612,11.76815,2,KMeans
9.283348,9.744423,0,KMeans
8.371384,11.408159,2,KMeans
8.455526,5.328,0,KMeans
9.990997,10.125122,2,KMeans
10.077409,11.322788,2,KMeans
10.347918,12.473228,2,KMeans
10.649706,0.6421596,3,KMeans
10.112008,8.019125,0,KMeans
7.870428,5.69327,0,KMeans
10.353994,5.6718717,0,KMeans
8.731548,6.0548973,0,KMeans
11.349557,7.790986,0,KMeans
9.705403,6.25299,0,KMeans
10.502973,0.4472536,3,KMeans
7.517797,3.0773828,0,KMeans
11.036672,-0.11609737,3,KMeans
12.516205,1.4015313,3,KMeans
11.855599,1.0345254,3,KMeans
10.441166,0.48761988,3,KMeans
11.471297,0.23012683,3,KMeans
12.8668165,10.947076,2,KMeans
10.936894,1.5191975,3,KMeans
9.9488735,1.104085,3,KMeans
10.737328,9.129659,0,KMeans
10.034154,8.81466,0,KMeans
12.118996,8.979702,2,KMeans
13.366612,12.810994,2,KMeans
9.873298,0.9819609,3,KMeans
8.654988,2.0071988,3,KMeans
5.97905,2.5987613,1,KMeans
11.281642,3.1129491,3,KMeans
11.921904,10.097095,2,KMeans
10.293531,5.819622,0,KMeans
12.026589,0.92299885,3,KMeans
10.252871,11.944979,2,KMeans
9.622927,7.3431783,0,KMeans
11.621711,1.015217,3,KMeans
13.499319,13.248353,2,KMeans
10.560583,5.8894205,0,KMeans
10.388335,6.7730103,0,KMeans
10.404457,4.3447704,0,KMeans
11.313817,11.322505,2,KMeans
10.495095,11.356104,2,KMeans
6.683858,2.7418296,3,KMeans
9.295678,9.890941,0,KMeans
8.66157,10.248826,2,KMeans
10.639108,1.6509606,3,KMeans
7.947548,9.83935,2,KMeans
7.556559,6.1517706,0,KMeans
10.411387,8.514974,0,KMeans
12.232666,9.191576,2,KMeans
11.608551,12.005088,2,KMeans
13.144014,13.874733,2,KMeans
12.9131775,13.778978,2,KMeans
8.626022,0.15727745,3,KMeans
10.781745,5.2568817,0,KMeans
13.604679,13.821142,2,KMeans
11.723026,9.356103,2,KMeans
7.6567283,9.579413,0,KMeans
7.2813907,9.251888,0,KMeans
10.775753,2.9845464,3,KMeans
10.30324,5.628198,0,KMeans
9.207212,5.0423326,0,KMeans
10.492356,8.796073,0,KMeans
8.5947,9.461079,0,KMeans
10.044629,6.210174,0,KMeans
8.786034,7.875311,0,KMeans
10.72525,1.6478634,3,KMeans
8.8967,4.91636,0,KMeans
6.721208,9.124138,0,KMeans
12.022504,2.3427484,3,KMeans
10.214941,10.4329,2,KMeans
6.99457,9.312022,0,KMeans
9.66672,3.3649876,0,KMeans
4.3132453,2.2844396,1,KMeans
5.738846,2.6459892,1,KMeans
8.349279,4.2836475,0,KMeans
11.686313,3.2662988,0,KMeans
8.717264,4.9310565,0,KMeans
11.584734,10.311849,2,KMeans
12.077033,6.933901,0,KMeans
12.410669,0.41603982,3,KMeans
12.773238,13.188841,2,KMeans
12.424989,9.939257,2,KMeans
10.995369,2.639961,3,KMeans
11.013427,10.884651,2,KMeans
12.17163,13.373705,2,KMeans
8.978994,0.89102316,3,KMeans
11.226481,11.017411,2,KMeans
10.91199,12.465569,2,KMeans
11.447651,9.290633,2,KMeans
10.194376,4.623243,0,KMeans
10.195615,5.969209,0,KMeans
10.0341835,9.63033,2,KMeans
10.030397,0.7249909,3,KMeans
9.300815,0.3869015,3,KMeans
9.056346,5.9882135,0,KMeans
9.638549,4.9166064,0,KMeans
8.613858,7.6243825,0,KMeans
11.728846,11.863254,2,KMeans
10.085963,-0.9208442,3,KMeans
10.589242,11.568633,2,KMeans
8.004971,5.9137516,0,KMeans
10.798776,4.7936134,0,KMeans
10.506178,7.390846,0,KMeans
9.076369,11.854419,2,KMeans
11.686837,10.758021,2,KMeans
8.672169,5.6999416,0,KMeans
11.76447,1.2642454,3,KMeans
8.654737,10.156954,2,KMeans
12.362572,0.9028595,3,KMeans
9.175245,11.654313,2,KMeans
10.367174,3.0285895,3,KMeans
11.535011,3.4551985,3,KMeans
11.268394,3.176691,3,KMeans
13.523531,12.199615,2,KMeans
9.215119,9.086473,0,KMeans
13.335776,13.496159,2,KMeans
9.560012,4.21195,0,KMeans
9.457393,8.299293,0,KMeans
7.6843224,9.898185,2,KMeans
11.665405,2.8262095,3,KMeans
10.716797,5.578705,0,KMeans
11.625391,10.151589,2,KMeans
9.689488,7.448574,0,KMeans
9.951041,5.6697655,0,KMeans
9.3758,5.8787546,0,KMeans
11.851837,0.7191604,3,KMeans
12.922884,13.7635355,2,KMeans
8.3570795,6.7220893,0,KMeans
6.7633486,9.540133,0,KMeans
8.064678,5.7678685,0,KMeans
8.731186,7.288395,0,KMeans
12.073844,3.3041434,0,KMeans
9.700134,11.349006,2,KMeans
11.027186,3.5135999,0,KMeans
11.138946,-0.051699933,3,KMeans
12.306695,13.706626,2,KMeans
10.808372,5.6124163,0,KMeans
11.233969,3.8912678,0,KMeans
12.261127,7.4674697,0,KMeans
11.731315,8.968444,2,KMeans
10.820827,8.002534,0,KMeans
12.412417,7.2078776,0,KMeans
8.938968,5.510426,0,KMeans
9.5317545,1.0717342,3,KMeans
6.522462,2.9223504,1,KMeans
9.785442,9.438222,0,KMeans
10.73714,9.449315,0,KMeans
11.347485,1.7129978,3,KMeans
10.191821,7.5780473,0,KMeans
12.949746,13.174219,2,KMeans
9.177284,5.42456,0,KMeans
9.936836,2.743604,3,KMeans
12.068317,1.481042,3,KMeans
11.248943,12.875357,2,KMeans
8.901622,3.524182,0,KMeans
10.53293,11.736766,2,KMeans
9.015485,1.9071267,3,KMeans
9.013225,0.2349673,3,KMeans
13.219897,13.7421255,2,KMeans
9.272117,6.308358,0,KMeans
9.647575,3.4335122,0,KMeans
7.2312145,8.119697,0,KMeans
9.866412,8.734765,0,KMeans
9.716127,5.7559314,0,KMeans
12.431732,11.87473,2,KMeans
10.5637045,7.419787,0,KMeans
12.276866,0.8330596,3,KMeans
9.376704,4.763499,0,KMeans
6.5817842,9.349796,0,KMeans
9.683434,7.4079533,0,KMeans
13.090767,11.0983095,2,KMeans
12.5345125,10.261868,2,KMeans
8.919957,-0.5519315,3,KMeans
10.12075,6.1147094,0,KMeans
8.948017,0.20103693,3,KMeans
10.553148,6.961637,0,KMeans
8.774057,9.415433,0,KMeans
12.044371,9.340822,2,KMeans
10.404245,6.261555,0,KMeans
12.03824,13.717561,2,KMeans
12.056276,9.555258,2,KMeans
11.581898,0.9959324,3,KMeans
9.089205,9.722194,0,KMeans
9.092355,2.232349,3,KMeans
8.692667,2.7027543,3,KMeans
9.688486,7.7555013,0,KMeans
10.867922,8.882102,0,KMeans
8.665038,0.3777542,3,KMeans
11.032174,1.548472,3,KMeans
4.689103,2.4148548,1,KMeans
10.289718,2.314357,3,KMeans
7.180621,9.951541,2,KMeans
7.6703253,10.991456,2,KMeans
8.384718,10.365764,0,KMeans
9.227086,2.883713,3,KMeans
11.852365,11.129459,2,KMeans
9.491657,5.0887594,0,KMeans
10.80708,7.6156645,0,KMeans
9.610691,3.2355115,0,KMeans
8.578826,4.3365145,0,KMeans
10.253688,0.5342497,3,KMeans
9.627459,3.2953084,0,KMeans
10.557845,7.2726703,0,KMeans
8.9575405,10.127673,2,KMeans
11.170952,2.7225277,3,KMeans
11.712693,3.5750349,3,KMeans
11.120018,2.1230137,3,KMeans
13.4306345,13.212569,2,KMeans
9.813508,9.199555,0,KMeans
10.09599,6.691218,0,KMeans
11.586846,9.467605,2,KMeans
8.434275,9.300726,0,KMeans
11.424643,2.3552504,3,KMeans
8.783051,-0.13307604,3,KMeans
7.2634263,8.891934,0,KMeans
12.454503,8.204062,2,KMeans
11.592806,-0.76098746,3,KMeans
10.623578,6.3179197,0,KMeans
11.170378,4.747693,0,KMeans
8.904999,2.2340991,3,KMeans
9.627481,9.179609,0,KMeans
10.536739,9.408897,2,KMeans
11.000788,-0.1409644,3,KMeans
9.228582,8.071183,0,KMeans
13.578054,12.059431,2,KMeans
10.984792,5.186535,0,KMeans
9.166231,3.606793,0,KMeans
9.367702,3.4414976,0,KMeans
11.320716,0.81186765,3,KMeans
9.370691,-0.35356998,3,KMeans
9.8405695,5.111977,0,KMeans
12.941138,13.720804,2,KMeans
9.404221,5.1450267,0,KMeans
8.596236,10.037782,2,KMeans
8.926979,8.085181,0,KMeans
10.289461,8.590107,0,KMeans
10.160059,10.832696,2,KMeans
10.026285,2.5917,3,KMeans
10.488381,8.150961,0,KMeans
9.232353,7.9698563,0,KMeans
12.412907,11.390147,2,KMeans
9.056379,7.7483497,0,KMeans
12.254289,13.229107,2,KMeans
11.696534,-0.49355987,3,KMeans
13.054667,11.03678,2,KMeans
11.683807,0.80526525,3,KMeans
10.472941,9.295425,0,KMeans
9.110403,-0.60610753,3,KMeans
11.098967,-0.8950883,3,KMeans
11.874932,0.3269928,3,KMeans
12.108653,7.3406835,0,KMeans
12.644126,8.690306,2,KMeans
5.417736,2.5154684,1,KMeans
10.370825,0.62706906,3,KMeans
13.306918,11.755999,2,KMeans
8.562488,10.000231,2,KMeans
8.513687,2.5534816,3,KMeans
8.818331,7.7245593,0,KMeans
12.555794,3.0725436,2,KMeans
8.399979,8.723325,0,KMeans
12.46523,9.374759,2,KMeans
12.0751095,1.7437917,3,KMeans
11.475036,8.825989,2,KMeans
9.452273,6.352962,0,KMeans
9.382406,10.975274,2,KMeans
8.608905,5.7709465,0,KMeans
9.366137,6.7471027,0,KMeans
10.867706,8.784268,0,KMeans
9.245401,6.588335,0,KMeans
8.90991,9.27165,0,KMeans
13.575647,12.063411,2,KMeans
8.993928,9.719656,0,KMeans
8.870673,0.079038754,3,KMeans
8.881679,9.993533,2,KMeans
10.804915,9.88196,2,KMeans
11.808279,9.87474,2,KMeans
13.132545,12.392007,2,KMeans
10.989054,4.9593782,0,KMeans
9.930011,2.144784,3,KMeans
10.517047,8.310665,0,KMeans
12.250611,9.056834,2,KMeans
8.4530115,10.280876,2,KMeans
12.232582,2.343381,2,KMeans
10.895841,1.7263825,3,KMeans
11.7914915,10.7802105,2,KMeans
11.192749,11.829807,2,KMeans
10.447089,10.722702,2,KMeans
8.609796,5.3394165,0,KMeans
9.978629,8.211026,0,KMeans
10.015399,8.701345,0,KMeans
9.56902,6.172927,0,KMeans
10.698933,9.871775,2,KMeans
12.121892,11.773294,2,KMeans
12.519017,10.456559,2,KMeans
11.724469,9.507352,2,KMeans
9.438163,3.961966,0,KMeans
12.61691,10.4639225,2,KMeans
6.4755597,9.774247,0,KMeans
8.605234,4.525206,0,KMeans
11.670659,3.1728234,3,KMeans
12.749858,10.409142,2,KMeans
12.412132,3.1808562,2,KMeans
10.400681,6.2223353,0,KMeans
9.56943,4.0854144,0,KMeans
7.3648252,8.14366,0,KMeans
9.940978,6.678975,0,KMeans
10.232156,7.791577,0,KMeans
10.087432,1.3743216,3,KMeans
9.153404,2.1148515,3,KMeans
9.458264,11.100482,2,KMeans
9.971403,12.328837,2,KMeans
10.608752,8.954003,0,KMeans
6.888875,10.095892,2,KMeans
8.981486,9.822916,0,KMeans
10.911265,11.677723,2,KMeans
8.735783,0.36088017,3,KMeans
10.520582,4.0937295,0,KMeans
9.971373,9.690274,2,KMeans
13.322412,13.445723,2,KMeans
6.7822647,9.365402,0,KMeans
11.025441,9.161964,2,KMeans
11.052923,2.776242,3,KMeans
8.514564,8.357135,0,KMeans
9.871644,2.694531,3,KMeans
10.236362,9.327028,0,KMeans
9.096829,1.9863214,3,KMeans
8.914959,2.4429374,3,KMeans
8.917335,6.6957393,0,KMeans
11.829457,13.150735,2,KMeans
9.871695,9.460524,0,KMeans
10.053076,7.241534,0,KMeans
12.675092,11.971156,2,KMeans
11.271483,11.57304,2,KMeans
10.540893,3.4502678,0,KMeans
11.348793,12.547787,2,KMeans
9.113138,7.801286,0,KMeans
11.915552,2.4821455,3,KMeans
11.243497,11.704373,2,KMeans
10.114496,3.141936,3,KMeans
10.892914,3.7146719,0,KMeans
10.674289,12.337826,2,KMeans
12.1994295,4.233162,2,KMeans
11.984831,1.0768664,3,KMeans
10.066227,11.3000345,2,KMeans
8.877089,10.100403,2,KMeans
8.649183,-0.7943933,3,KMeans
8.245105,5.031637,0,KMeans
12.432942,7.7523484,2,KMeans
9.336332,9.16413,0,KMeans
8.156387,6.611963,0,KMeans
7.8417277,9.049017,0,KMeans
10.257233,9.179374,0,KMeans
7.35754,9.933993,0,KMeans
12.482366,-0.03171089,3,KMeans
7.459937,9.164036,0,KMeans
8.878763,3.293478,0,KMeans
9.131908,0.8330141,3,KMeans
10.821191,8.235212,0,KMeans
7.052066,3.2425823,0,KMeans
12.625513,0.8223695,3,KMeans
11.057491,9.370778,2,KMeans
8.81535,2.5131843,3,KMeans
9.101606,3.535878,0,KMeans
6.7656994,8.908603,0,KMeans
10.411932,4.1050677,0,KMeans
10.792326,10.657972,2,KMeans
11.47401,7.269241,0,KMeans
10.873479,12.35423,2,KMeans
11.45103,-0.46263626,3,KMeans
10.007743,7.3088145,0,KMeans
7.796503,8.467952,0,KMeans
7.8024454,8.952503,0,KMeans
9.269181,6.609032,0,KMeans
7.6061816,9.294604,0,KMeans
9.954037,6.745704,0,KMeans
13.260858,11.478702,2,KMeans
9.122281,6.878642,0,KMeans
12.501508,2.0506854,3,KMeans
10.959992,6.0409913,0,KMeans
11.351187,7.243438,0,KMeans
11.372399,2.3063598,3,KMeans
10.412342,0.7015881,3,KMeans
12.418164,-0.20693833,3,KMeans
9.000042,0.1936771,3,KMeans
9.726556,6.4898844,0,KMeans
11.609154,4.0982413,0,KMeans
12.652905,13.788436,2,KMeans
10.403102,9.255562,0,KMeans
10.559998,2.5353637,3,KMeans
11.503047,11.974902,2,KMeans
4.9733605,2.4630415,1,KMeans
11.826188,12.785839,2,KMeans
10.801153,-0.7921834,3,KMeans
12.726147,12.340148,2,KMeans
9.054458,3.457339,0,KMeans
11.273496,7.4980373,0,KMeans
8.780129,5.07687,0,KMeans
9.816861,7.9085827,0,KMeans
10.639572,5.348288,0,KMeans
10.5816145,1.8419174,3,KMeans
10.4166765,8.7398205,0,KMeans
11.547791,8.501243,0,KMeans
10.406316,5.1130633,0,KMeans
9.369574,2.1560779,3,KMeans
9.946529,1.9045364,3,KMeans
10.40566,3.0728612,3,KMeans
9.579275,1.0956743,3,KMeans
9.025275,7.9959016,0,KMeans
11.0199,2.461006,3,KMeans
8.002295,9.37874,0,KMeans
9.966278,8.045217,0,KMeans
10.3864355,6.4494557,0,KMeans
10.503093,1.2218468,3,KMeans
12.043049,-0.36458936,3,KMeans
8.226463,11.279607,2,KMeans
10.933044,0.16226155,3,KMeans
11.23031,2.4067802,3,KMeans
9.656726,0.4741973,3,KMeans
8.172908,5.3618145,0,KMeans
11.052832,4.6745076,0,KMeans
9.824425,4.3850284,0,KMeans
9.370085,11.797658,2,KMeans
10.758557,10.5149145,2,KMeans
11.861303,4.473012,0,KMeans
11.661347,1.0324467,3,KMeans
12.929508,13.773906,2,KMeans
9.30021,4.822878,0,KMeans
10.9700775,3.1190763,3,KMeans
12.276474,-0.2621187,3,KMeans
10.627569,4.012203,0,KMeans
10.693355,12.398773,2,KMeans
9.801254,6.171144,0,KMeans
9.735472,1.0240057,3,KMeans
12.710583,12.50348,2,KMeans
9.058027,10.928798,2,KMeans
9.787418,3.7929826,0,KMeans
10.572842,8.016497,0,KMeans
13.280388,13.818589,2,KMeans
9.188245,2.7552981,3,KMeans
9.375698,9.753621,0,KMeans
8.642827,2.0781398,3,KMeans
9.978457,4.699382,0,KMeans
11.907702,2.757194,3,KMeans
7.33744,9.280845,0,KMeans
12.504368,10.970365,2,KMeans
10.706182,11.664238,2,KMeans
11.102128,1.5148294,3,KMeans
8.526824,8.136741,0,KMeans
7.8671203,7.648591,0,KMeans
7.4970655,9.644899,2,KMeans
7.5342145,6.32422,0,KMeans
9.416826,1.9823787,3,KMeans
11.740322,12.015489,2,KMeans
8.673403,4.3448853,0,KMeans
10.228637,1.4023217,3,KMeans
10.404584,1.6977115,3,KMeans
12.656663,11.307189,2,KMeans
11.456584,8.828129,0,KMeans
11.232855,11.887718,2,KMeans
10.797266,0.12038245,3,KMeans
8.632951,-0.031633556,3,KMeans
10.733867,6.058439,0,KMeans
10.443533,1.2814088,3,KMeans
10.24178,4.9145656,0,KMeans
11.038716,10.855081,2,KMeans
11.737277,1.3890984,3,KMeans
11.014067,0.014217625,3,KMeans
8.500312,3.8309476,0,KMeans
8.619393,2.084743,3,KMeans
11.079164,2.018514,3,KMeans
11.23435,2.1080313,3,KMeans
8.857948,5.4340243,0,KMeans
12.345624,13.270634,2,KMeans
12.898085,10.681083,2,KMeans
10.159365,10.192884,2,KMeans
10.61745,6.290568,0,KMeans
12.466698,0.082870126,3,KMeans
9.792833,4.3567543,0,KMeans
10.222788,4.3302298,0,KMeans
9.393066,1.778243,3,KMeans
9.077218,8.729107,0,KMeans
12.433937,2.9911704,2,KMeans
11.509676,2.7237117,3,KMeans
8.957646,2.8327365,3,KMeans
12.252928,10.794129,2,KMeans
9.414413,7.167181,0,KMeans
11.358298,0.37546268,3,KMeans
10.234705,11.765321,2,KMeans
12.443731,13.423516,2,KMeans
10.506221,10.219685,2,KMeans
9.7323265,4.2915597,0,KMeans
7.5936213,10.279747,0,KMeans
9.973384,9.49444,0,KMeans
11.570476,3.598314,0,KMeans
9.32981,9.330566,0,KMeans
11.62538,7.550536,0,KMeans
11.146649,12.776709,2,KMeans
12.024304,8.818668,2,KMeans
8.150115,9.384148,0,KMeans
8.596248,6.533626,0,KMeans
9.377315,5.326104,0,KMeans
10.691509,7.4854517,0,KMeans
9.1424675,4.8227468,0,KMeans
10.240198,7.89796,0,KMeans
10.642322,12.697357,2,KMeans
12.399686,9.273501,2,KMeans
9.3801565,9.6976385,0,KMeans
9.603482,3.334055,3,KMeans
10.090358,3.5650444,0,KMeans
10.438036,8.855488,0,KMeans
6.9182634,3.0134974,0,KMeans
10.818784,11.96653,2,KMeans
8.949245,10.48189,2,KMeans
9.100755,10.038583,2,KMeans
6.050988,2.8146894,1,KMeans
9.555426,9.640833,0,KMeans
13.0052395,12.891319,2,KMeans
11.631481,11.422019,2,KMeans
7.1625695,8.020474,0,KMeans
10.978671,7.098518,0,KMeans
8.982339,5.2145762,0,KMeans
12.367482,9.897194,2,KMeans
10.864562,1.6951238,3,KMeans
11.717531,0.6569267,3,KMeans
10.064953,8.775231,0,KMeans
10.048725,10.849504,2,KMeans
9.394534,8.5855055,0,KMeans
10.373289,3.8782656,0,KMeans
8.579314,11.472884,2,KMeans
10.412864,5.9665885,0,KMeans
11.010162,1.7585915,3,KMeans
10.62496,0.3744004,3,KMeans
11.789303,-0.89537084,3,KMeans
9.31235,11.97898,2,KMeans
9.961756,5.6419687,0,KMeans
12.156838,9.528167,2,KMeans
7.841487,5.729234,0,KMeans
9.390772,7.977023,0,KMeans
9.678868,-0.24785289,3,KMeans
10.461645,1.0842131,3,KMeans
8.858598,6.5617576,0,KMeans
8.314935,6.630874,0,KMeans
11.860076,9.783478,2,KMeans
10.532547,8.290267,0,KMeans
11.978838,9.721205,2,KMeans
8.505161,2.5915842,3,KMeans
13.494165,12.131045,2,KMeans
8.790662,0.30073115,3,KMeans
8.571059,4.325427,0,KMeans
12.596408,11.118661,2,KMeans
9.436389,6.382707,0,KMeans
12.325263,0.80849624,3,KMeans
10.493849,0.43651184,3,KMeans
8.590452,2.235152,3,KMeans
12.636557,13.750017,2,KMeans
9.291438,3.649413,0,KMeans
7.9999433,2.559361,0,KMeans
9.982405,5.864882,0,KMeans
10.962338,10.985241,2,KMeans
8.231852,11.353748,2,KMeans
13.715981,13.746961,2,KMeans
12.067281,-0.24087344,3,KMeans
12.883633,11.432864,2,KMeans
9.785603,3.2354944,3,KMeans
13.3388195,13.53598,2,KMeans
11.10991,12.734613,2,KMeans
6.5585985,9.485668,0,KMeans
11.372488,11.4257965,2,KMeans
8.978599,-0.5564919,3,KMeans
10.874328,8.152452,0,KMeans
12.168509,2.1058254,0,KMeans
11.123508,3.1401582,3,KMeans
8.725442,6.740444,0,KMeans
12.878014,13.049624,2,KMeans
12.592488,2.812952,2,KMeans
10.820168,2.4369404,3,KMeans
10.99992,9.059456,0,KMeans
10.132695,6.9048295,0,KMeans
12.089278,8.05996,0,KMeans
12.928788,13.1976595,2,KMeans
8.611985,10.292098,0,KMeans
11.827924,-0.64768404,3,KMeans
12.58534,10.732504,2,KMeans
12.33865,12.187209,2,KMeans
10.117621,4.854681,0,KMeans
10.7854595,5.987725,0,KMeans
11.806659,-0.49274936,3,KMeans
12.655681,11.008532,2,KMeans
12.361406,10.349722,2,KMeans
12.767848,0.022347594,3,KMeans
8.247134,6.6042514,0,KMeans
7.537332,8.873782,0,KMeans
10.691233,5.397261,0,KMeans
9.950737,0.7365985,3,KMeans
9.343506,2.7797668,3,KMeans
12.572545,12.967692,2,KMeans
11.357506,-0.24518466,3,KMeans
10.474575,-0.6103184,3,KMeans
7.8956733,6.8195996,0,KMeans
11.739673,-0.119040556,3,KMeans
12.038091,6.791709,0,KMeans
11.0660715,8.205575,0,KMeans
11.456158,9.407086,2,KMeans
9.146093,0.9767282,3,KMeans
8.968833,3.599032,0,KMeans
10.417368,10.600775,2,KMeans
11.855198,10.257613,2,KMeans
9.191767,2.3597925,3,KMeans
12.4648695,-0.8277418,3,KMeans
8.974666,-0.81042796,3,KMeans
10.793965,12.246301,2,KMeans
12.779447,13.888256,2,KMeans
8.045464,11.188456,2,KMeans
8.606498,9.959102,2,KMeans
10.716388,9.8167,2,KMeans
6.786295,9.801676,0,KMeans
12.279175,3.5332289,3,KMeans
9.792086,7.9227185,0,KMeans
10.22175,5.0898347,0,KMeans
8.525781,10.286409,2,KMeans
12.442181,10.646793,2,KMeans
13.029638,10.520563,2,KMeans
8.755355,0.29807562,3,KMeans
9.426522,3.0986965,0,KMeans
9.4722395,4.9692583,0,KMeans
9.711239,5.7283287,0,KMeans
10.70745,8.930163,0,KMeans
12.124862,13.414933,2,KMeans
8.784626,9.00543,0,KMeans
11.419901,1.4912864,3,KMeans
12.66529,2.8946168,2,KMeans
9.181487,4.1899347,0,KMeans
12.204601,-0.120653726,3,KMeans
10.512653,5.954076,0,KMeans
4.9628663,2.4846098,1,KMeans
9.282935,-0.6070857,3,KMeans
12.001159,13.119571,2,KMeans
11.290659,1.8280101,3,KMeans
8.276291,9.444021,0,KMeans
10.653054,-0.36057216,3,KMeans
10.618067,11.608781,2,KMeans
9.415702,4.142235,0,KMeans
11.774062,8.784062,0,KMeans
11.5463295,9.816742,2,KMeans
12.499367,7.9921846,2,KMeans
12.224066,13.477337,2,KMeans
10.27782,0.19784717,3,KMeans
7.3538604,3.0775666,0,KMeans
11.030881,3.4233928,0,KMeans
9.782584,7.2284594,0,KMeans
11.753634,2.5545433,3,KMeans
11.830471,7.264739,0,KMeans
8.950074,11.834866,2,KMeans
10.0146055,9.077608,0,KMeans
12.052804,9.809557,2,KMeans
11.24718,3.3475602,2,KMeans
12.850156,13.444687,2,KMeans
9.355347,10.395153,2,KMeans
11.540774,-0.35884875,3,KMeans
10.585179,5.35182,0,KMeans
10.158396,0.40892786,3,KMeans
11.394265,10.573101,2,KMeans
12.166894,13.330089,2,KMeans
12.50186,12.10663,2,KMeans
9.610167,9.072529,0,KMeans
12.747416,13.423803,2,KMeans
12.289219,0.48166752,3,KMeans
10.5192995,8.385669,0,KMeans
10.6791935,8.67798,0,KMeans
10.105609,11.127887,2,KMeans
11.949675,-0.6051906,3,KMeans
7.704498,11.197299,2,KMeans
11.411095,3.278303,3,KMeans
12.132323,1.2793539,3,KMeans
11.459058,2.1831045,3,KMeans
11.389094,10.980605,2,KMeans
10.027419,9.840478,2,KMeans
9.462888,2.3415706,3,KMeans
11.970241,2.7296226,3,KMeans
9.359213,8.650605,0,KMeans
10.013718,4.60054,0,KMeans
10.572535,9.47879,2,KMeans
10.7555485,5.535685,0,KMeans
11.612818,-0.06913135,3,KMeans
8.7543,5.8265963,0,KMeans
9.914063,2.7624178,3,KMeans
9.231831,7.597177,0,KMeans
9.090305,0.17212135,3,KMeans
9.929859,7.903809,0,KMeans
10.841254,6.070492,0,KMeans
9.552364,9.877134,2,KMeans
11.430924,10.86758,2,KMeans
11.222776,1.2056844,3,KMeans
10.412196,9.916069,2,KMeans
10.475925,0.9184372,3,KMeans
8.954239,10.967589,2,KMeans
10.629992,2.3230217,3,KMeans
12.179521,11.155105,2,KMeans
7.7283397,11.013867,2,KMeans
8.46164,4.7900357,0,KMeans
8.611614,8.992988,0,KMeans
9.712425,9.285721,0,KMeans
10.02608,1.6943657,3,KMeans
12.521755,1.7329443,3,KMeans
10.157206,2.3406098,3,KMeans
9.183039,4.9420195,0,KMeans
7.9638367,10.997244,2,KMeans
9.441056,11.051063,2,KMeans
10.861502,5.587762,0,KMeans
10.139169,12.596171,2,KMeans
9.201822,-0.5851077,3,KMeans
11.47313,2.2380085,3,KMeans
11.359591,7.3379507,0,KMeans
10.760496,5.443547,0,KMeans
9.80634,2.4604702,3,KMeans
9.100985,8.280811,0,KMeans
8.021169,6.093205,0,KMeans
13.810337,13.651577,2,KMeans
8.882197,1.2244881,3,KMeans
5.8238354,2.496124,1,KMeans
10.419101,6.9585786,0,KMeans
11.038279,7.497577,0,KMeans
9.0934105,6.7999706,0,KMeans
10.835346,0.23962396,3,KMeans
6.5598297,3.008185,0,KMeans
7.986068,3.3402538,0,KMeans
11.265498,2.3287752,3,KMeans
11.9369955,3.50964,0,KMeans
7.232311,9.596478,0,KMeans
9.881801,0.5334046,3,KMeans
10.287859,10.554327,2,KMeans
11.613569,4.0586987,0,KMeans
10.555718,3.105941,3,KMeans
11.0723915,2.8767164,3,KMeans
8.865921,3.678325,0,KMeans
9.24664,6.654569,0,KMeans
8.538095,2.43495,3,KMeans
9.004743,7.266899,0,KMeans
7.651973,6.1378546,0,KMeans
11.633386,0.6075941,3,KMeans
11.704156,1.5247567,3,KMeans
12.580151,10.812192,2,KMeans
10.223053,5.426861,0,KMeans
8.568893,1.983852,3,KMeans
9.512147,6.799497,0,KMeans
8.990235,10.379621,2,KMeans
12.56557,12.790055,2,KMeans
9.11257,0.9953582,3,KMeans
10.93004,2.7939172,3,KMeans
10.863034,5.8407097,0,KMeans
9.06921,8.299331,0,KMeans
13.204487,10.291673,2,KMeans
9.786891,9.356362,0,KMeans
12.871933,13.425462,2,KMeans
11.267642,2.5489018,3,KMeans
12.120638,8.223685,2,KMeans
7.844274,8.454089,0,KMeans
7.3626876,8.141089,0,KMeans
9.791554,3.5494194,0,KMeans
8.766687,8.328605,0,KMeans
8.512012,-0.43063635,3,KMeans
12.268253,0.98454654,3,KMeans
9.916031,6.284805,0,KMeans
10.275746,0.5842232,3,KMeans
13.040372,12.803965,2,KMeans
12.333355,12.185438,2,KMeans
8.68572,0.3497923,3,KMeans
9.633497,6.702057,0,KMeans
10.32589,8.9879265,0,KMeans
8.107904,9.921022,0,KMeans
11.743171,11.840381,2,KMeans
7.4900265,10.967819,2,KMeans
13.283364,11.80196,2,KMeans
11.03036,2.1874254,3,KMeans
11.11671,1.5504074,3,KMeans
9.270667,7.9608707,0,KMeans
9.852101,7.7144837,0,KMeans
11.520973,3.5317647,3,KMeans
9.13571,7.1956954,0,KMeans
9.837054,7.5249114,0,KMeans
8.478324,10.935502,2,KMeans
9.884882,3.7742145,0,KMeans
10.889877,1.5443348,3,KMeans
7.8640294,7.340193,0,KMeans
10.874657,1.8332083,3,KMeans
12.778853,10.0931225,2,KMeans
10.131956,6.4549465,0,KMeans
13.029367,11.138623,2,KMeans
10.502942,0.023031587,3,KMeans
12.103612,1.7259477,3,KMeans
10.719215,-0.28689706,3,KMeans
10.870197,2.0636158,3,KMeans
8.627468,1.4852426,3,KMeans
12.664439,10.922536,2,KMeans
9.96312,1.8638774,3,KMeans
7.0462093,9.9110155,2,KMeans
12.049823,12.789754,2,KMeans
6.870578,9.636432,0,KMeans
7.660949,10.758769,2,KMeans
7.1859145,10.566003,2,KMeans
8.99577,0.86854655,3,KMeans
12.949643,12.053417,2,KMeans
9.634814,7.9120417,0,KMeans
9.709194,3.8493893,0,KMeans
8.602423,-0.5559996,3,KMeans
10.966964,9.602621,2,KMeans
12.63208,2.980673,2,KMeans
8.991388,1.1818118,3,KMeans
10.973667,8.984489,2,KMeans
12.120529,7.000897,0,KMeans
12.067399,3.0973086,3,KMeans
9.708228,2.398075,3,KMeans
13.080276,14.026759,2,KMeans
8.935303,9.365581,0,KMeans
11.450926,12.218047,2,KMeans
10.249769,7.7813263,0,KMeans
11.228536,12.013568,2,KMeans
8.743557,-0.04350328,3,KMeans
11.075727,4.236563,0,KMeans
10.193454,0.7600273,3,KMeans
7.650704,10.461289,0,KMeans
9.404964,-0.0009404672,3,KMeans
9.062449,2.8551397,0,KMeans
8.236716,9.87328,2,KMeans
11.402022,0.34419343,3,KMeans
9.324485,9.072081,0,KMeans
12.290119,13.296408,2,KMeans
12.636699,12.699577,2,KMeans
9.028621,9.289455,0,KMeans
13.093815,13.925992,2,KMeans
12.989896,13.944047,2,KMeans
10.123102,6.616442,0,KMeans
11.879433,3.564319,0,KMeans
8.880211,8.400797,0,KMeans
9.057842,-0.77756274,3,KMeans
10.960255,9.264431,2,KMeans
8.412593,0.03035602,3,KMeans
10.230282,11.936843,2,KMeans
13.298979,11.239968,2,KMeans
10.0292635,2.588478,3,KMeans
12.50063,0.2217721,3,KMeans
12.814095,1.2512989,2,KMeans
11.875729,2.8760061,3,KMeans
10.349273,6.2392306,0,KMeans
10.074393,9.686468,0,KMeans
10.237706,12.32292,2,KMeans
9.413683,10.468672,2,KMeans
11.846861,13.584902,2,KMeans
10.849039,7.1388006,0,KMeans
10.95009,1.9219022,3,KMeans
11.300876,7.7145686,0,KMeans
12.221633,3.402054,2,KMeans
11.576721,7.2623415,0,KMeans
8.110052,6.3490534,0,KMeans
11.737934,12.278904,2,KMeans
6.6492743,2.906099,0,KMeans
13.11071,11.531033,2,KMeans
10.599141,6.338218,0,KMeans
11.144127,6.5298195,0,KMeans
11.965076,11.456511,2,KMeans
11.550784,4.8631315,0,KMeans
8.131736,7.112248,0,KMeans
8.76198,6.832419,0,KMeans
9.001725,8.109877,0,KMeans
7.9297247,7.265181,0,KMeans
11.07731,2.841471,3,KMeans
9.962792,9.071916,0,KMeans
10.613265,3.3628495,0,KMeans
9.442153,0.66586024,3,KMeans
10.676232,12.052512,2,KMeans
12.330095,13.50415,2,KMeans
12.12506,12.436585,2,KMeans
8.774033,6.976727,0,KMeans
13.071507,11.570181,2,KMeans
10.786573,5.120848,0,KMeans
9.210144,6.374367,0,KMeans
12.06091,13.626276,2,KMeans
11.33241,4.942383,0,KMeans
9.172366,6.9673696,0,KMeans
12.018473,8.888235,2,KMeans
9.653667,6.5042295,0,KMeans
10.86398,2.092452,3,KMeans
9.794533,1.2545764,3,KMeans
11.530418,8.28911,0,KMeans
10.615439,11.6966505,2,KMeans
9.464331,2.063939,3,KMeans
10.697563,8.666931,0,KMeans
10.196372,1.2688272,3,KMeans
10.878425,8.729294,0,KMeans
11.083731,5.2759466,0,KMeans
11.060098,4.0855803,0,KMeans
12.209644,7.9290338,2,KMeans
12.606272,13.856298,2,KMeans
13.111008,10.504838,2,KMeans
9.53241,7.4930196,0,KMeans
11.360683,-0.39539367,3,KMeans
12.771928,11.044918,2,KMeans
11.0293255,12.358858,2,KMeans
7.88302,4.7418823,0,KMeans
7.187981,9.764273,2,KMeans
7.773866,10.300947,2,KMeans
11.781826,11.518187,2,KMeans
10.940943,3.4392145,0,KMeans
11.913113,10.38817,2,KMeans
11.7576275,11.359131,2,KMeans
7.570932,6.156684,0,KMeans
11.670395,12.6332245,2,KMeans
11.627951,6.0858603,0,KMeans
11.271959,12.017311,2,KMeans
8.509757,6.334853,0,KMeans
10.767831,0.69058615,3,KMeans
11.649662,-0.2163639,3,KMeans
8.802296,5.8383565,0,KMeans
9.029108,9.781893,2,KMeans
10.6653805,11.277252,2,KMeans
10.283808,9.406167,0,KMeans
11.989461,2.9425848,3,KMeans
10.326948,3.6909328,0,KMeans
9.314608,2.7466297,3,KMeans
12.785551,-0.2254102,2,KMeans
12.614927,2.5246668,3,KMeans
11.272592,11.021421,2,KMeans
8.387113,7.271641,0,KMeans
10.984869,10.529927,2,KMeans
13.14134,10.959792,2,KMeans
8.927068,10.941091,2,KMeans
10.956931,3.2126524,3,KMeans
8.299167,11.359853,2,KMeans
9.536244,7.104778,0,KMeans
11.587137,9.542827,2,KMeans
9.737105,-0.33541083,3,KMeans
8.222715,11.205281,2,KMeans
11.806809,-0.1720509,3,KMeans
10.461196,3.0328317,3,KMeans
12.91747,0.5428752,2,KMeans
12.263803,9.955034,2,KMeans
11.931061,9.455411,2,KMeans
11.680339,6.2315774,0,KMeans
7.853386,10.073401,2,KMeans
9.876474,3.701782,0,KMeans
12.116196,-0.19273622,3,KMeans
10.437039,0.1472674,3,KMeans
11.930812,3.3811738,3,KMeans
11.249878,12.841009,2,KMeans
10.7453375,0.06752255,3,KMeans
10.592295,10.266755,2,KMeans
10.214005,11.489747,2,KMeans
9.838525,11.0027,2,KMeans
10.044963,5.2874465,0,KMeans
10.233016,5.433571,0,KMeans
10.18942,2.0033224,3,KMeans
12.43231,9.947151,2,KMeans
8.843048,9.07891,0,KMeans
9.863411,7.914133,0,KMeans
11.711255,-0.64220595,3,KMeans
12.541885,3.1709247,2,KMeans
9.317461,8.8676405,0,KMeans
11.98814,-0.26207367,3,KMeans
8.955463,1.0218922,3,KMeans
10.33025,3.5957453,0,KMeans
10.366777,8.663618,0,KMeans
11.25855,11.117991,2,KMeans
9.6733465,9.359713,0,KMeans
12.426189,7.3407173,0,KMeans
9.783205,4.2289596,0,KMeans
10.521143,1.7216349,3,KMeans
9.99552,7.414551,0,KMeans
7.9764276,9.892375,0,KMeans
10.658489,1.1463454,3,KMeans
11.681138,9.329216,2,KMeans
9.798405,4.1315765,0,KMeans
13.573596,11.995213,2,KMeans
7.37295,3.302107,0,KMeans
9.11247,4.7402277,0,KMeans
7.2990837,10.431552,2,KMeans
12.624442,7.58452,0,KMeans
7.9322786,7.9897914,0,KMeans
9.930969,7.483002,0,KMeans
11.6850815,-0.53308094,3,KMeans
8.988229,11.9357605,2,KMeans
11.932792,3.8486333,0,KMeans
7.647301,9.589517,0,KMeans
8.584706,5.2624483,0,KMeans
9.616937,9.923598,0,KMeans
10.799876,6.8936734,0,KMeans
12.442748,7.388976,0,KMeans
12.113309,2.3032808,3,KMeans
11.519435,10.087487,2,KMeans
8.597432,-0.09295385,3,KMeans
9.239993,6.8521023,0,KMeans
10.257856,11.730548,2,KMeans
8.820883,2.3368201,3,KMeans
9.808496,-0.38741028,3,KMeans
13.266982,12.876665,2,KMeans
10.316737,7.8733153,0,KMeans
10.053,6.377176,0,KMeans
5.181299,2.5593026,1,KMeans
7.4688816,7.9879446,0,KMeans
9.561774,8.032094,0,KMeans
13.366459,10.777753,2,KMeans
10.5464325,10.09566,2,KMeans
12.13637,12.237319,2,KMeans
8.156998,5.413608,0,KMeans
7.028605,10.02509,0,KMeans
13.027097,12.631349,2,KMeans
10.053391,10.518418,2,KMeans
9.664827,0.23160136,3,KMeans
11.090746,1.8675879,3,KMeans
12.519976,7.9668894,2,KMeans
10.196765,10.312909,2,KMeans
11.238477,-0.83996737,3,KMeans
11.902741,2.9675019,3,KMeans
9.219998,-0.5231781,3,KMeans
9.286967,2.5600958,3,KMeans
10.5934725,4.4300566,0,KMeans
12.575797,-0.30719778,3,KMeans
8.547256,4.749117,0,KMeans
10.224193,3.564575,0,KMeans
11.313539,11.369097,2,KMeans
8.228683,7.2701354,0,KMeans
9.449278,2.6891663,3,KMeans
12.7792845,13.536705,2,KMeans
11.66928,1.3610172,3,KMeans
10.129649,3.8767486,0,KMeans
8.247637,11.161678,2,KMeans
12.8696785,0.9085657,2,KMeans
8.461542,9.439018,0,KMeans
10.928222,10.75675,2,KMeans
11.948616,4.511684,0,KMeans
10.554606,4.6549873,0,KMeans
12.903238,0.33993316,2,KMeans
8.917434,0.1305477,3,KMeans
8.714668,8.223947,0,KMeans
10.640824,7.097716,0,KMeans
10.985942,5.407301,0,KMeans
10.874069,7.922636,0,KMeans
10.037994,6.7340393,0,KMeans
13.03062,12.704973,2,KMeans
4.2843623,2.2586765,1,KMeans
10.001855,10.718884,2,KMeans
9.622023,0.21588929,3,KMeans
10.852982,-0.010215231,3,KMeans
12.408098,0.56707233,3,KMeans
12.838494,13.699809,2,KMeans
13.243413,10.287975,2,KMeans
10.682845,9.327313,0,KMeans
8.829605,5.931787,0,KMeans
8.723,8.964506,0,KMeans
10.55736,-0.5106917,3,KMeans
13.161583,11.439179,2,KMeans
10.537256,-0.38139772,3,KMeans
11.072811,2.030343,3,KMeans
9.415058,4.0781403,0,KMeans
10.996542,2.835451,3,KMeans
12.904051,10.39935,2,KMeans
8.634596,-0.26892197,3,KMeans
11.903125,2.0982873,0,KMeans
10.661252,1.5891619,3,KMeans
9.682365,-0.45794392,3,KMeans
6.203883,2.8045642,1,KMeans
9.979612,7.53662,0,KMeans
10.278128,2.9181814,3,KMeans
9.30898,-0.48262075,3,KMeans
8.608004,8.027475,0,KMeans
11.691005,12.7935505,2,KMeans
11.427178,8.226617,0,KMeans
8.51633,10.124331,2,KMeans
8.795188,8.243915,0,KMeans
10.723247,5.606242,0,KMeans
9.513754,9.813267,0,KMeans
7.8322606,6.079586,0,KMeans
8.455616,2.0253837,3,KMeans
8.486092,3.917777,0,KMeans
6.925041,3.3128896,0,KMeans
9.237868,8.057037,0,KMeans
12.409323,7.441423,0,KMeans
12.353865,0.30142406,3,KMeans
4.465395,2.3511763,1,KMeans
11.982786,12.79339,2,KMeans
10.42482,6.5036473,0,KMeans
12.005745,2.3149607,3,KMeans
9.993035,11.860669,2,KMeans
9.4882555,9.026646,0,KMeans
9.63713,4.335477,0,KMeans
8.100538,7.8484216,0,KMeans
9.279876,4.9548826,0,KMeans
8.503476,9.792001,2,KMeans
10.114704,7.927202,0,KMeans
7.4773583,9.240732,0,KMeans
9.196219,-0.67008007,3,KMeans
9.432084,6.604297,0,KMeans
9.167247,5.228379,0,KMeans
8.871853,-0.5621692,3,KMeans
12.591388,11.005023,2,KMeans
10.14902,2.6139317,3,KMeans
11.860359,10.137188,2,KMeans
12.431645,10.671403,2,KMeans
12.887014,12.882202,2,KMeans
10.59095,6.3300166,0,KMeans
7.7579966,11.324716,2,KMeans
9.783052,6.339386,0,KMeans
11.210825,1.5981114,3,KMeans
11.420217,9.325163,2,KMeans
7.9777884,9.282388,0,KMeans
9.724701,5.8117886,0,KMeans
12.554342,1.0027593,3,KMeans
7.348024,9.948884,0,KMeans
9.722417,5.183136,0,KMeans
11.532619,12.692255,2,KMeans
8.81796,11.912221,2,KMeans
10.016096,7.6625366,0,KMeans
11.489595,12.446215,2,KMeans
9.305589,1.0853461,3,KMeans
11.454365,12.180949,2,KMeans
8.586949,6.8161697,0,KMeans
11.252416,12.443025,2,KMeans
6.472923,9.808795,0,KMeans
11.091206,12.479348,2,KMeans
12.539373,13.338745,2,KMeans
8.977038,9.9188795,2,KMeans
11.7283,-0.75188303,3,KMeans
7.754764,9.58267,0,KMeans
12.33451,8.516058,2,KMeans
10.373662,0.55271053,3,KMeans
10.539773,5.546491,0,KMeans
8.453484,7.867118,0,KMeans
11.516984,12.831282,2,KMeans
12.592813,13.282088,2,KMeans
9.591016,9.005501,0,KMeans
9.698247,7.2181516,0,KMeans
10.728659,11.095863,2,KMeans
6.3121595,2.8066628,1,KMeans
13.315506,14.061882,2,KMeans
8.604641,4.400821,0,KMeans
9.147771,9.831909,0,KMeans
11.9225,-0.07841394,3,KMeans
10.421139,3.2487192,3,KMeans
11.238424,2.3642266,3,KMeans
12.012541,9.023652,2,KMeans
12.692998,11.479434,2,KMeans
11.083851,2.2800148,3,KMeans
11.134524,7.918696,0,KMeans
12.992722,9.61728,2,KMeans
11.060895,12.010131,2,KMeans
9.318951,9.096349,0,KMeans
10.588214,8.977349,0,KMeans
10.92215,5.7610064,0,KMeans
12.507326,1.9680539,3,KMeans
12.878608,0.42598084,2,KMeans
8.700513,8.544444,0,KMeans
8.049886,10.523319,2,KMeans
7.2051167,9.649955,0,KMeans
9.87108,5.371117,0,KMeans
8.499767,4.7007184,0,KMeans
7.7752266,9.651983,2,KMeans
7.7283573,10.224077,2,KMeans
10.575565,0.22894077,3,KMeans
11.4290495,-0.20882839,3,KMeans
12.374403,1.5867422,3,KMeans
10.664981,6.3592443,0,KMeans
7.0740805,2.9749792,0,KMeans
11.107331,11.423151,2,KMeans
12.704105,0.021621494,3,KMeans
12.966079,1.051045,2,KMeans
12.504151,2.2157488,3,KMeans
8.919312,1.2504749,3,KMeans
12.511352,11.772405,2,KMeans
11.794407,12.3001175,2,KMeans
11.270807,9.544709,2,KMeans
12.704772,7.82794,2,KMeans
12.531966,3.1459954,2,KMeans
9.630667,6.9013314,0,KMeans
10.699319,2.8531566,3,KMeans
8.2906885,7.3884478,0,KMeans
7.1979027,9.177574,0,KMeans
11.557816,9.79816,2,KMeans
11.547158,13.1743765,2,KMeans
10.657619,5.8441415,0,KMeans
11.080334,4.203913,0,KMeans
11.274369,1.83841,3,KMeans
8.767625,10.162365,2,KMeans
11.446662,11.477993,2,KMeans
9.632223,0.5859508,3,KMeans
8.528314,2.8044045,0,KMeans
10.998872,8.309431,0,KMeans
6.483576,9.472114,0,KMeans
9.317126,7.8443217,0,KMeans
11.243538,11.355538,2,KMeans
9.19499,5.291918,0,KMeans
10.53446,11.421464,2,KMeans
10.3037405,2.0968459,3,KMeans
10.174829,9.5415,2,KMeans
10.953886,11.314828,2,KMeans
11.933551,3.0819304,3,KMeans
8.68655,0.054816432,3,KMeans
12.453691,1.5308094,3,KMeans
12.8283205,9.788555,2,KMeans
9.917144,6.7922053,0,KMeans
10.364018,3.5472867,0,KMeans
12.244473,11.725123,2,KMeans
11.239885,6.4804707,0,KMeans
10.119276,10.0076275,2,KMeans
12.117595,4.1445217,0,KMeans
11.250399,2.6739192,3,KMeans
9.731088,11.447049,2,KMeans
11.271142,7.172689,0,KMeans
11.349051,10.551101,2,KMeans
12.765057,13.100445,2,KMeans
11.16268,4.5482287,0,KMeans
11.222958,2.8600144,3,KMeans
9.984406,4.7821355,0,KMeans
10.820246,4.242597,0,KMeans
10.920705,-0.2755695,3,KMeans
9.751594,4.996146,0,KMeans
10.098691,8.082188,0,KMeans
9.105799,6.95214,0,KMeans
12.610828,-0.521287,3,KMeans
11.154308,8.180596,0,KMeans
9.666544,4.5386124,0,KMeans
10.264354,9.72512,2,KMeans
10.38486,5.051893,0,KMeans
7.1427546,8.02374,0,KMeans
9.4507065,6.361744,0,KMeans
8.49359,7.596144,0,KMeans
4.9224753,2.463796,1,KMeans
9.134755,5.747466,0,KMeans
11.589299,10.84036,2,KMeans
9.450495,10.937014,2,KMeans
10.810195,1.3328888,3,KMeans
9.080966,0.40496033,3,KMeans
8.62294,11.71656,2,KMeans
9.525333,0.67866784,3,KMeans
9.609385,8.578332,0,KMeans
12.1791935,13.607426,2,KMeans
8.246387,10.850765,2,KMeans
12.357066,3.1435227,2,KMeans
9.805993,9.142829,0,KMeans
8.168455,6.023968,0,KMeans
9.299284,7.662838,0,KMeans
11.674039,9.680087,2,KMeans
9.831151,3.525573,3,KMeans
11.732094,3.511684,3,KMeans
8.178612,8.876653,0,KMeans
13.243894,13.9646635,2,KMeans
7.9565597,6.2214775,0,KMeans
11.390217,0.12507391,3,KMeans
9.146603,10.151124,2,KMeans
9.372483,6.732469,0,KMeans
12.634052,7.549908,2,KMeans
7.7412887,9.603686,2,KMeans
12.391503,13.542695,2,KMeans
9.652563,4.201207,0,KMeans
9.999829,10.285065,2,KMeans
11.84776,10.645124,2,KMeans
9.475744,6.7728066,0,KMeans
9.010608,9.380424,0,KMeans
10.76043,6.301561,0,KMeans
11.171338,8.559826,0,KMeans
8.685404,2.3505828,3,KMeans
9.995056,0.4256281,3,KMeans
10.285701,6.7087193,0,KMeans
8.140221,9.273112,0,KMeans
9.714044,-0.80380934,3,KMeans
8.586572,6.542116,0,KMeans
9.510697,5.6145916,0,KMeans
11.316884,4.91991,0,KMeans
9.817481,6.0756702,0,KMeans
13.39564,12.171943,2,KMeans
10.129706,5.2794366,0,KMeans
10.208285,6.613847,0,KMeans
12.394564,2.5678217,2,KMeans
10.465176,5.483456,0,KMeans
10.680327,11.664583,2,KMeans
8.9209,5.84599,0,KMeans
10.9501705,9.924963,2,KMeans
10.49278,2.1516635,3,KMeans
10.075718,11.788041,2,KMeans
8.505114,-0.5841875,3,KMeans
7.120796,2.5780146,3,KMeans
10.099245,8.919192,0,KMeans
8.770331,0.1269149,3,KMeans
12.001975,2.9722855,3,KMeans
12.195726,11.94953,2,KMeans
9.193667,12.008408,2,KMeans
10.591425,5.222108,0,KMeans
9.217713,11.589966,2,KMeans
11.474313,8.438139,0,KMeans
9.166971,5.212092,0,KMeans
10.028368,4.9157166,0,KMeans
10.362775,1.9143579,3,KMeans
10.590817,9.993031,2,KMeans
8.034923,9.255858,0,KMeans
9.375996,1.2624924,3,KMeans
10.20754,-0.4330885,3,KMeans
9.001922,7.77638,0,KMeans
11.045589,1.9972974,3,KMeans
12.510082,9.224629,2,KMeans
11.001238,10.35159,2,KMeans
13.018516,13.74933,2,KMeans
9.332144,4.620025,0,KMeans
8.97879,8.954273,0,KMeans
12.098112,9.314471,2,KMeans
9.741865,7.7769556,0,KMeans
10.87644,1.0314672,3,KMeans
9.883868,0.94622326,3,KMeans
8.847254,8.53237,0,KMeans
10.616926,1.6477982,3,KMeans
12.238634,12.173695,2,KMeans
9.195569,3.9867759,0,KMeans
8.830766,10.292058,2,KMeans
12.666056,2.137929,2,KMeans
11.09923,10.880768,2,KMeans
9.528735,11.688471,2,KMeans
8.674527,9.055613,0,KMeans
10.818996,6.248863,0,KMeans
10.427723,1.6190383,3,KMeans
9.728364,2.0319784,3,KMeans
6.907105,3.2426696,0,KMeans
12.253943,-0.27753392,3,KMeans
8.865603,2.0476925,3,KMeans
7.1258125,3.1301758,0,KMeans
6.997238,9.769578,0,KMeans
8.372815,11.058337,2,KMeans
9.398489,7.5919952,0,KMeans
8.908731,2.1341715,3,KMeans
8.306325,6.4495296,0,KMeans
12.482321,1.4958059,3,KMeans
11.59146,9.309567,2,KMeans
11.045255,9.559446,2,KMeans
10.284732,-0.92194873,3,KMeans
11.527117,8.438203,0,KMeans
12.530485,-0.70243305,3,KMeans
9.935283,9.448035,0,KMeans
8.970285,8.724382,0,KMeans
12.949592,0.5901913,2,KMeans
8.61342,3.063504,0,KMeans
11.291831,7.1937056,0,KMeans
12.468473,13.248777,2,KMeans
9.284244,0.73997337,3,KMeans
11.191007,7.1714354,0,KMeans
10.404014,7.9801383,0,KMeans
8.612055,-0.91052175,3,KMeans
10.343785,11.980477,2,KMeans
10.83194,1.8933198,3,KMeans
9.494975,3.983093,0,KMeans
11.176222,1.0472689,3,KMeans
13.654318,13.864048,2,KMeans
10.976795,5.9091415,0,KMeans
10.006443,0.6711277,3,KMeans
11.410951,1.5276363,3,KMeans
10.263642,5.882414,0,KMeans
12.344416,9.525254,2,KMeans
8.416785,9.22169,0,KMeans
